[2026-04-20 01:50:29,723][__main__][INFO] - Found GPU with device_name NVIDIA GeForce RTX 3050 Ti Laptop GPU. Will run RFdiffusion on NVIDIA GeForce RTX 3050 Ti Laptop GPU
[2026-04-20 01:50:29,724][rfdiffusion.inference.model_runners][INFO] - Reading checkpoint from /home/manvi/Team_8_CS598GBL/RFdiffusion/rfdiffusion/inference/../../models/Base_ckpt.pt
[2026-04-20 01:50:37,993][rfdiffusion.inference.model_runners][INFO] - Loading checkpoint.
[2026-04-20 01:50:38,261][rfdiffusion.diffusion][INFO] - Using cached IGSO3.
[2026-04-20 01:50:38,275][__main__][INFO] - Making design /home/manvi/Team_8_CS598GBL/Assignment/Generate_designs/default/len_112/design_0
[2026-04-20 01:50:38,279][rfdiffusion.inference.model_runners][INFO] - Using contig: ['112-112']
[2026-04-20 01:50:38,329][rfdiffusion.inference.model_runners][INFO] - Sequence init: ----------------------------------------------------------------------------------------------------------------
[2026-04-20 01:50:42,566][rfdiffusion.inference.model_runners][INFO] - Timestep 50, input to next step: ----------------------------------------------------------------------------------------------------------------
[2026-04-20 01:50:44,117][rfdiffusion.inference.model_runners][INFO] - Timestep 49, input to next step: ----------------------------------------------------------------------------------------------------------------
[2026-04-20 01:50:45,739][rfdiffusion.inference.model_runners][INFO] - Timestep 48, input to next step: ----------------------------------------------------------------------------------------------------------------
[2026-04-20 01:50:47,459][rfdiffusion.inference.model_runners][INFO] - Timestep 47, input to next step: ----------------------------------------------------------------------------------------------------------------
[2026-04-20 01:50:48,924][rfdiffusion.inference.model_runners][INFO] - Timestep 46, input to next step: ----------------------------------------------------------------------------------------------------------------
[2026-04-20 01:50:50,541][rfdiffusion.inference.model_runners][INFO] - Timestep 45, input to next step: ----------------------------------------------------------------------------------------------------------------
[2026-04-20 01:50:52,160][rfdiffusion.inference.model_runners][INFO] - Timestep 44, input to next step: ----------------------------------------------------------------------------------------------------------------
[2026-04-20 01:50:53,801][rfdiffusion.inference.model_runners][INFO] - Timestep 43, input to next step: ----------------------------------------------------------------------------------------------------------------
[2026-04-20 01:50:55,471][rfdiffusion.inference.model_runners][INFO] - Timestep 42, input to next step: ----------------------------------------------------------------------------------------------------------------
[2026-04-20 01:50:57,058][rfdiffusion.inference.model_runners][INFO] - Timestep 41, input to next step: ----------------------------------------------------------------------------------------------------------------
[2026-04-20 01:50:58,679][rfdiffusion.inference.model_runners][INFO] - Timestep 40, input to next step: ----------------------------------------------------------------------------------------------------------------
[2026-04-20 01:51:00,574][rfdiffusion.inference.model_runners][INFO] - Timestep 39, input to next step: ----------------------------------------------------------------------------------------------------------------
[2026-04-20 01:51:02,446][rfdiffusion.inference.model_runners][INFO] - Timestep 38, input to next step: ----------------------------------------------------------------------------------------------------------------
[2026-04-20 01:51:08,182][rfdiffusion.inference.model_runners][INFO] - Timestep 37, input to next step: ----------------------------------------------------------------------------------------------------------------
[2026-04-20 01:51:11,125][rfdiffusion.inference.model_runners][INFO] - Timestep 36, input to next step: ----------------------------------------------------------------------------------------------------------------
[2026-04-20 01:51:13,161][rfdiffusion.inference.model_runners][INFO] - Timestep 35, input to next step: ----------------------------------------------------------------------------------------------------------------
[2026-04-20 01:51:15,554][rfdiffusion.inference.model_runners][INFO] - Timestep 34, input to next step: ----------------------------------------------------------------------------------------------------------------
[2026-04-20 01:51:17,802][rfdiffusion.inference.model_runners][INFO] - Timestep 33, input to next step: ----------------------------------------------------------------------------------------------------------------
[2026-04-20 01:51:20,169][rfdiffusion.inference.model_runners][INFO] - Timestep 32, input to next step: ----------------------------------------------------------------------------------------------------------------
[2026-04-20 01:51:22,354][rfdiffusion.inference.model_runners][INFO] - Timestep 31, input to next step: ----------------------------------------------------------------------------------------------------------------
[2026-04-20 01:51:24,891][rfdiffusion.inference.model_runners][INFO] - Timestep 30, input to next step: ----------------------------------------------------------------------------------------------------------------
[2026-04-20 01:51:27,845][rfdiffusion.inference.model_runners][INFO] - Timestep 29, input to next step: ----------------------------------------------------------------------------------------------------------------
[2026-04-20 01:51:29,843][rfdiffusion.inference.model_runners][INFO] - Timestep 28, input to next step: ----------------------------------------------------------------------------------------------------------------
[2026-04-20 01:51:31,822][rfdiffusion.inference.model_runners][INFO] - Timestep 27, input to next step: ----------------------------------------------------------------------------------------------------------------
[2026-04-20 01:51:33,723][rfdiffusion.inference.model_runners][INFO] - Timestep 26, input to next step: ----------------------------------------------------------------------------------------------------------------
[2026-04-20 01:51:35,449][rfdiffusion.inference.model_runners][INFO] - Timestep 25, input to next step: ----------------------------------------------------------------------------------------------------------------
[2026-04-20 01:51:37,242][rfdiffusion.inference.model_runners][INFO] - Timestep 24, input to next step: ----------------------------------------------------------------------------------------------------------------
[2026-04-20 01:51:39,115][rfdiffusion.inference.model_runners][INFO] - Timestep 23, input to next step: ----------------------------------------------------------------------------------------------------------------
[2026-04-20 01:51:41,019][rfdiffusion.inference.model_runners][INFO] - Timestep 22, input to next step: ----------------------------------------------------------------------------------------------------------------
[2026-04-20 01:51:42,987][rfdiffusion.inference.model_runners][INFO] - Timestep 21, input to next step: ----------------------------------------------------------------------------------------------------------------
[2026-04-20 01:51:44,836][rfdiffusion.inference.model_runners][INFO] - Timestep 20, input to next step: ----------------------------------------------------------------------------------------------------------------
[2026-04-20 01:51:46,766][rfdiffusion.inference.model_runners][INFO] - Timestep 19, input to next step: ----------------------------------------------------------------------------------------------------------------
[2026-04-20 01:51:48,561][rfdiffusion.inference.model_runners][INFO] - Timestep 18, input to next step: ----------------------------------------------------------------------------------------------------------------
[2026-04-20 01:51:50,393][rfdiffusion.inference.model_runners][INFO] - Timestep 17, input to next step: ----------------------------------------------------------------------------------------------------------------
[2026-04-20 01:51:52,046][rfdiffusion.inference.model_runners][INFO] - Timestep 16, input to next step: ----------------------------------------------------------------------------------------------------------------
[2026-04-20 01:51:53,726][rfdiffusion.inference.model_runners][INFO] - Timestep 15, input to next step: ----------------------------------------------------------------------------------------------------------------
[2026-04-20 01:51:55,668][rfdiffusion.inference.model_runners][INFO] - Timestep 14, input to next step: ----------------------------------------------------------------------------------------------------------------
[2026-04-20 01:51:57,679][rfdiffusion.inference.model_runners][INFO] - Timestep 13, input to next step: ----------------------------------------------------------------------------------------------------------------
[2026-04-20 01:51:59,517][rfdiffusion.inference.model_runners][INFO] - Timestep 12, input to next step: ----------------------------------------------------------------------------------------------------------------
[2026-04-20 01:52:01,230][rfdiffusion.inference.model_runners][INFO] - Timestep 11, input to next step: ----------------------------------------------------------------------------------------------------------------
[2026-04-20 01:52:02,913][rfdiffusion.inference.model_runners][INFO] - Timestep 10, input to next step: ----------------------------------------------------------------------------------------------------------------
[2026-04-20 01:52:04,523][rfdiffusion.inference.model_runners][INFO] - Timestep 9, input to next step: ----------------------------------------------------------------------------------------------------------------
[2026-04-20 01:52:06,181][rfdiffusion.inference.model_runners][INFO] - Timestep 8, input to next step: ----------------------------------------------------------------------------------------------------------------
[2026-04-20 01:52:07,853][rfdiffusion.inference.model_runners][INFO] - Timestep 7, input to next step: ----------------------------------------------------------------------------------------------------------------
[2026-04-20 01:52:09,486][rfdiffusion.inference.model_runners][INFO] - Timestep 6, input to next step: ----------------------------------------------------------------------------------------------------------------
[2026-04-20 01:52:11,207][rfdiffusion.inference.model_runners][INFO] - Timestep 5, input to next step: ----------------------------------------------------------------------------------------------------------------
[2026-04-20 01:52:12,833][rfdiffusion.inference.model_runners][INFO] - Timestep 4, input to next step: ----------------------------------------------------------------------------------------------------------------
[2026-04-20 01:52:14,520][rfdiffusion.inference.model_runners][INFO] - Timestep 3, input to next step: ----------------------------------------------------------------------------------------------------------------
[2026-04-20 01:52:16,294][rfdiffusion.inference.model_runners][INFO] - Timestep 2, input to next step: ----------------------------------------------------------------------------------------------------------------
[2026-04-20 01:52:19,632][__main__][INFO] - Finished design in 1.69 minutes
[2026-04-20 01:52:19,632][__main__][INFO] - Making design /home/manvi/Team_8_CS598GBL/Assignment/Generate_designs/default/len_112/design_1
[2026-04-20 01:52:19,636][rfdiffusion.inference.model_runners][INFO] - Using contig: ['112-112']
[2026-04-20 01:52:19,654][rfdiffusion.inference.model_runners][INFO] - Sequence init: ----------------------------------------------------------------------------------------------------------------
[2026-04-20 01:52:21,090][rfdiffusion.inference.model_runners][INFO] - Timestep 50, input to next step: ----------------------------------------------------------------------------------------------------------------
[2026-04-20 01:52:22,729][rfdiffusion.inference.model_runners][INFO] - Timestep 49, input to next step: ----------------------------------------------------------------------------------------------------------------
[2026-04-20 01:52:24,383][rfdiffusion.inference.model_runners][INFO] - Timestep 48, input to next step: ----------------------------------------------------------------------------------------------------------------
[2026-04-20 01:52:26,116][rfdiffusion.inference.model_runners][INFO] - Timestep 47, input to next step: ----------------------------------------------------------------------------------------------------------------
[2026-04-20 01:52:27,905][rfdiffusion.inference.model_runners][INFO] - Timestep 46, input to next step: ----------------------------------------------------------------------------------------------------------------
[2026-04-20 01:52:29,527][rfdiffusion.inference.model_runners][INFO] - Timestep 45, input to next step: ----------------------------------------------------------------------------------------------------------------
[2026-04-20 01:52:31,239][rfdiffusion.inference.model_runners][INFO] - Timestep 44, input to next step: ----------------------------------------------------------------------------------------------------------------
[2026-04-20 01:52:33,136][rfdiffusion.inference.model_runners][INFO] - Timestep 43, input to next step: ----------------------------------------------------------------------------------------------------------------
[2026-04-20 01:52:34,846][rfdiffusion.inference.model_runners][INFO] - Timestep 42, input to next step: ----------------------------------------------------------------------------------------------------------------
[2026-04-20 01:52:36,432][rfdiffusion.inference.model_runners][INFO] - Timestep 41, input to next step: ----------------------------------------------------------------------------------------------------------------
[2026-04-20 01:52:38,054][rfdiffusion.inference.model_runners][INFO] - Timestep 40, input to next step: ----------------------------------------------------------------------------------------------------------------
[2026-04-20 01:52:39,706][rfdiffusion.inference.model_runners][INFO] - Timestep 39, input to next step: ----------------------------------------------------------------------------------------------------------------
[2026-04-20 01:52:41,362][rfdiffusion.inference.model_runners][INFO] - Timestep 38, input to next step: ----------------------------------------------------------------------------------------------------------------
[2026-04-20 01:52:43,142][rfdiffusion.inference.model_runners][INFO] - Timestep 37, input to next step: ----------------------------------------------------------------------------------------------------------------
[2026-04-20 01:52:44,733][rfdiffusion.inference.model_runners][INFO] - Timestep 36, input to next step: ----------------------------------------------------------------------------------------------------------------
[2026-04-20 01:52:46,367][rfdiffusion.inference.model_runners][INFO] - Timestep 35, input to next step: ----------------------------------------------------------------------------------------------------------------
[2026-04-20 01:52:48,193][rfdiffusion.inference.model_runners][INFO] - Timestep 34, input to next step: ----------------------------------------------------------------------------------------------------------------
[2026-04-20 01:52:49,816][rfdiffusion.inference.model_runners][INFO] - Timestep 33, input to next step: ----------------------------------------------------------------------------------------------------------------
[2026-04-20 01:52:51,441][rfdiffusion.inference.model_runners][INFO] - Timestep 32, input to next step: ----------------------------------------------------------------------------------------------------------------
[2026-04-20 01:52:53,133][rfdiffusion.inference.model_runners][INFO] - Timestep 31, input to next step: ----------------------------------------------------------------------------------------------------------------
[2026-04-20 01:52:54,819][rfdiffusion.inference.model_runners][INFO] - Timestep 30, input to next step: ----------------------------------------------------------------------------------------------------------------
[2026-04-20 01:52:56,599][rfdiffusion.inference.model_runners][INFO] - Timestep 29, input to next step: ----------------------------------------------------------------------------------------------------------------
[2026-04-20 01:52:58,290][rfdiffusion.inference.model_runners][INFO] - Timestep 28, input to next step: ----------------------------------------------------------------------------------------------------------------
[2026-04-20 01:53:00,136][rfdiffusion.inference.model_runners][INFO] - Timestep 27, input to next step: ----------------------------------------------------------------------------------------------------------------
[2026-04-20 01:53:02,210][rfdiffusion.inference.model_runners][INFO] - Timestep 26, input to next step: ----------------------------------------------------------------------------------------------------------------
[2026-04-20 01:53:04,402][rfdiffusion.inference.model_runners][INFO] - Timestep 25, input to next step: ----------------------------------------------------------------------------------------------------------------
[2026-04-20 01:53:06,328][rfdiffusion.inference.model_runners][INFO] - Timestep 24, input to next step: ----------------------------------------------------------------------------------------------------------------
[2026-04-20 01:53:07,909][rfdiffusion.inference.model_runners][INFO] - Timestep 23, input to next step: ----------------------------------------------------------------------------------------------------------------
[2026-04-20 01:53:09,439][rfdiffusion.inference.model_runners][INFO] - Timestep 22, input to next step: ----------------------------------------------------------------------------------------------------------------
[2026-04-20 01:53:11,006][rfdiffusion.inference.model_runners][INFO] - Timestep 21, input to next step: ----------------------------------------------------------------------------------------------------------------
[2026-04-20 01:53:12,518][rfdiffusion.inference.model_runners][INFO] - Timestep 20, input to next step: ----------------------------------------------------------------------------------------------------------------
[2026-04-20 01:53:14,128][rfdiffusion.inference.model_runners][INFO] - Timestep 19, input to next step: ----------------------------------------------------------------------------------------------------------------
[2026-04-20 01:53:15,911][rfdiffusion.inference.model_runners][INFO] - Timestep 18, input to next step: ----------------------------------------------------------------------------------------------------------------
[2026-04-20 01:53:17,627][rfdiffusion.inference.model_runners][INFO] - Timestep 17, input to next step: ----------------------------------------------------------------------------------------------------------------
[2026-04-20 01:53:19,356][rfdiffusion.inference.model_runners][INFO] - Timestep 16, input to next step: ----------------------------------------------------------------------------------------------------------------
[2026-04-20 01:53:20,850][rfdiffusion.inference.model_runners][INFO] - Timestep 15, input to next step: ----------------------------------------------------------------------------------------------------------------
[2026-04-20 01:53:22,383][rfdiffusion.inference.model_runners][INFO] - Timestep 14, input to next step: ----------------------------------------------------------------------------------------------------------------
[2026-04-20 01:53:23,958][rfdiffusion.inference.model_runners][INFO] - Timestep 13, input to next step: ----------------------------------------------------------------------------------------------------------------
[2026-04-20 01:53:25,475][rfdiffusion.inference.model_runners][INFO] - Timestep 12, input to next step: ----------------------------------------------------------------------------------------------------------------
[2026-04-20 01:53:26,990][rfdiffusion.inference.model_runners][INFO] - Timestep 11, input to next step: ----------------------------------------------------------------------------------------------------------------
[2026-04-20 01:53:28,511][rfdiffusion.inference.model_runners][INFO] - Timestep 10, input to next step: ----------------------------------------------------------------------------------------------------------------
[2026-04-20 01:53:30,056][rfdiffusion.inference.model_runners][INFO] - Timestep 9, input to next step: ----------------------------------------------------------------------------------------------------------------
[2026-04-20 01:53:31,633][rfdiffusion.inference.model_runners][INFO] - Timestep 8, input to next step: ----------------------------------------------------------------------------------------------------------------
[2026-04-20 01:53:33,154][rfdiffusion.inference.model_runners][INFO] - Timestep 7, input to next step: ----------------------------------------------------------------------------------------------------------------
[2026-04-20 01:53:34,761][rfdiffusion.inference.model_runners][INFO] - Timestep 6, input to next step: ----------------------------------------------------------------------------------------------------------------
[2026-04-20 01:53:36,370][rfdiffusion.inference.model_runners][INFO] - Timestep 5, input to next step: ----------------------------------------------------------------------------------------------------------------
[2026-04-20 01:53:37,886][rfdiffusion.inference.model_runners][INFO] - Timestep 4, input to next step: ----------------------------------------------------------------------------------------------------------------
[2026-04-20 01:53:39,450][rfdiffusion.inference.model_runners][INFO] - Timestep 3, input to next step: ----------------------------------------------------------------------------------------------------------------
[2026-04-20 01:53:41,078][rfdiffusion.inference.model_runners][INFO] - Timestep 2, input to next step: ----------------------------------------------------------------------------------------------------------------
[2026-04-20 01:53:44,469][__main__][INFO] - Finished design in 1.41 minutes
[2026-04-20 01:53:44,470][__main__][INFO] - Making design /home/manvi/Team_8_CS598GBL/Assignment/Generate_designs/default/len_112/design_2
[2026-04-20 01:53:44,477][rfdiffusion.inference.model_runners][INFO] - Using contig: ['112-112']
[2026-04-20 01:53:44,500][rfdiffusion.inference.model_runners][INFO] - Sequence init: ----------------------------------------------------------------------------------------------------------------
[2026-04-20 01:53:46,017][rfdiffusion.inference.model_runners][INFO] - Timestep 50, input to next step: ----------------------------------------------------------------------------------------------------------------
[2026-04-20 01:53:47,473][rfdiffusion.inference.model_runners][INFO] - Timestep 49, input to next step: ----------------------------------------------------------------------------------------------------------------
[2026-04-20 01:53:48,995][rfdiffusion.inference.model_runners][INFO] - Timestep 48, input to next step: ----------------------------------------------------------------------------------------------------------------
[2026-04-20 01:53:50,519][rfdiffusion.inference.model_runners][INFO] - Timestep 47, input to next step: ----------------------------------------------------------------------------------------------------------------
[2026-04-20 01:53:52,070][rfdiffusion.inference.model_runners][INFO] - Timestep 46, input to next step: ----------------------------------------------------------------------------------------------------------------
[2026-04-20 01:53:53,613][rfdiffusion.inference.model_runners][INFO] - Timestep 45, input to next step: ----------------------------------------------------------------------------------------------------------------
[2026-04-20 01:53:55,187][rfdiffusion.inference.model_runners][INFO] - Timestep 44, input to next step: ----------------------------------------------------------------------------------------------------------------
[2026-04-20 01:53:56,720][rfdiffusion.inference.model_runners][INFO] - Timestep 43, input to next step: ----------------------------------------------------------------------------------------------------------------
[2026-04-20 01:53:58,260][rfdiffusion.inference.model_runners][INFO] - Timestep 42, input to next step: ----------------------------------------------------------------------------------------------------------------
[2026-04-20 01:53:59,888][rfdiffusion.inference.model_runners][INFO] - Timestep 41, input to next step: ----------------------------------------------------------------------------------------------------------------
[2026-04-20 01:54:01,514][rfdiffusion.inference.model_runners][INFO] - Timestep 40, input to next step: ----------------------------------------------------------------------------------------------------------------
[2026-04-20 01:54:03,017][rfdiffusion.inference.model_runners][INFO] - Timestep 39, input to next step: ----------------------------------------------------------------------------------------------------------------
[2026-04-20 01:54:04,627][rfdiffusion.inference.model_runners][INFO] - Timestep 38, input to next step: ----------------------------------------------------------------------------------------------------------------
[2026-04-20 01:54:06,237][rfdiffusion.inference.model_runners][INFO] - Timestep 37, input to next step: ----------------------------------------------------------------------------------------------------------------
[2026-04-20 01:54:07,762][rfdiffusion.inference.model_runners][INFO] - Timestep 36, input to next step: ----------------------------------------------------------------------------------------------------------------
[2026-04-20 01:54:09,284][rfdiffusion.inference.model_runners][INFO] - Timestep 35, input to next step: ----------------------------------------------------------------------------------------------------------------
[2026-04-20 01:54:10,841][rfdiffusion.inference.model_runners][INFO] - Timestep 34, input to next step: ----------------------------------------------------------------------------------------------------------------
[2026-04-20 01:54:12,342][rfdiffusion.inference.model_runners][INFO] - Timestep 33, input to next step: ----------------------------------------------------------------------------------------------------------------
[2026-04-20 01:54:13,821][rfdiffusion.inference.model_runners][INFO] - Timestep 32, input to next step: ----------------------------------------------------------------------------------------------------------------
[2026-04-20 01:54:15,385][rfdiffusion.inference.model_runners][INFO] - Timestep 31, input to next step: ----------------------------------------------------------------------------------------------------------------
[2026-04-20 01:54:16,913][rfdiffusion.inference.model_runners][INFO] - Timestep 30, input to next step: ----------------------------------------------------------------------------------------------------------------
[2026-04-20 01:54:18,470][rfdiffusion.inference.model_runners][INFO] - Timestep 29, input to next step: ----------------------------------------------------------------------------------------------------------------
[2026-04-20 01:54:20,050][rfdiffusion.inference.model_runners][INFO] - Timestep 28, input to next step: ----------------------------------------------------------------------------------------------------------------
[2026-04-20 01:54:21,521][rfdiffusion.inference.model_runners][INFO] - Timestep 27, input to next step: ----------------------------------------------------------------------------------------------------------------
[2026-04-20 01:54:23,037][rfdiffusion.inference.model_runners][INFO] - Timestep 26, input to next step: ----------------------------------------------------------------------------------------------------------------
[2026-04-20 01:54:24,521][rfdiffusion.inference.model_runners][INFO] - Timestep 25, input to next step: ----------------------------------------------------------------------------------------------------------------
[2026-04-20 01:54:26,062][rfdiffusion.inference.model_runners][INFO] - Timestep 24, input to next step: ----------------------------------------------------------------------------------------------------------------
[2026-04-20 01:54:27,565][rfdiffusion.inference.model_runners][INFO] - Timestep 23, input to next step: ----------------------------------------------------------------------------------------------------------------
[2026-04-20 01:54:29,039][rfdiffusion.inference.model_runners][INFO] - Timestep 22, input to next step: ----------------------------------------------------------------------------------------------------------------
[2026-04-20 01:54:30,609][rfdiffusion.inference.model_runners][INFO] - Timestep 21, input to next step: ----------------------------------------------------------------------------------------------------------------
[2026-04-20 01:54:32,220][rfdiffusion.inference.model_runners][INFO] - Timestep 20, input to next step: ----------------------------------------------------------------------------------------------------------------
[2026-04-20 01:54:33,737][rfdiffusion.inference.model_runners][INFO] - Timestep 19, input to next step: ----------------------------------------------------------------------------------------------------------------
[2026-04-20 01:54:35,268][rfdiffusion.inference.model_runners][INFO] - Timestep 18, input to next step: ----------------------------------------------------------------------------------------------------------------
[2026-04-20 01:54:36,791][rfdiffusion.inference.model_runners][INFO] - Timestep 17, input to next step: ----------------------------------------------------------------------------------------------------------------
[2026-04-20 01:54:38,309][rfdiffusion.inference.model_runners][INFO] - Timestep 16, input to next step: ----------------------------------------------------------------------------------------------------------------
[2026-04-20 01:54:39,913][rfdiffusion.inference.model_runners][INFO] - Timestep 15, input to next step: ----------------------------------------------------------------------------------------------------------------
[2026-04-20 01:54:41,370][rfdiffusion.inference.model_runners][INFO] - Timestep 14, input to next step: ----------------------------------------------------------------------------------------------------------------
[2026-04-20 01:54:42,945][rfdiffusion.inference.model_runners][INFO] - Timestep 13, input to next step: ----------------------------------------------------------------------------------------------------------------
[2026-04-20 01:54:44,518][rfdiffusion.inference.model_runners][INFO] - Timestep 12, input to next step: ----------------------------------------------------------------------------------------------------------------
[2026-04-20 01:54:46,124][rfdiffusion.inference.model_runners][INFO] - Timestep 11, input to next step: ----------------------------------------------------------------------------------------------------------------
[2026-04-20 01:54:47,679][rfdiffusion.inference.model_runners][INFO] - Timestep 10, input to next step: ----------------------------------------------------------------------------------------------------------------
[2026-04-20 01:54:49,215][rfdiffusion.inference.model_runners][INFO] - Timestep 9, input to next step: ----------------------------------------------------------------------------------------------------------------
[2026-04-20 01:54:50,778][rfdiffusion.inference.model_runners][INFO] - Timestep 8, input to next step: ----------------------------------------------------------------------------------------------------------------
[2026-04-20 01:54:52,294][rfdiffusion.inference.model_runners][INFO] - Timestep 7, input to next step: ----------------------------------------------------------------------------------------------------------------
[2026-04-20 01:54:53,840][rfdiffusion.inference.model_runners][INFO] - Timestep 6, input to next step: ----------------------------------------------------------------------------------------------------------------
[2026-04-20 01:54:55,409][rfdiffusion.inference.model_runners][INFO] - Timestep 5, input to next step: ----------------------------------------------------------------------------------------------------------------
[2026-04-20 01:54:57,324][rfdiffusion.inference.model_runners][INFO] - Timestep 4, input to next step: ----------------------------------------------------------------------------------------------------------------
[2026-04-20 01:54:58,940][rfdiffusion.inference.model_runners][INFO] - Timestep 3, input to next step: ----------------------------------------------------------------------------------------------------------------
[2026-04-20 01:55:00,466][rfdiffusion.inference.model_runners][INFO] - Timestep 2, input to next step: ----------------------------------------------------------------------------------------------------------------
[2026-04-20 01:55:04,129][__main__][INFO] - Finished design in 1.33 minutes
[2026-04-20 01:55:04,130][__main__][INFO] - Making design /home/manvi/Team_8_CS598GBL/Assignment/Generate_designs/default/len_112/design_3
[2026-04-20 01:55:04,135][rfdiffusion.inference.model_runners][INFO] - Using contig: ['112-112']
[2026-04-20 01:55:04,162][rfdiffusion.inference.model_runners][INFO] - Sequence init: ----------------------------------------------------------------------------------------------------------------
[2026-04-20 01:55:05,677][rfdiffusion.inference.model_runners][INFO] - Timestep 50, input to next step: ----------------------------------------------------------------------------------------------------------------
[2026-04-20 01:55:07,187][rfdiffusion.inference.model_runners][INFO] - Timestep 49, input to next step: ----------------------------------------------------------------------------------------------------------------
[2026-04-20 01:55:08,729][rfdiffusion.inference.model_runners][INFO] - Timestep 48, input to next step: ----------------------------------------------------------------------------------------------------------------
[2026-04-20 01:55:10,223][rfdiffusion.inference.model_runners][INFO] - Timestep 47, input to next step: ----------------------------------------------------------------------------------------------------------------
[2026-04-20 01:55:11,751][rfdiffusion.inference.model_runners][INFO] - Timestep 46, input to next step: ----------------------------------------------------------------------------------------------------------------
[2026-04-20 01:55:13,307][rfdiffusion.inference.model_runners][INFO] - Timestep 45, input to next step: ----------------------------------------------------------------------------------------------------------------
[2026-04-20 01:55:14,811][rfdiffusion.inference.model_runners][INFO] - Timestep 44, input to next step: ----------------------------------------------------------------------------------------------------------------
[2026-04-20 01:55:16,405][rfdiffusion.inference.model_runners][INFO] - Timestep 43, input to next step: ----------------------------------------------------------------------------------------------------------------
[2026-04-20 01:55:17,994][rfdiffusion.inference.model_runners][INFO] - Timestep 42, input to next step: ----------------------------------------------------------------------------------------------------------------
[2026-04-20 01:55:19,511][rfdiffusion.inference.model_runners][INFO] - Timestep 41, input to next step: ----------------------------------------------------------------------------------------------------------------
[2026-04-20 01:55:21,168][rfdiffusion.inference.model_runners][INFO] - Timestep 40, input to next step: ----------------------------------------------------------------------------------------------------------------
[2026-04-20 01:55:22,561][rfdiffusion.inference.model_runners][INFO] - Timestep 39, input to next step: ----------------------------------------------------------------------------------------------------------------
[2026-04-20 01:55:24,094][rfdiffusion.inference.model_runners][INFO] - Timestep 38, input to next step: ----------------------------------------------------------------------------------------------------------------
[2026-04-20 01:55:25,614][rfdiffusion.inference.model_runners][INFO] - Timestep 37, input to next step: ----------------------------------------------------------------------------------------------------------------
[2026-04-20 01:55:27,149][rfdiffusion.inference.model_runners][INFO] - Timestep 36, input to next step: ----------------------------------------------------------------------------------------------------------------
[2026-04-20 01:55:28,672][rfdiffusion.inference.model_runners][INFO] - Timestep 35, input to next step: ----------------------------------------------------------------------------------------------------------------
[2026-04-20 01:55:30,213][rfdiffusion.inference.model_runners][INFO] - Timestep 34, input to next step: ----------------------------------------------------------------------------------------------------------------
[2026-04-20 01:55:31,776][rfdiffusion.inference.model_runners][INFO] - Timestep 33, input to next step: ----------------------------------------------------------------------------------------------------------------
[2026-04-20 01:55:33,337][rfdiffusion.inference.model_runners][INFO] - Timestep 32, input to next step: ----------------------------------------------------------------------------------------------------------------
[2026-04-20 01:55:34,878][rfdiffusion.inference.model_runners][INFO] - Timestep 31, input to next step: ----------------------------------------------------------------------------------------------------------------
[2026-04-20 01:55:36,444][rfdiffusion.inference.model_runners][INFO] - Timestep 30, input to next step: ----------------------------------------------------------------------------------------------------------------
[2026-04-20 01:55:38,035][rfdiffusion.inference.model_runners][INFO] - Timestep 29, input to next step: ----------------------------------------------------------------------------------------------------------------
[2026-04-20 01:55:39,595][rfdiffusion.inference.model_runners][INFO] - Timestep 28, input to next step: ----------------------------------------------------------------------------------------------------------------
[2026-04-20 01:55:41,186][rfdiffusion.inference.model_runners][INFO] - Timestep 27, input to next step: ----------------------------------------------------------------------------------------------------------------
[2026-04-20 01:55:42,794][rfdiffusion.inference.model_runners][INFO] - Timestep 26, input to next step: ----------------------------------------------------------------------------------------------------------------
[2026-04-20 01:55:44,344][rfdiffusion.inference.model_runners][INFO] - Timestep 25, input to next step: ----------------------------------------------------------------------------------------------------------------
[2026-04-20 01:55:45,894][rfdiffusion.inference.model_runners][INFO] - Timestep 24, input to next step: ----------------------------------------------------------------------------------------------------------------
[2026-04-20 01:55:47,528][rfdiffusion.inference.model_runners][INFO] - Timestep 23, input to next step: ----------------------------------------------------------------------------------------------------------------
[2026-04-20 01:55:49,129][rfdiffusion.inference.model_runners][INFO] - Timestep 22, input to next step: ----------------------------------------------------------------------------------------------------------------
[2026-04-20 01:55:50,686][rfdiffusion.inference.model_runners][INFO] - Timestep 21, input to next step: ----------------------------------------------------------------------------------------------------------------
[2026-04-20 01:55:52,273][rfdiffusion.inference.model_runners][INFO] - Timestep 20, input to next step: ----------------------------------------------------------------------------------------------------------------
[2026-04-20 01:55:53,827][rfdiffusion.inference.model_runners][INFO] - Timestep 19, input to next step: ----------------------------------------------------------------------------------------------------------------
[2026-04-20 01:55:55,506][rfdiffusion.inference.model_runners][INFO] - Timestep 18, input to next step: ----------------------------------------------------------------------------------------------------------------
[2026-04-20 01:55:57,084][rfdiffusion.inference.model_runners][INFO] - Timestep 17, input to next step: ----------------------------------------------------------------------------------------------------------------
[2026-04-20 01:55:58,684][rfdiffusion.inference.model_runners][INFO] - Timestep 16, input to next step: ----------------------------------------------------------------------------------------------------------------
[2026-04-20 01:56:00,220][rfdiffusion.inference.model_runners][INFO] - Timestep 15, input to next step: ----------------------------------------------------------------------------------------------------------------
[2026-04-20 01:56:01,781][rfdiffusion.inference.model_runners][INFO] - Timestep 14, input to next step: ----------------------------------------------------------------------------------------------------------------
[2026-04-20 01:56:03,324][rfdiffusion.inference.model_runners][INFO] - Timestep 13, input to next step: ----------------------------------------------------------------------------------------------------------------
[2026-04-20 01:56:04,932][rfdiffusion.inference.model_runners][INFO] - Timestep 12, input to next step: ----------------------------------------------------------------------------------------------------------------
[2026-04-20 01:56:06,671][rfdiffusion.inference.model_runners][INFO] - Timestep 11, input to next step: ----------------------------------------------------------------------------------------------------------------
[2026-04-20 01:56:08,550][rfdiffusion.inference.model_runners][INFO] - Timestep 10, input to next step: ----------------------------------------------------------------------------------------------------------------
[2026-04-20 01:56:10,212][rfdiffusion.inference.model_runners][INFO] - Timestep 9, input to next step: ----------------------------------------------------------------------------------------------------------------
[2026-04-20 01:56:11,757][rfdiffusion.inference.model_runners][INFO] - Timestep 8, input to next step: ----------------------------------------------------------------------------------------------------------------
[2026-04-20 01:56:13,372][rfdiffusion.inference.model_runners][INFO] - Timestep 7, input to next step: ----------------------------------------------------------------------------------------------------------------
[2026-04-20 01:56:15,220][rfdiffusion.inference.model_runners][INFO] - Timestep 6, input to next step: ----------------------------------------------------------------------------------------------------------------
[2026-04-20 01:56:16,775][rfdiffusion.inference.model_runners][INFO] - Timestep 5, input to next step: ----------------------------------------------------------------------------------------------------------------
[2026-04-20 01:56:18,358][rfdiffusion.inference.model_runners][INFO] - Timestep 4, input to next step: ----------------------------------------------------------------------------------------------------------------
[2026-04-20 01:56:20,236][rfdiffusion.inference.model_runners][INFO] - Timestep 3, input to next step: ----------------------------------------------------------------------------------------------------------------
[2026-04-20 01:56:21,978][rfdiffusion.inference.model_runners][INFO] - Timestep 2, input to next step: ----------------------------------------------------------------------------------------------------------------
[2026-04-20 01:56:25,617][__main__][INFO] - Finished design in 1.36 minutes
[2026-04-20 01:56:25,617][__main__][INFO] - Making design /home/manvi/Team_8_CS598GBL/Assignment/Generate_designs/default/len_112/design_4
[2026-04-20 01:56:25,621][rfdiffusion.inference.model_runners][INFO] - Using contig: ['112-112']
[2026-04-20 01:56:25,638][rfdiffusion.inference.model_runners][INFO] - Sequence init: ----------------------------------------------------------------------------------------------------------------
[2026-04-20 01:56:27,166][rfdiffusion.inference.model_runners][INFO] - Timestep 50, input to next step: ----------------------------------------------------------------------------------------------------------------
[2026-04-20 01:56:28,660][rfdiffusion.inference.model_runners][INFO] - Timestep 49, input to next step: ----------------------------------------------------------------------------------------------------------------
[2026-04-20 01:56:30,212][rfdiffusion.inference.model_runners][INFO] - Timestep 48, input to next step: ----------------------------------------------------------------------------------------------------------------
[2026-04-20 01:56:31,763][rfdiffusion.inference.model_runners][INFO] - Timestep 47, input to next step: ----------------------------------------------------------------------------------------------------------------
[2026-04-20 01:56:33,666][rfdiffusion.inference.model_runners][INFO] - Timestep 46, input to next step: ----------------------------------------------------------------------------------------------------------------
[2026-04-20 01:56:36,687][rfdiffusion.inference.model_runners][INFO] - Timestep 45, input to next step: ----------------------------------------------------------------------------------------------------------------
[2026-04-20 01:56:38,690][rfdiffusion.inference.model_runners][INFO] - Timestep 44, input to next step: ----------------------------------------------------------------------------------------------------------------
[2026-04-20 01:56:40,508][rfdiffusion.inference.model_runners][INFO] - Timestep 43, input to next step: ----------------------------------------------------------------------------------------------------------------
[2026-04-20 01:56:43,048][rfdiffusion.inference.model_runners][INFO] - Timestep 42, input to next step: ----------------------------------------------------------------------------------------------------------------
[2026-04-20 01:56:45,256][rfdiffusion.inference.model_runners][INFO] - Timestep 41, input to next step: ----------------------------------------------------------------------------------------------------------------
[2026-04-20 01:56:46,973][rfdiffusion.inference.model_runners][INFO] - Timestep 40, input to next step: ----------------------------------------------------------------------------------------------------------------
[2026-04-20 01:56:48,666][rfdiffusion.inference.model_runners][INFO] - Timestep 39, input to next step: ----------------------------------------------------------------------------------------------------------------
[2026-04-20 01:56:50,568][rfdiffusion.inference.model_runners][INFO] - Timestep 38, input to next step: ----------------------------------------------------------------------------------------------------------------
[2026-04-20 01:56:52,247][rfdiffusion.inference.model_runners][INFO] - Timestep 37, input to next step: ----------------------------------------------------------------------------------------------------------------
[2026-04-20 01:56:53,909][rfdiffusion.inference.model_runners][INFO] - Timestep 36, input to next step: ----------------------------------------------------------------------------------------------------------------
[2026-04-20 01:56:55,584][rfdiffusion.inference.model_runners][INFO] - Timestep 35, input to next step: ----------------------------------------------------------------------------------------------------------------
[2026-04-20 01:56:57,336][rfdiffusion.inference.model_runners][INFO] - Timestep 34, input to next step: ----------------------------------------------------------------------------------------------------------------
[2026-04-20 01:56:59,125][rfdiffusion.inference.model_runners][INFO] - Timestep 33, input to next step: ----------------------------------------------------------------------------------------------------------------
[2026-04-20 01:57:00,826][rfdiffusion.inference.model_runners][INFO] - Timestep 32, input to next step: ----------------------------------------------------------------------------------------------------------------
[2026-04-20 01:57:02,569][rfdiffusion.inference.model_runners][INFO] - Timestep 31, input to next step: ----------------------------------------------------------------------------------------------------------------
[2026-04-20 01:57:04,190][rfdiffusion.inference.model_runners][INFO] - Timestep 30, input to next step: ----------------------------------------------------------------------------------------------------------------
[2026-04-20 01:57:06,113][rfdiffusion.inference.model_runners][INFO] - Timestep 29, input to next step: ----------------------------------------------------------------------------------------------------------------
[2026-04-20 01:57:08,753][rfdiffusion.inference.model_runners][INFO] - Timestep 28, input to next step: ----------------------------------------------------------------------------------------------------------------
[2026-04-20 01:57:13,091][rfdiffusion.inference.model_runners][INFO] - Timestep 27, input to next step: ----------------------------------------------------------------------------------------------------------------
[2026-04-20 01:57:15,316][rfdiffusion.inference.model_runners][INFO] - Timestep 26, input to next step: ----------------------------------------------------------------------------------------------------------------
[2026-04-20 01:57:17,570][rfdiffusion.inference.model_runners][INFO] - Timestep 25, input to next step: ----------------------------------------------------------------------------------------------------------------
[2026-04-20 01:57:20,195][rfdiffusion.inference.model_runners][INFO] - Timestep 24, input to next step: ----------------------------------------------------------------------------------------------------------------
[2026-04-20 01:57:22,370][rfdiffusion.inference.model_runners][INFO] - Timestep 23, input to next step: ----------------------------------------------------------------------------------------------------------------
[2026-04-20 01:57:24,875][rfdiffusion.inference.model_runners][INFO] - Timestep 22, input to next step: ----------------------------------------------------------------------------------------------------------------
[2026-04-20 01:57:28,337][rfdiffusion.inference.model_runners][INFO] - Timestep 21, input to next step: ----------------------------------------------------------------------------------------------------------------
[2026-04-20 01:57:30,230][rfdiffusion.inference.model_runners][INFO] - Timestep 20, input to next step: ----------------------------------------------------------------------------------------------------------------
[2026-04-20 01:57:32,097][rfdiffusion.inference.model_runners][INFO] - Timestep 19, input to next step: ----------------------------------------------------------------------------------------------------------------
[2026-04-20 01:57:34,072][rfdiffusion.inference.model_runners][INFO] - Timestep 18, input to next step: ----------------------------------------------------------------------------------------------------------------
[2026-04-20 01:57:36,715][rfdiffusion.inference.model_runners][INFO] - Timestep 17, input to next step: ----------------------------------------------------------------------------------------------------------------
[2026-04-20 01:57:38,345][rfdiffusion.inference.model_runners][INFO] - Timestep 16, input to next step: ----------------------------------------------------------------------------------------------------------------
[2026-04-20 01:57:40,238][rfdiffusion.inference.model_runners][INFO] - Timestep 15, input to next step: ----------------------------------------------------------------------------------------------------------------
[2026-04-20 01:57:42,075][rfdiffusion.inference.model_runners][INFO] - Timestep 14, input to next step: ----------------------------------------------------------------------------------------------------------------
[2026-04-20 01:57:44,110][rfdiffusion.inference.model_runners][INFO] - Timestep 13, input to next step: ----------------------------------------------------------------------------------------------------------------
[2026-04-20 01:57:46,327][rfdiffusion.inference.model_runners][INFO] - Timestep 12, input to next step: ----------------------------------------------------------------------------------------------------------------
[2026-04-20 01:57:48,365][rfdiffusion.inference.model_runners][INFO] - Timestep 11, input to next step: ----------------------------------------------------------------------------------------------------------------
[2026-04-20 01:57:50,168][rfdiffusion.inference.model_runners][INFO] - Timestep 10, input to next step: ----------------------------------------------------------------------------------------------------------------
[2026-04-20 01:57:51,982][rfdiffusion.inference.model_runners][INFO] - Timestep 9, input to next step: ----------------------------------------------------------------------------------------------------------------
[2026-04-20 01:57:53,802][rfdiffusion.inference.model_runners][INFO] - Timestep 8, input to next step: ----------------------------------------------------------------------------------------------------------------
[2026-04-20 01:57:55,689][rfdiffusion.inference.model_runners][INFO] - Timestep 7, input to next step: ----------------------------------------------------------------------------------------------------------------
[2026-04-20 01:57:57,282][rfdiffusion.inference.model_runners][INFO] - Timestep 6, input to next step: ----------------------------------------------------------------------------------------------------------------
[2026-04-20 01:57:58,851][rfdiffusion.inference.model_runners][INFO] - Timestep 5, input to next step: ----------------------------------------------------------------------------------------------------------------
[2026-04-20 01:58:00,468][rfdiffusion.inference.model_runners][INFO] - Timestep 4, input to next step: ----------------------------------------------------------------------------------------------------------------
[2026-04-20 01:58:02,414][rfdiffusion.inference.model_runners][INFO] - Timestep 3, input to next step: ----------------------------------------------------------------------------------------------------------------
[2026-04-20 01:58:04,330][rfdiffusion.inference.model_runners][INFO] - Timestep 2, input to next step: ----------------------------------------------------------------------------------------------------------------
[2026-04-20 01:58:07,922][__main__][INFO] - Finished design in 1.71 minutes
[2026-04-20 01:58:07,923][__main__][INFO] - Making design /home/manvi/Team_8_CS598GBL/Assignment/Generate_designs/default/len_112/design_5
[2026-04-20 01:58:07,927][rfdiffusion.inference.model_runners][INFO] - Using contig: ['112-112']
[2026-04-20 01:58:07,951][rfdiffusion.inference.model_runners][INFO] - Sequence init: ----------------------------------------------------------------------------------------------------------------
[2026-04-20 01:58:09,684][rfdiffusion.inference.model_runners][INFO] - Timestep 50, input to next step: ----------------------------------------------------------------------------------------------------------------
[2026-04-20 01:58:11,414][rfdiffusion.inference.model_runners][INFO] - Timestep 49, input to next step: ----------------------------------------------------------------------------------------------------------------
[2026-04-20 01:58:13,148][rfdiffusion.inference.model_runners][INFO] - Timestep 48, input to next step: ----------------------------------------------------------------------------------------------------------------
[2026-04-20 01:58:14,850][rfdiffusion.inference.model_runners][INFO] - Timestep 47, input to next step: ----------------------------------------------------------------------------------------------------------------
[2026-04-20 01:58:16,472][rfdiffusion.inference.model_runners][INFO] - Timestep 46, input to next step: ----------------------------------------------------------------------------------------------------------------
[2026-04-20 01:58:18,996][rfdiffusion.inference.model_runners][INFO] - Timestep 45, input to next step: ----------------------------------------------------------------------------------------------------------------
[2026-04-20 01:58:20,699][rfdiffusion.inference.model_runners][INFO] - Timestep 44, input to next step: ----------------------------------------------------------------------------------------------------------------
[2026-04-20 01:58:22,685][rfdiffusion.inference.model_runners][INFO] - Timestep 43, input to next step: ----------------------------------------------------------------------------------------------------------------
[2026-04-20 01:58:25,351][rfdiffusion.inference.model_runners][INFO] - Timestep 42, input to next step: ----------------------------------------------------------------------------------------------------------------
[2026-04-20 01:58:27,932][rfdiffusion.inference.model_runners][INFO] - Timestep 41, input to next step: ----------------------------------------------------------------------------------------------------------------
[2026-04-20 01:58:31,021][rfdiffusion.inference.model_runners][INFO] - Timestep 40, input to next step: ----------------------------------------------------------------------------------------------------------------
[2026-04-20 01:58:35,393][rfdiffusion.inference.model_runners][INFO] - Timestep 39, input to next step: ----------------------------------------------------------------------------------------------------------------
[2026-04-20 01:58:38,460][rfdiffusion.inference.model_runners][INFO] - Timestep 38, input to next step: ----------------------------------------------------------------------------------------------------------------
[2026-04-20 01:58:41,672][rfdiffusion.inference.model_runners][INFO] - Timestep 37, input to next step: ----------------------------------------------------------------------------------------------------------------
[2026-04-20 01:58:44,718][rfdiffusion.inference.model_runners][INFO] - Timestep 36, input to next step: ----------------------------------------------------------------------------------------------------------------
[2026-04-20 01:58:48,135][rfdiffusion.inference.model_runners][INFO] - Timestep 35, input to next step: ----------------------------------------------------------------------------------------------------------------
[2026-04-20 01:58:52,434][rfdiffusion.inference.model_runners][INFO] - Timestep 34, input to next step: ----------------------------------------------------------------------------------------------------------------
[2026-04-20 01:58:55,548][rfdiffusion.inference.model_runners][INFO] - Timestep 33, input to next step: ----------------------------------------------------------------------------------------------------------------
[2026-04-20 01:58:58,750][rfdiffusion.inference.model_runners][INFO] - Timestep 32, input to next step: ----------------------------------------------------------------------------------------------------------------
[2026-04-20 01:59:01,575][rfdiffusion.inference.model_runners][INFO] - Timestep 31, input to next step: ----------------------------------------------------------------------------------------------------------------
[2026-04-20 01:59:04,458][rfdiffusion.inference.model_runners][INFO] - Timestep 30, input to next step: ----------------------------------------------------------------------------------------------------------------
[2026-04-20 01:59:08,238][rfdiffusion.inference.model_runners][INFO] - Timestep 29, input to next step: ----------------------------------------------------------------------------------------------------------------
[2026-04-20 01:59:11,409][rfdiffusion.inference.model_runners][INFO] - Timestep 28, input to next step: ----------------------------------------------------------------------------------------------------------------
[2026-04-20 01:59:14,672][rfdiffusion.inference.model_runners][INFO] - Timestep 27, input to next step: ----------------------------------------------------------------------------------------------------------------
[2026-04-20 01:59:18,473][rfdiffusion.inference.model_runners][INFO] - Timestep 26, input to next step: ----------------------------------------------------------------------------------------------------------------
[2026-04-20 01:59:21,751][rfdiffusion.inference.model_runners][INFO] - Timestep 25, input to next step: ----------------------------------------------------------------------------------------------------------------
[2026-04-20 01:59:25,282][rfdiffusion.inference.model_runners][INFO] - Timestep 24, input to next step: ----------------------------------------------------------------------------------------------------------------
[2026-04-20 01:59:28,774][rfdiffusion.inference.model_runners][INFO] - Timestep 23, input to next step: ----------------------------------------------------------------------------------------------------------------
[2026-04-20 01:59:32,413][rfdiffusion.inference.model_runners][INFO] - Timestep 22, input to next step: ----------------------------------------------------------------------------------------------------------------
[2026-04-20 01:59:34,929][rfdiffusion.inference.model_runners][INFO] - Timestep 21, input to next step: ----------------------------------------------------------------------------------------------------------------
[2026-04-20 01:59:37,136][rfdiffusion.inference.model_runners][INFO] - Timestep 20, input to next step: ----------------------------------------------------------------------------------------------------------------
[2026-04-20 01:59:39,907][rfdiffusion.inference.model_runners][INFO] - Timestep 19, input to next step: ----------------------------------------------------------------------------------------------------------------
[2026-04-20 01:59:43,528][rfdiffusion.inference.model_runners][INFO] - Timestep 18, input to next step: ----------------------------------------------------------------------------------------------------------------
[2026-04-20 01:59:46,557][rfdiffusion.inference.model_runners][INFO] - Timestep 17, input to next step: ----------------------------------------------------------------------------------------------------------------
[2026-04-20 01:59:49,150][rfdiffusion.inference.model_runners][INFO] - Timestep 16, input to next step: ----------------------------------------------------------------------------------------------------------------
[2026-04-20 01:59:52,366][rfdiffusion.inference.model_runners][INFO] - Timestep 15, input to next step: ----------------------------------------------------------------------------------------------------------------
[2026-04-20 01:59:55,510][rfdiffusion.inference.model_runners][INFO] - Timestep 14, input to next step: ----------------------------------------------------------------------------------------------------------------
[2026-04-20 01:59:59,573][rfdiffusion.inference.model_runners][INFO] - Timestep 13, input to next step: ----------------------------------------------------------------------------------------------------------------
[2026-04-20 02:00:03,516][rfdiffusion.inference.model_runners][INFO] - Timestep 12, input to next step: ----------------------------------------------------------------------------------------------------------------
[2026-04-20 02:00:08,172][rfdiffusion.inference.model_runners][INFO] - Timestep 11, input to next step: ----------------------------------------------------------------------------------------------------------------
[2026-04-20 02:00:12,594][rfdiffusion.inference.model_runners][INFO] - Timestep 10, input to next step: ----------------------------------------------------------------------------------------------------------------
[2026-04-20 02:00:17,674][rfdiffusion.inference.model_runners][INFO] - Timestep 9, input to next step: ----------------------------------------------------------------------------------------------------------------
[2026-04-20 02:00:21,990][rfdiffusion.inference.model_runners][INFO] - Timestep 8, input to next step: ----------------------------------------------------------------------------------------------------------------
[2026-04-20 02:00:25,162][rfdiffusion.inference.model_runners][INFO] - Timestep 7, input to next step: ----------------------------------------------------------------------------------------------------------------
[2026-04-20 02:00:29,280][rfdiffusion.inference.model_runners][INFO] - Timestep 6, input to next step: ----------------------------------------------------------------------------------------------------------------
[2026-04-20 02:00:33,503][rfdiffusion.inference.model_runners][INFO] - Timestep 5, input to next step: ----------------------------------------------------------------------------------------------------------------
[2026-04-20 02:00:36,351][rfdiffusion.inference.model_runners][INFO] - Timestep 4, input to next step: ----------------------------------------------------------------------------------------------------------------
[2026-04-20 02:00:39,467][rfdiffusion.inference.model_runners][INFO] - Timestep 3, input to next step: ----------------------------------------------------------------------------------------------------------------
[2026-04-20 02:00:42,311][rfdiffusion.inference.model_runners][INFO] - Timestep 2, input to next step: ----------------------------------------------------------------------------------------------------------------
[2026-04-20 02:00:47,318][__main__][INFO] - Finished design in 2.66 minutes
[2026-04-20 02:00:47,318][__main__][INFO] - Making design /home/manvi/Team_8_CS598GBL/Assignment/Generate_designs/default/len_112/design_6
[2026-04-20 02:00:47,325][rfdiffusion.inference.model_runners][INFO] - Using contig: ['112-112']
[2026-04-20 02:00:47,353][rfdiffusion.inference.model_runners][INFO] - Sequence init: ----------------------------------------------------------------------------------------------------------------
[2026-04-20 02:00:49,655][rfdiffusion.inference.model_runners][INFO] - Timestep 50, input to next step: ----------------------------------------------------------------------------------------------------------------
[2026-04-20 02:00:54,339][rfdiffusion.inference.model_runners][INFO] - Timestep 49, input to next step: ----------------------------------------------------------------------------------------------------------------
[2026-04-20 02:00:57,202][rfdiffusion.inference.model_runners][INFO] - Timestep 48, input to next step: ----------------------------------------------------------------------------------------------------------------
[2026-04-20 02:00:59,791][rfdiffusion.inference.model_runners][INFO] - Timestep 47, input to next step: ----------------------------------------------------------------------------------------------------------------
[2026-04-20 02:01:01,612][rfdiffusion.inference.model_runners][INFO] - Timestep 46, input to next step: ----------------------------------------------------------------------------------------------------------------
[2026-04-20 02:01:03,403][rfdiffusion.inference.model_runners][INFO] - Timestep 45, input to next step: ----------------------------------------------------------------------------------------------------------------
[2026-04-20 02:01:05,165][rfdiffusion.inference.model_runners][INFO] - Timestep 44, input to next step: ----------------------------------------------------------------------------------------------------------------
[2026-04-20 02:01:06,907][rfdiffusion.inference.model_runners][INFO] - Timestep 43, input to next step: ----------------------------------------------------------------------------------------------------------------
[2026-04-20 02:01:08,724][rfdiffusion.inference.model_runners][INFO] - Timestep 42, input to next step: ----------------------------------------------------------------------------------------------------------------
[2026-04-20 02:01:10,601][rfdiffusion.inference.model_runners][INFO] - Timestep 41, input to next step: ----------------------------------------------------------------------------------------------------------------
[2026-04-20 02:01:12,345][rfdiffusion.inference.model_runners][INFO] - Timestep 40, input to next step: ----------------------------------------------------------------------------------------------------------------
[2026-04-20 02:01:14,102][rfdiffusion.inference.model_runners][INFO] - Timestep 39, input to next step: ----------------------------------------------------------------------------------------------------------------
[2026-04-20 02:01:15,978][rfdiffusion.inference.model_runners][INFO] - Timestep 38, input to next step: ----------------------------------------------------------------------------------------------------------------
[2026-04-20 02:01:18,172][rfdiffusion.inference.model_runners][INFO] - Timestep 37, input to next step: ----------------------------------------------------------------------------------------------------------------
[2026-04-20 02:01:20,155][rfdiffusion.inference.model_runners][INFO] - Timestep 36, input to next step: ----------------------------------------------------------------------------------------------------------------
[2026-04-20 02:01:21,928][rfdiffusion.inference.model_runners][INFO] - Timestep 35, input to next step: ----------------------------------------------------------------------------------------------------------------
[2026-04-20 02:01:24,741][rfdiffusion.inference.model_runners][INFO] - Timestep 34, input to next step: ----------------------------------------------------------------------------------------------------------------
[2026-04-20 02:01:27,018][rfdiffusion.inference.model_runners][INFO] - Timestep 33, input to next step: ----------------------------------------------------------------------------------------------------------------
[2026-04-20 02:01:28,845][rfdiffusion.inference.model_runners][INFO] - Timestep 32, input to next step: ----------------------------------------------------------------------------------------------------------------
[2026-04-20 02:01:30,750][rfdiffusion.inference.model_runners][INFO] - Timestep 31, input to next step: ----------------------------------------------------------------------------------------------------------------
[2026-04-20 02:01:32,425][rfdiffusion.inference.model_runners][INFO] - Timestep 30, input to next step: ----------------------------------------------------------------------------------------------------------------
[2026-04-20 02:01:34,229][rfdiffusion.inference.model_runners][INFO] - Timestep 29, input to next step: ----------------------------------------------------------------------------------------------------------------
[2026-04-20 02:01:36,072][rfdiffusion.inference.model_runners][INFO] - Timestep 28, input to next step: ----------------------------------------------------------------------------------------------------------------
[2026-04-20 02:01:37,786][rfdiffusion.inference.model_runners][INFO] - Timestep 27, input to next step: ----------------------------------------------------------------------------------------------------------------
[2026-04-20 02:01:39,510][rfdiffusion.inference.model_runners][INFO] - Timestep 26, input to next step: ----------------------------------------------------------------------------------------------------------------
[2026-04-20 02:01:41,334][rfdiffusion.inference.model_runners][INFO] - Timestep 25, input to next step: ----------------------------------------------------------------------------------------------------------------
[2026-04-20 02:01:43,849][rfdiffusion.inference.model_runners][INFO] - Timestep 24, input to next step: ----------------------------------------------------------------------------------------------------------------
[2026-04-20 02:01:45,770][rfdiffusion.inference.model_runners][INFO] - Timestep 23, input to next step: ----------------------------------------------------------------------------------------------------------------
[2026-04-20 02:01:48,503][rfdiffusion.inference.model_runners][INFO] - Timestep 22, input to next step: ----------------------------------------------------------------------------------------------------------------
[2026-04-20 02:01:52,376][rfdiffusion.inference.model_runners][INFO] - Timestep 21, input to next step: ----------------------------------------------------------------------------------------------------------------
[2026-04-20 02:01:55,455][rfdiffusion.inference.model_runners][INFO] - Timestep 20, input to next step: ----------------------------------------------------------------------------------------------------------------
[2026-04-20 02:02:01,459][rfdiffusion.inference.model_runners][INFO] - Timestep 19, input to next step: ----------------------------------------------------------------------------------------------------------------
[2026-04-20 02:02:04,559][rfdiffusion.inference.model_runners][INFO] - Timestep 18, input to next step: ----------------------------------------------------------------------------------------------------------------
[2026-04-20 02:02:08,494][rfdiffusion.inference.model_runners][INFO] - Timestep 17, input to next step: ----------------------------------------------------------------------------------------------------------------
[2026-04-20 02:02:11,703][rfdiffusion.inference.model_runners][INFO] - Timestep 16, input to next step: ----------------------------------------------------------------------------------------------------------------
[2026-04-20 02:02:15,236][rfdiffusion.inference.model_runners][INFO] - Timestep 15, input to next step: ----------------------------------------------------------------------------------------------------------------
[2026-04-20 02:02:17,381][rfdiffusion.inference.model_runners][INFO] - Timestep 14, input to next step: ----------------------------------------------------------------------------------------------------------------
[2026-04-20 02:02:20,110][rfdiffusion.inference.model_runners][INFO] - Timestep 13, input to next step: ----------------------------------------------------------------------------------------------------------------
[2026-04-20 02:02:23,462][rfdiffusion.inference.model_runners][INFO] - Timestep 12, input to next step: ----------------------------------------------------------------------------------------------------------------
[2026-04-20 02:02:27,189][rfdiffusion.inference.model_runners][INFO] - Timestep 11, input to next step: ----------------------------------------------------------------------------------------------------------------
[2026-04-20 02:02:30,708][rfdiffusion.inference.model_runners][INFO] - Timestep 10, input to next step: ----------------------------------------------------------------------------------------------------------------
[2026-04-20 02:02:37,137][rfdiffusion.inference.model_runners][INFO] - Timestep 9, input to next step: ----------------------------------------------------------------------------------------------------------------
[2026-04-20 02:02:42,445][rfdiffusion.inference.model_runners][INFO] - Timestep 8, input to next step: ----------------------------------------------------------------------------------------------------------------
[2026-04-20 02:02:44,793][rfdiffusion.inference.model_runners][INFO] - Timestep 7, input to next step: ----------------------------------------------------------------------------------------------------------------
[2026-04-20 02:02:47,218][rfdiffusion.inference.model_runners][INFO] - Timestep 6, input to next step: ----------------------------------------------------------------------------------------------------------------
[2026-04-20 02:02:49,917][rfdiffusion.inference.model_runners][INFO] - Timestep 5, input to next step: ----------------------------------------------------------------------------------------------------------------
[2026-04-20 02:02:53,359][rfdiffusion.inference.model_runners][INFO] - Timestep 4, input to next step: ----------------------------------------------------------------------------------------------------------------
[2026-04-20 02:02:57,418][rfdiffusion.inference.model_runners][INFO] - Timestep 3, input to next step: ----------------------------------------------------------------------------------------------------------------
[2026-04-20 02:03:00,432][rfdiffusion.inference.model_runners][INFO] - Timestep 2, input to next step: ----------------------------------------------------------------------------------------------------------------
[2026-04-20 02:03:08,073][__main__][INFO] - Finished design in 2.35 minutes
[2026-04-20 02:03:08,074][__main__][INFO] - Making design /home/manvi/Team_8_CS598GBL/Assignment/Generate_designs/default/len_112/design_7
[2026-04-20 02:03:08,086][rfdiffusion.inference.model_runners][INFO] - Using contig: ['112-112']
[2026-04-20 02:03:08,151][rfdiffusion.inference.model_runners][INFO] - Sequence init: ----------------------------------------------------------------------------------------------------------------
[2026-04-20 02:03:14,543][rfdiffusion.inference.model_runners][INFO] - Timestep 50, input to next step: ----------------------------------------------------------------------------------------------------------------
[2026-04-20 02:03:21,697][rfdiffusion.inference.model_runners][INFO] - Timestep 49, input to next step: ----------------------------------------------------------------------------------------------------------------
[2026-04-20 02:03:28,696][rfdiffusion.inference.model_runners][INFO] - Timestep 48, input to next step: ----------------------------------------------------------------------------------------------------------------
[2026-04-20 02:03:32,292][rfdiffusion.inference.model_runners][INFO] - Timestep 47, input to next step: ----------------------------------------------------------------------------------------------------------------
[2026-04-20 02:03:35,898][rfdiffusion.inference.model_runners][INFO] - Timestep 46, input to next step: ----------------------------------------------------------------------------------------------------------------
[2026-04-20 02:03:43,144][rfdiffusion.inference.model_runners][INFO] - Timestep 45, input to next step: ----------------------------------------------------------------------------------------------------------------
[2026-04-20 02:03:49,387][rfdiffusion.inference.model_runners][INFO] - Timestep 44, input to next step: ----------------------------------------------------------------------------------------------------------------
[2026-04-20 02:03:54,434][rfdiffusion.inference.model_runners][INFO] - Timestep 43, input to next step: ----------------------------------------------------------------------------------------------------------------
[2026-04-20 02:04:00,734][rfdiffusion.inference.model_runners][INFO] - Timestep 42, input to next step: ----------------------------------------------------------------------------------------------------------------
[2026-04-20 02:04:04,883][rfdiffusion.inference.model_runners][INFO] - Timestep 41, input to next step: ----------------------------------------------------------------------------------------------------------------
[2026-04-20 02:04:08,124][rfdiffusion.inference.model_runners][INFO] - Timestep 40, input to next step: ----------------------------------------------------------------------------------------------------------------
[2026-04-20 02:04:12,206][rfdiffusion.inference.model_runners][INFO] - Timestep 39, input to next step: ----------------------------------------------------------------------------------------------------------------
[2026-04-20 02:04:15,900][rfdiffusion.inference.model_runners][INFO] - Timestep 38, input to next step: ----------------------------------------------------------------------------------------------------------------
[2026-04-20 02:04:18,951][rfdiffusion.inference.model_runners][INFO] - Timestep 37, input to next step: ----------------------------------------------------------------------------------------------------------------
[2026-04-20 02:04:22,103][rfdiffusion.inference.model_runners][INFO] - Timestep 36, input to next step: ----------------------------------------------------------------------------------------------------------------
[2026-04-20 02:04:25,273][rfdiffusion.inference.model_runners][INFO] - Timestep 35, input to next step: ----------------------------------------------------------------------------------------------------------------
[2026-04-20 02:04:28,916][rfdiffusion.inference.model_runners][INFO] - Timestep 34, input to next step: ----------------------------------------------------------------------------------------------------------------
[2026-04-20 02:04:32,167][rfdiffusion.inference.model_runners][INFO] - Timestep 33, input to next step: ----------------------------------------------------------------------------------------------------------------
[2026-04-20 02:04:41,460][rfdiffusion.inference.model_runners][INFO] - Timestep 32, input to next step: ----------------------------------------------------------------------------------------------------------------
[2026-04-20 02:04:46,516][rfdiffusion.inference.model_runners][INFO] - Timestep 31, input to next step: ----------------------------------------------------------------------------------------------------------------
[2026-04-20 02:04:52,655][rfdiffusion.inference.model_runners][INFO] - Timestep 30, input to next step: ----------------------------------------------------------------------------------------------------------------
[2026-04-20 02:04:57,503][rfdiffusion.inference.model_runners][INFO] - Timestep 29, input to next step: ----------------------------------------------------------------------------------------------------------------
[2026-04-20 02:05:01,839][rfdiffusion.inference.model_runners][INFO] - Timestep 28, input to next step: ----------------------------------------------------------------------------------------------------------------
[2026-04-20 02:05:06,025][rfdiffusion.inference.model_runners][INFO] - Timestep 27, input to next step: ----------------------------------------------------------------------------------------------------------------
[2026-04-20 02:05:09,717][rfdiffusion.inference.model_runners][INFO] - Timestep 26, input to next step: ----------------------------------------------------------------------------------------------------------------
[2026-04-20 02:05:13,629][rfdiffusion.inference.model_runners][INFO] - Timestep 25, input to next step: ----------------------------------------------------------------------------------------------------------------
[2026-04-20 02:05:17,721][rfdiffusion.inference.model_runners][INFO] - Timestep 24, input to next step: ----------------------------------------------------------------------------------------------------------------
[2026-04-20 02:05:21,985][rfdiffusion.inference.model_runners][INFO] - Timestep 23, input to next step: ----------------------------------------------------------------------------------------------------------------
[2026-04-20 02:05:26,266][rfdiffusion.inference.model_runners][INFO] - Timestep 22, input to next step: ----------------------------------------------------------------------------------------------------------------
[2026-04-20 02:05:30,392][rfdiffusion.inference.model_runners][INFO] - Timestep 21, input to next step: ----------------------------------------------------------------------------------------------------------------
[2026-04-20 02:05:34,195][rfdiffusion.inference.model_runners][INFO] - Timestep 20, input to next step: ----------------------------------------------------------------------------------------------------------------
[2026-04-20 02:05:37,886][rfdiffusion.inference.model_runners][INFO] - Timestep 19, input to next step: ----------------------------------------------------------------------------------------------------------------
[2026-04-20 02:05:41,782][rfdiffusion.inference.model_runners][INFO] - Timestep 18, input to next step: ----------------------------------------------------------------------------------------------------------------
[2026-04-20 02:05:46,095][rfdiffusion.inference.model_runners][INFO] - Timestep 17, input to next step: ----------------------------------------------------------------------------------------------------------------
[2026-04-20 02:05:50,321][rfdiffusion.inference.model_runners][INFO] - Timestep 16, input to next step: ----------------------------------------------------------------------------------------------------------------
[2026-04-20 02:05:54,542][rfdiffusion.inference.model_runners][INFO] - Timestep 15, input to next step: ----------------------------------------------------------------------------------------------------------------
[2026-04-20 02:05:58,614][rfdiffusion.inference.model_runners][INFO] - Timestep 14, input to next step: ----------------------------------------------------------------------------------------------------------------
[2026-04-20 02:06:02,617][rfdiffusion.inference.model_runners][INFO] - Timestep 13, input to next step: ----------------------------------------------------------------------------------------------------------------
[2026-04-20 02:06:06,639][rfdiffusion.inference.model_runners][INFO] - Timestep 12, input to next step: ----------------------------------------------------------------------------------------------------------------
[2026-04-20 02:06:10,509][rfdiffusion.inference.model_runners][INFO] - Timestep 11, input to next step: ----------------------------------------------------------------------------------------------------------------
[2026-04-20 02:06:17,394][rfdiffusion.inference.model_runners][INFO] - Timestep 10, input to next step: ----------------------------------------------------------------------------------------------------------------
[2026-04-20 02:06:25,279][rfdiffusion.inference.model_runners][INFO] - Timestep 9, input to next step: ----------------------------------------------------------------------------------------------------------------
[2026-04-20 02:06:31,695][rfdiffusion.inference.model_runners][INFO] - Timestep 8, input to next step: ----------------------------------------------------------------------------------------------------------------
[2026-04-20 02:06:37,268][rfdiffusion.inference.model_runners][INFO] - Timestep 7, input to next step: ----------------------------------------------------------------------------------------------------------------
[2026-04-20 02:06:42,768][rfdiffusion.inference.model_runners][INFO] - Timestep 6, input to next step: ----------------------------------------------------------------------------------------------------------------
[2026-04-20 02:06:47,458][rfdiffusion.inference.model_runners][INFO] - Timestep 5, input to next step: ----------------------------------------------------------------------------------------------------------------
[2026-04-20 02:06:50,502][rfdiffusion.inference.model_runners][INFO] - Timestep 4, input to next step: ----------------------------------------------------------------------------------------------------------------
[2026-04-20 02:06:53,930][rfdiffusion.inference.model_runners][INFO] - Timestep 3, input to next step: ----------------------------------------------------------------------------------------------------------------
[2026-04-20 02:06:58,191][rfdiffusion.inference.model_runners][INFO] - Timestep 2, input to next step: ----------------------------------------------------------------------------------------------------------------
[2026-04-20 02:07:05,218][__main__][INFO] - Finished design in 3.95 minutes
[2026-04-20 02:07:05,219][__main__][INFO] - Making design /home/manvi/Team_8_CS598GBL/Assignment/Generate_designs/default/len_112/design_8
[2026-04-20 02:07:05,225][rfdiffusion.inference.model_runners][INFO] - Using contig: ['112-112']
[2026-04-20 02:07:05,270][rfdiffusion.inference.model_runners][INFO] - Sequence init: ----------------------------------------------------------------------------------------------------------------
[2026-04-20 02:07:08,841][rfdiffusion.inference.model_runners][INFO] - Timestep 50, input to next step: ----------------------------------------------------------------------------------------------------------------
[2026-04-20 02:07:12,383][rfdiffusion.inference.model_runners][INFO] - Timestep 49, input to next step: ----------------------------------------------------------------------------------------------------------------
[2026-04-20 02:07:15,702][rfdiffusion.inference.model_runners][INFO] - Timestep 48, input to next step: ----------------------------------------------------------------------------------------------------------------
[2026-04-20 02:07:20,650][rfdiffusion.inference.model_runners][INFO] - Timestep 47, input to next step: ----------------------------------------------------------------------------------------------------------------
[2026-04-20 02:07:25,011][rfdiffusion.inference.model_runners][INFO] - Timestep 46, input to next step: ----------------------------------------------------------------------------------------------------------------
[2026-04-20 02:07:30,123][rfdiffusion.inference.model_runners][INFO] - Timestep 45, input to next step: ----------------------------------------------------------------------------------------------------------------
[2026-04-20 02:07:33,973][rfdiffusion.inference.model_runners][INFO] - Timestep 44, input to next step: ----------------------------------------------------------------------------------------------------------------
[2026-04-20 02:07:38,283][rfdiffusion.inference.model_runners][INFO] - Timestep 43, input to next step: ----------------------------------------------------------------------------------------------------------------
[2026-04-20 02:07:41,071][rfdiffusion.inference.model_runners][INFO] - Timestep 42, input to next step: ----------------------------------------------------------------------------------------------------------------
[2026-04-20 02:07:43,859][rfdiffusion.inference.model_runners][INFO] - Timestep 41, input to next step: ----------------------------------------------------------------------------------------------------------------
[2026-04-20 02:07:46,444][rfdiffusion.inference.model_runners][INFO] - Timestep 40, input to next step: ----------------------------------------------------------------------------------------------------------------
[2026-04-20 02:07:49,427][rfdiffusion.inference.model_runners][INFO] - Timestep 39, input to next step: ----------------------------------------------------------------------------------------------------------------
[2026-04-20 02:07:52,308][rfdiffusion.inference.model_runners][INFO] - Timestep 38, input to next step: ----------------------------------------------------------------------------------------------------------------
[2026-04-20 02:07:54,922][rfdiffusion.inference.model_runners][INFO] - Timestep 37, input to next step: ----------------------------------------------------------------------------------------------------------------
[2026-04-20 02:07:58,465][rfdiffusion.inference.model_runners][INFO] - Timestep 36, input to next step: ----------------------------------------------------------------------------------------------------------------
[2026-04-20 02:08:02,282][rfdiffusion.inference.model_runners][INFO] - Timestep 35, input to next step: ----------------------------------------------------------------------------------------------------------------
[2026-04-20 02:08:06,042][rfdiffusion.inference.model_runners][INFO] - Timestep 34, input to next step: ----------------------------------------------------------------------------------------------------------------
[2026-04-20 02:08:09,200][rfdiffusion.inference.model_runners][INFO] - Timestep 33, input to next step: ----------------------------------------------------------------------------------------------------------------
[2026-04-20 02:08:12,466][rfdiffusion.inference.model_runners][INFO] - Timestep 32, input to next step: ----------------------------------------------------------------------------------------------------------------
[2026-04-20 02:08:16,218][rfdiffusion.inference.model_runners][INFO] - Timestep 31, input to next step: ----------------------------------------------------------------------------------------------------------------
[2026-04-20 02:08:19,935][rfdiffusion.inference.model_runners][INFO] - Timestep 30, input to next step: ----------------------------------------------------------------------------------------------------------------
[2026-04-20 02:08:23,275][rfdiffusion.inference.model_runners][INFO] - Timestep 29, input to next step: ----------------------------------------------------------------------------------------------------------------
[2026-04-20 02:08:26,364][rfdiffusion.inference.model_runners][INFO] - Timestep 28, input to next step: ----------------------------------------------------------------------------------------------------------------
[2026-04-20 02:08:29,922][rfdiffusion.inference.model_runners][INFO] - Timestep 27, input to next step: ----------------------------------------------------------------------------------------------------------------
[2026-04-20 02:08:33,616][rfdiffusion.inference.model_runners][INFO] - Timestep 26, input to next step: ----------------------------------------------------------------------------------------------------------------
[2026-04-20 02:08:36,696][rfdiffusion.inference.model_runners][INFO] - Timestep 25, input to next step: ----------------------------------------------------------------------------------------------------------------
[2026-04-20 02:08:39,607][rfdiffusion.inference.model_runners][INFO] - Timestep 24, input to next step: ----------------------------------------------------------------------------------------------------------------
[2026-04-20 02:08:43,098][rfdiffusion.inference.model_runners][INFO] - Timestep 23, input to next step: ----------------------------------------------------------------------------------------------------------------
[2026-04-20 02:08:46,433][rfdiffusion.inference.model_runners][INFO] - Timestep 22, input to next step: ----------------------------------------------------------------------------------------------------------------
[2026-04-20 02:08:49,756][rfdiffusion.inference.model_runners][INFO] - Timestep 21, input to next step: ----------------------------------------------------------------------------------------------------------------
[2026-04-20 02:08:52,785][rfdiffusion.inference.model_runners][INFO] - Timestep 20, input to next step: ----------------------------------------------------------------------------------------------------------------
[2026-04-20 02:08:55,787][rfdiffusion.inference.model_runners][INFO] - Timestep 19, input to next step: ----------------------------------------------------------------------------------------------------------------
[2026-04-20 02:08:59,082][rfdiffusion.inference.model_runners][INFO] - Timestep 18, input to next step: ----------------------------------------------------------------------------------------------------------------
[2026-04-20 02:09:02,873][rfdiffusion.inference.model_runners][INFO] - Timestep 17, input to next step: ----------------------------------------------------------------------------------------------------------------
[2026-04-20 02:09:07,503][rfdiffusion.inference.model_runners][INFO] - Timestep 16, input to next step: ----------------------------------------------------------------------------------------------------------------
[2026-04-20 02:09:10,650][rfdiffusion.inference.model_runners][INFO] - Timestep 15, input to next step: ----------------------------------------------------------------------------------------------------------------
[2026-04-20 02:09:13,775][rfdiffusion.inference.model_runners][INFO] - Timestep 14, input to next step: ----------------------------------------------------------------------------------------------------------------
[2026-04-20 02:09:16,493][rfdiffusion.inference.model_runners][INFO] - Timestep 13, input to next step: ----------------------------------------------------------------------------------------------------------------
[2026-04-20 02:09:19,480][rfdiffusion.inference.model_runners][INFO] - Timestep 12, input to next step: ----------------------------------------------------------------------------------------------------------------
[2026-04-20 02:09:22,458][rfdiffusion.inference.model_runners][INFO] - Timestep 11, input to next step: ----------------------------------------------------------------------------------------------------------------
[2026-04-20 02:09:25,647][rfdiffusion.inference.model_runners][INFO] - Timestep 10, input to next step: ----------------------------------------------------------------------------------------------------------------
[2026-04-20 02:09:28,575][rfdiffusion.inference.model_runners][INFO] - Timestep 9, input to next step: ----------------------------------------------------------------------------------------------------------------
[2026-04-20 02:09:31,498][rfdiffusion.inference.model_runners][INFO] - Timestep 8, input to next step: ----------------------------------------------------------------------------------------------------------------
[2026-04-20 02:09:34,489][rfdiffusion.inference.model_runners][INFO] - Timestep 7, input to next step: ----------------------------------------------------------------------------------------------------------------
[2026-04-20 02:09:37,765][rfdiffusion.inference.model_runners][INFO] - Timestep 6, input to next step: ----------------------------------------------------------------------------------------------------------------
[2026-04-20 02:09:41,040][rfdiffusion.inference.model_runners][INFO] - Timestep 5, input to next step: ----------------------------------------------------------------------------------------------------------------
[2026-04-20 02:09:43,945][rfdiffusion.inference.model_runners][INFO] - Timestep 4, input to next step: ----------------------------------------------------------------------------------------------------------------
[2026-04-20 02:09:46,884][rfdiffusion.inference.model_runners][INFO] - Timestep 3, input to next step: ----------------------------------------------------------------------------------------------------------------
[2026-04-20 02:09:49,836][rfdiffusion.inference.model_runners][INFO] - Timestep 2, input to next step: ----------------------------------------------------------------------------------------------------------------
[2026-04-20 02:09:56,253][__main__][INFO] - Finished design in 2.85 minutes
[2026-04-20 02:09:56,255][__main__][INFO] - Making design /home/manvi/Team_8_CS598GBL/Assignment/Generate_designs/default/len_112/design_9
[2026-04-20 02:09:56,269][rfdiffusion.inference.model_runners][INFO] - Using contig: ['112-112']
[2026-04-20 02:09:56,310][rfdiffusion.inference.model_runners][INFO] - Sequence init: ----------------------------------------------------------------------------------------------------------------
[2026-04-20 02:09:58,872][rfdiffusion.inference.model_runners][INFO] - Timestep 50, input to next step: ----------------------------------------------------------------------------------------------------------------
[2026-04-20 02:10:01,980][rfdiffusion.inference.model_runners][INFO] - Timestep 49, input to next step: ----------------------------------------------------------------------------------------------------------------
[2026-04-20 02:10:05,195][rfdiffusion.inference.model_runners][INFO] - Timestep 48, input to next step: ----------------------------------------------------------------------------------------------------------------
[2026-04-20 02:10:08,161][rfdiffusion.inference.model_runners][INFO] - Timestep 47, input to next step: ----------------------------------------------------------------------------------------------------------------
[2026-04-20 02:10:10,882][rfdiffusion.inference.model_runners][INFO] - Timestep 46, input to next step: ----------------------------------------------------------------------------------------------------------------
[2026-04-20 02:10:13,773][rfdiffusion.inference.model_runners][INFO] - Timestep 45, input to next step: ----------------------------------------------------------------------------------------------------------------
[2026-04-20 02:10:16,505][rfdiffusion.inference.model_runners][INFO] - Timestep 44, input to next step: ----------------------------------------------------------------------------------------------------------------
[2026-04-20 02:10:19,011][rfdiffusion.inference.model_runners][INFO] - Timestep 43, input to next step: ----------------------------------------------------------------------------------------------------------------
[2026-04-20 02:10:21,954][rfdiffusion.inference.model_runners][INFO] - Timestep 42, input to next step: ----------------------------------------------------------------------------------------------------------------
[2026-04-20 02:10:24,905][rfdiffusion.inference.model_runners][INFO] - Timestep 41, input to next step: ----------------------------------------------------------------------------------------------------------------
[2026-04-20 02:10:27,773][rfdiffusion.inference.model_runners][INFO] - Timestep 40, input to next step: ----------------------------------------------------------------------------------------------------------------
[2026-04-20 02:10:30,699][rfdiffusion.inference.model_runners][INFO] - Timestep 39, input to next step: ----------------------------------------------------------------------------------------------------------------
[2026-04-20 02:10:33,188][rfdiffusion.inference.model_runners][INFO] - Timestep 38, input to next step: ----------------------------------------------------------------------------------------------------------------
[2026-04-20 02:10:36,162][rfdiffusion.inference.model_runners][INFO] - Timestep 37, input to next step: ----------------------------------------------------------------------------------------------------------------
[2026-04-20 02:10:39,078][rfdiffusion.inference.model_runners][INFO] - Timestep 36, input to next step: ----------------------------------------------------------------------------------------------------------------
[2026-04-20 02:10:42,155][rfdiffusion.inference.model_runners][INFO] - Timestep 35, input to next step: ----------------------------------------------------------------------------------------------------------------
[2026-04-20 02:10:44,644][rfdiffusion.inference.model_runners][INFO] - Timestep 34, input to next step: ----------------------------------------------------------------------------------------------------------------
[2026-04-20 02:10:48,222][rfdiffusion.inference.model_runners][INFO] - Timestep 33, input to next step: ----------------------------------------------------------------------------------------------------------------
[2026-04-20 02:10:51,130][rfdiffusion.inference.model_runners][INFO] - Timestep 32, input to next step: ----------------------------------------------------------------------------------------------------------------
[2026-04-20 02:10:54,074][rfdiffusion.inference.model_runners][INFO] - Timestep 31, input to next step: ----------------------------------------------------------------------------------------------------------------
[2026-04-20 02:10:57,021][rfdiffusion.inference.model_runners][INFO] - Timestep 30, input to next step: ----------------------------------------------------------------------------------------------------------------
[2026-04-20 02:10:59,886][rfdiffusion.inference.model_runners][INFO] - Timestep 29, input to next step: ----------------------------------------------------------------------------------------------------------------
[2026-04-20 02:11:02,806][rfdiffusion.inference.model_runners][INFO] - Timestep 28, input to next step: ----------------------------------------------------------------------------------------------------------------
[2026-04-20 02:11:05,732][rfdiffusion.inference.model_runners][INFO] - Timestep 27, input to next step: ----------------------------------------------------------------------------------------------------------------
[2026-04-20 02:11:08,814][rfdiffusion.inference.model_runners][INFO] - Timestep 26, input to next step: ----------------------------------------------------------------------------------------------------------------
[2026-04-20 02:11:11,402][rfdiffusion.inference.model_runners][INFO] - Timestep 25, input to next step: ----------------------------------------------------------------------------------------------------------------
[2026-04-20 02:11:14,464][rfdiffusion.inference.model_runners][INFO] - Timestep 24, input to next step: ----------------------------------------------------------------------------------------------------------------
[2026-04-20 02:11:17,574][rfdiffusion.inference.model_runners][INFO] - Timestep 23, input to next step: ----------------------------------------------------------------------------------------------------------------
[2026-04-20 02:11:20,555][rfdiffusion.inference.model_runners][INFO] - Timestep 22, input to next step: ----------------------------------------------------------------------------------------------------------------
[2026-04-20 02:11:24,388][rfdiffusion.inference.model_runners][INFO] - Timestep 21, input to next step: ----------------------------------------------------------------------------------------------------------------
[2026-04-20 02:11:26,702][rfdiffusion.inference.model_runners][INFO] - Timestep 20, input to next step: ----------------------------------------------------------------------------------------------------------------
[2026-04-20 02:11:29,611][rfdiffusion.inference.model_runners][INFO] - Timestep 19, input to next step: ----------------------------------------------------------------------------------------------------------------
[2026-04-20 02:11:32,452][rfdiffusion.inference.model_runners][INFO] - Timestep 18, input to next step: ----------------------------------------------------------------------------------------------------------------
[2026-04-20 02:11:35,491][rfdiffusion.inference.model_runners][INFO] - Timestep 17, input to next step: ----------------------------------------------------------------------------------------------------------------
[2026-04-20 02:11:38,317][rfdiffusion.inference.model_runners][INFO] - Timestep 16, input to next step: ----------------------------------------------------------------------------------------------------------------
[2026-04-20 02:11:41,553][rfdiffusion.inference.model_runners][INFO] - Timestep 15, input to next step: ----------------------------------------------------------------------------------------------------------------
[2026-04-20 02:11:45,196][rfdiffusion.inference.model_runners][INFO] - Timestep 14, input to next step: ----------------------------------------------------------------------------------------------------------------
[2026-04-20 02:11:48,959][rfdiffusion.inference.model_runners][INFO] - Timestep 13, input to next step: ----------------------------------------------------------------------------------------------------------------
[2026-04-20 02:11:51,975][rfdiffusion.inference.model_runners][INFO] - Timestep 12, input to next step: ----------------------------------------------------------------------------------------------------------------
[2026-04-20 02:11:55,126][rfdiffusion.inference.model_runners][INFO] - Timestep 11, input to next step: ----------------------------------------------------------------------------------------------------------------
[2026-04-20 02:11:58,473][rfdiffusion.inference.model_runners][INFO] - Timestep 10, input to next step: ----------------------------------------------------------------------------------------------------------------
[2026-04-20 02:12:01,781][rfdiffusion.inference.model_runners][INFO] - Timestep 9, input to next step: ----------------------------------------------------------------------------------------------------------------
[2026-04-20 02:12:04,345][rfdiffusion.inference.model_runners][INFO] - Timestep 8, input to next step: ----------------------------------------------------------------------------------------------------------------
[2026-04-20 02:12:06,701][rfdiffusion.inference.model_runners][INFO] - Timestep 7, input to next step: ----------------------------------------------------------------------------------------------------------------
[2026-04-20 02:12:09,558][rfdiffusion.inference.model_runners][INFO] - Timestep 6, input to next step: ----------------------------------------------------------------------------------------------------------------
[2026-04-20 02:12:11,900][rfdiffusion.inference.model_runners][INFO] - Timestep 5, input to next step: ----------------------------------------------------------------------------------------------------------------
[2026-04-20 02:12:15,152][rfdiffusion.inference.model_runners][INFO] - Timestep 4, input to next step: ----------------------------------------------------------------------------------------------------------------
[2026-04-20 02:12:18,239][rfdiffusion.inference.model_runners][INFO] - Timestep 3, input to next step: ----------------------------------------------------------------------------------------------------------------
[2026-04-20 02:12:21,200][rfdiffusion.inference.model_runners][INFO] - Timestep 2, input to next step: ----------------------------------------------------------------------------------------------------------------
[2026-04-20 02:12:27,402][__main__][INFO] - Finished design in 2.52 minutes
