[2026-04-19 19:50:23,410][__main__][INFO] - Found GPU with device_name NVIDIA GeForce RTX 3050 Ti Laptop GPU. Will run RFdiffusion on NVIDIA GeForce RTX 3050 Ti Laptop GPU
[2026-04-19 19:50:23,411][rfdiffusion.inference.model_runners][INFO] - Reading checkpoint from /home/manvi/Team_8_CS598GBL/RFdiffusion/rfdiffusion/inference/../../models/Base_ckpt.pt
[2026-04-19 19:50:29,414][rfdiffusion.inference.model_runners][INFO] - Loading checkpoint.
[2026-04-19 19:50:29,667][rfdiffusion.diffusion][INFO] - Using cached IGSO3.
[2026-04-19 19:50:29,686][__main__][INFO] - Making design /home/manvi/Team_8_CS598GBL/Assignment/Generate_designs/default/len_090/design_0
[2026-04-19 19:50:29,690][rfdiffusion.inference.model_runners][INFO] - Using contig: ['90-90']
[2026-04-19 19:50:29,738][rfdiffusion.inference.model_runners][INFO] - Sequence init: ------------------------------------------------------------------------------------------
[2026-04-19 19:50:34,686][rfdiffusion.inference.model_runners][INFO] - Timestep 50, input to next step: ------------------------------------------------------------------------------------------
[2026-04-19 19:50:35,798][rfdiffusion.inference.model_runners][INFO] - Timestep 49, input to next step: ------------------------------------------------------------------------------------------
[2026-04-19 19:50:37,033][rfdiffusion.inference.model_runners][INFO] - Timestep 48, input to next step: ------------------------------------------------------------------------------------------
[2026-04-19 19:50:38,074][rfdiffusion.inference.model_runners][INFO] - Timestep 47, input to next step: ------------------------------------------------------------------------------------------
[2026-04-19 19:50:39,138][rfdiffusion.inference.model_runners][INFO] - Timestep 46, input to next step: ------------------------------------------------------------------------------------------
[2026-04-19 19:50:40,249][rfdiffusion.inference.model_runners][INFO] - Timestep 45, input to next step: ------------------------------------------------------------------------------------------
[2026-04-19 19:50:41,285][rfdiffusion.inference.model_runners][INFO] - Timestep 44, input to next step: ------------------------------------------------------------------------------------------
[2026-04-19 19:50:42,371][rfdiffusion.inference.model_runners][INFO] - Timestep 43, input to next step: ------------------------------------------------------------------------------------------
[2026-04-19 19:50:43,429][rfdiffusion.inference.model_runners][INFO] - Timestep 42, input to next step: ------------------------------------------------------------------------------------------
[2026-04-19 19:50:44,521][rfdiffusion.inference.model_runners][INFO] - Timestep 41, input to next step: ------------------------------------------------------------------------------------------
[2026-04-19 19:50:45,564][rfdiffusion.inference.model_runners][INFO] - Timestep 40, input to next step: ------------------------------------------------------------------------------------------
[2026-04-19 19:50:46,769][rfdiffusion.inference.model_runners][INFO] - Timestep 39, input to next step: ------------------------------------------------------------------------------------------
[2026-04-19 19:50:47,842][rfdiffusion.inference.model_runners][INFO] - Timestep 38, input to next step: ------------------------------------------------------------------------------------------
[2026-04-19 19:50:48,949][rfdiffusion.inference.model_runners][INFO] - Timestep 37, input to next step: ------------------------------------------------------------------------------------------
[2026-04-19 19:50:50,023][rfdiffusion.inference.model_runners][INFO] - Timestep 36, input to next step: ------------------------------------------------------------------------------------------
[2026-04-19 19:50:51,073][rfdiffusion.inference.model_runners][INFO] - Timestep 35, input to next step: ------------------------------------------------------------------------------------------
[2026-04-19 19:50:52,136][rfdiffusion.inference.model_runners][INFO] - Timestep 34, input to next step: ------------------------------------------------------------------------------------------
[2026-04-19 19:50:53,268][rfdiffusion.inference.model_runners][INFO] - Timestep 33, input to next step: ------------------------------------------------------------------------------------------
[2026-04-19 19:50:54,410][rfdiffusion.inference.model_runners][INFO] - Timestep 32, input to next step: ------------------------------------------------------------------------------------------
[2026-04-19 19:50:55,520][rfdiffusion.inference.model_runners][INFO] - Timestep 31, input to next step: ------------------------------------------------------------------------------------------
[2026-04-19 19:50:56,598][rfdiffusion.inference.model_runners][INFO] - Timestep 30, input to next step: ------------------------------------------------------------------------------------------
[2026-04-19 19:50:57,746][rfdiffusion.inference.model_runners][INFO] - Timestep 29, input to next step: ------------------------------------------------------------------------------------------
[2026-04-19 19:50:58,827][rfdiffusion.inference.model_runners][INFO] - Timestep 28, input to next step: ------------------------------------------------------------------------------------------
[2026-04-19 19:50:59,887][rfdiffusion.inference.model_runners][INFO] - Timestep 27, input to next step: ------------------------------------------------------------------------------------------
[2026-04-19 19:51:00,973][rfdiffusion.inference.model_runners][INFO] - Timestep 26, input to next step: ------------------------------------------------------------------------------------------
[2026-04-19 19:51:02,054][rfdiffusion.inference.model_runners][INFO] - Timestep 25, input to next step: ------------------------------------------------------------------------------------------
[2026-04-19 19:51:03,285][rfdiffusion.inference.model_runners][INFO] - Timestep 24, input to next step: ------------------------------------------------------------------------------------------
[2026-04-19 19:51:04,476][rfdiffusion.inference.model_runners][INFO] - Timestep 23, input to next step: ------------------------------------------------------------------------------------------
[2026-04-19 19:51:05,526][rfdiffusion.inference.model_runners][INFO] - Timestep 22, input to next step: ------------------------------------------------------------------------------------------
[2026-04-19 19:51:06,579][rfdiffusion.inference.model_runners][INFO] - Timestep 21, input to next step: ------------------------------------------------------------------------------------------
[2026-04-19 19:51:07,674][rfdiffusion.inference.model_runners][INFO] - Timestep 20, input to next step: ------------------------------------------------------------------------------------------
[2026-04-19 19:51:08,862][rfdiffusion.inference.model_runners][INFO] - Timestep 19, input to next step: ------------------------------------------------------------------------------------------
[2026-04-19 19:51:10,051][rfdiffusion.inference.model_runners][INFO] - Timestep 18, input to next step: ------------------------------------------------------------------------------------------
[2026-04-19 19:51:11,162][rfdiffusion.inference.model_runners][INFO] - Timestep 17, input to next step: ------------------------------------------------------------------------------------------
[2026-04-19 19:51:12,358][rfdiffusion.inference.model_runners][INFO] - Timestep 16, input to next step: ------------------------------------------------------------------------------------------
[2026-04-19 19:51:13,599][rfdiffusion.inference.model_runners][INFO] - Timestep 15, input to next step: ------------------------------------------------------------------------------------------
[2026-04-19 19:51:14,830][rfdiffusion.inference.model_runners][INFO] - Timestep 14, input to next step: ------------------------------------------------------------------------------------------
[2026-04-19 19:51:16,001][rfdiffusion.inference.model_runners][INFO] - Timestep 13, input to next step: ------------------------------------------------------------------------------------------
[2026-04-19 19:51:17,213][rfdiffusion.inference.model_runners][INFO] - Timestep 12, input to next step: ------------------------------------------------------------------------------------------
[2026-04-19 19:51:18,310][rfdiffusion.inference.model_runners][INFO] - Timestep 11, input to next step: ------------------------------------------------------------------------------------------
[2026-04-19 19:51:19,391][rfdiffusion.inference.model_runners][INFO] - Timestep 10, input to next step: ------------------------------------------------------------------------------------------
[2026-04-19 19:51:20,486][rfdiffusion.inference.model_runners][INFO] - Timestep 9, input to next step: ------------------------------------------------------------------------------------------
[2026-04-19 19:51:21,610][rfdiffusion.inference.model_runners][INFO] - Timestep 8, input to next step: ------------------------------------------------------------------------------------------
[2026-04-19 19:51:22,746][rfdiffusion.inference.model_runners][INFO] - Timestep 7, input to next step: ------------------------------------------------------------------------------------------
[2026-04-19 19:51:24,708][rfdiffusion.inference.model_runners][INFO] - Timestep 6, input to next step: ------------------------------------------------------------------------------------------
[2026-04-19 19:51:27,074][rfdiffusion.inference.model_runners][INFO] - Timestep 5, input to next step: ------------------------------------------------------------------------------------------
[2026-04-19 19:51:29,251][rfdiffusion.inference.model_runners][INFO] - Timestep 4, input to next step: ------------------------------------------------------------------------------------------
[2026-04-19 19:51:30,449][rfdiffusion.inference.model_runners][INFO] - Timestep 3, input to next step: ------------------------------------------------------------------------------------------
[2026-04-19 19:51:31,604][rfdiffusion.inference.model_runners][INFO] - Timestep 2, input to next step: ------------------------------------------------------------------------------------------
[2026-04-19 19:51:34,074][__main__][INFO] - Finished design in 1.07 minutes
[2026-04-19 19:51:34,074][__main__][INFO] - Making design /home/manvi/Team_8_CS598GBL/Assignment/Generate_designs/default/len_090/design_1
[2026-04-19 19:51:34,081][rfdiffusion.inference.model_runners][INFO] - Using contig: ['90-90']
[2026-04-19 19:51:34,109][rfdiffusion.inference.model_runners][INFO] - Sequence init: ------------------------------------------------------------------------------------------
[2026-04-19 19:51:35,247][rfdiffusion.inference.model_runners][INFO] - Timestep 50, input to next step: ------------------------------------------------------------------------------------------
[2026-04-19 19:51:36,377][rfdiffusion.inference.model_runners][INFO] - Timestep 49, input to next step: ------------------------------------------------------------------------------------------
[2026-04-19 19:51:37,461][rfdiffusion.inference.model_runners][INFO] - Timestep 48, input to next step: ------------------------------------------------------------------------------------------
[2026-04-19 19:51:38,511][rfdiffusion.inference.model_runners][INFO] - Timestep 47, input to next step: ------------------------------------------------------------------------------------------
[2026-04-19 19:51:39,647][rfdiffusion.inference.model_runners][INFO] - Timestep 46, input to next step: ------------------------------------------------------------------------------------------
[2026-04-19 19:51:40,773][rfdiffusion.inference.model_runners][INFO] - Timestep 45, input to next step: ------------------------------------------------------------------------------------------
[2026-04-19 19:51:41,890][rfdiffusion.inference.model_runners][INFO] - Timestep 44, input to next step: ------------------------------------------------------------------------------------------
[2026-04-19 19:51:43,264][rfdiffusion.inference.model_runners][INFO] - Timestep 43, input to next step: ------------------------------------------------------------------------------------------
[2026-04-19 19:51:44,609][rfdiffusion.inference.model_runners][INFO] - Timestep 42, input to next step: ------------------------------------------------------------------------------------------
[2026-04-19 19:51:45,669][rfdiffusion.inference.model_runners][INFO] - Timestep 41, input to next step: ------------------------------------------------------------------------------------------
[2026-04-19 19:51:46,823][rfdiffusion.inference.model_runners][INFO] - Timestep 40, input to next step: ------------------------------------------------------------------------------------------
[2026-04-19 19:51:47,916][rfdiffusion.inference.model_runners][INFO] - Timestep 39, input to next step: ------------------------------------------------------------------------------------------
[2026-04-19 19:51:49,004][rfdiffusion.inference.model_runners][INFO] - Timestep 38, input to next step: ------------------------------------------------------------------------------------------
[2026-04-19 19:51:50,097][rfdiffusion.inference.model_runners][INFO] - Timestep 37, input to next step: ------------------------------------------------------------------------------------------
[2026-04-19 19:51:51,192][rfdiffusion.inference.model_runners][INFO] - Timestep 36, input to next step: ------------------------------------------------------------------------------------------
[2026-04-19 19:51:52,270][rfdiffusion.inference.model_runners][INFO] - Timestep 35, input to next step: ------------------------------------------------------------------------------------------
[2026-04-19 19:51:53,427][rfdiffusion.inference.model_runners][INFO] - Timestep 34, input to next step: ------------------------------------------------------------------------------------------
[2026-04-19 19:51:54,563][rfdiffusion.inference.model_runners][INFO] - Timestep 33, input to next step: ------------------------------------------------------------------------------------------
[2026-04-19 19:51:55,635][rfdiffusion.inference.model_runners][INFO] - Timestep 32, input to next step: ------------------------------------------------------------------------------------------
[2026-04-19 19:51:56,636][rfdiffusion.inference.model_runners][INFO] - Timestep 31, input to next step: ------------------------------------------------------------------------------------------
[2026-04-19 19:51:57,681][rfdiffusion.inference.model_runners][INFO] - Timestep 30, input to next step: ------------------------------------------------------------------------------------------
[2026-04-19 19:51:58,860][rfdiffusion.inference.model_runners][INFO] - Timestep 29, input to next step: ------------------------------------------------------------------------------------------
[2026-04-19 19:52:00,022][rfdiffusion.inference.model_runners][INFO] - Timestep 28, input to next step: ------------------------------------------------------------------------------------------
[2026-04-19 19:52:01,325][rfdiffusion.inference.model_runners][INFO] - Timestep 27, input to next step: ------------------------------------------------------------------------------------------
[2026-04-19 19:52:02,497][rfdiffusion.inference.model_runners][INFO] - Timestep 26, input to next step: ------------------------------------------------------------------------------------------
[2026-04-19 19:52:03,605][rfdiffusion.inference.model_runners][INFO] - Timestep 25, input to next step: ------------------------------------------------------------------------------------------
[2026-04-19 19:52:04,888][rfdiffusion.inference.model_runners][INFO] - Timestep 24, input to next step: ------------------------------------------------------------------------------------------
[2026-04-19 19:52:06,052][rfdiffusion.inference.model_runners][INFO] - Timestep 23, input to next step: ------------------------------------------------------------------------------------------
[2026-04-19 19:52:07,223][rfdiffusion.inference.model_runners][INFO] - Timestep 22, input to next step: ------------------------------------------------------------------------------------------
[2026-04-19 19:52:08,399][rfdiffusion.inference.model_runners][INFO] - Timestep 21, input to next step: ------------------------------------------------------------------------------------------
[2026-04-19 19:52:09,737][rfdiffusion.inference.model_runners][INFO] - Timestep 20, input to next step: ------------------------------------------------------------------------------------------
[2026-04-19 19:52:11,029][rfdiffusion.inference.model_runners][INFO] - Timestep 19, input to next step: ------------------------------------------------------------------------------------------
[2026-04-19 19:52:12,297][rfdiffusion.inference.model_runners][INFO] - Timestep 18, input to next step: ------------------------------------------------------------------------------------------
[2026-04-19 19:52:13,468][rfdiffusion.inference.model_runners][INFO] - Timestep 17, input to next step: ------------------------------------------------------------------------------------------
[2026-04-19 19:52:14,681][rfdiffusion.inference.model_runners][INFO] - Timestep 16, input to next step: ------------------------------------------------------------------------------------------
[2026-04-19 19:52:15,738][rfdiffusion.inference.model_runners][INFO] - Timestep 15, input to next step: ------------------------------------------------------------------------------------------
[2026-04-19 19:52:16,825][rfdiffusion.inference.model_runners][INFO] - Timestep 14, input to next step: ------------------------------------------------------------------------------------------
[2026-04-19 19:52:18,032][rfdiffusion.inference.model_runners][INFO] - Timestep 13, input to next step: ------------------------------------------------------------------------------------------
[2026-04-19 19:52:19,231][rfdiffusion.inference.model_runners][INFO] - Timestep 12, input to next step: ------------------------------------------------------------------------------------------
[2026-04-19 19:52:20,311][rfdiffusion.inference.model_runners][INFO] - Timestep 11, input to next step: ------------------------------------------------------------------------------------------
[2026-04-19 19:52:21,472][rfdiffusion.inference.model_runners][INFO] - Timestep 10, input to next step: ------------------------------------------------------------------------------------------
[2026-04-19 19:52:22,806][rfdiffusion.inference.model_runners][INFO] - Timestep 9, input to next step: ------------------------------------------------------------------------------------------
[2026-04-19 19:52:24,118][rfdiffusion.inference.model_runners][INFO] - Timestep 8, input to next step: ------------------------------------------------------------------------------------------
[2026-04-19 19:52:25,422][rfdiffusion.inference.model_runners][INFO] - Timestep 7, input to next step: ------------------------------------------------------------------------------------------
[2026-04-19 19:52:26,689][rfdiffusion.inference.model_runners][INFO] - Timestep 6, input to next step: ------------------------------------------------------------------------------------------
[2026-04-19 19:52:27,870][rfdiffusion.inference.model_runners][INFO] - Timestep 5, input to next step: ------------------------------------------------------------------------------------------
[2026-04-19 19:52:29,126][rfdiffusion.inference.model_runners][INFO] - Timestep 4, input to next step: ------------------------------------------------------------------------------------------
[2026-04-19 19:52:30,333][rfdiffusion.inference.model_runners][INFO] - Timestep 3, input to next step: ------------------------------------------------------------------------------------------
[2026-04-19 19:52:31,475][rfdiffusion.inference.model_runners][INFO] - Timestep 2, input to next step: ------------------------------------------------------------------------------------------
[2026-04-19 19:52:34,719][__main__][INFO] - Finished design in 1.01 minutes
[2026-04-19 19:52:34,720][__main__][INFO] - Making design /home/manvi/Team_8_CS598GBL/Assignment/Generate_designs/default/len_090/design_2
[2026-04-19 19:52:34,726][rfdiffusion.inference.model_runners][INFO] - Using contig: ['90-90']
[2026-04-19 19:52:34,754][rfdiffusion.inference.model_runners][INFO] - Sequence init: ------------------------------------------------------------------------------------------
[2026-04-19 19:52:36,025][rfdiffusion.inference.model_runners][INFO] - Timestep 50, input to next step: ------------------------------------------------------------------------------------------
[2026-04-19 19:52:37,232][rfdiffusion.inference.model_runners][INFO] - Timestep 49, input to next step: ------------------------------------------------------------------------------------------
[2026-04-19 19:52:38,326][rfdiffusion.inference.model_runners][INFO] - Timestep 48, input to next step: ------------------------------------------------------------------------------------------
[2026-04-19 19:52:39,745][rfdiffusion.inference.model_runners][INFO] - Timestep 47, input to next step: ------------------------------------------------------------------------------------------
[2026-04-19 19:52:41,185][rfdiffusion.inference.model_runners][INFO] - Timestep 46, input to next step: ------------------------------------------------------------------------------------------
[2026-04-19 19:52:42,568][rfdiffusion.inference.model_runners][INFO] - Timestep 45, input to next step: ------------------------------------------------------------------------------------------
[2026-04-19 19:52:43,871][rfdiffusion.inference.model_runners][INFO] - Timestep 44, input to next step: ------------------------------------------------------------------------------------------
[2026-04-19 19:52:45,164][rfdiffusion.inference.model_runners][INFO] - Timestep 43, input to next step: ------------------------------------------------------------------------------------------
[2026-04-19 19:52:46,554][rfdiffusion.inference.model_runners][INFO] - Timestep 42, input to next step: ------------------------------------------------------------------------------------------
[2026-04-19 19:52:47,884][rfdiffusion.inference.model_runners][INFO] - Timestep 41, input to next step: ------------------------------------------------------------------------------------------
[2026-04-19 19:52:49,335][rfdiffusion.inference.model_runners][INFO] - Timestep 40, input to next step: ------------------------------------------------------------------------------------------
[2026-04-19 19:52:50,750][rfdiffusion.inference.model_runners][INFO] - Timestep 39, input to next step: ------------------------------------------------------------------------------------------
[2026-04-19 19:52:52,192][rfdiffusion.inference.model_runners][INFO] - Timestep 38, input to next step: ------------------------------------------------------------------------------------------
[2026-04-19 19:52:53,462][rfdiffusion.inference.model_runners][INFO] - Timestep 37, input to next step: ------------------------------------------------------------------------------------------
[2026-04-19 19:52:54,796][rfdiffusion.inference.model_runners][INFO] - Timestep 36, input to next step: ------------------------------------------------------------------------------------------
[2026-04-19 19:52:56,130][rfdiffusion.inference.model_runners][INFO] - Timestep 35, input to next step: ------------------------------------------------------------------------------------------
[2026-04-19 19:52:57,444][rfdiffusion.inference.model_runners][INFO] - Timestep 34, input to next step: ------------------------------------------------------------------------------------------
[2026-04-19 19:52:58,764][rfdiffusion.inference.model_runners][INFO] - Timestep 33, input to next step: ------------------------------------------------------------------------------------------
[2026-04-19 19:53:00,069][rfdiffusion.inference.model_runners][INFO] - Timestep 32, input to next step: ------------------------------------------------------------------------------------------
[2026-04-19 19:53:01,366][rfdiffusion.inference.model_runners][INFO] - Timestep 31, input to next step: ------------------------------------------------------------------------------------------
[2026-04-19 19:53:02,655][rfdiffusion.inference.model_runners][INFO] - Timestep 30, input to next step: ------------------------------------------------------------------------------------------
[2026-04-19 19:53:03,905][rfdiffusion.inference.model_runners][INFO] - Timestep 29, input to next step: ------------------------------------------------------------------------------------------
[2026-04-19 19:53:05,051][rfdiffusion.inference.model_runners][INFO] - Timestep 28, input to next step: ------------------------------------------------------------------------------------------
[2026-04-19 19:53:06,312][rfdiffusion.inference.model_runners][INFO] - Timestep 27, input to next step: ------------------------------------------------------------------------------------------
[2026-04-19 19:53:07,559][rfdiffusion.inference.model_runners][INFO] - Timestep 26, input to next step: ------------------------------------------------------------------------------------------
[2026-04-19 19:53:08,794][rfdiffusion.inference.model_runners][INFO] - Timestep 25, input to next step: ------------------------------------------------------------------------------------------
[2026-04-19 19:53:10,126][rfdiffusion.inference.model_runners][INFO] - Timestep 24, input to next step: ------------------------------------------------------------------------------------------
[2026-04-19 19:53:11,412][rfdiffusion.inference.model_runners][INFO] - Timestep 23, input to next step: ------------------------------------------------------------------------------------------
[2026-04-19 19:53:12,735][rfdiffusion.inference.model_runners][INFO] - Timestep 22, input to next step: ------------------------------------------------------------------------------------------
[2026-04-19 19:53:14,005][rfdiffusion.inference.model_runners][INFO] - Timestep 21, input to next step: ------------------------------------------------------------------------------------------
[2026-04-19 19:53:15,369][rfdiffusion.inference.model_runners][INFO] - Timestep 20, input to next step: ------------------------------------------------------------------------------------------
[2026-04-19 19:53:16,612][rfdiffusion.inference.model_runners][INFO] - Timestep 19, input to next step: ------------------------------------------------------------------------------------------
[2026-04-19 19:53:17,781][rfdiffusion.inference.model_runners][INFO] - Timestep 18, input to next step: ------------------------------------------------------------------------------------------
[2026-04-19 19:53:18,894][rfdiffusion.inference.model_runners][INFO] - Timestep 17, input to next step: ------------------------------------------------------------------------------------------
[2026-04-19 19:53:20,080][rfdiffusion.inference.model_runners][INFO] - Timestep 16, input to next step: ------------------------------------------------------------------------------------------
[2026-04-19 19:53:21,416][rfdiffusion.inference.model_runners][INFO] - Timestep 15, input to next step: ------------------------------------------------------------------------------------------
[2026-04-19 19:53:22,728][rfdiffusion.inference.model_runners][INFO] - Timestep 14, input to next step: ------------------------------------------------------------------------------------------
[2026-04-19 19:53:23,911][rfdiffusion.inference.model_runners][INFO] - Timestep 13, input to next step: ------------------------------------------------------------------------------------------
[2026-04-19 19:53:25,007][rfdiffusion.inference.model_runners][INFO] - Timestep 12, input to next step: ------------------------------------------------------------------------------------------
[2026-04-19 19:53:26,342][rfdiffusion.inference.model_runners][INFO] - Timestep 11, input to next step: ------------------------------------------------------------------------------------------
[2026-04-19 19:53:27,687][rfdiffusion.inference.model_runners][INFO] - Timestep 10, input to next step: ------------------------------------------------------------------------------------------
[2026-04-19 19:53:29,032][rfdiffusion.inference.model_runners][INFO] - Timestep 9, input to next step: ------------------------------------------------------------------------------------------
[2026-04-19 19:53:30,175][rfdiffusion.inference.model_runners][INFO] - Timestep 8, input to next step: ------------------------------------------------------------------------------------------
[2026-04-19 19:53:31,320][rfdiffusion.inference.model_runners][INFO] - Timestep 7, input to next step: ------------------------------------------------------------------------------------------
[2026-04-19 19:53:32,394][rfdiffusion.inference.model_runners][INFO] - Timestep 6, input to next step: ------------------------------------------------------------------------------------------
[2026-04-19 19:53:33,469][rfdiffusion.inference.model_runners][INFO] - Timestep 5, input to next step: ------------------------------------------------------------------------------------------
[2026-04-19 19:53:34,560][rfdiffusion.inference.model_runners][INFO] - Timestep 4, input to next step: ------------------------------------------------------------------------------------------
[2026-04-19 19:53:35,696][rfdiffusion.inference.model_runners][INFO] - Timestep 3, input to next step: ------------------------------------------------------------------------------------------
[2026-04-19 19:53:36,757][rfdiffusion.inference.model_runners][INFO] - Timestep 2, input to next step: ------------------------------------------------------------------------------------------
[2026-04-19 19:53:39,673][__main__][INFO] - Finished design in 1.08 minutes
[2026-04-19 19:53:39,673][__main__][INFO] - Making design /home/manvi/Team_8_CS598GBL/Assignment/Generate_designs/default/len_090/design_3
[2026-04-19 19:53:39,678][rfdiffusion.inference.model_runners][INFO] - Using contig: ['90-90']
[2026-04-19 19:53:39,698][rfdiffusion.inference.model_runners][INFO] - Sequence init: ------------------------------------------------------------------------------------------
[2026-04-19 19:53:40,887][rfdiffusion.inference.model_runners][INFO] - Timestep 50, input to next step: ------------------------------------------------------------------------------------------
[2026-04-19 19:53:42,022][rfdiffusion.inference.model_runners][INFO] - Timestep 49, input to next step: ------------------------------------------------------------------------------------------
[2026-04-19 19:53:43,373][rfdiffusion.inference.model_runners][INFO] - Timestep 48, input to next step: ------------------------------------------------------------------------------------------
[2026-04-19 19:53:44,937][rfdiffusion.inference.model_runners][INFO] - Timestep 47, input to next step: ------------------------------------------------------------------------------------------
[2026-04-19 19:53:46,306][rfdiffusion.inference.model_runners][INFO] - Timestep 46, input to next step: ------------------------------------------------------------------------------------------
[2026-04-19 19:53:47,680][rfdiffusion.inference.model_runners][INFO] - Timestep 45, input to next step: ------------------------------------------------------------------------------------------
[2026-04-19 19:53:49,067][rfdiffusion.inference.model_runners][INFO] - Timestep 44, input to next step: ------------------------------------------------------------------------------------------
[2026-04-19 19:53:50,448][rfdiffusion.inference.model_runners][INFO] - Timestep 43, input to next step: ------------------------------------------------------------------------------------------
[2026-04-19 19:53:51,858][rfdiffusion.inference.model_runners][INFO] - Timestep 42, input to next step: ------------------------------------------------------------------------------------------
[2026-04-19 19:53:53,012][rfdiffusion.inference.model_runners][INFO] - Timestep 41, input to next step: ------------------------------------------------------------------------------------------
[2026-04-19 19:53:54,371][rfdiffusion.inference.model_runners][INFO] - Timestep 40, input to next step: ------------------------------------------------------------------------------------------
[2026-04-19 19:53:55,818][rfdiffusion.inference.model_runners][INFO] - Timestep 39, input to next step: ------------------------------------------------------------------------------------------
[2026-04-19 19:53:57,239][rfdiffusion.inference.model_runners][INFO] - Timestep 38, input to next step: ------------------------------------------------------------------------------------------
[2026-04-19 19:53:58,786][rfdiffusion.inference.model_runners][INFO] - Timestep 37, input to next step: ------------------------------------------------------------------------------------------
[2026-04-19 19:54:00,473][rfdiffusion.inference.model_runners][INFO] - Timestep 36, input to next step: ------------------------------------------------------------------------------------------
[2026-04-19 19:54:01,719][rfdiffusion.inference.model_runners][INFO] - Timestep 35, input to next step: ------------------------------------------------------------------------------------------
[2026-04-19 19:54:03,344][rfdiffusion.inference.model_runners][INFO] - Timestep 34, input to next step: ------------------------------------------------------------------------------------------
[2026-04-19 19:54:04,994][rfdiffusion.inference.model_runners][INFO] - Timestep 33, input to next step: ------------------------------------------------------------------------------------------
[2026-04-19 19:54:06,897][rfdiffusion.inference.model_runners][INFO] - Timestep 32, input to next step: ------------------------------------------------------------------------------------------
[2026-04-19 19:54:08,376][rfdiffusion.inference.model_runners][INFO] - Timestep 31, input to next step: ------------------------------------------------------------------------------------------
[2026-04-19 19:54:09,642][rfdiffusion.inference.model_runners][INFO] - Timestep 30, input to next step: ------------------------------------------------------------------------------------------
[2026-04-19 19:54:10,922][rfdiffusion.inference.model_runners][INFO] - Timestep 29, input to next step: ------------------------------------------------------------------------------------------
[2026-04-19 19:54:12,126][rfdiffusion.inference.model_runners][INFO] - Timestep 28, input to next step: ------------------------------------------------------------------------------------------
[2026-04-19 19:54:13,383][rfdiffusion.inference.model_runners][INFO] - Timestep 27, input to next step: ------------------------------------------------------------------------------------------
[2026-04-19 19:54:14,535][rfdiffusion.inference.model_runners][INFO] - Timestep 26, input to next step: ------------------------------------------------------------------------------------------
[2026-04-19 19:54:15,820][rfdiffusion.inference.model_runners][INFO] - Timestep 25, input to next step: ------------------------------------------------------------------------------------------
[2026-04-19 19:54:17,095][rfdiffusion.inference.model_runners][INFO] - Timestep 24, input to next step: ------------------------------------------------------------------------------------------
[2026-04-19 19:54:18,437][rfdiffusion.inference.model_runners][INFO] - Timestep 23, input to next step: ------------------------------------------------------------------------------------------
[2026-04-19 19:54:20,035][rfdiffusion.inference.model_runners][INFO] - Timestep 22, input to next step: ------------------------------------------------------------------------------------------
[2026-04-19 19:54:21,212][rfdiffusion.inference.model_runners][INFO] - Timestep 21, input to next step: ------------------------------------------------------------------------------------------
[2026-04-19 19:54:22,360][rfdiffusion.inference.model_runners][INFO] - Timestep 20, input to next step: ------------------------------------------------------------------------------------------
[2026-04-19 19:54:23,554][rfdiffusion.inference.model_runners][INFO] - Timestep 19, input to next step: ------------------------------------------------------------------------------------------
[2026-04-19 19:54:24,764][rfdiffusion.inference.model_runners][INFO] - Timestep 18, input to next step: ------------------------------------------------------------------------------------------
[2026-04-19 19:54:25,978][rfdiffusion.inference.model_runners][INFO] - Timestep 17, input to next step: ------------------------------------------------------------------------------------------
[2026-04-19 19:54:27,438][rfdiffusion.inference.model_runners][INFO] - Timestep 16, input to next step: ------------------------------------------------------------------------------------------
[2026-04-19 19:54:29,427][rfdiffusion.inference.model_runners][INFO] - Timestep 15, input to next step: ------------------------------------------------------------------------------------------
[2026-04-19 19:54:30,907][rfdiffusion.inference.model_runners][INFO] - Timestep 14, input to next step: ------------------------------------------------------------------------------------------
[2026-04-19 19:54:32,263][rfdiffusion.inference.model_runners][INFO] - Timestep 13, input to next step: ------------------------------------------------------------------------------------------
[2026-04-19 19:54:33,600][rfdiffusion.inference.model_runners][INFO] - Timestep 12, input to next step: ------------------------------------------------------------------------------------------
[2026-04-19 19:54:35,271][rfdiffusion.inference.model_runners][INFO] - Timestep 11, input to next step: ------------------------------------------------------------------------------------------
[2026-04-19 19:54:36,972][rfdiffusion.inference.model_runners][INFO] - Timestep 10, input to next step: ------------------------------------------------------------------------------------------
[2026-04-19 19:54:38,107][rfdiffusion.inference.model_runners][INFO] - Timestep 9, input to next step: ------------------------------------------------------------------------------------------
[2026-04-19 19:54:39,180][rfdiffusion.inference.model_runners][INFO] - Timestep 8, input to next step: ------------------------------------------------------------------------------------------
[2026-04-19 19:54:40,634][rfdiffusion.inference.model_runners][INFO] - Timestep 7, input to next step: ------------------------------------------------------------------------------------------
[2026-04-19 19:54:42,020][rfdiffusion.inference.model_runners][INFO] - Timestep 6, input to next step: ------------------------------------------------------------------------------------------
[2026-04-19 19:54:43,168][rfdiffusion.inference.model_runners][INFO] - Timestep 5, input to next step: ------------------------------------------------------------------------------------------
[2026-04-19 19:54:44,235][rfdiffusion.inference.model_runners][INFO] - Timestep 4, input to next step: ------------------------------------------------------------------------------------------
[2026-04-19 19:54:45,306][rfdiffusion.inference.model_runners][INFO] - Timestep 3, input to next step: ------------------------------------------------------------------------------------------
[2026-04-19 19:54:46,403][rfdiffusion.inference.model_runners][INFO] - Timestep 2, input to next step: ------------------------------------------------------------------------------------------
[2026-04-19 19:54:48,644][__main__][INFO] - Finished design in 1.15 minutes
[2026-04-19 19:54:48,645][__main__][INFO] - Making design /home/manvi/Team_8_CS598GBL/Assignment/Generate_designs/default/len_090/design_4
[2026-04-19 19:54:48,648][rfdiffusion.inference.model_runners][INFO] - Using contig: ['90-90']
[2026-04-19 19:54:48,664][rfdiffusion.inference.model_runners][INFO] - Sequence init: ------------------------------------------------------------------------------------------
[2026-04-19 19:54:49,698][rfdiffusion.inference.model_runners][INFO] - Timestep 50, input to next step: ------------------------------------------------------------------------------------------
[2026-04-19 19:54:50,847][rfdiffusion.inference.model_runners][INFO] - Timestep 49, input to next step: ------------------------------------------------------------------------------------------
[2026-04-19 19:54:52,170][rfdiffusion.inference.model_runners][INFO] - Timestep 48, input to next step: ------------------------------------------------------------------------------------------
[2026-04-19 19:54:53,330][rfdiffusion.inference.model_runners][INFO] - Timestep 47, input to next step: ------------------------------------------------------------------------------------------
[2026-04-19 19:54:54,512][rfdiffusion.inference.model_runners][INFO] - Timestep 46, input to next step: ------------------------------------------------------------------------------------------
[2026-04-19 19:54:55,639][rfdiffusion.inference.model_runners][INFO] - Timestep 45, input to next step: ------------------------------------------------------------------------------------------
[2026-04-19 19:54:56,811][rfdiffusion.inference.model_runners][INFO] - Timestep 44, input to next step: ------------------------------------------------------------------------------------------
[2026-04-19 19:54:58,001][rfdiffusion.inference.model_runners][INFO] - Timestep 43, input to next step: ------------------------------------------------------------------------------------------
[2026-04-19 19:54:59,117][rfdiffusion.inference.model_runners][INFO] - Timestep 42, input to next step: ------------------------------------------------------------------------------------------
[2026-04-19 19:55:00,395][rfdiffusion.inference.model_runners][INFO] - Timestep 41, input to next step: ------------------------------------------------------------------------------------------
[2026-04-19 19:55:01,510][rfdiffusion.inference.model_runners][INFO] - Timestep 40, input to next step: ------------------------------------------------------------------------------------------
[2026-04-19 19:55:02,612][rfdiffusion.inference.model_runners][INFO] - Timestep 39, input to next step: ------------------------------------------------------------------------------------------
[2026-04-19 19:55:03,861][rfdiffusion.inference.model_runners][INFO] - Timestep 38, input to next step: ------------------------------------------------------------------------------------------
[2026-04-19 19:55:05,182][rfdiffusion.inference.model_runners][INFO] - Timestep 37, input to next step: ------------------------------------------------------------------------------------------
[2026-04-19 19:55:06,468][rfdiffusion.inference.model_runners][INFO] - Timestep 36, input to next step: ------------------------------------------------------------------------------------------
[2026-04-19 19:55:07,935][rfdiffusion.inference.model_runners][INFO] - Timestep 35, input to next step: ------------------------------------------------------------------------------------------
[2026-04-19 19:55:09,236][rfdiffusion.inference.model_runners][INFO] - Timestep 34, input to next step: ------------------------------------------------------------------------------------------
[2026-04-19 19:55:10,279][rfdiffusion.inference.model_runners][INFO] - Timestep 33, input to next step: ------------------------------------------------------------------------------------------
[2026-04-19 19:55:11,334][rfdiffusion.inference.model_runners][INFO] - Timestep 32, input to next step: ------------------------------------------------------------------------------------------
[2026-04-19 19:55:12,408][rfdiffusion.inference.model_runners][INFO] - Timestep 31, input to next step: ------------------------------------------------------------------------------------------
[2026-04-19 19:55:13,508][rfdiffusion.inference.model_runners][INFO] - Timestep 30, input to next step: ------------------------------------------------------------------------------------------
[2026-04-19 19:55:14,627][rfdiffusion.inference.model_runners][INFO] - Timestep 29, input to next step: ------------------------------------------------------------------------------------------
[2026-04-19 19:55:15,710][rfdiffusion.inference.model_runners][INFO] - Timestep 28, input to next step: ------------------------------------------------------------------------------------------
[2026-04-19 19:55:16,786][rfdiffusion.inference.model_runners][INFO] - Timestep 27, input to next step: ------------------------------------------------------------------------------------------
[2026-04-19 19:55:17,898][rfdiffusion.inference.model_runners][INFO] - Timestep 26, input to next step: ------------------------------------------------------------------------------------------
[2026-04-19 19:55:18,990][rfdiffusion.inference.model_runners][INFO] - Timestep 25, input to next step: ------------------------------------------------------------------------------------------
[2026-04-19 19:55:20,075][rfdiffusion.inference.model_runners][INFO] - Timestep 24, input to next step: ------------------------------------------------------------------------------------------
[2026-04-19 19:55:21,184][rfdiffusion.inference.model_runners][INFO] - Timestep 23, input to next step: ------------------------------------------------------------------------------------------
[2026-04-19 19:55:22,307][rfdiffusion.inference.model_runners][INFO] - Timestep 22, input to next step: ------------------------------------------------------------------------------------------
[2026-04-19 19:55:23,409][rfdiffusion.inference.model_runners][INFO] - Timestep 21, input to next step: ------------------------------------------------------------------------------------------
[2026-04-19 19:55:24,511][rfdiffusion.inference.model_runners][INFO] - Timestep 20, input to next step: ------------------------------------------------------------------------------------------
[2026-04-19 19:55:25,658][rfdiffusion.inference.model_runners][INFO] - Timestep 19, input to next step: ------------------------------------------------------------------------------------------
[2026-04-19 19:55:26,730][rfdiffusion.inference.model_runners][INFO] - Timestep 18, input to next step: ------------------------------------------------------------------------------------------
[2026-04-19 19:55:27,839][rfdiffusion.inference.model_runners][INFO] - Timestep 17, input to next step: ------------------------------------------------------------------------------------------
[2026-04-19 19:55:28,910][rfdiffusion.inference.model_runners][INFO] - Timestep 16, input to next step: ------------------------------------------------------------------------------------------
[2026-04-19 19:55:29,969][rfdiffusion.inference.model_runners][INFO] - Timestep 15, input to next step: ------------------------------------------------------------------------------------------
[2026-04-19 19:55:31,075][rfdiffusion.inference.model_runners][INFO] - Timestep 14, input to next step: ------------------------------------------------------------------------------------------
[2026-04-19 19:55:32,391][rfdiffusion.inference.model_runners][INFO] - Timestep 13, input to next step: ------------------------------------------------------------------------------------------
[2026-04-19 19:55:33,619][rfdiffusion.inference.model_runners][INFO] - Timestep 12, input to next step: ------------------------------------------------------------------------------------------
[2026-04-19 19:55:34,695][rfdiffusion.inference.model_runners][INFO] - Timestep 11, input to next step: ------------------------------------------------------------------------------------------
[2026-04-19 19:55:35,789][rfdiffusion.inference.model_runners][INFO] - Timestep 10, input to next step: ------------------------------------------------------------------------------------------
[2026-04-19 19:55:36,882][rfdiffusion.inference.model_runners][INFO] - Timestep 9, input to next step: ------------------------------------------------------------------------------------------
[2026-04-19 19:55:37,944][rfdiffusion.inference.model_runners][INFO] - Timestep 8, input to next step: ------------------------------------------------------------------------------------------
[2026-04-19 19:55:39,059][rfdiffusion.inference.model_runners][INFO] - Timestep 7, input to next step: ------------------------------------------------------------------------------------------
[2026-04-19 19:55:40,170][rfdiffusion.inference.model_runners][INFO] - Timestep 6, input to next step: ------------------------------------------------------------------------------------------
[2026-04-19 19:55:41,263][rfdiffusion.inference.model_runners][INFO] - Timestep 5, input to next step: ------------------------------------------------------------------------------------------
[2026-04-19 19:55:42,390][rfdiffusion.inference.model_runners][INFO] - Timestep 4, input to next step: ------------------------------------------------------------------------------------------
[2026-04-19 19:55:43,491][rfdiffusion.inference.model_runners][INFO] - Timestep 3, input to next step: ------------------------------------------------------------------------------------------
[2026-04-19 19:55:44,622][rfdiffusion.inference.model_runners][INFO] - Timestep 2, input to next step: ------------------------------------------------------------------------------------------
[2026-04-19 19:55:46,891][__main__][INFO] - Finished design in 0.97 minutes
[2026-04-19 19:55:46,892][__main__][INFO] - Making design /home/manvi/Team_8_CS598GBL/Assignment/Generate_designs/default/len_090/design_5
[2026-04-19 19:55:46,895][rfdiffusion.inference.model_runners][INFO] - Using contig: ['90-90']
[2026-04-19 19:55:46,909][rfdiffusion.inference.model_runners][INFO] - Sequence init: ------------------------------------------------------------------------------------------
[2026-04-19 19:55:47,933][rfdiffusion.inference.model_runners][INFO] - Timestep 50, input to next step: ------------------------------------------------------------------------------------------
[2026-04-19 19:55:49,016][rfdiffusion.inference.model_runners][INFO] - Timestep 49, input to next step: ------------------------------------------------------------------------------------------
[2026-04-19 19:55:50,165][rfdiffusion.inference.model_runners][INFO] - Timestep 48, input to next step: ------------------------------------------------------------------------------------------
[2026-04-19 19:55:51,212][rfdiffusion.inference.model_runners][INFO] - Timestep 47, input to next step: ------------------------------------------------------------------------------------------
[2026-04-19 19:55:52,301][rfdiffusion.inference.model_runners][INFO] - Timestep 46, input to next step: ------------------------------------------------------------------------------------------
[2026-04-19 19:55:53,398][rfdiffusion.inference.model_runners][INFO] - Timestep 45, input to next step: ------------------------------------------------------------------------------------------
[2026-04-19 19:55:54,523][rfdiffusion.inference.model_runners][INFO] - Timestep 44, input to next step: ------------------------------------------------------------------------------------------
[2026-04-19 19:55:55,623][rfdiffusion.inference.model_runners][INFO] - Timestep 43, input to next step: ------------------------------------------------------------------------------------------
[2026-04-19 19:55:56,777][rfdiffusion.inference.model_runners][INFO] - Timestep 42, input to next step: ------------------------------------------------------------------------------------------
[2026-04-19 19:55:57,862][rfdiffusion.inference.model_runners][INFO] - Timestep 41, input to next step: ------------------------------------------------------------------------------------------
[2026-04-19 19:55:59,033][rfdiffusion.inference.model_runners][INFO] - Timestep 40, input to next step: ------------------------------------------------------------------------------------------
[2026-04-19 19:56:00,141][rfdiffusion.inference.model_runners][INFO] - Timestep 39, input to next step: ------------------------------------------------------------------------------------------
[2026-04-19 19:56:01,274][rfdiffusion.inference.model_runners][INFO] - Timestep 38, input to next step: ------------------------------------------------------------------------------------------
[2026-04-19 19:56:02,356][rfdiffusion.inference.model_runners][INFO] - Timestep 37, input to next step: ------------------------------------------------------------------------------------------
[2026-04-19 19:56:03,467][rfdiffusion.inference.model_runners][INFO] - Timestep 36, input to next step: ------------------------------------------------------------------------------------------
[2026-04-19 19:56:04,575][rfdiffusion.inference.model_runners][INFO] - Timestep 35, input to next step: ------------------------------------------------------------------------------------------
[2026-04-19 19:56:05,627][rfdiffusion.inference.model_runners][INFO] - Timestep 34, input to next step: ------------------------------------------------------------------------------------------
[2026-04-19 19:56:06,758][rfdiffusion.inference.model_runners][INFO] - Timestep 33, input to next step: ------------------------------------------------------------------------------------------
[2026-04-19 19:56:07,879][rfdiffusion.inference.model_runners][INFO] - Timestep 32, input to next step: ------------------------------------------------------------------------------------------
[2026-04-19 19:56:08,953][rfdiffusion.inference.model_runners][INFO] - Timestep 31, input to next step: ------------------------------------------------------------------------------------------
[2026-04-19 19:56:10,051][rfdiffusion.inference.model_runners][INFO] - Timestep 30, input to next step: ------------------------------------------------------------------------------------------
[2026-04-19 19:56:11,198][rfdiffusion.inference.model_runners][INFO] - Timestep 29, input to next step: ------------------------------------------------------------------------------------------
[2026-04-19 19:56:12,370][rfdiffusion.inference.model_runners][INFO] - Timestep 28, input to next step: ------------------------------------------------------------------------------------------
[2026-04-19 19:56:13,849][rfdiffusion.inference.model_runners][INFO] - Timestep 27, input to next step: ------------------------------------------------------------------------------------------
[2026-04-19 19:56:15,212][rfdiffusion.inference.model_runners][INFO] - Timestep 26, input to next step: ------------------------------------------------------------------------------------------
[2026-04-19 19:56:16,590][rfdiffusion.inference.model_runners][INFO] - Timestep 25, input to next step: ------------------------------------------------------------------------------------------
[2026-04-19 19:56:17,988][rfdiffusion.inference.model_runners][INFO] - Timestep 24, input to next step: ------------------------------------------------------------------------------------------
[2026-04-19 19:56:19,315][rfdiffusion.inference.model_runners][INFO] - Timestep 23, input to next step: ------------------------------------------------------------------------------------------
[2026-04-19 19:56:21,062][rfdiffusion.inference.model_runners][INFO] - Timestep 22, input to next step: ------------------------------------------------------------------------------------------
[2026-04-19 19:56:23,245][rfdiffusion.inference.model_runners][INFO] - Timestep 21, input to next step: ------------------------------------------------------------------------------------------
[2026-04-19 19:56:25,493][rfdiffusion.inference.model_runners][INFO] - Timestep 20, input to next step: ------------------------------------------------------------------------------------------
[2026-04-19 19:56:27,065][rfdiffusion.inference.model_runners][INFO] - Timestep 19, input to next step: ------------------------------------------------------------------------------------------
[2026-04-19 19:56:28,441][rfdiffusion.inference.model_runners][INFO] - Timestep 18, input to next step: ------------------------------------------------------------------------------------------
[2026-04-19 19:56:29,582][rfdiffusion.inference.model_runners][INFO] - Timestep 17, input to next step: ------------------------------------------------------------------------------------------
[2026-04-19 19:56:30,740][rfdiffusion.inference.model_runners][INFO] - Timestep 16, input to next step: ------------------------------------------------------------------------------------------
[2026-04-19 19:56:31,913][rfdiffusion.inference.model_runners][INFO] - Timestep 15, input to next step: ------------------------------------------------------------------------------------------
[2026-04-19 19:56:33,204][rfdiffusion.inference.model_runners][INFO] - Timestep 14, input to next step: ------------------------------------------------------------------------------------------
[2026-04-19 19:56:34,397][rfdiffusion.inference.model_runners][INFO] - Timestep 13, input to next step: ------------------------------------------------------------------------------------------
[2026-04-19 19:56:35,610][rfdiffusion.inference.model_runners][INFO] - Timestep 12, input to next step: ------------------------------------------------------------------------------------------
[2026-04-19 19:56:36,873][rfdiffusion.inference.model_runners][INFO] - Timestep 11, input to next step: ------------------------------------------------------------------------------------------
[2026-04-19 19:56:38,297][rfdiffusion.inference.model_runners][INFO] - Timestep 10, input to next step: ------------------------------------------------------------------------------------------
[2026-04-19 19:56:39,665][rfdiffusion.inference.model_runners][INFO] - Timestep 9, input to next step: ------------------------------------------------------------------------------------------
[2026-04-19 19:56:42,058][rfdiffusion.inference.model_runners][INFO] - Timestep 8, input to next step: ------------------------------------------------------------------------------------------
[2026-04-19 19:56:44,025][rfdiffusion.inference.model_runners][INFO] - Timestep 7, input to next step: ------------------------------------------------------------------------------------------
[2026-04-19 19:56:46,294][rfdiffusion.inference.model_runners][INFO] - Timestep 6, input to next step: ------------------------------------------------------------------------------------------
[2026-04-19 19:56:48,088][rfdiffusion.inference.model_runners][INFO] - Timestep 5, input to next step: ------------------------------------------------------------------------------------------
[2026-04-19 19:56:50,129][rfdiffusion.inference.model_runners][INFO] - Timestep 4, input to next step: ------------------------------------------------------------------------------------------
[2026-04-19 19:56:51,995][rfdiffusion.inference.model_runners][INFO] - Timestep 3, input to next step: ------------------------------------------------------------------------------------------
[2026-04-19 19:56:53,538][rfdiffusion.inference.model_runners][INFO] - Timestep 2, input to next step: ------------------------------------------------------------------------------------------
[2026-04-19 19:56:56,697][__main__][INFO] - Finished design in 1.16 minutes
[2026-04-19 19:56:56,697][__main__][INFO] - Making design /home/manvi/Team_8_CS598GBL/Assignment/Generate_designs/default/len_090/design_6
[2026-04-19 19:56:56,701][rfdiffusion.inference.model_runners][INFO] - Using contig: ['90-90']
[2026-04-19 19:56:56,720][rfdiffusion.inference.model_runners][INFO] - Sequence init: ------------------------------------------------------------------------------------------
[2026-04-19 19:56:58,016][rfdiffusion.inference.model_runners][INFO] - Timestep 50, input to next step: ------------------------------------------------------------------------------------------
[2026-04-19 19:56:59,217][rfdiffusion.inference.model_runners][INFO] - Timestep 49, input to next step: ------------------------------------------------------------------------------------------
[2026-04-19 19:57:00,612][rfdiffusion.inference.model_runners][INFO] - Timestep 48, input to next step: ------------------------------------------------------------------------------------------
[2026-04-19 19:57:01,771][rfdiffusion.inference.model_runners][INFO] - Timestep 47, input to next step: ------------------------------------------------------------------------------------------
[2026-04-19 19:57:02,902][rfdiffusion.inference.model_runners][INFO] - Timestep 46, input to next step: ------------------------------------------------------------------------------------------
[2026-04-19 19:57:04,051][rfdiffusion.inference.model_runners][INFO] - Timestep 45, input to next step: ------------------------------------------------------------------------------------------
[2026-04-19 19:57:05,325][rfdiffusion.inference.model_runners][INFO] - Timestep 44, input to next step: ------------------------------------------------------------------------------------------
[2026-04-19 19:57:06,613][rfdiffusion.inference.model_runners][INFO] - Timestep 43, input to next step: ------------------------------------------------------------------------------------------
[2026-04-19 19:57:07,815][rfdiffusion.inference.model_runners][INFO] - Timestep 42, input to next step: ------------------------------------------------------------------------------------------
[2026-04-19 19:57:09,316][rfdiffusion.inference.model_runners][INFO] - Timestep 41, input to next step: ------------------------------------------------------------------------------------------
[2026-04-19 19:57:11,811][rfdiffusion.inference.model_runners][INFO] - Timestep 40, input to next step: ------------------------------------------------------------------------------------------
[2026-04-19 19:57:13,653][rfdiffusion.inference.model_runners][INFO] - Timestep 39, input to next step: ------------------------------------------------------------------------------------------
[2026-04-19 19:57:15,915][rfdiffusion.inference.model_runners][INFO] - Timestep 38, input to next step: ------------------------------------------------------------------------------------------
[2026-04-19 19:57:17,800][rfdiffusion.inference.model_runners][INFO] - Timestep 37, input to next step: ------------------------------------------------------------------------------------------
[2026-04-19 19:57:19,819][rfdiffusion.inference.model_runners][INFO] - Timestep 36, input to next step: ------------------------------------------------------------------------------------------
[2026-04-19 19:57:23,046][rfdiffusion.inference.model_runners][INFO] - Timestep 35, input to next step: ------------------------------------------------------------------------------------------
[2026-04-19 19:57:24,488][rfdiffusion.inference.model_runners][INFO] - Timestep 34, input to next step: ------------------------------------------------------------------------------------------
[2026-04-19 19:57:26,978][rfdiffusion.inference.model_runners][INFO] - Timestep 33, input to next step: ------------------------------------------------------------------------------------------
[2026-04-19 19:57:28,973][rfdiffusion.inference.model_runners][INFO] - Timestep 32, input to next step: ------------------------------------------------------------------------------------------
[2026-04-19 19:57:30,421][rfdiffusion.inference.model_runners][INFO] - Timestep 31, input to next step: ------------------------------------------------------------------------------------------
[2026-04-19 19:57:31,759][rfdiffusion.inference.model_runners][INFO] - Timestep 30, input to next step: ------------------------------------------------------------------------------------------
[2026-04-19 19:57:33,256][rfdiffusion.inference.model_runners][INFO] - Timestep 29, input to next step: ------------------------------------------------------------------------------------------
[2026-04-19 19:57:34,578][rfdiffusion.inference.model_runners][INFO] - Timestep 28, input to next step: ------------------------------------------------------------------------------------------
[2026-04-19 19:57:35,795][rfdiffusion.inference.model_runners][INFO] - Timestep 27, input to next step: ------------------------------------------------------------------------------------------
[2026-04-19 19:57:37,085][rfdiffusion.inference.model_runners][INFO] - Timestep 26, input to next step: ------------------------------------------------------------------------------------------
[2026-04-19 19:57:38,543][rfdiffusion.inference.model_runners][INFO] - Timestep 25, input to next step: ------------------------------------------------------------------------------------------
[2026-04-19 19:57:39,978][rfdiffusion.inference.model_runners][INFO] - Timestep 24, input to next step: ------------------------------------------------------------------------------------------
[2026-04-19 19:57:41,242][rfdiffusion.inference.model_runners][INFO] - Timestep 23, input to next step: ------------------------------------------------------------------------------------------
[2026-04-19 19:57:42,416][rfdiffusion.inference.model_runners][INFO] - Timestep 22, input to next step: ------------------------------------------------------------------------------------------
[2026-04-19 19:57:43,813][rfdiffusion.inference.model_runners][INFO] - Timestep 21, input to next step: ------------------------------------------------------------------------------------------
[2026-04-19 19:57:45,724][rfdiffusion.inference.model_runners][INFO] - Timestep 20, input to next step: ------------------------------------------------------------------------------------------
[2026-04-19 19:57:47,124][rfdiffusion.inference.model_runners][INFO] - Timestep 19, input to next step: ------------------------------------------------------------------------------------------
[2026-04-19 19:57:48,639][rfdiffusion.inference.model_runners][INFO] - Timestep 18, input to next step: ------------------------------------------------------------------------------------------
[2026-04-19 19:57:50,190][rfdiffusion.inference.model_runners][INFO] - Timestep 17, input to next step: ------------------------------------------------------------------------------------------
[2026-04-19 19:57:51,825][rfdiffusion.inference.model_runners][INFO] - Timestep 16, input to next step: ------------------------------------------------------------------------------------------
[2026-04-19 19:57:53,695][rfdiffusion.inference.model_runners][INFO] - Timestep 15, input to next step: ------------------------------------------------------------------------------------------
[2026-04-19 19:57:55,349][rfdiffusion.inference.model_runners][INFO] - Timestep 14, input to next step: ------------------------------------------------------------------------------------------
[2026-04-19 19:57:56,921][rfdiffusion.inference.model_runners][INFO] - Timestep 13, input to next step: ------------------------------------------------------------------------------------------
[2026-04-19 19:57:58,526][rfdiffusion.inference.model_runners][INFO] - Timestep 12, input to next step: ------------------------------------------------------------------------------------------
[2026-04-19 19:58:00,495][rfdiffusion.inference.model_runners][INFO] - Timestep 11, input to next step: ------------------------------------------------------------------------------------------
[2026-04-19 19:58:02,299][rfdiffusion.inference.model_runners][INFO] - Timestep 10, input to next step: ------------------------------------------------------------------------------------------
[2026-04-19 19:58:04,453][rfdiffusion.inference.model_runners][INFO] - Timestep 9, input to next step: ------------------------------------------------------------------------------------------
[2026-04-19 19:58:06,567][rfdiffusion.inference.model_runners][INFO] - Timestep 8, input to next step: ------------------------------------------------------------------------------------------
[2026-04-19 19:58:08,095][rfdiffusion.inference.model_runners][INFO] - Timestep 7, input to next step: ------------------------------------------------------------------------------------------
[2026-04-19 19:58:09,647][rfdiffusion.inference.model_runners][INFO] - Timestep 6, input to next step: ------------------------------------------------------------------------------------------
[2026-04-19 19:58:11,257][rfdiffusion.inference.model_runners][INFO] - Timestep 5, input to next step: ------------------------------------------------------------------------------------------
[2026-04-19 19:58:12,843][rfdiffusion.inference.model_runners][INFO] - Timestep 4, input to next step: ------------------------------------------------------------------------------------------
[2026-04-19 19:58:14,708][rfdiffusion.inference.model_runners][INFO] - Timestep 3, input to next step: ------------------------------------------------------------------------------------------
[2026-04-19 19:58:16,424][rfdiffusion.inference.model_runners][INFO] - Timestep 2, input to next step: ------------------------------------------------------------------------------------------
[2026-04-19 19:58:19,228][__main__][INFO] - Finished design in 1.38 minutes
[2026-04-19 19:58:19,229][__main__][INFO] - Making design /home/manvi/Team_8_CS598GBL/Assignment/Generate_designs/default/len_090/design_7
[2026-04-19 19:58:19,232][rfdiffusion.inference.model_runners][INFO] - Using contig: ['90-90']
[2026-04-19 19:58:19,250][rfdiffusion.inference.model_runners][INFO] - Sequence init: ------------------------------------------------------------------------------------------
[2026-04-19 19:58:20,293][rfdiffusion.inference.model_runners][INFO] - Timestep 50, input to next step: ------------------------------------------------------------------------------------------
[2026-04-19 19:58:21,505][rfdiffusion.inference.model_runners][INFO] - Timestep 49, input to next step: ------------------------------------------------------------------------------------------
[2026-04-19 19:58:22,837][rfdiffusion.inference.model_runners][INFO] - Timestep 48, input to next step: ------------------------------------------------------------------------------------------
[2026-04-19 19:58:24,235][rfdiffusion.inference.model_runners][INFO] - Timestep 47, input to next step: ------------------------------------------------------------------------------------------
[2026-04-19 19:58:25,500][rfdiffusion.inference.model_runners][INFO] - Timestep 46, input to next step: ------------------------------------------------------------------------------------------
[2026-04-19 19:58:26,760][rfdiffusion.inference.model_runners][INFO] - Timestep 45, input to next step: ------------------------------------------------------------------------------------------
[2026-04-19 19:58:27,992][rfdiffusion.inference.model_runners][INFO] - Timestep 44, input to next step: ------------------------------------------------------------------------------------------
[2026-04-19 19:58:29,288][rfdiffusion.inference.model_runners][INFO] - Timestep 43, input to next step: ------------------------------------------------------------------------------------------
[2026-04-19 19:58:30,649][rfdiffusion.inference.model_runners][INFO] - Timestep 42, input to next step: ------------------------------------------------------------------------------------------
[2026-04-19 19:58:31,876][rfdiffusion.inference.model_runners][INFO] - Timestep 41, input to next step: ------------------------------------------------------------------------------------------
[2026-04-19 19:58:33,313][rfdiffusion.inference.model_runners][INFO] - Timestep 40, input to next step: ------------------------------------------------------------------------------------------
[2026-04-19 19:58:34,629][rfdiffusion.inference.model_runners][INFO] - Timestep 39, input to next step: ------------------------------------------------------------------------------------------
[2026-04-19 19:58:35,891][rfdiffusion.inference.model_runners][INFO] - Timestep 38, input to next step: ------------------------------------------------------------------------------------------
[2026-04-19 19:58:37,262][rfdiffusion.inference.model_runners][INFO] - Timestep 37, input to next step: ------------------------------------------------------------------------------------------
[2026-04-19 19:58:38,532][rfdiffusion.inference.model_runners][INFO] - Timestep 36, input to next step: ------------------------------------------------------------------------------------------
[2026-04-19 19:58:40,145][rfdiffusion.inference.model_runners][INFO] - Timestep 35, input to next step: ------------------------------------------------------------------------------------------
[2026-04-19 19:58:41,582][rfdiffusion.inference.model_runners][INFO] - Timestep 34, input to next step: ------------------------------------------------------------------------------------------
[2026-04-19 19:58:42,977][rfdiffusion.inference.model_runners][INFO] - Timestep 33, input to next step: ------------------------------------------------------------------------------------------
[2026-04-19 19:58:44,372][rfdiffusion.inference.model_runners][INFO] - Timestep 32, input to next step: ------------------------------------------------------------------------------------------
[2026-04-19 19:58:45,610][rfdiffusion.inference.model_runners][INFO] - Timestep 31, input to next step: ------------------------------------------------------------------------------------------
[2026-04-19 19:58:46,849][rfdiffusion.inference.model_runners][INFO] - Timestep 30, input to next step: ------------------------------------------------------------------------------------------
[2026-04-19 19:58:48,180][rfdiffusion.inference.model_runners][INFO] - Timestep 29, input to next step: ------------------------------------------------------------------------------------------
[2026-04-19 19:58:49,616][rfdiffusion.inference.model_runners][INFO] - Timestep 28, input to next step: ------------------------------------------------------------------------------------------
[2026-04-19 19:58:50,936][rfdiffusion.inference.model_runners][INFO] - Timestep 27, input to next step: ------------------------------------------------------------------------------------------
[2026-04-19 19:58:52,139][rfdiffusion.inference.model_runners][INFO] - Timestep 26, input to next step: ------------------------------------------------------------------------------------------
[2026-04-19 19:58:53,382][rfdiffusion.inference.model_runners][INFO] - Timestep 25, input to next step: ------------------------------------------------------------------------------------------
[2026-04-19 19:58:54,595][rfdiffusion.inference.model_runners][INFO] - Timestep 24, input to next step: ------------------------------------------------------------------------------------------
[2026-04-19 19:58:55,838][rfdiffusion.inference.model_runners][INFO] - Timestep 23, input to next step: ------------------------------------------------------------------------------------------
[2026-04-19 19:58:57,067][rfdiffusion.inference.model_runners][INFO] - Timestep 22, input to next step: ------------------------------------------------------------------------------------------
[2026-04-19 19:58:58,326][rfdiffusion.inference.model_runners][INFO] - Timestep 21, input to next step: ------------------------------------------------------------------------------------------
[2026-04-19 19:58:59,566][rfdiffusion.inference.model_runners][INFO] - Timestep 20, input to next step: ------------------------------------------------------------------------------------------
[2026-04-19 19:59:00,793][rfdiffusion.inference.model_runners][INFO] - Timestep 19, input to next step: ------------------------------------------------------------------------------------------
[2026-04-19 19:59:02,035][rfdiffusion.inference.model_runners][INFO] - Timestep 18, input to next step: ------------------------------------------------------------------------------------------
[2026-04-19 19:59:03,402][rfdiffusion.inference.model_runners][INFO] - Timestep 17, input to next step: ------------------------------------------------------------------------------------------
[2026-04-19 19:59:04,737][rfdiffusion.inference.model_runners][INFO] - Timestep 16, input to next step: ------------------------------------------------------------------------------------------
[2026-04-19 19:59:05,982][rfdiffusion.inference.model_runners][INFO] - Timestep 15, input to next step: ------------------------------------------------------------------------------------------
[2026-04-19 19:59:07,245][rfdiffusion.inference.model_runners][INFO] - Timestep 14, input to next step: ------------------------------------------------------------------------------------------
[2026-04-19 19:59:08,445][rfdiffusion.inference.model_runners][INFO] - Timestep 13, input to next step: ------------------------------------------------------------------------------------------
[2026-04-19 19:59:09,737][rfdiffusion.inference.model_runners][INFO] - Timestep 12, input to next step: ------------------------------------------------------------------------------------------
[2026-04-19 19:59:10,970][rfdiffusion.inference.model_runners][INFO] - Timestep 11, input to next step: ------------------------------------------------------------------------------------------
[2026-04-19 19:59:12,182][rfdiffusion.inference.model_runners][INFO] - Timestep 10, input to next step: ------------------------------------------------------------------------------------------
[2026-04-19 19:59:13,474][rfdiffusion.inference.model_runners][INFO] - Timestep 9, input to next step: ------------------------------------------------------------------------------------------
[2026-04-19 19:59:14,723][rfdiffusion.inference.model_runners][INFO] - Timestep 8, input to next step: ------------------------------------------------------------------------------------------
[2026-04-19 19:59:16,050][rfdiffusion.inference.model_runners][INFO] - Timestep 7, input to next step: ------------------------------------------------------------------------------------------
[2026-04-19 19:59:17,337][rfdiffusion.inference.model_runners][INFO] - Timestep 6, input to next step: ------------------------------------------------------------------------------------------
[2026-04-19 19:59:18,659][rfdiffusion.inference.model_runners][INFO] - Timestep 5, input to next step: ------------------------------------------------------------------------------------------
[2026-04-19 19:59:19,843][rfdiffusion.inference.model_runners][INFO] - Timestep 4, input to next step: ------------------------------------------------------------------------------------------
[2026-04-19 19:59:21,155][rfdiffusion.inference.model_runners][INFO] - Timestep 3, input to next step: ------------------------------------------------------------------------------------------
[2026-04-19 19:59:22,441][rfdiffusion.inference.model_runners][INFO] - Timestep 2, input to next step: ------------------------------------------------------------------------------------------
[2026-04-19 19:59:25,314][__main__][INFO] - Finished design in 1.10 minutes
[2026-04-19 19:59:25,314][__main__][INFO] - Making design /home/manvi/Team_8_CS598GBL/Assignment/Generate_designs/default/len_090/design_8
[2026-04-19 19:59:25,319][rfdiffusion.inference.model_runners][INFO] - Using contig: ['90-90']
[2026-04-19 19:59:25,336][rfdiffusion.inference.model_runners][INFO] - Sequence init: ------------------------------------------------------------------------------------------
[2026-04-19 19:59:26,490][rfdiffusion.inference.model_runners][INFO] - Timestep 50, input to next step: ------------------------------------------------------------------------------------------
[2026-04-19 19:59:27,746][rfdiffusion.inference.model_runners][INFO] - Timestep 49, input to next step: ------------------------------------------------------------------------------------------
[2026-04-19 19:59:29,055][rfdiffusion.inference.model_runners][INFO] - Timestep 48, input to next step: ------------------------------------------------------------------------------------------
[2026-04-19 19:59:30,302][rfdiffusion.inference.model_runners][INFO] - Timestep 47, input to next step: ------------------------------------------------------------------------------------------
[2026-04-19 19:59:31,571][rfdiffusion.inference.model_runners][INFO] - Timestep 46, input to next step: ------------------------------------------------------------------------------------------
[2026-04-19 19:59:32,836][rfdiffusion.inference.model_runners][INFO] - Timestep 45, input to next step: ------------------------------------------------------------------------------------------
[2026-04-19 19:59:34,127][rfdiffusion.inference.model_runners][INFO] - Timestep 44, input to next step: ------------------------------------------------------------------------------------------
[2026-04-19 19:59:35,361][rfdiffusion.inference.model_runners][INFO] - Timestep 43, input to next step: ------------------------------------------------------------------------------------------
[2026-04-19 19:59:36,636][rfdiffusion.inference.model_runners][INFO] - Timestep 42, input to next step: ------------------------------------------------------------------------------------------
[2026-04-19 19:59:37,971][rfdiffusion.inference.model_runners][INFO] - Timestep 41, input to next step: ------------------------------------------------------------------------------------------
[2026-04-19 19:59:39,367][rfdiffusion.inference.model_runners][INFO] - Timestep 40, input to next step: ------------------------------------------------------------------------------------------
[2026-04-19 19:59:40,781][rfdiffusion.inference.model_runners][INFO] - Timestep 39, input to next step: ------------------------------------------------------------------------------------------
[2026-04-19 19:59:42,160][rfdiffusion.inference.model_runners][INFO] - Timestep 38, input to next step: ------------------------------------------------------------------------------------------
[2026-04-19 19:59:43,447][rfdiffusion.inference.model_runners][INFO] - Timestep 37, input to next step: ------------------------------------------------------------------------------------------
[2026-04-19 19:59:44,807][rfdiffusion.inference.model_runners][INFO] - Timestep 36, input to next step: ------------------------------------------------------------------------------------------
[2026-04-19 19:59:46,128][rfdiffusion.inference.model_runners][INFO] - Timestep 35, input to next step: ------------------------------------------------------------------------------------------
[2026-04-19 19:59:47,552][rfdiffusion.inference.model_runners][INFO] - Timestep 34, input to next step: ------------------------------------------------------------------------------------------
[2026-04-19 19:59:48,946][rfdiffusion.inference.model_runners][INFO] - Timestep 33, input to next step: ------------------------------------------------------------------------------------------
[2026-04-19 19:59:50,223][rfdiffusion.inference.model_runners][INFO] - Timestep 32, input to next step: ------------------------------------------------------------------------------------------
[2026-04-19 19:59:51,601][rfdiffusion.inference.model_runners][INFO] - Timestep 31, input to next step: ------------------------------------------------------------------------------------------
[2026-04-19 19:59:53,171][rfdiffusion.inference.model_runners][INFO] - Timestep 30, input to next step: ------------------------------------------------------------------------------------------
[2026-04-19 19:59:54,450][rfdiffusion.inference.model_runners][INFO] - Timestep 29, input to next step: ------------------------------------------------------------------------------------------
[2026-04-19 19:59:55,763][rfdiffusion.inference.model_runners][INFO] - Timestep 28, input to next step: ------------------------------------------------------------------------------------------
[2026-04-19 19:59:57,545][rfdiffusion.inference.model_runners][INFO] - Timestep 27, input to next step: ------------------------------------------------------------------------------------------
[2026-04-19 19:59:59,408][rfdiffusion.inference.model_runners][INFO] - Timestep 26, input to next step: ------------------------------------------------------------------------------------------
[2026-04-19 20:00:01,166][rfdiffusion.inference.model_runners][INFO] - Timestep 25, input to next step: ------------------------------------------------------------------------------------------
[2026-04-19 20:00:02,959][rfdiffusion.inference.model_runners][INFO] - Timestep 24, input to next step: ------------------------------------------------------------------------------------------
[2026-04-19 20:00:04,556][rfdiffusion.inference.model_runners][INFO] - Timestep 23, input to next step: ------------------------------------------------------------------------------------------
[2026-04-19 20:00:05,996][rfdiffusion.inference.model_runners][INFO] - Timestep 22, input to next step: ------------------------------------------------------------------------------------------
[2026-04-19 20:00:07,339][rfdiffusion.inference.model_runners][INFO] - Timestep 21, input to next step: ------------------------------------------------------------------------------------------
[2026-04-19 20:00:08,614][rfdiffusion.inference.model_runners][INFO] - Timestep 20, input to next step: ------------------------------------------------------------------------------------------
[2026-04-19 20:00:09,924][rfdiffusion.inference.model_runners][INFO] - Timestep 19, input to next step: ------------------------------------------------------------------------------------------
[2026-04-19 20:00:11,267][rfdiffusion.inference.model_runners][INFO] - Timestep 18, input to next step: ------------------------------------------------------------------------------------------
[2026-04-19 20:00:12,568][rfdiffusion.inference.model_runners][INFO] - Timestep 17, input to next step: ------------------------------------------------------------------------------------------
[2026-04-19 20:00:13,856][rfdiffusion.inference.model_runners][INFO] - Timestep 16, input to next step: ------------------------------------------------------------------------------------------
[2026-04-19 20:00:15,265][rfdiffusion.inference.model_runners][INFO] - Timestep 15, input to next step: ------------------------------------------------------------------------------------------
[2026-04-19 20:00:16,632][rfdiffusion.inference.model_runners][INFO] - Timestep 14, input to next step: ------------------------------------------------------------------------------------------
[2026-04-19 20:00:18,056][rfdiffusion.inference.model_runners][INFO] - Timestep 13, input to next step: ------------------------------------------------------------------------------------------
[2026-04-19 20:00:19,360][rfdiffusion.inference.model_runners][INFO] - Timestep 12, input to next step: ------------------------------------------------------------------------------------------
[2026-04-19 20:00:20,739][rfdiffusion.inference.model_runners][INFO] - Timestep 11, input to next step: ------------------------------------------------------------------------------------------
[2026-04-19 20:00:22,086][rfdiffusion.inference.model_runners][INFO] - Timestep 10, input to next step: ------------------------------------------------------------------------------------------
[2026-04-19 20:00:23,495][rfdiffusion.inference.model_runners][INFO] - Timestep 9, input to next step: ------------------------------------------------------------------------------------------
[2026-04-19 20:00:24,815][rfdiffusion.inference.model_runners][INFO] - Timestep 8, input to next step: ------------------------------------------------------------------------------------------
[2026-04-19 20:00:26,291][rfdiffusion.inference.model_runners][INFO] - Timestep 7, input to next step: ------------------------------------------------------------------------------------------
[2026-04-19 20:00:29,164][rfdiffusion.inference.model_runners][INFO] - Timestep 6, input to next step: ------------------------------------------------------------------------------------------
[2026-04-19 20:00:31,201][rfdiffusion.inference.model_runners][INFO] - Timestep 5, input to next step: ------------------------------------------------------------------------------------------
[2026-04-19 20:00:32,782][rfdiffusion.inference.model_runners][INFO] - Timestep 4, input to next step: ------------------------------------------------------------------------------------------
[2026-04-19 20:00:35,104][rfdiffusion.inference.model_runners][INFO] - Timestep 3, input to next step: ------------------------------------------------------------------------------------------
[2026-04-19 20:00:37,873][rfdiffusion.inference.model_runners][INFO] - Timestep 2, input to next step: ------------------------------------------------------------------------------------------
[2026-04-19 20:00:41,022][__main__][INFO] - Finished design in 1.26 minutes
[2026-04-19 20:00:41,022][__main__][INFO] - Making design /home/manvi/Team_8_CS598GBL/Assignment/Generate_designs/default/len_090/design_9
[2026-04-19 20:00:41,027][rfdiffusion.inference.model_runners][INFO] - Using contig: ['90-90']
[2026-04-19 20:00:41,050][rfdiffusion.inference.model_runners][INFO] - Sequence init: ------------------------------------------------------------------------------------------
[2026-04-19 20:00:42,480][rfdiffusion.inference.model_runners][INFO] - Timestep 50, input to next step: ------------------------------------------------------------------------------------------
[2026-04-19 20:00:44,034][rfdiffusion.inference.model_runners][INFO] - Timestep 49, input to next step: ------------------------------------------------------------------------------------------
[2026-04-19 20:00:45,847][rfdiffusion.inference.model_runners][INFO] - Timestep 48, input to next step: ------------------------------------------------------------------------------------------
[2026-04-19 20:00:47,815][rfdiffusion.inference.model_runners][INFO] - Timestep 47, input to next step: ------------------------------------------------------------------------------------------
[2026-04-19 20:00:49,466][rfdiffusion.inference.model_runners][INFO] - Timestep 46, input to next step: ------------------------------------------------------------------------------------------
[2026-04-19 20:00:50,993][rfdiffusion.inference.model_runners][INFO] - Timestep 45, input to next step: ------------------------------------------------------------------------------------------
[2026-04-19 20:00:52,398][rfdiffusion.inference.model_runners][INFO] - Timestep 44, input to next step: ------------------------------------------------------------------------------------------
[2026-04-19 20:00:54,071][rfdiffusion.inference.model_runners][INFO] - Timestep 43, input to next step: ------------------------------------------------------------------------------------------
[2026-04-19 20:00:55,621][rfdiffusion.inference.model_runners][INFO] - Timestep 42, input to next step: ------------------------------------------------------------------------------------------
[2026-04-19 20:00:56,974][rfdiffusion.inference.model_runners][INFO] - Timestep 41, input to next step: ------------------------------------------------------------------------------------------
[2026-04-19 20:00:58,362][rfdiffusion.inference.model_runners][INFO] - Timestep 40, input to next step: ------------------------------------------------------------------------------------------
[2026-04-19 20:00:59,688][rfdiffusion.inference.model_runners][INFO] - Timestep 39, input to next step: ------------------------------------------------------------------------------------------
[2026-04-19 20:01:01,132][rfdiffusion.inference.model_runners][INFO] - Timestep 38, input to next step: ------------------------------------------------------------------------------------------
[2026-04-19 20:01:02,493][rfdiffusion.inference.model_runners][INFO] - Timestep 37, input to next step: ------------------------------------------------------------------------------------------
[2026-04-19 20:01:03,839][rfdiffusion.inference.model_runners][INFO] - Timestep 36, input to next step: ------------------------------------------------------------------------------------------
[2026-04-19 20:01:05,157][rfdiffusion.inference.model_runners][INFO] - Timestep 35, input to next step: ------------------------------------------------------------------------------------------
[2026-04-19 20:01:06,476][rfdiffusion.inference.model_runners][INFO] - Timestep 34, input to next step: ------------------------------------------------------------------------------------------
[2026-04-19 20:01:07,800][rfdiffusion.inference.model_runners][INFO] - Timestep 33, input to next step: ------------------------------------------------------------------------------------------
[2026-04-19 20:01:09,512][rfdiffusion.inference.model_runners][INFO] - Timestep 32, input to next step: ------------------------------------------------------------------------------------------
[2026-04-19 20:01:10,978][rfdiffusion.inference.model_runners][INFO] - Timestep 31, input to next step: ------------------------------------------------------------------------------------------
[2026-04-19 20:01:12,348][rfdiffusion.inference.model_runners][INFO] - Timestep 30, input to next step: ------------------------------------------------------------------------------------------
[2026-04-19 20:01:13,704][rfdiffusion.inference.model_runners][INFO] - Timestep 29, input to next step: ------------------------------------------------------------------------------------------
[2026-04-19 20:01:15,067][rfdiffusion.inference.model_runners][INFO] - Timestep 28, input to next step: ------------------------------------------------------------------------------------------
[2026-04-19 20:01:16,448][rfdiffusion.inference.model_runners][INFO] - Timestep 27, input to next step: ------------------------------------------------------------------------------------------
[2026-04-19 20:01:17,868][rfdiffusion.inference.model_runners][INFO] - Timestep 26, input to next step: ------------------------------------------------------------------------------------------
[2026-04-19 20:01:19,293][rfdiffusion.inference.model_runners][INFO] - Timestep 25, input to next step: ------------------------------------------------------------------------------------------
[2026-04-19 20:01:20,765][rfdiffusion.inference.model_runners][INFO] - Timestep 24, input to next step: ------------------------------------------------------------------------------------------
[2026-04-19 20:01:22,117][rfdiffusion.inference.model_runners][INFO] - Timestep 23, input to next step: ------------------------------------------------------------------------------------------
[2026-04-19 20:01:23,509][rfdiffusion.inference.model_runners][INFO] - Timestep 22, input to next step: ------------------------------------------------------------------------------------------
[2026-04-19 20:01:24,880][rfdiffusion.inference.model_runners][INFO] - Timestep 21, input to next step: ------------------------------------------------------------------------------------------
[2026-04-19 20:01:26,339][rfdiffusion.inference.model_runners][INFO] - Timestep 20, input to next step: ------------------------------------------------------------------------------------------
[2026-04-19 20:01:27,726][rfdiffusion.inference.model_runners][INFO] - Timestep 19, input to next step: ------------------------------------------------------------------------------------------
[2026-04-19 20:01:29,084][rfdiffusion.inference.model_runners][INFO] - Timestep 18, input to next step: ------------------------------------------------------------------------------------------
[2026-04-19 20:01:30,522][rfdiffusion.inference.model_runners][INFO] - Timestep 17, input to next step: ------------------------------------------------------------------------------------------
[2026-04-19 20:01:31,899][rfdiffusion.inference.model_runners][INFO] - Timestep 16, input to next step: ------------------------------------------------------------------------------------------
[2026-04-19 20:01:33,237][rfdiffusion.inference.model_runners][INFO] - Timestep 15, input to next step: ------------------------------------------------------------------------------------------
[2026-04-19 20:01:34,639][rfdiffusion.inference.model_runners][INFO] - Timestep 14, input to next step: ------------------------------------------------------------------------------------------
[2026-04-19 20:01:35,946][rfdiffusion.inference.model_runners][INFO] - Timestep 13, input to next step: ------------------------------------------------------------------------------------------
[2026-04-19 20:01:37,350][rfdiffusion.inference.model_runners][INFO] - Timestep 12, input to next step: ------------------------------------------------------------------------------------------
[2026-04-19 20:01:38,696][rfdiffusion.inference.model_runners][INFO] - Timestep 11, input to next step: ------------------------------------------------------------------------------------------
[2026-04-19 20:01:40,068][rfdiffusion.inference.model_runners][INFO] - Timestep 10, input to next step: ------------------------------------------------------------------------------------------
[2026-04-19 20:01:41,510][rfdiffusion.inference.model_runners][INFO] - Timestep 9, input to next step: ------------------------------------------------------------------------------------------
[2026-04-19 20:01:42,743][rfdiffusion.inference.model_runners][INFO] - Timestep 8, input to next step: ------------------------------------------------------------------------------------------
[2026-04-19 20:01:43,905][rfdiffusion.inference.model_runners][INFO] - Timestep 7, input to next step: ------------------------------------------------------------------------------------------
[2026-04-19 20:01:45,024][rfdiffusion.inference.model_runners][INFO] - Timestep 6, input to next step: ------------------------------------------------------------------------------------------
[2026-04-19 20:01:46,224][rfdiffusion.inference.model_runners][INFO] - Timestep 5, input to next step: ------------------------------------------------------------------------------------------
[2026-04-19 20:01:47,427][rfdiffusion.inference.model_runners][INFO] - Timestep 4, input to next step: ------------------------------------------------------------------------------------------
[2026-04-19 20:01:48,580][rfdiffusion.inference.model_runners][INFO] - Timestep 3, input to next step: ------------------------------------------------------------------------------------------
[2026-04-19 20:01:49,815][rfdiffusion.inference.model_runners][INFO] - Timestep 2, input to next step: ------------------------------------------------------------------------------------------
[2026-04-19 20:01:52,224][__main__][INFO] - Finished design in 1.19 minutes
