[2026-04-20 01:05:03,048][__main__][INFO] - Found GPU with device_name NVIDIA GeForce RTX 3050 Ti Laptop GPU. Will run RFdiffusion on NVIDIA GeForce RTX 3050 Ti Laptop GPU
[2026-04-20 01:05:03,049][rfdiffusion.inference.model_runners][INFO] - Reading checkpoint from /home/manvi/Team_8_CS598GBL/RFdiffusion/rfdiffusion/inference/../../models/Base_ckpt.pt
[2026-04-20 01:05:10,306][rfdiffusion.inference.model_runners][INFO] - Loading checkpoint.
[2026-04-20 01:05:10,698][rfdiffusion.diffusion][INFO] - Using cached IGSO3.
[2026-04-20 01:05:10,712][__main__][INFO] - Making design /home/manvi/Team_8_CS598GBL/Assignment/Generate_designs/default/len_109/design_0
[2026-04-20 01:05:10,717][rfdiffusion.inference.model_runners][INFO] - Using contig: ['109-109']
[2026-04-20 01:05:10,763][rfdiffusion.inference.model_runners][INFO] - Sequence init: -------------------------------------------------------------------------------------------------------------
[2026-04-20 01:05:15,106][rfdiffusion.inference.model_runners][INFO] - Timestep 50, input to next step: -------------------------------------------------------------------------------------------------------------
[2026-04-20 01:05:16,612][rfdiffusion.inference.model_runners][INFO] - Timestep 49, input to next step: -------------------------------------------------------------------------------------------------------------
[2026-04-20 01:05:18,333][rfdiffusion.inference.model_runners][INFO] - Timestep 48, input to next step: -------------------------------------------------------------------------------------------------------------
[2026-04-20 01:05:20,248][rfdiffusion.inference.model_runners][INFO] - Timestep 47, input to next step: -------------------------------------------------------------------------------------------------------------
[2026-04-20 01:05:22,283][rfdiffusion.inference.model_runners][INFO] - Timestep 46, input to next step: -------------------------------------------------------------------------------------------------------------
[2026-04-20 01:05:24,123][rfdiffusion.inference.model_runners][INFO] - Timestep 45, input to next step: -------------------------------------------------------------------------------------------------------------
[2026-04-20 01:05:26,003][rfdiffusion.inference.model_runners][INFO] - Timestep 44, input to next step: -------------------------------------------------------------------------------------------------------------
[2026-04-20 01:05:27,905][rfdiffusion.inference.model_runners][INFO] - Timestep 43, input to next step: -------------------------------------------------------------------------------------------------------------
[2026-04-20 01:05:29,690][rfdiffusion.inference.model_runners][INFO] - Timestep 42, input to next step: -------------------------------------------------------------------------------------------------------------
[2026-04-20 01:05:31,548][rfdiffusion.inference.model_runners][INFO] - Timestep 41, input to next step: -------------------------------------------------------------------------------------------------------------
[2026-04-20 01:05:33,297][rfdiffusion.inference.model_runners][INFO] - Timestep 40, input to next step: -------------------------------------------------------------------------------------------------------------
[2026-04-20 01:05:35,005][rfdiffusion.inference.model_runners][INFO] - Timestep 39, input to next step: -------------------------------------------------------------------------------------------------------------
[2026-04-20 01:05:36,680][rfdiffusion.inference.model_runners][INFO] - Timestep 38, input to next step: -------------------------------------------------------------------------------------------------------------
[2026-04-20 01:05:38,327][rfdiffusion.inference.model_runners][INFO] - Timestep 37, input to next step: -------------------------------------------------------------------------------------------------------------
[2026-04-20 01:05:39,981][rfdiffusion.inference.model_runners][INFO] - Timestep 36, input to next step: -------------------------------------------------------------------------------------------------------------
[2026-04-20 01:05:41,646][rfdiffusion.inference.model_runners][INFO] - Timestep 35, input to next step: -------------------------------------------------------------------------------------------------------------
[2026-04-20 01:05:43,333][rfdiffusion.inference.model_runners][INFO] - Timestep 34, input to next step: -------------------------------------------------------------------------------------------------------------
[2026-04-20 01:05:45,035][rfdiffusion.inference.model_runners][INFO] - Timestep 33, input to next step: -------------------------------------------------------------------------------------------------------------
[2026-04-20 01:05:46,798][rfdiffusion.inference.model_runners][INFO] - Timestep 32, input to next step: -------------------------------------------------------------------------------------------------------------
[2026-04-20 01:05:48,476][rfdiffusion.inference.model_runners][INFO] - Timestep 31, input to next step: -------------------------------------------------------------------------------------------------------------
[2026-04-20 01:05:50,191][rfdiffusion.inference.model_runners][INFO] - Timestep 30, input to next step: -------------------------------------------------------------------------------------------------------------
[2026-04-20 01:05:51,860][rfdiffusion.inference.model_runners][INFO] - Timestep 29, input to next step: -------------------------------------------------------------------------------------------------------------
[2026-04-20 01:05:53,530][rfdiffusion.inference.model_runners][INFO] - Timestep 28, input to next step: -------------------------------------------------------------------------------------------------------------
[2026-04-20 01:05:55,270][rfdiffusion.inference.model_runners][INFO] - Timestep 27, input to next step: -------------------------------------------------------------------------------------------------------------
[2026-04-20 01:05:56,966][rfdiffusion.inference.model_runners][INFO] - Timestep 26, input to next step: -------------------------------------------------------------------------------------------------------------
[2026-04-20 01:05:58,718][rfdiffusion.inference.model_runners][INFO] - Timestep 25, input to next step: -------------------------------------------------------------------------------------------------------------
[2026-04-20 01:06:00,479][rfdiffusion.inference.model_runners][INFO] - Timestep 24, input to next step: -------------------------------------------------------------------------------------------------------------
[2026-04-20 01:06:02,105][rfdiffusion.inference.model_runners][INFO] - Timestep 23, input to next step: -------------------------------------------------------------------------------------------------------------
[2026-04-20 01:06:03,726][rfdiffusion.inference.model_runners][INFO] - Timestep 22, input to next step: -------------------------------------------------------------------------------------------------------------
[2026-04-20 01:06:05,390][rfdiffusion.inference.model_runners][INFO] - Timestep 21, input to next step: -------------------------------------------------------------------------------------------------------------
[2026-04-20 01:06:07,057][rfdiffusion.inference.model_runners][INFO] - Timestep 20, input to next step: -------------------------------------------------------------------------------------------------------------
[2026-04-20 01:06:08,778][rfdiffusion.inference.model_runners][INFO] - Timestep 19, input to next step: -------------------------------------------------------------------------------------------------------------
[2026-04-20 01:06:10,509][rfdiffusion.inference.model_runners][INFO] - Timestep 18, input to next step: -------------------------------------------------------------------------------------------------------------
[2026-04-20 01:06:12,684][rfdiffusion.inference.model_runners][INFO] - Timestep 17, input to next step: -------------------------------------------------------------------------------------------------------------
[2026-04-20 01:06:15,297][rfdiffusion.inference.model_runners][INFO] - Timestep 16, input to next step: -------------------------------------------------------------------------------------------------------------
[2026-04-20 01:06:17,348][rfdiffusion.inference.model_runners][INFO] - Timestep 15, input to next step: -------------------------------------------------------------------------------------------------------------
[2026-04-20 01:06:19,140][rfdiffusion.inference.model_runners][INFO] - Timestep 14, input to next step: -------------------------------------------------------------------------------------------------------------
[2026-04-20 01:06:21,044][rfdiffusion.inference.model_runners][INFO] - Timestep 13, input to next step: -------------------------------------------------------------------------------------------------------------
[2026-04-20 01:06:22,877][rfdiffusion.inference.model_runners][INFO] - Timestep 12, input to next step: -------------------------------------------------------------------------------------------------------------
[2026-04-20 01:06:24,577][rfdiffusion.inference.model_runners][INFO] - Timestep 11, input to next step: -------------------------------------------------------------------------------------------------------------
[2026-04-20 01:06:26,251][rfdiffusion.inference.model_runners][INFO] - Timestep 10, input to next step: -------------------------------------------------------------------------------------------------------------
[2026-04-20 01:06:27,732][rfdiffusion.inference.model_runners][INFO] - Timestep 9, input to next step: -------------------------------------------------------------------------------------------------------------
[2026-04-20 01:06:29,339][rfdiffusion.inference.model_runners][INFO] - Timestep 8, input to next step: -------------------------------------------------------------------------------------------------------------
[2026-04-20 01:06:30,936][rfdiffusion.inference.model_runners][INFO] - Timestep 7, input to next step: -------------------------------------------------------------------------------------------------------------
[2026-04-20 01:06:32,655][rfdiffusion.inference.model_runners][INFO] - Timestep 6, input to next step: -------------------------------------------------------------------------------------------------------------
[2026-04-20 01:06:34,405][rfdiffusion.inference.model_runners][INFO] - Timestep 5, input to next step: -------------------------------------------------------------------------------------------------------------
[2026-04-20 01:06:36,121][rfdiffusion.inference.model_runners][INFO] - Timestep 4, input to next step: -------------------------------------------------------------------------------------------------------------
[2026-04-20 01:06:37,790][rfdiffusion.inference.model_runners][INFO] - Timestep 3, input to next step: -------------------------------------------------------------------------------------------------------------
[2026-04-20 01:06:39,536][rfdiffusion.inference.model_runners][INFO] - Timestep 2, input to next step: -------------------------------------------------------------------------------------------------------------
[2026-04-20 01:06:42,905][__main__][INFO] - Finished design in 1.54 minutes
[2026-04-20 01:06:42,906][__main__][INFO] - Making design /home/manvi/Team_8_CS598GBL/Assignment/Generate_designs/default/len_109/design_1
[2026-04-20 01:06:42,910][rfdiffusion.inference.model_runners][INFO] - Using contig: ['109-109']
[2026-04-20 01:06:42,933][rfdiffusion.inference.model_runners][INFO] - Sequence init: -------------------------------------------------------------------------------------------------------------
[2026-04-20 01:06:44,487][rfdiffusion.inference.model_runners][INFO] - Timestep 50, input to next step: -------------------------------------------------------------------------------------------------------------
[2026-04-20 01:06:46,270][rfdiffusion.inference.model_runners][INFO] - Timestep 49, input to next step: -------------------------------------------------------------------------------------------------------------
[2026-04-20 01:06:48,054][rfdiffusion.inference.model_runners][INFO] - Timestep 48, input to next step: -------------------------------------------------------------------------------------------------------------
[2026-04-20 01:06:49,717][rfdiffusion.inference.model_runners][INFO] - Timestep 47, input to next step: -------------------------------------------------------------------------------------------------------------
[2026-04-20 01:06:51,730][rfdiffusion.inference.model_runners][INFO] - Timestep 46, input to next step: -------------------------------------------------------------------------------------------------------------
[2026-04-20 01:06:53,541][rfdiffusion.inference.model_runners][INFO] - Timestep 45, input to next step: -------------------------------------------------------------------------------------------------------------
[2026-04-20 01:06:55,243][rfdiffusion.inference.model_runners][INFO] - Timestep 44, input to next step: -------------------------------------------------------------------------------------------------------------
[2026-04-20 01:06:57,108][rfdiffusion.inference.model_runners][INFO] - Timestep 43, input to next step: -------------------------------------------------------------------------------------------------------------
[2026-04-20 01:06:58,836][rfdiffusion.inference.model_runners][INFO] - Timestep 42, input to next step: -------------------------------------------------------------------------------------------------------------
[2026-04-20 01:07:00,503][rfdiffusion.inference.model_runners][INFO] - Timestep 41, input to next step: -------------------------------------------------------------------------------------------------------------
[2026-04-20 01:07:02,211][rfdiffusion.inference.model_runners][INFO] - Timestep 40, input to next step: -------------------------------------------------------------------------------------------------------------
[2026-04-20 01:07:03,936][rfdiffusion.inference.model_runners][INFO] - Timestep 39, input to next step: -------------------------------------------------------------------------------------------------------------
[2026-04-20 01:07:05,638][rfdiffusion.inference.model_runners][INFO] - Timestep 38, input to next step: -------------------------------------------------------------------------------------------------------------
[2026-04-20 01:07:07,307][rfdiffusion.inference.model_runners][INFO] - Timestep 37, input to next step: -------------------------------------------------------------------------------------------------------------
[2026-04-20 01:07:09,029][rfdiffusion.inference.model_runners][INFO] - Timestep 36, input to next step: -------------------------------------------------------------------------------------------------------------
[2026-04-20 01:07:10,825][rfdiffusion.inference.model_runners][INFO] - Timestep 35, input to next step: -------------------------------------------------------------------------------------------------------------
[2026-04-20 01:07:12,503][rfdiffusion.inference.model_runners][INFO] - Timestep 34, input to next step: -------------------------------------------------------------------------------------------------------------
[2026-04-20 01:07:14,185][rfdiffusion.inference.model_runners][INFO] - Timestep 33, input to next step: -------------------------------------------------------------------------------------------------------------
[2026-04-20 01:07:16,034][rfdiffusion.inference.model_runners][INFO] - Timestep 32, input to next step: -------------------------------------------------------------------------------------------------------------
[2026-04-20 01:07:17,724][rfdiffusion.inference.model_runners][INFO] - Timestep 31, input to next step: -------------------------------------------------------------------------------------------------------------
[2026-04-20 01:07:19,470][rfdiffusion.inference.model_runners][INFO] - Timestep 30, input to next step: -------------------------------------------------------------------------------------------------------------
[2026-04-20 01:07:21,075][rfdiffusion.inference.model_runners][INFO] - Timestep 29, input to next step: -------------------------------------------------------------------------------------------------------------
[2026-04-20 01:07:22,706][rfdiffusion.inference.model_runners][INFO] - Timestep 28, input to next step: -------------------------------------------------------------------------------------------------------------
[2026-04-20 01:07:24,358][rfdiffusion.inference.model_runners][INFO] - Timestep 27, input to next step: -------------------------------------------------------------------------------------------------------------
[2026-04-20 01:07:27,756][rfdiffusion.inference.model_runners][INFO] - Timestep 26, input to next step: -------------------------------------------------------------------------------------------------------------
[2026-04-20 01:07:29,273][rfdiffusion.inference.model_runners][INFO] - Timestep 25, input to next step: -------------------------------------------------------------------------------------------------------------
[2026-04-20 01:07:30,912][rfdiffusion.inference.model_runners][INFO] - Timestep 24, input to next step: -------------------------------------------------------------------------------------------------------------
[2026-04-20 01:07:32,493][rfdiffusion.inference.model_runners][INFO] - Timestep 23, input to next step: -------------------------------------------------------------------------------------------------------------
[2026-04-20 01:07:34,321][rfdiffusion.inference.model_runners][INFO] - Timestep 22, input to next step: -------------------------------------------------------------------------------------------------------------
[2026-04-20 01:07:35,998][rfdiffusion.inference.model_runners][INFO] - Timestep 21, input to next step: -------------------------------------------------------------------------------------------------------------
[2026-04-20 01:07:37,605][rfdiffusion.inference.model_runners][INFO] - Timestep 20, input to next step: -------------------------------------------------------------------------------------------------------------
[2026-04-20 01:07:39,319][rfdiffusion.inference.model_runners][INFO] - Timestep 19, input to next step: -------------------------------------------------------------------------------------------------------------
[2026-04-20 01:07:41,016][rfdiffusion.inference.model_runners][INFO] - Timestep 18, input to next step: -------------------------------------------------------------------------------------------------------------
[2026-04-20 01:07:42,593][rfdiffusion.inference.model_runners][INFO] - Timestep 17, input to next step: -------------------------------------------------------------------------------------------------------------
[2026-04-20 01:07:44,178][rfdiffusion.inference.model_runners][INFO] - Timestep 16, input to next step: -------------------------------------------------------------------------------------------------------------
[2026-04-20 01:07:46,033][rfdiffusion.inference.model_runners][INFO] - Timestep 15, input to next step: -------------------------------------------------------------------------------------------------------------
[2026-04-20 01:07:47,772][rfdiffusion.inference.model_runners][INFO] - Timestep 14, input to next step: -------------------------------------------------------------------------------------------------------------
[2026-04-20 01:07:49,494][rfdiffusion.inference.model_runners][INFO] - Timestep 13, input to next step: -------------------------------------------------------------------------------------------------------------
[2026-04-20 01:07:51,143][rfdiffusion.inference.model_runners][INFO] - Timestep 12, input to next step: -------------------------------------------------------------------------------------------------------------
[2026-04-20 01:07:52,840][rfdiffusion.inference.model_runners][INFO] - Timestep 11, input to next step: -------------------------------------------------------------------------------------------------------------
[2026-04-20 01:07:54,517][rfdiffusion.inference.model_runners][INFO] - Timestep 10, input to next step: -------------------------------------------------------------------------------------------------------------
[2026-04-20 01:07:56,336][rfdiffusion.inference.model_runners][INFO] - Timestep 9, input to next step: -------------------------------------------------------------------------------------------------------------
[2026-04-20 01:07:58,123][rfdiffusion.inference.model_runners][INFO] - Timestep 8, input to next step: -------------------------------------------------------------------------------------------------------------
[2026-04-20 01:07:59,897][rfdiffusion.inference.model_runners][INFO] - Timestep 7, input to next step: -------------------------------------------------------------------------------------------------------------
[2026-04-20 01:08:01,433][rfdiffusion.inference.model_runners][INFO] - Timestep 6, input to next step: -------------------------------------------------------------------------------------------------------------
[2026-04-20 01:08:03,120][rfdiffusion.inference.model_runners][INFO] - Timestep 5, input to next step: -------------------------------------------------------------------------------------------------------------
[2026-04-20 01:08:04,827][rfdiffusion.inference.model_runners][INFO] - Timestep 4, input to next step: -------------------------------------------------------------------------------------------------------------
[2026-04-20 01:08:06,513][rfdiffusion.inference.model_runners][INFO] - Timestep 3, input to next step: -------------------------------------------------------------------------------------------------------------
[2026-04-20 01:08:08,120][rfdiffusion.inference.model_runners][INFO] - Timestep 2, input to next step: -------------------------------------------------------------------------------------------------------------
[2026-04-20 01:08:11,957][__main__][INFO] - Finished design in 1.48 minutes
[2026-04-20 01:08:11,957][__main__][INFO] - Making design /home/manvi/Team_8_CS598GBL/Assignment/Generate_designs/default/len_109/design_2
[2026-04-20 01:08:11,961][rfdiffusion.inference.model_runners][INFO] - Using contig: ['109-109']
[2026-04-20 01:08:11,981][rfdiffusion.inference.model_runners][INFO] - Sequence init: -------------------------------------------------------------------------------------------------------------
[2026-04-20 01:08:13,551][rfdiffusion.inference.model_runners][INFO] - Timestep 50, input to next step: -------------------------------------------------------------------------------------------------------------
[2026-04-20 01:08:15,167][rfdiffusion.inference.model_runners][INFO] - Timestep 49, input to next step: -------------------------------------------------------------------------------------------------------------
[2026-04-20 01:08:16,916][rfdiffusion.inference.model_runners][INFO] - Timestep 48, input to next step: -------------------------------------------------------------------------------------------------------------
[2026-04-20 01:08:18,874][rfdiffusion.inference.model_runners][INFO] - Timestep 47, input to next step: -------------------------------------------------------------------------------------------------------------
[2026-04-20 01:08:21,203][rfdiffusion.inference.model_runners][INFO] - Timestep 46, input to next step: -------------------------------------------------------------------------------------------------------------
[2026-04-20 01:08:23,803][rfdiffusion.inference.model_runners][INFO] - Timestep 45, input to next step: -------------------------------------------------------------------------------------------------------------
[2026-04-20 01:08:25,716][rfdiffusion.inference.model_runners][INFO] - Timestep 44, input to next step: -------------------------------------------------------------------------------------------------------------
[2026-04-20 01:08:27,526][rfdiffusion.inference.model_runners][INFO] - Timestep 43, input to next step: -------------------------------------------------------------------------------------------------------------
[2026-04-20 01:08:29,591][rfdiffusion.inference.model_runners][INFO] - Timestep 42, input to next step: -------------------------------------------------------------------------------------------------------------
[2026-04-20 01:08:31,604][rfdiffusion.inference.model_runners][INFO] - Timestep 41, input to next step: -------------------------------------------------------------------------------------------------------------
[2026-04-20 01:08:33,942][rfdiffusion.inference.model_runners][INFO] - Timestep 40, input to next step: -------------------------------------------------------------------------------------------------------------
[2026-04-20 01:08:36,243][rfdiffusion.inference.model_runners][INFO] - Timestep 39, input to next step: -------------------------------------------------------------------------------------------------------------
[2026-04-20 01:08:38,295][rfdiffusion.inference.model_runners][INFO] - Timestep 38, input to next step: -------------------------------------------------------------------------------------------------------------
[2026-04-20 01:08:39,857][rfdiffusion.inference.model_runners][INFO] - Timestep 37, input to next step: -------------------------------------------------------------------------------------------------------------
[2026-04-20 01:08:41,497][rfdiffusion.inference.model_runners][INFO] - Timestep 36, input to next step: -------------------------------------------------------------------------------------------------------------
[2026-04-20 01:08:43,204][rfdiffusion.inference.model_runners][INFO] - Timestep 35, input to next step: -------------------------------------------------------------------------------------------------------------
[2026-04-20 01:08:44,906][rfdiffusion.inference.model_runners][INFO] - Timestep 34, input to next step: -------------------------------------------------------------------------------------------------------------
[2026-04-20 01:08:46,755][rfdiffusion.inference.model_runners][INFO] - Timestep 33, input to next step: -------------------------------------------------------------------------------------------------------------
[2026-04-20 01:08:48,515][rfdiffusion.inference.model_runners][INFO] - Timestep 32, input to next step: -------------------------------------------------------------------------------------------------------------
[2026-04-20 01:08:50,202][rfdiffusion.inference.model_runners][INFO] - Timestep 31, input to next step: -------------------------------------------------------------------------------------------------------------
[2026-04-20 01:08:51,843][rfdiffusion.inference.model_runners][INFO] - Timestep 30, input to next step: -------------------------------------------------------------------------------------------------------------
[2026-04-20 01:08:53,497][rfdiffusion.inference.model_runners][INFO] - Timestep 29, input to next step: -------------------------------------------------------------------------------------------------------------
[2026-04-20 01:08:55,160][rfdiffusion.inference.model_runners][INFO] - Timestep 28, input to next step: -------------------------------------------------------------------------------------------------------------
[2026-04-20 01:08:56,884][rfdiffusion.inference.model_runners][INFO] - Timestep 27, input to next step: -------------------------------------------------------------------------------------------------------------
[2026-04-20 01:08:58,621][rfdiffusion.inference.model_runners][INFO] - Timestep 26, input to next step: -------------------------------------------------------------------------------------------------------------
[2026-04-20 01:09:00,465][rfdiffusion.inference.model_runners][INFO] - Timestep 25, input to next step: -------------------------------------------------------------------------------------------------------------
[2026-04-20 01:09:02,219][rfdiffusion.inference.model_runners][INFO] - Timestep 24, input to next step: -------------------------------------------------------------------------------------------------------------
[2026-04-20 01:09:03,886][rfdiffusion.inference.model_runners][INFO] - Timestep 23, input to next step: -------------------------------------------------------------------------------------------------------------
[2026-04-20 01:09:05,637][rfdiffusion.inference.model_runners][INFO] - Timestep 22, input to next step: -------------------------------------------------------------------------------------------------------------
[2026-04-20 01:09:07,290][rfdiffusion.inference.model_runners][INFO] - Timestep 21, input to next step: -------------------------------------------------------------------------------------------------------------
[2026-04-20 01:09:09,057][rfdiffusion.inference.model_runners][INFO] - Timestep 20, input to next step: -------------------------------------------------------------------------------------------------------------
[2026-04-20 01:09:10,833][rfdiffusion.inference.model_runners][INFO] - Timestep 19, input to next step: -------------------------------------------------------------------------------------------------------------
[2026-04-20 01:09:12,488][rfdiffusion.inference.model_runners][INFO] - Timestep 18, input to next step: -------------------------------------------------------------------------------------------------------------
[2026-04-20 01:09:14,187][rfdiffusion.inference.model_runners][INFO] - Timestep 17, input to next step: -------------------------------------------------------------------------------------------------------------
[2026-04-20 01:09:15,851][rfdiffusion.inference.model_runners][INFO] - Timestep 16, input to next step: -------------------------------------------------------------------------------------------------------------
[2026-04-20 01:09:17,478][rfdiffusion.inference.model_runners][INFO] - Timestep 15, input to next step: -------------------------------------------------------------------------------------------------------------
[2026-04-20 01:09:19,143][rfdiffusion.inference.model_runners][INFO] - Timestep 14, input to next step: -------------------------------------------------------------------------------------------------------------
[2026-04-20 01:09:20,826][rfdiffusion.inference.model_runners][INFO] - Timestep 13, input to next step: -------------------------------------------------------------------------------------------------------------
[2026-04-20 01:09:22,441][rfdiffusion.inference.model_runners][INFO] - Timestep 12, input to next step: -------------------------------------------------------------------------------------------------------------
[2026-04-20 01:09:24,110][rfdiffusion.inference.model_runners][INFO] - Timestep 11, input to next step: -------------------------------------------------------------------------------------------------------------
[2026-04-20 01:09:25,904][rfdiffusion.inference.model_runners][INFO] - Timestep 10, input to next step: -------------------------------------------------------------------------------------------------------------
[2026-04-20 01:09:27,606][rfdiffusion.inference.model_runners][INFO] - Timestep 9, input to next step: -------------------------------------------------------------------------------------------------------------
[2026-04-20 01:09:29,299][rfdiffusion.inference.model_runners][INFO] - Timestep 8, input to next step: -------------------------------------------------------------------------------------------------------------
[2026-04-20 01:09:31,072][rfdiffusion.inference.model_runners][INFO] - Timestep 7, input to next step: -------------------------------------------------------------------------------------------------------------
[2026-04-20 01:09:32,710][rfdiffusion.inference.model_runners][INFO] - Timestep 6, input to next step: -------------------------------------------------------------------------------------------------------------
[2026-04-20 01:09:34,450][rfdiffusion.inference.model_runners][INFO] - Timestep 5, input to next step: -------------------------------------------------------------------------------------------------------------
[2026-04-20 01:09:36,132][rfdiffusion.inference.model_runners][INFO] - Timestep 4, input to next step: -------------------------------------------------------------------------------------------------------------
[2026-04-20 01:09:37,855][rfdiffusion.inference.model_runners][INFO] - Timestep 3, input to next step: -------------------------------------------------------------------------------------------------------------
[2026-04-20 01:09:39,557][rfdiffusion.inference.model_runners][INFO] - Timestep 2, input to next step: -------------------------------------------------------------------------------------------------------------
[2026-04-20 01:09:42,918][__main__][INFO] - Finished design in 1.52 minutes
[2026-04-20 01:09:42,918][__main__][INFO] - Making design /home/manvi/Team_8_CS598GBL/Assignment/Generate_designs/default/len_109/design_3
[2026-04-20 01:09:42,922][rfdiffusion.inference.model_runners][INFO] - Using contig: ['109-109']
[2026-04-20 01:09:42,943][rfdiffusion.inference.model_runners][INFO] - Sequence init: -------------------------------------------------------------------------------------------------------------
[2026-04-20 01:09:44,561][rfdiffusion.inference.model_runners][INFO] - Timestep 50, input to next step: -------------------------------------------------------------------------------------------------------------
[2026-04-20 01:09:46,337][rfdiffusion.inference.model_runners][INFO] - Timestep 49, input to next step: -------------------------------------------------------------------------------------------------------------
[2026-04-20 01:09:48,321][rfdiffusion.inference.model_runners][INFO] - Timestep 48, input to next step: -------------------------------------------------------------------------------------------------------------
[2026-04-20 01:09:50,000][rfdiffusion.inference.model_runners][INFO] - Timestep 47, input to next step: -------------------------------------------------------------------------------------------------------------
[2026-04-20 01:09:51,712][rfdiffusion.inference.model_runners][INFO] - Timestep 46, input to next step: -------------------------------------------------------------------------------------------------------------
[2026-04-20 01:09:53,417][rfdiffusion.inference.model_runners][INFO] - Timestep 45, input to next step: -------------------------------------------------------------------------------------------------------------
[2026-04-20 01:09:55,119][rfdiffusion.inference.model_runners][INFO] - Timestep 44, input to next step: -------------------------------------------------------------------------------------------------------------
[2026-04-20 01:09:56,876][rfdiffusion.inference.model_runners][INFO] - Timestep 43, input to next step: -------------------------------------------------------------------------------------------------------------
[2026-04-20 01:09:58,586][rfdiffusion.inference.model_runners][INFO] - Timestep 42, input to next step: -------------------------------------------------------------------------------------------------------------
[2026-04-20 01:10:00,306][rfdiffusion.inference.model_runners][INFO] - Timestep 41, input to next step: -------------------------------------------------------------------------------------------------------------
[2026-04-20 01:10:02,044][rfdiffusion.inference.model_runners][INFO] - Timestep 40, input to next step: -------------------------------------------------------------------------------------------------------------
[2026-04-20 01:10:03,771][rfdiffusion.inference.model_runners][INFO] - Timestep 39, input to next step: -------------------------------------------------------------------------------------------------------------
[2026-04-20 01:10:05,444][rfdiffusion.inference.model_runners][INFO] - Timestep 38, input to next step: -------------------------------------------------------------------------------------------------------------
[2026-04-20 01:10:07,092][rfdiffusion.inference.model_runners][INFO] - Timestep 37, input to next step: -------------------------------------------------------------------------------------------------------------
[2026-04-20 01:10:08,761][rfdiffusion.inference.model_runners][INFO] - Timestep 36, input to next step: -------------------------------------------------------------------------------------------------------------
[2026-04-20 01:10:10,484][rfdiffusion.inference.model_runners][INFO] - Timestep 35, input to next step: -------------------------------------------------------------------------------------------------------------
[2026-04-20 01:10:13,256][rfdiffusion.inference.model_runners][INFO] - Timestep 34, input to next step: -------------------------------------------------------------------------------------------------------------
[2026-04-20 01:10:15,938][rfdiffusion.inference.model_runners][INFO] - Timestep 33, input to next step: -------------------------------------------------------------------------------------------------------------
[2026-04-20 01:10:17,916][rfdiffusion.inference.model_runners][INFO] - Timestep 32, input to next step: -------------------------------------------------------------------------------------------------------------
[2026-04-20 01:10:20,084][rfdiffusion.inference.model_runners][INFO] - Timestep 31, input to next step: -------------------------------------------------------------------------------------------------------------
[2026-04-20 01:10:22,307][rfdiffusion.inference.model_runners][INFO] - Timestep 30, input to next step: -------------------------------------------------------------------------------------------------------------
[2026-04-20 01:10:24,841][rfdiffusion.inference.model_runners][INFO] - Timestep 29, input to next step: -------------------------------------------------------------------------------------------------------------
[2026-04-20 01:10:27,020][rfdiffusion.inference.model_runners][INFO] - Timestep 28, input to next step: -------------------------------------------------------------------------------------------------------------
[2026-04-20 01:10:29,033][rfdiffusion.inference.model_runners][INFO] - Timestep 27, input to next step: -------------------------------------------------------------------------------------------------------------
[2026-04-20 01:10:31,427][rfdiffusion.inference.model_runners][INFO] - Timestep 26, input to next step: -------------------------------------------------------------------------------------------------------------
[2026-04-20 01:10:33,058][rfdiffusion.inference.model_runners][INFO] - Timestep 25, input to next step: -------------------------------------------------------------------------------------------------------------
[2026-04-20 01:10:34,730][rfdiffusion.inference.model_runners][INFO] - Timestep 24, input to next step: -------------------------------------------------------------------------------------------------------------
[2026-04-20 01:10:36,409][rfdiffusion.inference.model_runners][INFO] - Timestep 23, input to next step: -------------------------------------------------------------------------------------------------------------
[2026-04-20 01:10:38,136][rfdiffusion.inference.model_runners][INFO] - Timestep 22, input to next step: -------------------------------------------------------------------------------------------------------------
[2026-04-20 01:10:39,770][rfdiffusion.inference.model_runners][INFO] - Timestep 21, input to next step: -------------------------------------------------------------------------------------------------------------
[2026-04-20 01:10:41,485][rfdiffusion.inference.model_runners][INFO] - Timestep 20, input to next step: -------------------------------------------------------------------------------------------------------------
[2026-04-20 01:10:43,169][rfdiffusion.inference.model_runners][INFO] - Timestep 19, input to next step: -------------------------------------------------------------------------------------------------------------
[2026-04-20 01:10:44,931][rfdiffusion.inference.model_runners][INFO] - Timestep 18, input to next step: -------------------------------------------------------------------------------------------------------------
[2026-04-20 01:10:46,960][rfdiffusion.inference.model_runners][INFO] - Timestep 17, input to next step: -------------------------------------------------------------------------------------------------------------
[2026-04-20 01:10:48,837][rfdiffusion.inference.model_runners][INFO] - Timestep 16, input to next step: -------------------------------------------------------------------------------------------------------------
[2026-04-20 01:10:50,527][rfdiffusion.inference.model_runners][INFO] - Timestep 15, input to next step: -------------------------------------------------------------------------------------------------------------
[2026-04-20 01:10:52,231][rfdiffusion.inference.model_runners][INFO] - Timestep 14, input to next step: -------------------------------------------------------------------------------------------------------------
[2026-04-20 01:10:53,910][rfdiffusion.inference.model_runners][INFO] - Timestep 13, input to next step: -------------------------------------------------------------------------------------------------------------
[2026-04-20 01:10:55,674][rfdiffusion.inference.model_runners][INFO] - Timestep 12, input to next step: -------------------------------------------------------------------------------------------------------------
[2026-04-20 01:10:57,374][rfdiffusion.inference.model_runners][INFO] - Timestep 11, input to next step: -------------------------------------------------------------------------------------------------------------
[2026-04-20 01:10:59,017][rfdiffusion.inference.model_runners][INFO] - Timestep 10, input to next step: -------------------------------------------------------------------------------------------------------------
[2026-04-20 01:11:00,698][rfdiffusion.inference.model_runners][INFO] - Timestep 9, input to next step: -------------------------------------------------------------------------------------------------------------
[2026-04-20 01:11:02,381][rfdiffusion.inference.model_runners][INFO] - Timestep 8, input to next step: -------------------------------------------------------------------------------------------------------------
[2026-04-20 01:11:04,094][rfdiffusion.inference.model_runners][INFO] - Timestep 7, input to next step: -------------------------------------------------------------------------------------------------------------
[2026-04-20 01:11:05,869][rfdiffusion.inference.model_runners][INFO] - Timestep 6, input to next step: -------------------------------------------------------------------------------------------------------------
[2026-04-20 01:11:07,465][rfdiffusion.inference.model_runners][INFO] - Timestep 5, input to next step: -------------------------------------------------------------------------------------------------------------
[2026-04-20 01:11:09,150][rfdiffusion.inference.model_runners][INFO] - Timestep 4, input to next step: -------------------------------------------------------------------------------------------------------------
[2026-04-20 01:11:10,822][rfdiffusion.inference.model_runners][INFO] - Timestep 3, input to next step: -------------------------------------------------------------------------------------------------------------
[2026-04-20 01:11:12,761][rfdiffusion.inference.model_runners][INFO] - Timestep 2, input to next step: -------------------------------------------------------------------------------------------------------------
[2026-04-20 01:11:16,460][__main__][INFO] - Finished design in 1.56 minutes
[2026-04-20 01:11:16,461][__main__][INFO] - Making design /home/manvi/Team_8_CS598GBL/Assignment/Generate_designs/default/len_109/design_4
[2026-04-20 01:11:16,465][rfdiffusion.inference.model_runners][INFO] - Using contig: ['109-109']
[2026-04-20 01:11:16,486][rfdiffusion.inference.model_runners][INFO] - Sequence init: -------------------------------------------------------------------------------------------------------------
[2026-04-20 01:11:18,048][rfdiffusion.inference.model_runners][INFO] - Timestep 50, input to next step: -------------------------------------------------------------------------------------------------------------
[2026-04-20 01:11:19,637][rfdiffusion.inference.model_runners][INFO] - Timestep 49, input to next step: -------------------------------------------------------------------------------------------------------------
[2026-04-20 01:11:21,423][rfdiffusion.inference.model_runners][INFO] - Timestep 48, input to next step: -------------------------------------------------------------------------------------------------------------
[2026-04-20 01:11:23,377][rfdiffusion.inference.model_runners][INFO] - Timestep 47, input to next step: -------------------------------------------------------------------------------------------------------------
[2026-04-20 01:11:25,341][rfdiffusion.inference.model_runners][INFO] - Timestep 46, input to next step: -------------------------------------------------------------------------------------------------------------
[2026-04-20 01:11:27,088][rfdiffusion.inference.model_runners][INFO] - Timestep 45, input to next step: -------------------------------------------------------------------------------------------------------------
[2026-04-20 01:11:28,785][rfdiffusion.inference.model_runners][INFO] - Timestep 44, input to next step: -------------------------------------------------------------------------------------------------------------
[2026-04-20 01:11:30,458][rfdiffusion.inference.model_runners][INFO] - Timestep 43, input to next step: -------------------------------------------------------------------------------------------------------------
[2026-04-20 01:11:32,211][rfdiffusion.inference.model_runners][INFO] - Timestep 42, input to next step: -------------------------------------------------------------------------------------------------------------
[2026-04-20 01:11:33,938][rfdiffusion.inference.model_runners][INFO] - Timestep 41, input to next step: -------------------------------------------------------------------------------------------------------------
[2026-04-20 01:11:35,568][rfdiffusion.inference.model_runners][INFO] - Timestep 40, input to next step: -------------------------------------------------------------------------------------------------------------
[2026-04-20 01:11:37,271][rfdiffusion.inference.model_runners][INFO] - Timestep 39, input to next step: -------------------------------------------------------------------------------------------------------------
[2026-04-20 01:11:38,885][rfdiffusion.inference.model_runners][INFO] - Timestep 38, input to next step: -------------------------------------------------------------------------------------------------------------
[2026-04-20 01:11:40,549][rfdiffusion.inference.model_runners][INFO] - Timestep 37, input to next step: -------------------------------------------------------------------------------------------------------------
[2026-04-20 01:11:42,360][rfdiffusion.inference.model_runners][INFO] - Timestep 36, input to next step: -------------------------------------------------------------------------------------------------------------
[2026-04-20 01:11:44,047][rfdiffusion.inference.model_runners][INFO] - Timestep 35, input to next step: -------------------------------------------------------------------------------------------------------------
[2026-04-20 01:11:45,726][rfdiffusion.inference.model_runners][INFO] - Timestep 34, input to next step: -------------------------------------------------------------------------------------------------------------
[2026-04-20 01:11:47,482][rfdiffusion.inference.model_runners][INFO] - Timestep 33, input to next step: -------------------------------------------------------------------------------------------------------------
[2026-04-20 01:11:49,140][rfdiffusion.inference.model_runners][INFO] - Timestep 32, input to next step: -------------------------------------------------------------------------------------------------------------
[2026-04-20 01:11:50,612][rfdiffusion.inference.model_runners][INFO] - Timestep 31, input to next step: -------------------------------------------------------------------------------------------------------------
[2026-04-20 01:11:52,047][rfdiffusion.inference.model_runners][INFO] - Timestep 30, input to next step: -------------------------------------------------------------------------------------------------------------
[2026-04-20 01:11:53,511][rfdiffusion.inference.model_runners][INFO] - Timestep 29, input to next step: -------------------------------------------------------------------------------------------------------------
[2026-04-20 01:11:54,959][rfdiffusion.inference.model_runners][INFO] - Timestep 28, input to next step: -------------------------------------------------------------------------------------------------------------
[2026-04-20 01:11:56,492][rfdiffusion.inference.model_runners][INFO] - Timestep 27, input to next step: -------------------------------------------------------------------------------------------------------------
[2026-04-20 01:11:57,992][rfdiffusion.inference.model_runners][INFO] - Timestep 26, input to next step: -------------------------------------------------------------------------------------------------------------
[2026-04-20 01:11:59,657][rfdiffusion.inference.model_runners][INFO] - Timestep 25, input to next step: -------------------------------------------------------------------------------------------------------------
[2026-04-20 01:12:01,167][rfdiffusion.inference.model_runners][INFO] - Timestep 24, input to next step: -------------------------------------------------------------------------------------------------------------
[2026-04-20 01:12:02,935][rfdiffusion.inference.model_runners][INFO] - Timestep 23, input to next step: -------------------------------------------------------------------------------------------------------------
[2026-04-20 01:12:04,712][rfdiffusion.inference.model_runners][INFO] - Timestep 22, input to next step: -------------------------------------------------------------------------------------------------------------
[2026-04-20 01:12:06,553][rfdiffusion.inference.model_runners][INFO] - Timestep 21, input to next step: -------------------------------------------------------------------------------------------------------------
[2026-04-20 01:12:08,117][rfdiffusion.inference.model_runners][INFO] - Timestep 20, input to next step: -------------------------------------------------------------------------------------------------------------
[2026-04-20 01:12:09,742][rfdiffusion.inference.model_runners][INFO] - Timestep 19, input to next step: -------------------------------------------------------------------------------------------------------------
[2026-04-20 01:12:11,433][rfdiffusion.inference.model_runners][INFO] - Timestep 18, input to next step: -------------------------------------------------------------------------------------------------------------
[2026-04-20 01:12:13,211][rfdiffusion.inference.model_runners][INFO] - Timestep 17, input to next step: -------------------------------------------------------------------------------------------------------------
[2026-04-20 01:12:14,861][rfdiffusion.inference.model_runners][INFO] - Timestep 16, input to next step: -------------------------------------------------------------------------------------------------------------
[2026-04-20 01:12:16,630][rfdiffusion.inference.model_runners][INFO] - Timestep 15, input to next step: -------------------------------------------------------------------------------------------------------------
[2026-04-20 01:12:18,355][rfdiffusion.inference.model_runners][INFO] - Timestep 14, input to next step: -------------------------------------------------------------------------------------------------------------
[2026-04-20 01:12:20,163][rfdiffusion.inference.model_runners][INFO] - Timestep 13, input to next step: -------------------------------------------------------------------------------------------------------------
[2026-04-20 01:12:22,004][rfdiffusion.inference.model_runners][INFO] - Timestep 12, input to next step: -------------------------------------------------------------------------------------------------------------
[2026-04-20 01:12:23,702][rfdiffusion.inference.model_runners][INFO] - Timestep 11, input to next step: -------------------------------------------------------------------------------------------------------------
[2026-04-20 01:12:25,381][rfdiffusion.inference.model_runners][INFO] - Timestep 10, input to next step: -------------------------------------------------------------------------------------------------------------
[2026-04-20 01:12:27,087][rfdiffusion.inference.model_runners][INFO] - Timestep 9, input to next step: -------------------------------------------------------------------------------------------------------------
[2026-04-20 01:12:28,737][rfdiffusion.inference.model_runners][INFO] - Timestep 8, input to next step: -------------------------------------------------------------------------------------------------------------
[2026-04-20 01:12:30,405][rfdiffusion.inference.model_runners][INFO] - Timestep 7, input to next step: -------------------------------------------------------------------------------------------------------------
[2026-04-20 01:12:32,126][rfdiffusion.inference.model_runners][INFO] - Timestep 6, input to next step: -------------------------------------------------------------------------------------------------------------
[2026-04-20 01:12:33,952][rfdiffusion.inference.model_runners][INFO] - Timestep 5, input to next step: -------------------------------------------------------------------------------------------------------------
[2026-04-20 01:12:35,752][rfdiffusion.inference.model_runners][INFO] - Timestep 4, input to next step: -------------------------------------------------------------------------------------------------------------
[2026-04-20 01:12:37,363][rfdiffusion.inference.model_runners][INFO] - Timestep 3, input to next step: -------------------------------------------------------------------------------------------------------------
[2026-04-20 01:12:39,075][rfdiffusion.inference.model_runners][INFO] - Timestep 2, input to next step: -------------------------------------------------------------------------------------------------------------
[2026-04-20 01:12:42,511][__main__][INFO] - Finished design in 1.43 minutes
[2026-04-20 01:12:42,512][__main__][INFO] - Making design /home/manvi/Team_8_CS598GBL/Assignment/Generate_designs/default/len_109/design_5
[2026-04-20 01:12:42,518][rfdiffusion.inference.model_runners][INFO] - Using contig: ['109-109']
[2026-04-20 01:12:42,538][rfdiffusion.inference.model_runners][INFO] - Sequence init: -------------------------------------------------------------------------------------------------------------
[2026-04-20 01:12:44,212][rfdiffusion.inference.model_runners][INFO] - Timestep 50, input to next step: -------------------------------------------------------------------------------------------------------------
[2026-04-20 01:12:45,915][rfdiffusion.inference.model_runners][INFO] - Timestep 49, input to next step: -------------------------------------------------------------------------------------------------------------
[2026-04-20 01:12:47,680][rfdiffusion.inference.model_runners][INFO] - Timestep 48, input to next step: -------------------------------------------------------------------------------------------------------------
[2026-04-20 01:12:49,775][rfdiffusion.inference.model_runners][INFO] - Timestep 47, input to next step: -------------------------------------------------------------------------------------------------------------
[2026-04-20 01:12:51,509][rfdiffusion.inference.model_runners][INFO] - Timestep 46, input to next step: -------------------------------------------------------------------------------------------------------------
[2026-04-20 01:12:53,247][rfdiffusion.inference.model_runners][INFO] - Timestep 45, input to next step: -------------------------------------------------------------------------------------------------------------
[2026-04-20 01:12:55,117][rfdiffusion.inference.model_runners][INFO] - Timestep 44, input to next step: -------------------------------------------------------------------------------------------------------------
[2026-04-20 01:12:56,874][rfdiffusion.inference.model_runners][INFO] - Timestep 43, input to next step: -------------------------------------------------------------------------------------------------------------
[2026-04-20 01:12:58,529][rfdiffusion.inference.model_runners][INFO] - Timestep 42, input to next step: -------------------------------------------------------------------------------------------------------------
[2026-04-20 01:13:00,554][rfdiffusion.inference.model_runners][INFO] - Timestep 41, input to next step: -------------------------------------------------------------------------------------------------------------
[2026-04-20 01:13:02,363][rfdiffusion.inference.model_runners][INFO] - Timestep 40, input to next step: -------------------------------------------------------------------------------------------------------------
[2026-04-20 01:13:04,049][rfdiffusion.inference.model_runners][INFO] - Timestep 39, input to next step: -------------------------------------------------------------------------------------------------------------
[2026-04-20 01:13:05,654][rfdiffusion.inference.model_runners][INFO] - Timestep 38, input to next step: -------------------------------------------------------------------------------------------------------------
[2026-04-20 01:13:07,379][rfdiffusion.inference.model_runners][INFO] - Timestep 37, input to next step: -------------------------------------------------------------------------------------------------------------
[2026-04-20 01:13:09,058][rfdiffusion.inference.model_runners][INFO] - Timestep 36, input to next step: -------------------------------------------------------------------------------------------------------------
[2026-04-20 01:13:10,739][rfdiffusion.inference.model_runners][INFO] - Timestep 35, input to next step: -------------------------------------------------------------------------------------------------------------
[2026-04-20 01:13:12,446][rfdiffusion.inference.model_runners][INFO] - Timestep 34, input to next step: -------------------------------------------------------------------------------------------------------------
[2026-04-20 01:13:14,154][rfdiffusion.inference.model_runners][INFO] - Timestep 33, input to next step: -------------------------------------------------------------------------------------------------------------
[2026-04-20 01:13:15,884][rfdiffusion.inference.model_runners][INFO] - Timestep 32, input to next step: -------------------------------------------------------------------------------------------------------------
[2026-04-20 01:13:17,693][rfdiffusion.inference.model_runners][INFO] - Timestep 31, input to next step: -------------------------------------------------------------------------------------------------------------
[2026-04-20 01:13:19,627][rfdiffusion.inference.model_runners][INFO] - Timestep 30, input to next step: -------------------------------------------------------------------------------------------------------------
[2026-04-20 01:13:21,317][rfdiffusion.inference.model_runners][INFO] - Timestep 29, input to next step: -------------------------------------------------------------------------------------------------------------
[2026-04-20 01:13:23,023][rfdiffusion.inference.model_runners][INFO] - Timestep 28, input to next step: -------------------------------------------------------------------------------------------------------------
[2026-04-20 01:13:24,694][rfdiffusion.inference.model_runners][INFO] - Timestep 27, input to next step: -------------------------------------------------------------------------------------------------------------
[2026-04-20 01:13:26,295][rfdiffusion.inference.model_runners][INFO] - Timestep 26, input to next step: -------------------------------------------------------------------------------------------------------------
[2026-04-20 01:13:27,958][rfdiffusion.inference.model_runners][INFO] - Timestep 25, input to next step: -------------------------------------------------------------------------------------------------------------
[2026-04-20 01:13:29,698][rfdiffusion.inference.model_runners][INFO] - Timestep 24, input to next step: -------------------------------------------------------------------------------------------------------------
[2026-04-20 01:13:31,405][rfdiffusion.inference.model_runners][INFO] - Timestep 23, input to next step: -------------------------------------------------------------------------------------------------------------
[2026-04-20 01:13:33,062][rfdiffusion.inference.model_runners][INFO] - Timestep 22, input to next step: -------------------------------------------------------------------------------------------------------------
[2026-04-20 01:13:34,708][rfdiffusion.inference.model_runners][INFO] - Timestep 21, input to next step: -------------------------------------------------------------------------------------------------------------
[2026-04-20 01:13:36,333][rfdiffusion.inference.model_runners][INFO] - Timestep 20, input to next step: -------------------------------------------------------------------------------------------------------------
[2026-04-20 01:13:38,102][rfdiffusion.inference.model_runners][INFO] - Timestep 19, input to next step: -------------------------------------------------------------------------------------------------------------
[2026-04-20 01:13:39,803][rfdiffusion.inference.model_runners][INFO] - Timestep 18, input to next step: -------------------------------------------------------------------------------------------------------------
[2026-04-20 01:13:41,477][rfdiffusion.inference.model_runners][INFO] - Timestep 17, input to next step: -------------------------------------------------------------------------------------------------------------
[2026-04-20 01:13:43,355][rfdiffusion.inference.model_runners][INFO] - Timestep 16, input to next step: -------------------------------------------------------------------------------------------------------------
[2026-04-20 01:13:45,297][rfdiffusion.inference.model_runners][INFO] - Timestep 15, input to next step: -------------------------------------------------------------------------------------------------------------
[2026-04-20 01:13:47,591][rfdiffusion.inference.model_runners][INFO] - Timestep 14, input to next step: -------------------------------------------------------------------------------------------------------------
[2026-04-20 01:13:49,561][rfdiffusion.inference.model_runners][INFO] - Timestep 13, input to next step: -------------------------------------------------------------------------------------------------------------
[2026-04-20 01:13:51,349][rfdiffusion.inference.model_runners][INFO] - Timestep 12, input to next step: -------------------------------------------------------------------------------------------------------------
[2026-04-20 01:13:52,993][rfdiffusion.inference.model_runners][INFO] - Timestep 11, input to next step: -------------------------------------------------------------------------------------------------------------
[2026-04-20 01:13:54,672][rfdiffusion.inference.model_runners][INFO] - Timestep 10, input to next step: -------------------------------------------------------------------------------------------------------------
[2026-04-20 01:13:56,343][rfdiffusion.inference.model_runners][INFO] - Timestep 9, input to next step: -------------------------------------------------------------------------------------------------------------
[2026-04-20 01:13:57,894][rfdiffusion.inference.model_runners][INFO] - Timestep 8, input to next step: -------------------------------------------------------------------------------------------------------------
[2026-04-20 01:13:59,463][rfdiffusion.inference.model_runners][INFO] - Timestep 7, input to next step: -------------------------------------------------------------------------------------------------------------
[2026-04-20 01:14:01,324][rfdiffusion.inference.model_runners][INFO] - Timestep 6, input to next step: -------------------------------------------------------------------------------------------------------------
[2026-04-20 01:14:03,106][rfdiffusion.inference.model_runners][INFO] - Timestep 5, input to next step: -------------------------------------------------------------------------------------------------------------
[2026-04-20 01:14:05,005][rfdiffusion.inference.model_runners][INFO] - Timestep 4, input to next step: -------------------------------------------------------------------------------------------------------------
[2026-04-20 01:14:06,753][rfdiffusion.inference.model_runners][INFO] - Timestep 3, input to next step: -------------------------------------------------------------------------------------------------------------
[2026-04-20 01:14:08,472][rfdiffusion.inference.model_runners][INFO] - Timestep 2, input to next step: -------------------------------------------------------------------------------------------------------------
[2026-04-20 01:14:11,820][__main__][INFO] - Finished design in 1.49 minutes
[2026-04-20 01:14:11,820][__main__][INFO] - Making design /home/manvi/Team_8_CS598GBL/Assignment/Generate_designs/default/len_109/design_6
[2026-04-20 01:14:11,826][rfdiffusion.inference.model_runners][INFO] - Using contig: ['109-109']
[2026-04-20 01:14:11,847][rfdiffusion.inference.model_runners][INFO] - Sequence init: -------------------------------------------------------------------------------------------------------------
[2026-04-20 01:14:13,498][rfdiffusion.inference.model_runners][INFO] - Timestep 50, input to next step: -------------------------------------------------------------------------------------------------------------
[2026-04-20 01:14:15,172][rfdiffusion.inference.model_runners][INFO] - Timestep 49, input to next step: -------------------------------------------------------------------------------------------------------------
[2026-04-20 01:14:16,831][rfdiffusion.inference.model_runners][INFO] - Timestep 48, input to next step: -------------------------------------------------------------------------------------------------------------
[2026-04-20 01:14:18,771][rfdiffusion.inference.model_runners][INFO] - Timestep 47, input to next step: -------------------------------------------------------------------------------------------------------------
[2026-04-20 01:14:20,543][rfdiffusion.inference.model_runners][INFO] - Timestep 46, input to next step: -------------------------------------------------------------------------------------------------------------
[2026-04-20 01:14:22,217][rfdiffusion.inference.model_runners][INFO] - Timestep 45, input to next step: -------------------------------------------------------------------------------------------------------------
[2026-04-20 01:14:23,930][rfdiffusion.inference.model_runners][INFO] - Timestep 44, input to next step: -------------------------------------------------------------------------------------------------------------
[2026-04-20 01:14:25,652][rfdiffusion.inference.model_runners][INFO] - Timestep 43, input to next step: -------------------------------------------------------------------------------------------------------------
[2026-04-20 01:14:27,342][rfdiffusion.inference.model_runners][INFO] - Timestep 42, input to next step: -------------------------------------------------------------------------------------------------------------
[2026-04-20 01:14:29,023][rfdiffusion.inference.model_runners][INFO] - Timestep 41, input to next step: -------------------------------------------------------------------------------------------------------------
[2026-04-20 01:14:30,676][rfdiffusion.inference.model_runners][INFO] - Timestep 40, input to next step: -------------------------------------------------------------------------------------------------------------
[2026-04-20 01:14:32,347][rfdiffusion.inference.model_runners][INFO] - Timestep 39, input to next step: -------------------------------------------------------------------------------------------------------------
[2026-04-20 01:14:34,083][rfdiffusion.inference.model_runners][INFO] - Timestep 38, input to next step: -------------------------------------------------------------------------------------------------------------
[2026-04-20 01:14:35,755][rfdiffusion.inference.model_runners][INFO] - Timestep 37, input to next step: -------------------------------------------------------------------------------------------------------------
[2026-04-20 01:14:37,432][rfdiffusion.inference.model_runners][INFO] - Timestep 36, input to next step: -------------------------------------------------------------------------------------------------------------
[2026-04-20 01:14:39,126][rfdiffusion.inference.model_runners][INFO] - Timestep 35, input to next step: -------------------------------------------------------------------------------------------------------------
[2026-04-20 01:14:40,793][rfdiffusion.inference.model_runners][INFO] - Timestep 34, input to next step: -------------------------------------------------------------------------------------------------------------
[2026-04-20 01:14:42,448][rfdiffusion.inference.model_runners][INFO] - Timestep 33, input to next step: -------------------------------------------------------------------------------------------------------------
[2026-04-20 01:14:44,182][rfdiffusion.inference.model_runners][INFO] - Timestep 32, input to next step: -------------------------------------------------------------------------------------------------------------
[2026-04-20 01:14:45,819][rfdiffusion.inference.model_runners][INFO] - Timestep 31, input to next step: -------------------------------------------------------------------------------------------------------------
[2026-04-20 01:14:47,504][rfdiffusion.inference.model_runners][INFO] - Timestep 30, input to next step: -------------------------------------------------------------------------------------------------------------
[2026-04-20 01:14:49,262][rfdiffusion.inference.model_runners][INFO] - Timestep 29, input to next step: -------------------------------------------------------------------------------------------------------------
[2026-04-20 01:14:50,997][rfdiffusion.inference.model_runners][INFO] - Timestep 28, input to next step: -------------------------------------------------------------------------------------------------------------
[2026-04-20 01:14:52,901][rfdiffusion.inference.model_runners][INFO] - Timestep 27, input to next step: -------------------------------------------------------------------------------------------------------------
[2026-04-20 01:14:54,753][rfdiffusion.inference.model_runners][INFO] - Timestep 26, input to next step: -------------------------------------------------------------------------------------------------------------
[2026-04-20 01:14:56,844][rfdiffusion.inference.model_runners][INFO] - Timestep 25, input to next step: -------------------------------------------------------------------------------------------------------------
[2026-04-20 01:14:58,553][rfdiffusion.inference.model_runners][INFO] - Timestep 24, input to next step: -------------------------------------------------------------------------------------------------------------
[2026-04-20 01:15:00,212][rfdiffusion.inference.model_runners][INFO] - Timestep 23, input to next step: -------------------------------------------------------------------------------------------------------------
[2026-04-20 01:15:01,959][rfdiffusion.inference.model_runners][INFO] - Timestep 22, input to next step: -------------------------------------------------------------------------------------------------------------
[2026-04-20 01:15:03,680][rfdiffusion.inference.model_runners][INFO] - Timestep 21, input to next step: -------------------------------------------------------------------------------------------------------------
[2026-04-20 01:15:05,358][rfdiffusion.inference.model_runners][INFO] - Timestep 20, input to next step: -------------------------------------------------------------------------------------------------------------
[2026-04-20 01:15:07,057][rfdiffusion.inference.model_runners][INFO] - Timestep 19, input to next step: -------------------------------------------------------------------------------------------------------------
[2026-04-20 01:15:08,765][rfdiffusion.inference.model_runners][INFO] - Timestep 18, input to next step: -------------------------------------------------------------------------------------------------------------
[2026-04-20 01:15:10,417][rfdiffusion.inference.model_runners][INFO] - Timestep 17, input to next step: -------------------------------------------------------------------------------------------------------------
[2026-04-20 01:15:12,031][rfdiffusion.inference.model_runners][INFO] - Timestep 16, input to next step: -------------------------------------------------------------------------------------------------------------
[2026-04-20 01:15:13,720][rfdiffusion.inference.model_runners][INFO] - Timestep 15, input to next step: -------------------------------------------------------------------------------------------------------------
[2026-04-20 01:15:15,408][rfdiffusion.inference.model_runners][INFO] - Timestep 14, input to next step: -------------------------------------------------------------------------------------------------------------
[2026-04-20 01:15:17,015][rfdiffusion.inference.model_runners][INFO] - Timestep 13, input to next step: -------------------------------------------------------------------------------------------------------------
[2026-04-20 01:15:18,597][rfdiffusion.inference.model_runners][INFO] - Timestep 12, input to next step: -------------------------------------------------------------------------------------------------------------
[2026-04-20 01:15:20,221][rfdiffusion.inference.model_runners][INFO] - Timestep 11, input to next step: -------------------------------------------------------------------------------------------------------------
[2026-04-20 01:15:21,888][rfdiffusion.inference.model_runners][INFO] - Timestep 10, input to next step: -------------------------------------------------------------------------------------------------------------
[2026-04-20 01:15:23,546][rfdiffusion.inference.model_runners][INFO] - Timestep 9, input to next step: -------------------------------------------------------------------------------------------------------------
[2026-04-20 01:15:25,145][rfdiffusion.inference.model_runners][INFO] - Timestep 8, input to next step: -------------------------------------------------------------------------------------------------------------
[2026-04-20 01:15:26,762][rfdiffusion.inference.model_runners][INFO] - Timestep 7, input to next step: -------------------------------------------------------------------------------------------------------------
[2026-04-20 01:15:28,430][rfdiffusion.inference.model_runners][INFO] - Timestep 6, input to next step: -------------------------------------------------------------------------------------------------------------
[2026-04-20 01:15:30,200][rfdiffusion.inference.model_runners][INFO] - Timestep 5, input to next step: -------------------------------------------------------------------------------------------------------------
[2026-04-20 01:15:32,040][rfdiffusion.inference.model_runners][INFO] - Timestep 4, input to next step: -------------------------------------------------------------------------------------------------------------
[2026-04-20 01:15:33,864][rfdiffusion.inference.model_runners][INFO] - Timestep 3, input to next step: -------------------------------------------------------------------------------------------------------------
[2026-04-20 01:15:35,622][rfdiffusion.inference.model_runners][INFO] - Timestep 2, input to next step: -------------------------------------------------------------------------------------------------------------
[2026-04-20 01:15:39,254][__main__][INFO] - Finished design in 1.46 minutes
[2026-04-20 01:15:39,255][__main__][INFO] - Making design /home/manvi/Team_8_CS598GBL/Assignment/Generate_designs/default/len_109/design_7
[2026-04-20 01:15:39,260][rfdiffusion.inference.model_runners][INFO] - Using contig: ['109-109']
[2026-04-20 01:15:39,279][rfdiffusion.inference.model_runners][INFO] - Sequence init: -------------------------------------------------------------------------------------------------------------
[2026-04-20 01:15:40,893][rfdiffusion.inference.model_runners][INFO] - Timestep 50, input to next step: -------------------------------------------------------------------------------------------------------------
[2026-04-20 01:15:42,617][rfdiffusion.inference.model_runners][INFO] - Timestep 49, input to next step: -------------------------------------------------------------------------------------------------------------
[2026-04-20 01:15:44,400][rfdiffusion.inference.model_runners][INFO] - Timestep 48, input to next step: -------------------------------------------------------------------------------------------------------------
[2026-04-20 01:15:46,205][rfdiffusion.inference.model_runners][INFO] - Timestep 47, input to next step: -------------------------------------------------------------------------------------------------------------
[2026-04-20 01:15:48,099][rfdiffusion.inference.model_runners][INFO] - Timestep 46, input to next step: -------------------------------------------------------------------------------------------------------------
[2026-04-20 01:15:49,726][rfdiffusion.inference.model_runners][INFO] - Timestep 45, input to next step: -------------------------------------------------------------------------------------------------------------
[2026-04-20 01:15:51,483][rfdiffusion.inference.model_runners][INFO] - Timestep 44, input to next step: -------------------------------------------------------------------------------------------------------------
[2026-04-20 01:15:53,242][rfdiffusion.inference.model_runners][INFO] - Timestep 43, input to next step: -------------------------------------------------------------------------------------------------------------
[2026-04-20 01:15:55,002][rfdiffusion.inference.model_runners][INFO] - Timestep 42, input to next step: -------------------------------------------------------------------------------------------------------------
[2026-04-20 01:15:56,742][rfdiffusion.inference.model_runners][INFO] - Timestep 41, input to next step: -------------------------------------------------------------------------------------------------------------
[2026-04-20 01:15:58,448][rfdiffusion.inference.model_runners][INFO] - Timestep 40, input to next step: -------------------------------------------------------------------------------------------------------------
[2026-04-20 01:16:00,203][rfdiffusion.inference.model_runners][INFO] - Timestep 39, input to next step: -------------------------------------------------------------------------------------------------------------
[2026-04-20 01:16:01,990][rfdiffusion.inference.model_runners][INFO] - Timestep 38, input to next step: -------------------------------------------------------------------------------------------------------------
[2026-04-20 01:16:03,745][rfdiffusion.inference.model_runners][INFO] - Timestep 37, input to next step: -------------------------------------------------------------------------------------------------------------
[2026-04-20 01:16:05,593][rfdiffusion.inference.model_runners][INFO] - Timestep 36, input to next step: -------------------------------------------------------------------------------------------------------------
[2026-04-20 01:16:07,395][rfdiffusion.inference.model_runners][INFO] - Timestep 35, input to next step: -------------------------------------------------------------------------------------------------------------
[2026-04-20 01:16:09,062][rfdiffusion.inference.model_runners][INFO] - Timestep 34, input to next step: -------------------------------------------------------------------------------------------------------------
[2026-04-20 01:16:10,752][rfdiffusion.inference.model_runners][INFO] - Timestep 33, input to next step: -------------------------------------------------------------------------------------------------------------
[2026-04-20 01:16:12,467][rfdiffusion.inference.model_runners][INFO] - Timestep 32, input to next step: -------------------------------------------------------------------------------------------------------------
[2026-04-20 01:16:14,747][rfdiffusion.inference.model_runners][INFO] - Timestep 31, input to next step: -------------------------------------------------------------------------------------------------------------
[2026-04-20 01:16:16,540][rfdiffusion.inference.model_runners][INFO] - Timestep 30, input to next step: -------------------------------------------------------------------------------------------------------------
[2026-04-20 01:16:18,276][rfdiffusion.inference.model_runners][INFO] - Timestep 29, input to next step: -------------------------------------------------------------------------------------------------------------
[2026-04-20 01:16:19,958][rfdiffusion.inference.model_runners][INFO] - Timestep 28, input to next step: -------------------------------------------------------------------------------------------------------------
[2026-04-20 01:16:21,917][rfdiffusion.inference.model_runners][INFO] - Timestep 27, input to next step: -------------------------------------------------------------------------------------------------------------
[2026-04-20 01:16:23,754][rfdiffusion.inference.model_runners][INFO] - Timestep 26, input to next step: -------------------------------------------------------------------------------------------------------------
[2026-04-20 01:16:25,465][rfdiffusion.inference.model_runners][INFO] - Timestep 25, input to next step: -------------------------------------------------------------------------------------------------------------
[2026-04-20 01:16:27,193][rfdiffusion.inference.model_runners][INFO] - Timestep 24, input to next step: -------------------------------------------------------------------------------------------------------------
[2026-04-20 01:16:28,943][rfdiffusion.inference.model_runners][INFO] - Timestep 23, input to next step: -------------------------------------------------------------------------------------------------------------
[2026-04-20 01:16:30,629][rfdiffusion.inference.model_runners][INFO] - Timestep 22, input to next step: -------------------------------------------------------------------------------------------------------------
[2026-04-20 01:16:32,420][rfdiffusion.inference.model_runners][INFO] - Timestep 21, input to next step: -------------------------------------------------------------------------------------------------------------
[2026-04-20 01:16:34,234][rfdiffusion.inference.model_runners][INFO] - Timestep 20, input to next step: -------------------------------------------------------------------------------------------------------------
[2026-04-20 01:16:36,018][rfdiffusion.inference.model_runners][INFO] - Timestep 19, input to next step: -------------------------------------------------------------------------------------------------------------
[2026-04-20 01:16:37,774][rfdiffusion.inference.model_runners][INFO] - Timestep 18, input to next step: -------------------------------------------------------------------------------------------------------------
[2026-04-20 01:16:39,583][rfdiffusion.inference.model_runners][INFO] - Timestep 17, input to next step: -------------------------------------------------------------------------------------------------------------
[2026-04-20 01:16:41,422][rfdiffusion.inference.model_runners][INFO] - Timestep 16, input to next step: -------------------------------------------------------------------------------------------------------------
[2026-04-20 01:16:43,136][rfdiffusion.inference.model_runners][INFO] - Timestep 15, input to next step: -------------------------------------------------------------------------------------------------------------
[2026-04-20 01:16:44,965][rfdiffusion.inference.model_runners][INFO] - Timestep 14, input to next step: -------------------------------------------------------------------------------------------------------------
[2026-04-20 01:16:46,880][rfdiffusion.inference.model_runners][INFO] - Timestep 13, input to next step: -------------------------------------------------------------------------------------------------------------
[2026-04-20 01:16:48,711][rfdiffusion.inference.model_runners][INFO] - Timestep 12, input to next step: -------------------------------------------------------------------------------------------------------------
[2026-04-20 01:16:50,654][rfdiffusion.inference.model_runners][INFO] - Timestep 11, input to next step: -------------------------------------------------------------------------------------------------------------
[2026-04-20 01:16:52,727][rfdiffusion.inference.model_runners][INFO] - Timestep 10, input to next step: -------------------------------------------------------------------------------------------------------------
[2026-04-20 01:16:54,594][rfdiffusion.inference.model_runners][INFO] - Timestep 9, input to next step: -------------------------------------------------------------------------------------------------------------
[2026-04-20 01:16:56,451][rfdiffusion.inference.model_runners][INFO] - Timestep 8, input to next step: -------------------------------------------------------------------------------------------------------------
[2026-04-20 01:16:58,300][rfdiffusion.inference.model_runners][INFO] - Timestep 7, input to next step: -------------------------------------------------------------------------------------------------------------
[2026-04-20 01:17:00,039][rfdiffusion.inference.model_runners][INFO] - Timestep 6, input to next step: -------------------------------------------------------------------------------------------------------------
[2026-04-20 01:17:02,076][rfdiffusion.inference.model_runners][INFO] - Timestep 5, input to next step: -------------------------------------------------------------------------------------------------------------
[2026-04-20 01:17:04,502][rfdiffusion.inference.model_runners][INFO] - Timestep 4, input to next step: -------------------------------------------------------------------------------------------------------------
[2026-04-20 01:17:06,356][rfdiffusion.inference.model_runners][INFO] - Timestep 3, input to next step: -------------------------------------------------------------------------------------------------------------
[2026-04-20 01:17:08,048][rfdiffusion.inference.model_runners][INFO] - Timestep 2, input to next step: -------------------------------------------------------------------------------------------------------------
[2026-04-20 01:17:11,655][__main__][INFO] - Finished design in 1.54 minutes
[2026-04-20 01:17:11,655][__main__][INFO] - Making design /home/manvi/Team_8_CS598GBL/Assignment/Generate_designs/default/len_109/design_8
[2026-04-20 01:17:11,660][rfdiffusion.inference.model_runners][INFO] - Using contig: ['109-109']
[2026-04-20 01:17:11,682][rfdiffusion.inference.model_runners][INFO] - Sequence init: -------------------------------------------------------------------------------------------------------------
[2026-04-20 01:17:13,398][rfdiffusion.inference.model_runners][INFO] - Timestep 50, input to next step: -------------------------------------------------------------------------------------------------------------
[2026-04-20 01:17:15,163][rfdiffusion.inference.model_runners][INFO] - Timestep 49, input to next step: -------------------------------------------------------------------------------------------------------------
[2026-04-20 01:17:16,917][rfdiffusion.inference.model_runners][INFO] - Timestep 48, input to next step: -------------------------------------------------------------------------------------------------------------
[2026-04-20 01:17:18,633][rfdiffusion.inference.model_runners][INFO] - Timestep 47, input to next step: -------------------------------------------------------------------------------------------------------------
[2026-04-20 01:17:20,362][rfdiffusion.inference.model_runners][INFO] - Timestep 46, input to next step: -------------------------------------------------------------------------------------------------------------
[2026-04-20 01:17:22,125][rfdiffusion.inference.model_runners][INFO] - Timestep 45, input to next step: -------------------------------------------------------------------------------------------------------------
[2026-04-20 01:17:24,174][rfdiffusion.inference.model_runners][INFO] - Timestep 44, input to next step: -------------------------------------------------------------------------------------------------------------
[2026-04-20 01:17:27,237][rfdiffusion.inference.model_runners][INFO] - Timestep 43, input to next step: -------------------------------------------------------------------------------------------------------------
[2026-04-20 01:17:28,931][rfdiffusion.inference.model_runners][INFO] - Timestep 42, input to next step: -------------------------------------------------------------------------------------------------------------
[2026-04-20 01:17:30,557][rfdiffusion.inference.model_runners][INFO] - Timestep 41, input to next step: -------------------------------------------------------------------------------------------------------------
[2026-04-20 01:17:32,328][rfdiffusion.inference.model_runners][INFO] - Timestep 40, input to next step: -------------------------------------------------------------------------------------------------------------
[2026-04-20 01:17:34,480][rfdiffusion.inference.model_runners][INFO] - Timestep 39, input to next step: -------------------------------------------------------------------------------------------------------------
[2026-04-20 01:17:36,290][rfdiffusion.inference.model_runners][INFO] - Timestep 38, input to next step: -------------------------------------------------------------------------------------------------------------
[2026-04-20 01:17:38,043][rfdiffusion.inference.model_runners][INFO] - Timestep 37, input to next step: -------------------------------------------------------------------------------------------------------------
[2026-04-20 01:17:39,803][rfdiffusion.inference.model_runners][INFO] - Timestep 36, input to next step: -------------------------------------------------------------------------------------------------------------
[2026-04-20 01:17:41,465][rfdiffusion.inference.model_runners][INFO] - Timestep 35, input to next step: -------------------------------------------------------------------------------------------------------------
[2026-04-20 01:17:43,142][rfdiffusion.inference.model_runners][INFO] - Timestep 34, input to next step: -------------------------------------------------------------------------------------------------------------
[2026-04-20 01:17:44,965][rfdiffusion.inference.model_runners][INFO] - Timestep 33, input to next step: -------------------------------------------------------------------------------------------------------------
[2026-04-20 01:17:46,785][rfdiffusion.inference.model_runners][INFO] - Timestep 32, input to next step: -------------------------------------------------------------------------------------------------------------
[2026-04-20 01:17:48,523][rfdiffusion.inference.model_runners][INFO] - Timestep 31, input to next step: -------------------------------------------------------------------------------------------------------------
[2026-04-20 01:17:50,611][rfdiffusion.inference.model_runners][INFO] - Timestep 30, input to next step: -------------------------------------------------------------------------------------------------------------
[2026-04-20 01:17:52,439][rfdiffusion.inference.model_runners][INFO] - Timestep 29, input to next step: -------------------------------------------------------------------------------------------------------------
[2026-04-20 01:17:54,264][rfdiffusion.inference.model_runners][INFO] - Timestep 28, input to next step: -------------------------------------------------------------------------------------------------------------
[2026-04-20 01:17:56,287][rfdiffusion.inference.model_runners][INFO] - Timestep 27, input to next step: -------------------------------------------------------------------------------------------------------------
[2026-04-20 01:17:58,057][rfdiffusion.inference.model_runners][INFO] - Timestep 26, input to next step: -------------------------------------------------------------------------------------------------------------
[2026-04-20 01:17:59,831][rfdiffusion.inference.model_runners][INFO] - Timestep 25, input to next step: -------------------------------------------------------------------------------------------------------------
[2026-04-20 01:18:01,623][rfdiffusion.inference.model_runners][INFO] - Timestep 24, input to next step: -------------------------------------------------------------------------------------------------------------
[2026-04-20 01:18:03,668][rfdiffusion.inference.model_runners][INFO] - Timestep 23, input to next step: -------------------------------------------------------------------------------------------------------------
[2026-04-20 01:18:05,727][rfdiffusion.inference.model_runners][INFO] - Timestep 22, input to next step: -------------------------------------------------------------------------------------------------------------
[2026-04-20 01:18:07,673][rfdiffusion.inference.model_runners][INFO] - Timestep 21, input to next step: -------------------------------------------------------------------------------------------------------------
[2026-04-20 01:18:09,524][rfdiffusion.inference.model_runners][INFO] - Timestep 20, input to next step: -------------------------------------------------------------------------------------------------------------
[2026-04-20 01:18:11,305][rfdiffusion.inference.model_runners][INFO] - Timestep 19, input to next step: -------------------------------------------------------------------------------------------------------------
[2026-04-20 01:18:13,110][rfdiffusion.inference.model_runners][INFO] - Timestep 18, input to next step: -------------------------------------------------------------------------------------------------------------
[2026-04-20 01:18:14,994][rfdiffusion.inference.model_runners][INFO] - Timestep 17, input to next step: -------------------------------------------------------------------------------------------------------------
[2026-04-20 01:18:16,840][rfdiffusion.inference.model_runners][INFO] - Timestep 16, input to next step: -------------------------------------------------------------------------------------------------------------
[2026-04-20 01:18:18,804][rfdiffusion.inference.model_runners][INFO] - Timestep 15, input to next step: -------------------------------------------------------------------------------------------------------------
[2026-04-20 01:18:20,820][rfdiffusion.inference.model_runners][INFO] - Timestep 14, input to next step: -------------------------------------------------------------------------------------------------------------
[2026-04-20 01:18:22,661][rfdiffusion.inference.model_runners][INFO] - Timestep 13, input to next step: -------------------------------------------------------------------------------------------------------------
[2026-04-20 01:18:24,433][rfdiffusion.inference.model_runners][INFO] - Timestep 12, input to next step: -------------------------------------------------------------------------------------------------------------
[2026-04-20 01:18:26,194][rfdiffusion.inference.model_runners][INFO] - Timestep 11, input to next step: -------------------------------------------------------------------------------------------------------------
[2026-04-20 01:18:28,077][rfdiffusion.inference.model_runners][INFO] - Timestep 10, input to next step: -------------------------------------------------------------------------------------------------------------
[2026-04-20 01:18:30,042][rfdiffusion.inference.model_runners][INFO] - Timestep 9, input to next step: -------------------------------------------------------------------------------------------------------------
[2026-04-20 01:18:32,068][rfdiffusion.inference.model_runners][INFO] - Timestep 8, input to next step: -------------------------------------------------------------------------------------------------------------
[2026-04-20 01:18:33,948][rfdiffusion.inference.model_runners][INFO] - Timestep 7, input to next step: -------------------------------------------------------------------------------------------------------------
[2026-04-20 01:18:35,846][rfdiffusion.inference.model_runners][INFO] - Timestep 6, input to next step: -------------------------------------------------------------------------------------------------------------
[2026-04-20 01:18:37,698][rfdiffusion.inference.model_runners][INFO] - Timestep 5, input to next step: -------------------------------------------------------------------------------------------------------------
[2026-04-20 01:18:39,515][rfdiffusion.inference.model_runners][INFO] - Timestep 4, input to next step: -------------------------------------------------------------------------------------------------------------
[2026-04-20 01:18:41,334][rfdiffusion.inference.model_runners][INFO] - Timestep 3, input to next step: -------------------------------------------------------------------------------------------------------------
[2026-04-20 01:18:43,171][rfdiffusion.inference.model_runners][INFO] - Timestep 2, input to next step: -------------------------------------------------------------------------------------------------------------
[2026-04-20 01:18:46,881][__main__][INFO] - Finished design in 1.59 minutes
[2026-04-20 01:18:46,882][__main__][INFO] - Making design /home/manvi/Team_8_CS598GBL/Assignment/Generate_designs/default/len_109/design_9
[2026-04-20 01:18:46,886][rfdiffusion.inference.model_runners][INFO] - Using contig: ['109-109']
[2026-04-20 01:18:46,908][rfdiffusion.inference.model_runners][INFO] - Sequence init: -------------------------------------------------------------------------------------------------------------
[2026-04-20 01:18:48,613][rfdiffusion.inference.model_runners][INFO] - Timestep 50, input to next step: -------------------------------------------------------------------------------------------------------------
[2026-04-20 01:18:50,332][rfdiffusion.inference.model_runners][INFO] - Timestep 49, input to next step: -------------------------------------------------------------------------------------------------------------
[2026-04-20 01:18:52,129][rfdiffusion.inference.model_runners][INFO] - Timestep 48, input to next step: -------------------------------------------------------------------------------------------------------------
[2026-04-20 01:18:53,890][rfdiffusion.inference.model_runners][INFO] - Timestep 47, input to next step: -------------------------------------------------------------------------------------------------------------
[2026-04-20 01:18:55,704][rfdiffusion.inference.model_runners][INFO] - Timestep 46, input to next step: -------------------------------------------------------------------------------------------------------------
[2026-04-20 01:18:57,504][rfdiffusion.inference.model_runners][INFO] - Timestep 45, input to next step: -------------------------------------------------------------------------------------------------------------
[2026-04-20 01:18:59,087][rfdiffusion.inference.model_runners][INFO] - Timestep 44, input to next step: -------------------------------------------------------------------------------------------------------------
[2026-04-20 01:19:01,143][rfdiffusion.inference.model_runners][INFO] - Timestep 43, input to next step: -------------------------------------------------------------------------------------------------------------
[2026-04-20 01:19:03,193][rfdiffusion.inference.model_runners][INFO] - Timestep 42, input to next step: -------------------------------------------------------------------------------------------------------------
[2026-04-20 01:19:05,266][rfdiffusion.inference.model_runners][INFO] - Timestep 41, input to next step: -------------------------------------------------------------------------------------------------------------
[2026-04-20 01:19:07,199][rfdiffusion.inference.model_runners][INFO] - Timestep 40, input to next step: -------------------------------------------------------------------------------------------------------------
[2026-04-20 01:19:09,025][rfdiffusion.inference.model_runners][INFO] - Timestep 39, input to next step: -------------------------------------------------------------------------------------------------------------
[2026-04-20 01:19:10,695][rfdiffusion.inference.model_runners][INFO] - Timestep 38, input to next step: -------------------------------------------------------------------------------------------------------------
[2026-04-20 01:19:12,489][rfdiffusion.inference.model_runners][INFO] - Timestep 37, input to next step: -------------------------------------------------------------------------------------------------------------
[2026-04-20 01:19:14,260][rfdiffusion.inference.model_runners][INFO] - Timestep 36, input to next step: -------------------------------------------------------------------------------------------------------------
[2026-04-20 01:19:15,993][rfdiffusion.inference.model_runners][INFO] - Timestep 35, input to next step: -------------------------------------------------------------------------------------------------------------
[2026-04-20 01:19:17,884][rfdiffusion.inference.model_runners][INFO] - Timestep 34, input to next step: -------------------------------------------------------------------------------------------------------------
[2026-04-20 01:19:19,597][rfdiffusion.inference.model_runners][INFO] - Timestep 33, input to next step: -------------------------------------------------------------------------------------------------------------
[2026-04-20 01:19:21,342][rfdiffusion.inference.model_runners][INFO] - Timestep 32, input to next step: -------------------------------------------------------------------------------------------------------------
[2026-04-20 01:19:23,104][rfdiffusion.inference.model_runners][INFO] - Timestep 31, input to next step: -------------------------------------------------------------------------------------------------------------
[2026-04-20 01:19:24,848][rfdiffusion.inference.model_runners][INFO] - Timestep 30, input to next step: -------------------------------------------------------------------------------------------------------------
[2026-04-20 01:19:26,918][rfdiffusion.inference.model_runners][INFO] - Timestep 29, input to next step: -------------------------------------------------------------------------------------------------------------
[2026-04-20 01:19:29,024][rfdiffusion.inference.model_runners][INFO] - Timestep 28, input to next step: -------------------------------------------------------------------------------------------------------------
[2026-04-20 01:19:30,758][rfdiffusion.inference.model_runners][INFO] - Timestep 27, input to next step: -------------------------------------------------------------------------------------------------------------
[2026-04-20 01:19:32,876][rfdiffusion.inference.model_runners][INFO] - Timestep 26, input to next step: -------------------------------------------------------------------------------------------------------------
[2026-04-20 01:19:34,825][rfdiffusion.inference.model_runners][INFO] - Timestep 25, input to next step: -------------------------------------------------------------------------------------------------------------
[2026-04-20 01:19:36,349][rfdiffusion.inference.model_runners][INFO] - Timestep 24, input to next step: -------------------------------------------------------------------------------------------------------------
[2026-04-20 01:19:38,057][rfdiffusion.inference.model_runners][INFO] - Timestep 23, input to next step: -------------------------------------------------------------------------------------------------------------
[2026-04-20 01:19:39,909][rfdiffusion.inference.model_runners][INFO] - Timestep 22, input to next step: -------------------------------------------------------------------------------------------------------------
[2026-04-20 01:19:41,651][rfdiffusion.inference.model_runners][INFO] - Timestep 21, input to next step: -------------------------------------------------------------------------------------------------------------
[2026-04-20 01:19:43,397][rfdiffusion.inference.model_runners][INFO] - Timestep 20, input to next step: -------------------------------------------------------------------------------------------------------------
[2026-04-20 01:19:45,218][rfdiffusion.inference.model_runners][INFO] - Timestep 19, input to next step: -------------------------------------------------------------------------------------------------------------
[2026-04-20 01:19:47,132][rfdiffusion.inference.model_runners][INFO] - Timestep 18, input to next step: -------------------------------------------------------------------------------------------------------------
[2026-04-20 01:19:49,046][rfdiffusion.inference.model_runners][INFO] - Timestep 17, input to next step: -------------------------------------------------------------------------------------------------------------
[2026-04-20 01:19:51,047][rfdiffusion.inference.model_runners][INFO] - Timestep 16, input to next step: -------------------------------------------------------------------------------------------------------------
[2026-04-20 01:19:52,862][rfdiffusion.inference.model_runners][INFO] - Timestep 15, input to next step: -------------------------------------------------------------------------------------------------------------
[2026-04-20 01:19:54,696][rfdiffusion.inference.model_runners][INFO] - Timestep 14, input to next step: -------------------------------------------------------------------------------------------------------------
[2026-04-20 01:19:56,446][rfdiffusion.inference.model_runners][INFO] - Timestep 13, input to next step: -------------------------------------------------------------------------------------------------------------
[2026-04-20 01:19:58,197][rfdiffusion.inference.model_runners][INFO] - Timestep 12, input to next step: -------------------------------------------------------------------------------------------------------------
[2026-04-20 01:19:59,942][rfdiffusion.inference.model_runners][INFO] - Timestep 11, input to next step: -------------------------------------------------------------------------------------------------------------
[2026-04-20 01:20:01,914][rfdiffusion.inference.model_runners][INFO] - Timestep 10, input to next step: -------------------------------------------------------------------------------------------------------------
[2026-04-20 01:20:03,692][rfdiffusion.inference.model_runners][INFO] - Timestep 9, input to next step: -------------------------------------------------------------------------------------------------------------
[2026-04-20 01:20:05,376][rfdiffusion.inference.model_runners][INFO] - Timestep 8, input to next step: -------------------------------------------------------------------------------------------------------------
[2026-04-20 01:20:07,125][rfdiffusion.inference.model_runners][INFO] - Timestep 7, input to next step: -------------------------------------------------------------------------------------------------------------
[2026-04-20 01:20:08,888][rfdiffusion.inference.model_runners][INFO] - Timestep 6, input to next step: -------------------------------------------------------------------------------------------------------------
[2026-04-20 01:20:10,660][rfdiffusion.inference.model_runners][INFO] - Timestep 5, input to next step: -------------------------------------------------------------------------------------------------------------
[2026-04-20 01:20:12,449][rfdiffusion.inference.model_runners][INFO] - Timestep 4, input to next step: -------------------------------------------------------------------------------------------------------------
[2026-04-20 01:20:14,217][rfdiffusion.inference.model_runners][INFO] - Timestep 3, input to next step: -------------------------------------------------------------------------------------------------------------
[2026-04-20 01:20:15,987][rfdiffusion.inference.model_runners][INFO] - Timestep 2, input to next step: -------------------------------------------------------------------------------------------------------------
[2026-04-20 01:20:19,747][__main__][INFO] - Finished design in 1.55 minutes
