[2026-04-19 22:38:37,229][__main__][INFO] - Found GPU with device_name NVIDIA GeForce RTX 3050 Ti Laptop GPU. Will run RFdiffusion on NVIDIA GeForce RTX 3050 Ti Laptop GPU
[2026-04-19 22:38:37,230][rfdiffusion.inference.model_runners][INFO] - Reading checkpoint from /home/manvi/Team_8_CS598GBL/RFdiffusion/rfdiffusion/inference/../../models/Base_ckpt.pt
[2026-04-19 22:38:42,718][rfdiffusion.inference.model_runners][INFO] - Loading checkpoint.
[2026-04-19 22:38:42,975][rfdiffusion.diffusion][INFO] - Using cached IGSO3.
[2026-04-19 22:38:42,987][__main__][INFO] - Making design /home/manvi/Team_8_CS598GBL/Assignment/Generate_designs/default/len_101/design_0
[2026-04-19 22:38:42,992][rfdiffusion.inference.model_runners][INFO] - Using contig: ['101-101']
[2026-04-19 22:38:43,028][rfdiffusion.inference.model_runners][INFO] - Sequence init: -----------------------------------------------------------------------------------------------------
[2026-04-19 22:38:47,341][rfdiffusion.inference.model_runners][INFO] - Timestep 50, input to next step: -----------------------------------------------------------------------------------------------------
[2026-04-19 22:38:48,731][rfdiffusion.inference.model_runners][INFO] - Timestep 49, input to next step: -----------------------------------------------------------------------------------------------------
[2026-04-19 22:38:50,235][rfdiffusion.inference.model_runners][INFO] - Timestep 48, input to next step: -----------------------------------------------------------------------------------------------------
[2026-04-19 22:38:51,639][rfdiffusion.inference.model_runners][INFO] - Timestep 47, input to next step: -----------------------------------------------------------------------------------------------------
[2026-04-19 22:38:53,122][rfdiffusion.inference.model_runners][INFO] - Timestep 46, input to next step: -----------------------------------------------------------------------------------------------------
[2026-04-19 22:38:54,623][rfdiffusion.inference.model_runners][INFO] - Timestep 45, input to next step: -----------------------------------------------------------------------------------------------------
[2026-04-19 22:38:56,125][rfdiffusion.inference.model_runners][INFO] - Timestep 44, input to next step: -----------------------------------------------------------------------------------------------------
[2026-04-19 22:38:57,585][rfdiffusion.inference.model_runners][INFO] - Timestep 43, input to next step: -----------------------------------------------------------------------------------------------------
[2026-04-19 22:38:59,057][rfdiffusion.inference.model_runners][INFO] - Timestep 42, input to next step: -----------------------------------------------------------------------------------------------------
[2026-04-19 22:39:00,569][rfdiffusion.inference.model_runners][INFO] - Timestep 41, input to next step: -----------------------------------------------------------------------------------------------------
[2026-04-19 22:39:02,073][rfdiffusion.inference.model_runners][INFO] - Timestep 40, input to next step: -----------------------------------------------------------------------------------------------------
[2026-04-19 22:39:03,509][rfdiffusion.inference.model_runners][INFO] - Timestep 39, input to next step: -----------------------------------------------------------------------------------------------------
[2026-04-19 22:39:05,122][rfdiffusion.inference.model_runners][INFO] - Timestep 38, input to next step: -----------------------------------------------------------------------------------------------------
[2026-04-19 22:39:06,658][rfdiffusion.inference.model_runners][INFO] - Timestep 37, input to next step: -----------------------------------------------------------------------------------------------------
[2026-04-19 22:39:08,174][rfdiffusion.inference.model_runners][INFO] - Timestep 36, input to next step: -----------------------------------------------------------------------------------------------------
[2026-04-19 22:39:09,696][rfdiffusion.inference.model_runners][INFO] - Timestep 35, input to next step: -----------------------------------------------------------------------------------------------------
[2026-04-19 22:39:11,227][rfdiffusion.inference.model_runners][INFO] - Timestep 34, input to next step: -----------------------------------------------------------------------------------------------------
[2026-04-19 22:39:12,717][rfdiffusion.inference.model_runners][INFO] - Timestep 33, input to next step: -----------------------------------------------------------------------------------------------------
[2026-04-19 22:39:14,258][rfdiffusion.inference.model_runners][INFO] - Timestep 32, input to next step: -----------------------------------------------------------------------------------------------------
[2026-04-19 22:39:15,694][rfdiffusion.inference.model_runners][INFO] - Timestep 31, input to next step: -----------------------------------------------------------------------------------------------------
[2026-04-19 22:39:17,201][rfdiffusion.inference.model_runners][INFO] - Timestep 30, input to next step: -----------------------------------------------------------------------------------------------------
[2026-04-19 22:39:18,640][rfdiffusion.inference.model_runners][INFO] - Timestep 29, input to next step: -----------------------------------------------------------------------------------------------------
[2026-04-19 22:39:20,135][rfdiffusion.inference.model_runners][INFO] - Timestep 28, input to next step: -----------------------------------------------------------------------------------------------------
[2026-04-19 22:39:21,668][rfdiffusion.inference.model_runners][INFO] - Timestep 27, input to next step: -----------------------------------------------------------------------------------------------------
[2026-04-19 22:39:23,146][rfdiffusion.inference.model_runners][INFO] - Timestep 26, input to next step: -----------------------------------------------------------------------------------------------------
[2026-04-19 22:39:24,686][rfdiffusion.inference.model_runners][INFO] - Timestep 25, input to next step: -----------------------------------------------------------------------------------------------------
[2026-04-19 22:39:26,108][rfdiffusion.inference.model_runners][INFO] - Timestep 24, input to next step: -----------------------------------------------------------------------------------------------------
[2026-04-19 22:39:27,602][rfdiffusion.inference.model_runners][INFO] - Timestep 23, input to next step: -----------------------------------------------------------------------------------------------------
[2026-04-19 22:39:29,070][rfdiffusion.inference.model_runners][INFO] - Timestep 22, input to next step: -----------------------------------------------------------------------------------------------------
[2026-04-19 22:39:30,532][rfdiffusion.inference.model_runners][INFO] - Timestep 21, input to next step: -----------------------------------------------------------------------------------------------------
[2026-04-19 22:39:31,991][rfdiffusion.inference.model_runners][INFO] - Timestep 20, input to next step: -----------------------------------------------------------------------------------------------------
[2026-04-19 22:39:33,464][rfdiffusion.inference.model_runners][INFO] - Timestep 19, input to next step: -----------------------------------------------------------------------------------------------------
[2026-04-19 22:39:34,943][rfdiffusion.inference.model_runners][INFO] - Timestep 18, input to next step: -----------------------------------------------------------------------------------------------------
[2026-04-19 22:39:36,367][rfdiffusion.inference.model_runners][INFO] - Timestep 17, input to next step: -----------------------------------------------------------------------------------------------------
[2026-04-19 22:39:37,861][rfdiffusion.inference.model_runners][INFO] - Timestep 16, input to next step: -----------------------------------------------------------------------------------------------------
[2026-04-19 22:39:39,359][rfdiffusion.inference.model_runners][INFO] - Timestep 15, input to next step: -----------------------------------------------------------------------------------------------------
[2026-04-19 22:39:40,785][rfdiffusion.inference.model_runners][INFO] - Timestep 14, input to next step: -----------------------------------------------------------------------------------------------------
[2026-04-19 22:39:42,195][rfdiffusion.inference.model_runners][INFO] - Timestep 13, input to next step: -----------------------------------------------------------------------------------------------------
[2026-04-19 22:39:43,793][rfdiffusion.inference.model_runners][INFO] - Timestep 12, input to next step: -----------------------------------------------------------------------------------------------------
[2026-04-19 22:39:45,457][rfdiffusion.inference.model_runners][INFO] - Timestep 11, input to next step: -----------------------------------------------------------------------------------------------------
[2026-04-19 22:39:47,341][rfdiffusion.inference.model_runners][INFO] - Timestep 10, input to next step: -----------------------------------------------------------------------------------------------------
[2026-04-19 22:39:49,077][rfdiffusion.inference.model_runners][INFO] - Timestep 9, input to next step: -----------------------------------------------------------------------------------------------------
[2026-04-19 22:39:50,568][rfdiffusion.inference.model_runners][INFO] - Timestep 8, input to next step: -----------------------------------------------------------------------------------------------------
[2026-04-19 22:39:52,158][rfdiffusion.inference.model_runners][INFO] - Timestep 7, input to next step: -----------------------------------------------------------------------------------------------------
[2026-04-19 22:39:53,707][rfdiffusion.inference.model_runners][INFO] - Timestep 6, input to next step: -----------------------------------------------------------------------------------------------------
[2026-04-19 22:39:55,221][rfdiffusion.inference.model_runners][INFO] - Timestep 5, input to next step: -----------------------------------------------------------------------------------------------------
[2026-04-19 22:39:56,841][rfdiffusion.inference.model_runners][INFO] - Timestep 4, input to next step: -----------------------------------------------------------------------------------------------------
[2026-04-19 22:39:58,402][rfdiffusion.inference.model_runners][INFO] - Timestep 3, input to next step: -----------------------------------------------------------------------------------------------------
[2026-04-19 22:39:59,995][rfdiffusion.inference.model_runners][INFO] - Timestep 2, input to next step: -----------------------------------------------------------------------------------------------------
[2026-04-19 22:40:02,919][__main__][INFO] - Finished design in 1.33 minutes
[2026-04-19 22:40:02,919][__main__][INFO] - Making design /home/manvi/Team_8_CS598GBL/Assignment/Generate_designs/default/len_101/design_1
[2026-04-19 22:40:02,923][rfdiffusion.inference.model_runners][INFO] - Using contig: ['101-101']
[2026-04-19 22:40:02,941][rfdiffusion.inference.model_runners][INFO] - Sequence init: -----------------------------------------------------------------------------------------------------
[2026-04-19 22:40:04,144][rfdiffusion.inference.model_runners][INFO] - Timestep 50, input to next step: -----------------------------------------------------------------------------------------------------
[2026-04-19 22:40:05,623][rfdiffusion.inference.model_runners][INFO] - Timestep 49, input to next step: -----------------------------------------------------------------------------------------------------
[2026-04-19 22:40:07,166][rfdiffusion.inference.model_runners][INFO] - Timestep 48, input to next step: -----------------------------------------------------------------------------------------------------
[2026-04-19 22:40:08,739][rfdiffusion.inference.model_runners][INFO] - Timestep 47, input to next step: -----------------------------------------------------------------------------------------------------
[2026-04-19 22:40:10,158][rfdiffusion.inference.model_runners][INFO] - Timestep 46, input to next step: -----------------------------------------------------------------------------------------------------
[2026-04-19 22:40:11,667][rfdiffusion.inference.model_runners][INFO] - Timestep 45, input to next step: -----------------------------------------------------------------------------------------------------
[2026-04-19 22:40:13,146][rfdiffusion.inference.model_runners][INFO] - Timestep 44, input to next step: -----------------------------------------------------------------------------------------------------
[2026-04-19 22:40:14,655][rfdiffusion.inference.model_runners][INFO] - Timestep 43, input to next step: -----------------------------------------------------------------------------------------------------
[2026-04-19 22:40:16,245][rfdiffusion.inference.model_runners][INFO] - Timestep 42, input to next step: -----------------------------------------------------------------------------------------------------
[2026-04-19 22:40:17,745][rfdiffusion.inference.model_runners][INFO] - Timestep 41, input to next step: -----------------------------------------------------------------------------------------------------
[2026-04-19 22:40:19,284][rfdiffusion.inference.model_runners][INFO] - Timestep 40, input to next step: -----------------------------------------------------------------------------------------------------
[2026-04-19 22:40:20,936][rfdiffusion.inference.model_runners][INFO] - Timestep 39, input to next step: -----------------------------------------------------------------------------------------------------
[2026-04-19 22:40:22,480][rfdiffusion.inference.model_runners][INFO] - Timestep 38, input to next step: -----------------------------------------------------------------------------------------------------
[2026-04-19 22:40:23,983][rfdiffusion.inference.model_runners][INFO] - Timestep 37, input to next step: -----------------------------------------------------------------------------------------------------
[2026-04-19 22:40:25,871][rfdiffusion.inference.model_runners][INFO] - Timestep 36, input to next step: -----------------------------------------------------------------------------------------------------
[2026-04-19 22:40:29,211][rfdiffusion.inference.model_runners][INFO] - Timestep 35, input to next step: -----------------------------------------------------------------------------------------------------
[2026-04-19 22:40:34,544][rfdiffusion.inference.model_runners][INFO] - Timestep 34, input to next step: -----------------------------------------------------------------------------------------------------
[2026-04-19 22:40:37,171][rfdiffusion.inference.model_runners][INFO] - Timestep 33, input to next step: -----------------------------------------------------------------------------------------------------
[2026-04-19 22:40:38,932][rfdiffusion.inference.model_runners][INFO] - Timestep 32, input to next step: -----------------------------------------------------------------------------------------------------
[2026-04-19 22:40:40,565][rfdiffusion.inference.model_runners][INFO] - Timestep 31, input to next step: -----------------------------------------------------------------------------------------------------
[2026-04-19 22:40:42,062][rfdiffusion.inference.model_runners][INFO] - Timestep 30, input to next step: -----------------------------------------------------------------------------------------------------
[2026-04-19 22:40:43,489][rfdiffusion.inference.model_runners][INFO] - Timestep 29, input to next step: -----------------------------------------------------------------------------------------------------
[2026-04-19 22:40:45,068][rfdiffusion.inference.model_runners][INFO] - Timestep 28, input to next step: -----------------------------------------------------------------------------------------------------
[2026-04-19 22:40:46,613][rfdiffusion.inference.model_runners][INFO] - Timestep 27, input to next step: -----------------------------------------------------------------------------------------------------
[2026-04-19 22:40:48,155][rfdiffusion.inference.model_runners][INFO] - Timestep 26, input to next step: -----------------------------------------------------------------------------------------------------
[2026-04-19 22:40:49,680][rfdiffusion.inference.model_runners][INFO] - Timestep 25, input to next step: -----------------------------------------------------------------------------------------------------
[2026-04-19 22:40:51,192][rfdiffusion.inference.model_runners][INFO] - Timestep 24, input to next step: -----------------------------------------------------------------------------------------------------
[2026-04-19 22:40:52,713][rfdiffusion.inference.model_runners][INFO] - Timestep 23, input to next step: -----------------------------------------------------------------------------------------------------
[2026-04-19 22:40:54,194][rfdiffusion.inference.model_runners][INFO] - Timestep 22, input to next step: -----------------------------------------------------------------------------------------------------
[2026-04-19 22:40:55,767][rfdiffusion.inference.model_runners][INFO] - Timestep 21, input to next step: -----------------------------------------------------------------------------------------------------
[2026-04-19 22:40:57,338][rfdiffusion.inference.model_runners][INFO] - Timestep 20, input to next step: -----------------------------------------------------------------------------------------------------
[2026-04-19 22:40:58,892][rfdiffusion.inference.model_runners][INFO] - Timestep 19, input to next step: -----------------------------------------------------------------------------------------------------
[2026-04-19 22:41:00,305][rfdiffusion.inference.model_runners][INFO] - Timestep 18, input to next step: -----------------------------------------------------------------------------------------------------
[2026-04-19 22:41:01,832][rfdiffusion.inference.model_runners][INFO] - Timestep 17, input to next step: -----------------------------------------------------------------------------------------------------
[2026-04-19 22:41:03,447][rfdiffusion.inference.model_runners][INFO] - Timestep 16, input to next step: -----------------------------------------------------------------------------------------------------
[2026-04-19 22:41:05,025][rfdiffusion.inference.model_runners][INFO] - Timestep 15, input to next step: -----------------------------------------------------------------------------------------------------
[2026-04-19 22:41:06,547][rfdiffusion.inference.model_runners][INFO] - Timestep 14, input to next step: -----------------------------------------------------------------------------------------------------
[2026-04-19 22:41:07,973][rfdiffusion.inference.model_runners][INFO] - Timestep 13, input to next step: -----------------------------------------------------------------------------------------------------
[2026-04-19 22:41:09,521][rfdiffusion.inference.model_runners][INFO] - Timestep 12, input to next step: -----------------------------------------------------------------------------------------------------
[2026-04-19 22:41:11,137][rfdiffusion.inference.model_runners][INFO] - Timestep 11, input to next step: -----------------------------------------------------------------------------------------------------
[2026-04-19 22:41:12,661][rfdiffusion.inference.model_runners][INFO] - Timestep 10, input to next step: -----------------------------------------------------------------------------------------------------
[2026-04-19 22:41:14,231][rfdiffusion.inference.model_runners][INFO] - Timestep 9, input to next step: -----------------------------------------------------------------------------------------------------
[2026-04-19 22:41:15,808][rfdiffusion.inference.model_runners][INFO] - Timestep 8, input to next step: -----------------------------------------------------------------------------------------------------
[2026-04-19 22:41:17,371][rfdiffusion.inference.model_runners][INFO] - Timestep 7, input to next step: -----------------------------------------------------------------------------------------------------
[2026-04-19 22:41:18,964][rfdiffusion.inference.model_runners][INFO] - Timestep 6, input to next step: -----------------------------------------------------------------------------------------------------
[2026-04-19 22:41:20,514][rfdiffusion.inference.model_runners][INFO] - Timestep 5, input to next step: -----------------------------------------------------------------------------------------------------
[2026-04-19 22:41:22,173][rfdiffusion.inference.model_runners][INFO] - Timestep 4, input to next step: -----------------------------------------------------------------------------------------------------
[2026-04-19 22:41:23,799][rfdiffusion.inference.model_runners][INFO] - Timestep 3, input to next step: -----------------------------------------------------------------------------------------------------
[2026-04-19 22:41:25,332][rfdiffusion.inference.model_runners][INFO] - Timestep 2, input to next step: -----------------------------------------------------------------------------------------------------
[2026-04-19 22:41:28,387][__main__][INFO] - Finished design in 1.42 minutes
[2026-04-19 22:41:28,388][__main__][INFO] - Making design /home/manvi/Team_8_CS598GBL/Assignment/Generate_designs/default/len_101/design_2
[2026-04-19 22:41:28,392][rfdiffusion.inference.model_runners][INFO] - Using contig: ['101-101']
[2026-04-19 22:41:28,409][rfdiffusion.inference.model_runners][INFO] - Sequence init: -----------------------------------------------------------------------------------------------------
[2026-04-19 22:41:29,739][rfdiffusion.inference.model_runners][INFO] - Timestep 50, input to next step: -----------------------------------------------------------------------------------------------------
[2026-04-19 22:41:31,284][rfdiffusion.inference.model_runners][INFO] - Timestep 49, input to next step: -----------------------------------------------------------------------------------------------------
[2026-04-19 22:41:32,732][rfdiffusion.inference.model_runners][INFO] - Timestep 48, input to next step: -----------------------------------------------------------------------------------------------------
[2026-04-19 22:41:34,363][rfdiffusion.inference.model_runners][INFO] - Timestep 47, input to next step: -----------------------------------------------------------------------------------------------------
[2026-04-19 22:41:35,914][rfdiffusion.inference.model_runners][INFO] - Timestep 46, input to next step: -----------------------------------------------------------------------------------------------------
[2026-04-19 22:41:37,482][rfdiffusion.inference.model_runners][INFO] - Timestep 45, input to next step: -----------------------------------------------------------------------------------------------------
[2026-04-19 22:41:39,041][rfdiffusion.inference.model_runners][INFO] - Timestep 44, input to next step: -----------------------------------------------------------------------------------------------------
[2026-04-19 22:41:40,577][rfdiffusion.inference.model_runners][INFO] - Timestep 43, input to next step: -----------------------------------------------------------------------------------------------------
[2026-04-19 22:41:42,157][rfdiffusion.inference.model_runners][INFO] - Timestep 42, input to next step: -----------------------------------------------------------------------------------------------------
[2026-04-19 22:41:43,668][rfdiffusion.inference.model_runners][INFO] - Timestep 41, input to next step: -----------------------------------------------------------------------------------------------------
[2026-04-19 22:41:45,162][rfdiffusion.inference.model_runners][INFO] - Timestep 40, input to next step: -----------------------------------------------------------------------------------------------------
[2026-04-19 22:41:46,749][rfdiffusion.inference.model_runners][INFO] - Timestep 39, input to next step: -----------------------------------------------------------------------------------------------------
[2026-04-19 22:41:48,328][rfdiffusion.inference.model_runners][INFO] - Timestep 38, input to next step: -----------------------------------------------------------------------------------------------------
[2026-04-19 22:41:49,822][rfdiffusion.inference.model_runners][INFO] - Timestep 37, input to next step: -----------------------------------------------------------------------------------------------------
[2026-04-19 22:41:51,411][rfdiffusion.inference.model_runners][INFO] - Timestep 36, input to next step: -----------------------------------------------------------------------------------------------------
[2026-04-19 22:41:52,961][rfdiffusion.inference.model_runners][INFO] - Timestep 35, input to next step: -----------------------------------------------------------------------------------------------------
[2026-04-19 22:41:54,543][rfdiffusion.inference.model_runners][INFO] - Timestep 34, input to next step: -----------------------------------------------------------------------------------------------------
[2026-04-19 22:41:56,135][rfdiffusion.inference.model_runners][INFO] - Timestep 33, input to next step: -----------------------------------------------------------------------------------------------------
[2026-04-19 22:41:57,789][rfdiffusion.inference.model_runners][INFO] - Timestep 32, input to next step: -----------------------------------------------------------------------------------------------------
[2026-04-19 22:41:59,368][rfdiffusion.inference.model_runners][INFO] - Timestep 31, input to next step: -----------------------------------------------------------------------------------------------------
[2026-04-19 22:42:00,855][rfdiffusion.inference.model_runners][INFO] - Timestep 30, input to next step: -----------------------------------------------------------------------------------------------------
[2026-04-19 22:42:02,503][rfdiffusion.inference.model_runners][INFO] - Timestep 29, input to next step: -----------------------------------------------------------------------------------------------------
[2026-04-19 22:42:04,329][rfdiffusion.inference.model_runners][INFO] - Timestep 28, input to next step: -----------------------------------------------------------------------------------------------------
[2026-04-19 22:42:06,108][rfdiffusion.inference.model_runners][INFO] - Timestep 27, input to next step: -----------------------------------------------------------------------------------------------------
[2026-04-19 22:42:07,611][rfdiffusion.inference.model_runners][INFO] - Timestep 26, input to next step: -----------------------------------------------------------------------------------------------------
[2026-04-19 22:42:09,218][rfdiffusion.inference.model_runners][INFO] - Timestep 25, input to next step: -----------------------------------------------------------------------------------------------------
[2026-04-19 22:42:10,888][rfdiffusion.inference.model_runners][INFO] - Timestep 24, input to next step: -----------------------------------------------------------------------------------------------------
[2026-04-19 22:42:13,281][rfdiffusion.inference.model_runners][INFO] - Timestep 23, input to next step: -----------------------------------------------------------------------------------------------------
[2026-04-19 22:42:15,249][rfdiffusion.inference.model_runners][INFO] - Timestep 22, input to next step: -----------------------------------------------------------------------------------------------------
[2026-04-19 22:42:17,010][rfdiffusion.inference.model_runners][INFO] - Timestep 21, input to next step: -----------------------------------------------------------------------------------------------------
[2026-04-19 22:42:18,844][rfdiffusion.inference.model_runners][INFO] - Timestep 20, input to next step: -----------------------------------------------------------------------------------------------------
[2026-04-19 22:42:20,556][rfdiffusion.inference.model_runners][INFO] - Timestep 19, input to next step: -----------------------------------------------------------------------------------------------------
[2026-04-19 22:42:22,336][rfdiffusion.inference.model_runners][INFO] - Timestep 18, input to next step: -----------------------------------------------------------------------------------------------------
[2026-04-19 22:42:24,134][rfdiffusion.inference.model_runners][INFO] - Timestep 17, input to next step: -----------------------------------------------------------------------------------------------------
[2026-04-19 22:42:25,755][rfdiffusion.inference.model_runners][INFO] - Timestep 16, input to next step: -----------------------------------------------------------------------------------------------------
[2026-04-19 22:42:27,457][rfdiffusion.inference.model_runners][INFO] - Timestep 15, input to next step: -----------------------------------------------------------------------------------------------------
[2026-04-19 22:42:29,127][rfdiffusion.inference.model_runners][INFO] - Timestep 14, input to next step: -----------------------------------------------------------------------------------------------------
[2026-04-19 22:42:30,668][rfdiffusion.inference.model_runners][INFO] - Timestep 13, input to next step: -----------------------------------------------------------------------------------------------------
[2026-04-19 22:42:32,165][rfdiffusion.inference.model_runners][INFO] - Timestep 12, input to next step: -----------------------------------------------------------------------------------------------------
[2026-04-19 22:42:33,713][rfdiffusion.inference.model_runners][INFO] - Timestep 11, input to next step: -----------------------------------------------------------------------------------------------------
[2026-04-19 22:42:35,331][rfdiffusion.inference.model_runners][INFO] - Timestep 10, input to next step: -----------------------------------------------------------------------------------------------------
[2026-04-19 22:42:37,117][rfdiffusion.inference.model_runners][INFO] - Timestep 9, input to next step: -----------------------------------------------------------------------------------------------------
[2026-04-19 22:42:38,649][rfdiffusion.inference.model_runners][INFO] - Timestep 8, input to next step: -----------------------------------------------------------------------------------------------------
[2026-04-19 22:42:40,168][rfdiffusion.inference.model_runners][INFO] - Timestep 7, input to next step: -----------------------------------------------------------------------------------------------------
[2026-04-19 22:42:41,721][rfdiffusion.inference.model_runners][INFO] - Timestep 6, input to next step: -----------------------------------------------------------------------------------------------------
[2026-04-19 22:42:43,345][rfdiffusion.inference.model_runners][INFO] - Timestep 5, input to next step: -----------------------------------------------------------------------------------------------------
[2026-04-19 22:42:44,835][rfdiffusion.inference.model_runners][INFO] - Timestep 4, input to next step: -----------------------------------------------------------------------------------------------------
[2026-04-19 22:42:46,385][rfdiffusion.inference.model_runners][INFO] - Timestep 3, input to next step: -----------------------------------------------------------------------------------------------------
[2026-04-19 22:42:47,896][rfdiffusion.inference.model_runners][INFO] - Timestep 2, input to next step: -----------------------------------------------------------------------------------------------------
[2026-04-19 22:42:50,967][__main__][INFO] - Finished design in 1.38 minutes
[2026-04-19 22:42:50,967][__main__][INFO] - Making design /home/manvi/Team_8_CS598GBL/Assignment/Generate_designs/default/len_101/design_3
[2026-04-19 22:42:50,971][rfdiffusion.inference.model_runners][INFO] - Using contig: ['101-101']
[2026-04-19 22:42:50,990][rfdiffusion.inference.model_runners][INFO] - Sequence init: -----------------------------------------------------------------------------------------------------
[2026-04-19 22:42:52,222][rfdiffusion.inference.model_runners][INFO] - Timestep 50, input to next step: -----------------------------------------------------------------------------------------------------
[2026-04-19 22:42:53,662][rfdiffusion.inference.model_runners][INFO] - Timestep 49, input to next step: -----------------------------------------------------------------------------------------------------
[2026-04-19 22:42:55,223][rfdiffusion.inference.model_runners][INFO] - Timestep 48, input to next step: -----------------------------------------------------------------------------------------------------
[2026-04-19 22:42:56,815][rfdiffusion.inference.model_runners][INFO] - Timestep 47, input to next step: -----------------------------------------------------------------------------------------------------
[2026-04-19 22:42:58,422][rfdiffusion.inference.model_runners][INFO] - Timestep 46, input to next step: -----------------------------------------------------------------------------------------------------
[2026-04-19 22:43:00,011][rfdiffusion.inference.model_runners][INFO] - Timestep 45, input to next step: -----------------------------------------------------------------------------------------------------
[2026-04-19 22:43:01,532][rfdiffusion.inference.model_runners][INFO] - Timestep 44, input to next step: -----------------------------------------------------------------------------------------------------
[2026-04-19 22:43:03,324][rfdiffusion.inference.model_runners][INFO] - Timestep 43, input to next step: -----------------------------------------------------------------------------------------------------
[2026-04-19 22:43:05,079][rfdiffusion.inference.model_runners][INFO] - Timestep 42, input to next step: -----------------------------------------------------------------------------------------------------
[2026-04-19 22:43:06,903][rfdiffusion.inference.model_runners][INFO] - Timestep 41, input to next step: -----------------------------------------------------------------------------------------------------
[2026-04-19 22:43:08,928][rfdiffusion.inference.model_runners][INFO] - Timestep 40, input to next step: -----------------------------------------------------------------------------------------------------
[2026-04-19 22:43:10,936][rfdiffusion.inference.model_runners][INFO] - Timestep 39, input to next step: -----------------------------------------------------------------------------------------------------
[2026-04-19 22:43:12,585][rfdiffusion.inference.model_runners][INFO] - Timestep 38, input to next step: -----------------------------------------------------------------------------------------------------
[2026-04-19 22:43:14,489][rfdiffusion.inference.model_runners][INFO] - Timestep 37, input to next step: -----------------------------------------------------------------------------------------------------
[2026-04-19 22:43:16,110][rfdiffusion.inference.model_runners][INFO] - Timestep 36, input to next step: -----------------------------------------------------------------------------------------------------
[2026-04-19 22:43:17,703][rfdiffusion.inference.model_runners][INFO] - Timestep 35, input to next step: -----------------------------------------------------------------------------------------------------
[2026-04-19 22:43:19,464][rfdiffusion.inference.model_runners][INFO] - Timestep 34, input to next step: -----------------------------------------------------------------------------------------------------
[2026-04-19 22:43:21,046][rfdiffusion.inference.model_runners][INFO] - Timestep 33, input to next step: -----------------------------------------------------------------------------------------------------
[2026-04-19 22:43:22,730][rfdiffusion.inference.model_runners][INFO] - Timestep 32, input to next step: -----------------------------------------------------------------------------------------------------
[2026-04-19 22:43:24,472][rfdiffusion.inference.model_runners][INFO] - Timestep 31, input to next step: -----------------------------------------------------------------------------------------------------
[2026-04-19 22:43:26,336][rfdiffusion.inference.model_runners][INFO] - Timestep 30, input to next step: -----------------------------------------------------------------------------------------------------
[2026-04-19 22:43:28,041][rfdiffusion.inference.model_runners][INFO] - Timestep 29, input to next step: -----------------------------------------------------------------------------------------------------
[2026-04-19 22:43:29,931][rfdiffusion.inference.model_runners][INFO] - Timestep 28, input to next step: -----------------------------------------------------------------------------------------------------
[2026-04-19 22:43:31,545][rfdiffusion.inference.model_runners][INFO] - Timestep 27, input to next step: -----------------------------------------------------------------------------------------------------
[2026-04-19 22:43:33,104][rfdiffusion.inference.model_runners][INFO] - Timestep 26, input to next step: -----------------------------------------------------------------------------------------------------
[2026-04-19 22:43:34,684][rfdiffusion.inference.model_runners][INFO] - Timestep 25, input to next step: -----------------------------------------------------------------------------------------------------
[2026-04-19 22:43:36,271][rfdiffusion.inference.model_runners][INFO] - Timestep 24, input to next step: -----------------------------------------------------------------------------------------------------
[2026-04-19 22:43:37,969][rfdiffusion.inference.model_runners][INFO] - Timestep 23, input to next step: -----------------------------------------------------------------------------------------------------
[2026-04-19 22:43:39,721][rfdiffusion.inference.model_runners][INFO] - Timestep 22, input to next step: -----------------------------------------------------------------------------------------------------
[2026-04-19 22:43:41,623][rfdiffusion.inference.model_runners][INFO] - Timestep 21, input to next step: -----------------------------------------------------------------------------------------------------
[2026-04-19 22:43:43,363][rfdiffusion.inference.model_runners][INFO] - Timestep 20, input to next step: -----------------------------------------------------------------------------------------------------
[2026-04-19 22:43:44,998][rfdiffusion.inference.model_runners][INFO] - Timestep 19, input to next step: -----------------------------------------------------------------------------------------------------
[2026-04-19 22:43:46,781][rfdiffusion.inference.model_runners][INFO] - Timestep 18, input to next step: -----------------------------------------------------------------------------------------------------
[2026-04-19 22:43:48,573][rfdiffusion.inference.model_runners][INFO] - Timestep 17, input to next step: -----------------------------------------------------------------------------------------------------
[2026-04-19 22:43:50,376][rfdiffusion.inference.model_runners][INFO] - Timestep 16, input to next step: -----------------------------------------------------------------------------------------------------
[2026-04-19 22:43:52,364][rfdiffusion.inference.model_runners][INFO] - Timestep 15, input to next step: -----------------------------------------------------------------------------------------------------
[2026-04-19 22:43:54,286][rfdiffusion.inference.model_runners][INFO] - Timestep 14, input to next step: -----------------------------------------------------------------------------------------------------
[2026-04-19 22:43:56,161][rfdiffusion.inference.model_runners][INFO] - Timestep 13, input to next step: -----------------------------------------------------------------------------------------------------
[2026-04-19 22:43:57,815][rfdiffusion.inference.model_runners][INFO] - Timestep 12, input to next step: -----------------------------------------------------------------------------------------------------
[2026-04-19 22:43:59,503][rfdiffusion.inference.model_runners][INFO] - Timestep 11, input to next step: -----------------------------------------------------------------------------------------------------
[2026-04-19 22:44:01,169][rfdiffusion.inference.model_runners][INFO] - Timestep 10, input to next step: -----------------------------------------------------------------------------------------------------
[2026-04-19 22:44:02,694][rfdiffusion.inference.model_runners][INFO] - Timestep 9, input to next step: -----------------------------------------------------------------------------------------------------
[2026-04-19 22:44:04,263][rfdiffusion.inference.model_runners][INFO] - Timestep 8, input to next step: -----------------------------------------------------------------------------------------------------
[2026-04-19 22:44:05,816][rfdiffusion.inference.model_runners][INFO] - Timestep 7, input to next step: -----------------------------------------------------------------------------------------------------
[2026-04-19 22:44:07,321][rfdiffusion.inference.model_runners][INFO] - Timestep 6, input to next step: -----------------------------------------------------------------------------------------------------
[2026-04-19 22:44:08,863][rfdiffusion.inference.model_runners][INFO] - Timestep 5, input to next step: -----------------------------------------------------------------------------------------------------
[2026-04-19 22:44:10,389][rfdiffusion.inference.model_runners][INFO] - Timestep 4, input to next step: -----------------------------------------------------------------------------------------------------
[2026-04-19 22:44:12,013][rfdiffusion.inference.model_runners][INFO] - Timestep 3, input to next step: -----------------------------------------------------------------------------------------------------
[2026-04-19 22:44:13,567][rfdiffusion.inference.model_runners][INFO] - Timestep 2, input to next step: -----------------------------------------------------------------------------------------------------
[2026-04-19 22:44:16,440][__main__][INFO] - Finished design in 1.42 minutes
[2026-04-19 22:44:16,440][__main__][INFO] - Making design /home/manvi/Team_8_CS598GBL/Assignment/Generate_designs/default/len_101/design_4
[2026-04-19 22:44:16,444][rfdiffusion.inference.model_runners][INFO] - Using contig: ['101-101']
[2026-04-19 22:44:16,461][rfdiffusion.inference.model_runners][INFO] - Sequence init: -----------------------------------------------------------------------------------------------------
[2026-04-19 22:44:17,763][rfdiffusion.inference.model_runners][INFO] - Timestep 50, input to next step: -----------------------------------------------------------------------------------------------------
[2026-04-19 22:44:19,303][rfdiffusion.inference.model_runners][INFO] - Timestep 49, input to next step: -----------------------------------------------------------------------------------------------------
[2026-04-19 22:44:20,763][rfdiffusion.inference.model_runners][INFO] - Timestep 48, input to next step: -----------------------------------------------------------------------------------------------------
[2026-04-19 22:44:22,254][rfdiffusion.inference.model_runners][INFO] - Timestep 47, input to next step: -----------------------------------------------------------------------------------------------------
[2026-04-19 22:44:23,782][rfdiffusion.inference.model_runners][INFO] - Timestep 46, input to next step: -----------------------------------------------------------------------------------------------------
[2026-04-19 22:44:25,294][rfdiffusion.inference.model_runners][INFO] - Timestep 45, input to next step: -----------------------------------------------------------------------------------------------------
[2026-04-19 22:44:26,834][rfdiffusion.inference.model_runners][INFO] - Timestep 44, input to next step: -----------------------------------------------------------------------------------------------------
[2026-04-19 22:44:28,380][rfdiffusion.inference.model_runners][INFO] - Timestep 43, input to next step: -----------------------------------------------------------------------------------------------------
[2026-04-19 22:44:30,014][rfdiffusion.inference.model_runners][INFO] - Timestep 42, input to next step: -----------------------------------------------------------------------------------------------------
[2026-04-19 22:44:31,626][rfdiffusion.inference.model_runners][INFO] - Timestep 41, input to next step: -----------------------------------------------------------------------------------------------------
[2026-04-19 22:44:33,152][rfdiffusion.inference.model_runners][INFO] - Timestep 40, input to next step: -----------------------------------------------------------------------------------------------------
[2026-04-19 22:44:34,744][rfdiffusion.inference.model_runners][INFO] - Timestep 39, input to next step: -----------------------------------------------------------------------------------------------------
[2026-04-19 22:44:36,288][rfdiffusion.inference.model_runners][INFO] - Timestep 38, input to next step: -----------------------------------------------------------------------------------------------------
[2026-04-19 22:44:37,841][rfdiffusion.inference.model_runners][INFO] - Timestep 37, input to next step: -----------------------------------------------------------------------------------------------------
[2026-04-19 22:44:39,395][rfdiffusion.inference.model_runners][INFO] - Timestep 36, input to next step: -----------------------------------------------------------------------------------------------------
[2026-04-19 22:44:40,904][rfdiffusion.inference.model_runners][INFO] - Timestep 35, input to next step: -----------------------------------------------------------------------------------------------------
[2026-04-19 22:44:42,603][rfdiffusion.inference.model_runners][INFO] - Timestep 34, input to next step: -----------------------------------------------------------------------------------------------------
[2026-04-19 22:44:44,116][rfdiffusion.inference.model_runners][INFO] - Timestep 33, input to next step: -----------------------------------------------------------------------------------------------------
[2026-04-19 22:44:45,690][rfdiffusion.inference.model_runners][INFO] - Timestep 32, input to next step: -----------------------------------------------------------------------------------------------------
[2026-04-19 22:44:47,228][rfdiffusion.inference.model_runners][INFO] - Timestep 31, input to next step: -----------------------------------------------------------------------------------------------------
[2026-04-19 22:44:48,826][rfdiffusion.inference.model_runners][INFO] - Timestep 30, input to next step: -----------------------------------------------------------------------------------------------------
[2026-04-19 22:44:50,397][rfdiffusion.inference.model_runners][INFO] - Timestep 29, input to next step: -----------------------------------------------------------------------------------------------------
[2026-04-19 22:44:52,007][rfdiffusion.inference.model_runners][INFO] - Timestep 28, input to next step: -----------------------------------------------------------------------------------------------------
[2026-04-19 22:44:53,731][rfdiffusion.inference.model_runners][INFO] - Timestep 27, input to next step: -----------------------------------------------------------------------------------------------------
[2026-04-19 22:44:55,328][rfdiffusion.inference.model_runners][INFO] - Timestep 26, input to next step: -----------------------------------------------------------------------------------------------------
[2026-04-19 22:44:56,875][rfdiffusion.inference.model_runners][INFO] - Timestep 25, input to next step: -----------------------------------------------------------------------------------------------------
[2026-04-19 22:44:58,444][rfdiffusion.inference.model_runners][INFO] - Timestep 24, input to next step: -----------------------------------------------------------------------------------------------------
[2026-04-19 22:44:59,974][rfdiffusion.inference.model_runners][INFO] - Timestep 23, input to next step: -----------------------------------------------------------------------------------------------------
[2026-04-19 22:45:01,501][rfdiffusion.inference.model_runners][INFO] - Timestep 22, input to next step: -----------------------------------------------------------------------------------------------------
[2026-04-19 22:45:03,256][rfdiffusion.inference.model_runners][INFO] - Timestep 21, input to next step: -----------------------------------------------------------------------------------------------------
[2026-04-19 22:45:04,814][rfdiffusion.inference.model_runners][INFO] - Timestep 20, input to next step: -----------------------------------------------------------------------------------------------------
[2026-04-19 22:45:06,480][rfdiffusion.inference.model_runners][INFO] - Timestep 19, input to next step: -----------------------------------------------------------------------------------------------------
[2026-04-19 22:45:08,226][rfdiffusion.inference.model_runners][INFO] - Timestep 18, input to next step: -----------------------------------------------------------------------------------------------------
[2026-04-19 22:45:09,800][rfdiffusion.inference.model_runners][INFO] - Timestep 17, input to next step: -----------------------------------------------------------------------------------------------------
[2026-04-19 22:45:11,371][rfdiffusion.inference.model_runners][INFO] - Timestep 16, input to next step: -----------------------------------------------------------------------------------------------------
[2026-04-19 22:45:12,966][rfdiffusion.inference.model_runners][INFO] - Timestep 15, input to next step: -----------------------------------------------------------------------------------------------------
[2026-04-19 22:45:14,776][rfdiffusion.inference.model_runners][INFO] - Timestep 14, input to next step: -----------------------------------------------------------------------------------------------------
[2026-04-19 22:45:16,507][rfdiffusion.inference.model_runners][INFO] - Timestep 13, input to next step: -----------------------------------------------------------------------------------------------------
[2026-04-19 22:45:18,080][rfdiffusion.inference.model_runners][INFO] - Timestep 12, input to next step: -----------------------------------------------------------------------------------------------------
[2026-04-19 22:45:19,595][rfdiffusion.inference.model_runners][INFO] - Timestep 11, input to next step: -----------------------------------------------------------------------------------------------------
[2026-04-19 22:45:21,193][rfdiffusion.inference.model_runners][INFO] - Timestep 10, input to next step: -----------------------------------------------------------------------------------------------------
[2026-04-19 22:45:22,773][rfdiffusion.inference.model_runners][INFO] - Timestep 9, input to next step: -----------------------------------------------------------------------------------------------------
[2026-04-19 22:45:24,337][rfdiffusion.inference.model_runners][INFO] - Timestep 8, input to next step: -----------------------------------------------------------------------------------------------------
[2026-04-19 22:45:25,927][rfdiffusion.inference.model_runners][INFO] - Timestep 7, input to next step: -----------------------------------------------------------------------------------------------------
[2026-04-19 22:45:27,434][rfdiffusion.inference.model_runners][INFO] - Timestep 6, input to next step: -----------------------------------------------------------------------------------------------------
[2026-04-19 22:45:29,038][rfdiffusion.inference.model_runners][INFO] - Timestep 5, input to next step: -----------------------------------------------------------------------------------------------------
[2026-04-19 22:45:30,574][rfdiffusion.inference.model_runners][INFO] - Timestep 4, input to next step: -----------------------------------------------------------------------------------------------------
[2026-04-19 22:45:32,061][rfdiffusion.inference.model_runners][INFO] - Timestep 3, input to next step: -----------------------------------------------------------------------------------------------------
[2026-04-19 22:45:33,579][rfdiffusion.inference.model_runners][INFO] - Timestep 2, input to next step: -----------------------------------------------------------------------------------------------------
[2026-04-19 22:45:36,540][__main__][INFO] - Finished design in 1.33 minutes
[2026-04-19 22:45:36,540][__main__][INFO] - Making design /home/manvi/Team_8_CS598GBL/Assignment/Generate_designs/default/len_101/design_5
[2026-04-19 22:45:36,544][rfdiffusion.inference.model_runners][INFO] - Using contig: ['101-101']
[2026-04-19 22:45:36,560][rfdiffusion.inference.model_runners][INFO] - Sequence init: -----------------------------------------------------------------------------------------------------
[2026-04-19 22:45:37,885][rfdiffusion.inference.model_runners][INFO] - Timestep 50, input to next step: -----------------------------------------------------------------------------------------------------
[2026-04-19 22:45:39,344][rfdiffusion.inference.model_runners][INFO] - Timestep 49, input to next step: -----------------------------------------------------------------------------------------------------
[2026-04-19 22:45:40,870][rfdiffusion.inference.model_runners][INFO] - Timestep 48, input to next step: -----------------------------------------------------------------------------------------------------
[2026-04-19 22:45:42,405][rfdiffusion.inference.model_runners][INFO] - Timestep 47, input to next step: -----------------------------------------------------------------------------------------------------
[2026-04-19 22:45:44,038][rfdiffusion.inference.model_runners][INFO] - Timestep 46, input to next step: -----------------------------------------------------------------------------------------------------
[2026-04-19 22:45:45,591][rfdiffusion.inference.model_runners][INFO] - Timestep 45, input to next step: -----------------------------------------------------------------------------------------------------
[2026-04-19 22:45:47,138][rfdiffusion.inference.model_runners][INFO] - Timestep 44, input to next step: -----------------------------------------------------------------------------------------------------
[2026-04-19 22:45:48,731][rfdiffusion.inference.model_runners][INFO] - Timestep 43, input to next step: -----------------------------------------------------------------------------------------------------
[2026-04-19 22:45:50,303][rfdiffusion.inference.model_runners][INFO] - Timestep 42, input to next step: -----------------------------------------------------------------------------------------------------
[2026-04-19 22:45:51,835][rfdiffusion.inference.model_runners][INFO] - Timestep 41, input to next step: -----------------------------------------------------------------------------------------------------
[2026-04-19 22:45:53,332][rfdiffusion.inference.model_runners][INFO] - Timestep 40, input to next step: -----------------------------------------------------------------------------------------------------
[2026-04-19 22:45:54,845][rfdiffusion.inference.model_runners][INFO] - Timestep 39, input to next step: -----------------------------------------------------------------------------------------------------
[2026-04-19 22:45:56,382][rfdiffusion.inference.model_runners][INFO] - Timestep 38, input to next step: -----------------------------------------------------------------------------------------------------
[2026-04-19 22:45:57,871][rfdiffusion.inference.model_runners][INFO] - Timestep 37, input to next step: -----------------------------------------------------------------------------------------------------
[2026-04-19 22:45:59,366][rfdiffusion.inference.model_runners][INFO] - Timestep 36, input to next step: -----------------------------------------------------------------------------------------------------
[2026-04-19 22:46:00,887][rfdiffusion.inference.model_runners][INFO] - Timestep 35, input to next step: -----------------------------------------------------------------------------------------------------
[2026-04-19 22:46:02,293][rfdiffusion.inference.model_runners][INFO] - Timestep 34, input to next step: -----------------------------------------------------------------------------------------------------
[2026-04-19 22:46:03,660][rfdiffusion.inference.model_runners][INFO] - Timestep 33, input to next step: -----------------------------------------------------------------------------------------------------
[2026-04-19 22:46:05,150][rfdiffusion.inference.model_runners][INFO] - Timestep 32, input to next step: -----------------------------------------------------------------------------------------------------
[2026-04-19 22:46:06,664][rfdiffusion.inference.model_runners][INFO] - Timestep 31, input to next step: -----------------------------------------------------------------------------------------------------
[2026-04-19 22:46:08,373][rfdiffusion.inference.model_runners][INFO] - Timestep 30, input to next step: -----------------------------------------------------------------------------------------------------
[2026-04-19 22:46:10,032][rfdiffusion.inference.model_runners][INFO] - Timestep 29, input to next step: -----------------------------------------------------------------------------------------------------
[2026-04-19 22:46:11,619][rfdiffusion.inference.model_runners][INFO] - Timestep 28, input to next step: -----------------------------------------------------------------------------------------------------
[2026-04-19 22:46:13,150][rfdiffusion.inference.model_runners][INFO] - Timestep 27, input to next step: -----------------------------------------------------------------------------------------------------
[2026-04-19 22:46:14,960][rfdiffusion.inference.model_runners][INFO] - Timestep 26, input to next step: -----------------------------------------------------------------------------------------------------
[2026-04-19 22:46:16,560][rfdiffusion.inference.model_runners][INFO] - Timestep 25, input to next step: -----------------------------------------------------------------------------------------------------
[2026-04-19 22:46:18,036][rfdiffusion.inference.model_runners][INFO] - Timestep 24, input to next step: -----------------------------------------------------------------------------------------------------
[2026-04-19 22:46:19,394][rfdiffusion.inference.model_runners][INFO] - Timestep 23, input to next step: -----------------------------------------------------------------------------------------------------
[2026-04-19 22:46:20,978][rfdiffusion.inference.model_runners][INFO] - Timestep 22, input to next step: -----------------------------------------------------------------------------------------------------
[2026-04-19 22:46:22,540][rfdiffusion.inference.model_runners][INFO] - Timestep 21, input to next step: -----------------------------------------------------------------------------------------------------
[2026-04-19 22:46:24,143][rfdiffusion.inference.model_runners][INFO] - Timestep 20, input to next step: -----------------------------------------------------------------------------------------------------
[2026-04-19 22:46:25,681][rfdiffusion.inference.model_runners][INFO] - Timestep 19, input to next step: -----------------------------------------------------------------------------------------------------
[2026-04-19 22:46:27,235][rfdiffusion.inference.model_runners][INFO] - Timestep 18, input to next step: -----------------------------------------------------------------------------------------------------
[2026-04-19 22:46:28,726][rfdiffusion.inference.model_runners][INFO] - Timestep 17, input to next step: -----------------------------------------------------------------------------------------------------
[2026-04-19 22:46:30,310][rfdiffusion.inference.model_runners][INFO] - Timestep 16, input to next step: -----------------------------------------------------------------------------------------------------
[2026-04-19 22:46:31,869][rfdiffusion.inference.model_runners][INFO] - Timestep 15, input to next step: -----------------------------------------------------------------------------------------------------
[2026-04-19 22:46:33,334][rfdiffusion.inference.model_runners][INFO] - Timestep 14, input to next step: -----------------------------------------------------------------------------------------------------
[2026-04-19 22:46:34,877][rfdiffusion.inference.model_runners][INFO] - Timestep 13, input to next step: -----------------------------------------------------------------------------------------------------
[2026-04-19 22:46:36,401][rfdiffusion.inference.model_runners][INFO] - Timestep 12, input to next step: -----------------------------------------------------------------------------------------------------
[2026-04-19 22:46:37,891][rfdiffusion.inference.model_runners][INFO] - Timestep 11, input to next step: -----------------------------------------------------------------------------------------------------
[2026-04-19 22:46:39,364][rfdiffusion.inference.model_runners][INFO] - Timestep 10, input to next step: -----------------------------------------------------------------------------------------------------
[2026-04-19 22:46:40,804][rfdiffusion.inference.model_runners][INFO] - Timestep 9, input to next step: -----------------------------------------------------------------------------------------------------
[2026-04-19 22:46:42,328][rfdiffusion.inference.model_runners][INFO] - Timestep 8, input to next step: -----------------------------------------------------------------------------------------------------
[2026-04-19 22:46:43,843][rfdiffusion.inference.model_runners][INFO] - Timestep 7, input to next step: -----------------------------------------------------------------------------------------------------
[2026-04-19 22:46:45,343][rfdiffusion.inference.model_runners][INFO] - Timestep 6, input to next step: -----------------------------------------------------------------------------------------------------
[2026-04-19 22:46:46,815][rfdiffusion.inference.model_runners][INFO] - Timestep 5, input to next step: -----------------------------------------------------------------------------------------------------
[2026-04-19 22:46:48,333][rfdiffusion.inference.model_runners][INFO] - Timestep 4, input to next step: -----------------------------------------------------------------------------------------------------
[2026-04-19 22:46:49,780][rfdiffusion.inference.model_runners][INFO] - Timestep 3, input to next step: -----------------------------------------------------------------------------------------------------
[2026-04-19 22:46:51,538][rfdiffusion.inference.model_runners][INFO] - Timestep 2, input to next step: -----------------------------------------------------------------------------------------------------
[2026-04-19 22:46:54,471][__main__][INFO] - Finished design in 1.30 minutes
[2026-04-19 22:46:54,471][__main__][INFO] - Making design /home/manvi/Team_8_CS598GBL/Assignment/Generate_designs/default/len_101/design_6
[2026-04-19 22:46:54,477][rfdiffusion.inference.model_runners][INFO] - Using contig: ['101-101']
[2026-04-19 22:46:54,493][rfdiffusion.inference.model_runners][INFO] - Sequence init: -----------------------------------------------------------------------------------------------------
[2026-04-19 22:46:55,854][rfdiffusion.inference.model_runners][INFO] - Timestep 50, input to next step: -----------------------------------------------------------------------------------------------------
[2026-04-19 22:46:57,337][rfdiffusion.inference.model_runners][INFO] - Timestep 49, input to next step: -----------------------------------------------------------------------------------------------------
[2026-04-19 22:46:58,751][rfdiffusion.inference.model_runners][INFO] - Timestep 48, input to next step: -----------------------------------------------------------------------------------------------------
[2026-04-19 22:47:00,170][rfdiffusion.inference.model_runners][INFO] - Timestep 47, input to next step: -----------------------------------------------------------------------------------------------------
[2026-04-19 22:47:01,747][rfdiffusion.inference.model_runners][INFO] - Timestep 46, input to next step: -----------------------------------------------------------------------------------------------------
[2026-04-19 22:47:03,197][rfdiffusion.inference.model_runners][INFO] - Timestep 45, input to next step: -----------------------------------------------------------------------------------------------------
[2026-04-19 22:47:04,644][rfdiffusion.inference.model_runners][INFO] - Timestep 44, input to next step: -----------------------------------------------------------------------------------------------------
[2026-04-19 22:47:06,117][rfdiffusion.inference.model_runners][INFO] - Timestep 43, input to next step: -----------------------------------------------------------------------------------------------------
[2026-04-19 22:47:07,632][rfdiffusion.inference.model_runners][INFO] - Timestep 42, input to next step: -----------------------------------------------------------------------------------------------------
[2026-04-19 22:47:09,190][rfdiffusion.inference.model_runners][INFO] - Timestep 41, input to next step: -----------------------------------------------------------------------------------------------------
[2026-04-19 22:47:10,694][rfdiffusion.inference.model_runners][INFO] - Timestep 40, input to next step: -----------------------------------------------------------------------------------------------------
[2026-04-19 22:47:12,233][rfdiffusion.inference.model_runners][INFO] - Timestep 39, input to next step: -----------------------------------------------------------------------------------------------------
[2026-04-19 22:47:13,758][rfdiffusion.inference.model_runners][INFO] - Timestep 38, input to next step: -----------------------------------------------------------------------------------------------------
[2026-04-19 22:47:15,214][rfdiffusion.inference.model_runners][INFO] - Timestep 37, input to next step: -----------------------------------------------------------------------------------------------------
[2026-04-19 22:47:16,634][rfdiffusion.inference.model_runners][INFO] - Timestep 36, input to next step: -----------------------------------------------------------------------------------------------------
[2026-04-19 22:47:18,132][rfdiffusion.inference.model_runners][INFO] - Timestep 35, input to next step: -----------------------------------------------------------------------------------------------------
[2026-04-19 22:47:19,546][rfdiffusion.inference.model_runners][INFO] - Timestep 34, input to next step: -----------------------------------------------------------------------------------------------------
[2026-04-19 22:47:21,026][rfdiffusion.inference.model_runners][INFO] - Timestep 33, input to next step: -----------------------------------------------------------------------------------------------------
[2026-04-19 22:47:22,552][rfdiffusion.inference.model_runners][INFO] - Timestep 32, input to next step: -----------------------------------------------------------------------------------------------------
[2026-04-19 22:47:23,992][rfdiffusion.inference.model_runners][INFO] - Timestep 31, input to next step: -----------------------------------------------------------------------------------------------------
[2026-04-19 22:47:26,347][rfdiffusion.inference.model_runners][INFO] - Timestep 30, input to next step: -----------------------------------------------------------------------------------------------------
[2026-04-19 22:47:28,060][rfdiffusion.inference.model_runners][INFO] - Timestep 29, input to next step: -----------------------------------------------------------------------------------------------------
[2026-04-19 22:47:29,541][rfdiffusion.inference.model_runners][INFO] - Timestep 28, input to next step: -----------------------------------------------------------------------------------------------------
[2026-04-19 22:47:31,057][rfdiffusion.inference.model_runners][INFO] - Timestep 27, input to next step: -----------------------------------------------------------------------------------------------------
[2026-04-19 22:47:32,640][rfdiffusion.inference.model_runners][INFO] - Timestep 26, input to next step: -----------------------------------------------------------------------------------------------------
[2026-04-19 22:47:34,222][rfdiffusion.inference.model_runners][INFO] - Timestep 25, input to next step: -----------------------------------------------------------------------------------------------------
[2026-04-19 22:47:35,723][rfdiffusion.inference.model_runners][INFO] - Timestep 24, input to next step: -----------------------------------------------------------------------------------------------------
[2026-04-19 22:47:37,282][rfdiffusion.inference.model_runners][INFO] - Timestep 23, input to next step: -----------------------------------------------------------------------------------------------------
[2026-04-19 22:47:38,705][rfdiffusion.inference.model_runners][INFO] - Timestep 22, input to next step: -----------------------------------------------------------------------------------------------------
[2026-04-19 22:47:40,143][rfdiffusion.inference.model_runners][INFO] - Timestep 21, input to next step: -----------------------------------------------------------------------------------------------------
[2026-04-19 22:47:41,679][rfdiffusion.inference.model_runners][INFO] - Timestep 20, input to next step: -----------------------------------------------------------------------------------------------------
[2026-04-19 22:47:43,183][rfdiffusion.inference.model_runners][INFO] - Timestep 19, input to next step: -----------------------------------------------------------------------------------------------------
[2026-04-19 22:47:44,693][rfdiffusion.inference.model_runners][INFO] - Timestep 18, input to next step: -----------------------------------------------------------------------------------------------------
[2026-04-19 22:47:46,232][rfdiffusion.inference.model_runners][INFO] - Timestep 17, input to next step: -----------------------------------------------------------------------------------------------------
[2026-04-19 22:47:47,753][rfdiffusion.inference.model_runners][INFO] - Timestep 16, input to next step: -----------------------------------------------------------------------------------------------------
[2026-04-19 22:47:49,343][rfdiffusion.inference.model_runners][INFO] - Timestep 15, input to next step: -----------------------------------------------------------------------------------------------------
[2026-04-19 22:47:50,942][rfdiffusion.inference.model_runners][INFO] - Timestep 14, input to next step: -----------------------------------------------------------------------------------------------------
[2026-04-19 22:47:52,447][rfdiffusion.inference.model_runners][INFO] - Timestep 13, input to next step: -----------------------------------------------------------------------------------------------------
[2026-04-19 22:47:54,028][rfdiffusion.inference.model_runners][INFO] - Timestep 12, input to next step: -----------------------------------------------------------------------------------------------------
[2026-04-19 22:47:55,544][rfdiffusion.inference.model_runners][INFO] - Timestep 11, input to next step: -----------------------------------------------------------------------------------------------------
[2026-04-19 22:47:57,133][rfdiffusion.inference.model_runners][INFO] - Timestep 10, input to next step: -----------------------------------------------------------------------------------------------------
[2026-04-19 22:47:58,603][rfdiffusion.inference.model_runners][INFO] - Timestep 9, input to next step: -----------------------------------------------------------------------------------------------------
[2026-04-19 22:48:00,105][rfdiffusion.inference.model_runners][INFO] - Timestep 8, input to next step: -----------------------------------------------------------------------------------------------------
[2026-04-19 22:48:01,565][rfdiffusion.inference.model_runners][INFO] - Timestep 7, input to next step: -----------------------------------------------------------------------------------------------------
[2026-04-19 22:48:04,129][rfdiffusion.inference.model_runners][INFO] - Timestep 6, input to next step: -----------------------------------------------------------------------------------------------------
[2026-04-19 22:48:06,419][rfdiffusion.inference.model_runners][INFO] - Timestep 5, input to next step: -----------------------------------------------------------------------------------------------------
[2026-04-19 22:48:07,896][rfdiffusion.inference.model_runners][INFO] - Timestep 4, input to next step: -----------------------------------------------------------------------------------------------------
[2026-04-19 22:48:09,346][rfdiffusion.inference.model_runners][INFO] - Timestep 3, input to next step: -----------------------------------------------------------------------------------------------------
[2026-04-19 22:48:10,967][rfdiffusion.inference.model_runners][INFO] - Timestep 2, input to next step: -----------------------------------------------------------------------------------------------------
[2026-04-19 22:48:13,830][__main__][INFO] - Finished design in 1.32 minutes
[2026-04-19 22:48:13,830][__main__][INFO] - Making design /home/manvi/Team_8_CS598GBL/Assignment/Generate_designs/default/len_101/design_7
[2026-04-19 22:48:13,835][rfdiffusion.inference.model_runners][INFO] - Using contig: ['101-101']
[2026-04-19 22:48:13,855][rfdiffusion.inference.model_runners][INFO] - Sequence init: -----------------------------------------------------------------------------------------------------
[2026-04-19 22:48:15,198][rfdiffusion.inference.model_runners][INFO] - Timestep 50, input to next step: -----------------------------------------------------------------------------------------------------
[2026-04-19 22:48:16,767][rfdiffusion.inference.model_runners][INFO] - Timestep 49, input to next step: -----------------------------------------------------------------------------------------------------
[2026-04-19 22:48:18,268][rfdiffusion.inference.model_runners][INFO] - Timestep 48, input to next step: -----------------------------------------------------------------------------------------------------
[2026-04-19 22:48:19,852][rfdiffusion.inference.model_runners][INFO] - Timestep 47, input to next step: -----------------------------------------------------------------------------------------------------
[2026-04-19 22:48:21,282][rfdiffusion.inference.model_runners][INFO] - Timestep 46, input to next step: -----------------------------------------------------------------------------------------------------
[2026-04-19 22:48:22,675][rfdiffusion.inference.model_runners][INFO] - Timestep 45, input to next step: -----------------------------------------------------------------------------------------------------
[2026-04-19 22:48:24,171][rfdiffusion.inference.model_runners][INFO] - Timestep 44, input to next step: -----------------------------------------------------------------------------------------------------
[2026-04-19 22:48:25,566][rfdiffusion.inference.model_runners][INFO] - Timestep 43, input to next step: -----------------------------------------------------------------------------------------------------
[2026-04-19 22:48:26,998][rfdiffusion.inference.model_runners][INFO] - Timestep 42, input to next step: -----------------------------------------------------------------------------------------------------
[2026-04-19 22:48:28,485][rfdiffusion.inference.model_runners][INFO] - Timestep 41, input to next step: -----------------------------------------------------------------------------------------------------
[2026-04-19 22:48:29,942][rfdiffusion.inference.model_runners][INFO] - Timestep 40, input to next step: -----------------------------------------------------------------------------------------------------
[2026-04-19 22:48:31,404][rfdiffusion.inference.model_runners][INFO] - Timestep 39, input to next step: -----------------------------------------------------------------------------------------------------
[2026-04-19 22:48:32,838][rfdiffusion.inference.model_runners][INFO] - Timestep 38, input to next step: -----------------------------------------------------------------------------------------------------
[2026-04-19 22:48:34,276][rfdiffusion.inference.model_runners][INFO] - Timestep 37, input to next step: -----------------------------------------------------------------------------------------------------
[2026-04-19 22:48:35,895][rfdiffusion.inference.model_runners][INFO] - Timestep 36, input to next step: -----------------------------------------------------------------------------------------------------
[2026-04-19 22:48:37,247][rfdiffusion.inference.model_runners][INFO] - Timestep 35, input to next step: -----------------------------------------------------------------------------------------------------
[2026-04-19 22:48:38,622][rfdiffusion.inference.model_runners][INFO] - Timestep 34, input to next step: -----------------------------------------------------------------------------------------------------
[2026-04-19 22:48:40,040][rfdiffusion.inference.model_runners][INFO] - Timestep 33, input to next step: -----------------------------------------------------------------------------------------------------
[2026-04-19 22:48:41,491][rfdiffusion.inference.model_runners][INFO] - Timestep 32, input to next step: -----------------------------------------------------------------------------------------------------
[2026-04-19 22:48:43,109][rfdiffusion.inference.model_runners][INFO] - Timestep 31, input to next step: -----------------------------------------------------------------------------------------------------
[2026-04-19 22:48:44,701][rfdiffusion.inference.model_runners][INFO] - Timestep 30, input to next step: -----------------------------------------------------------------------------------------------------
[2026-04-19 22:48:46,177][rfdiffusion.inference.model_runners][INFO] - Timestep 29, input to next step: -----------------------------------------------------------------------------------------------------
[2026-04-19 22:48:48,318][rfdiffusion.inference.model_runners][INFO] - Timestep 28, input to next step: -----------------------------------------------------------------------------------------------------
[2026-04-19 22:48:50,380][rfdiffusion.inference.model_runners][INFO] - Timestep 27, input to next step: -----------------------------------------------------------------------------------------------------
[2026-04-19 22:48:53,137][rfdiffusion.inference.model_runners][INFO] - Timestep 26, input to next step: -----------------------------------------------------------------------------------------------------
[2026-04-19 22:48:55,877][rfdiffusion.inference.model_runners][INFO] - Timestep 25, input to next step: -----------------------------------------------------------------------------------------------------
[2026-04-19 22:48:58,027][rfdiffusion.inference.model_runners][INFO] - Timestep 24, input to next step: -----------------------------------------------------------------------------------------------------
[2026-04-19 22:49:00,527][rfdiffusion.inference.model_runners][INFO] - Timestep 23, input to next step: -----------------------------------------------------------------------------------------------------
[2026-04-19 22:49:02,820][rfdiffusion.inference.model_runners][INFO] - Timestep 22, input to next step: -----------------------------------------------------------------------------------------------------
[2026-04-19 22:49:05,354][rfdiffusion.inference.model_runners][INFO] - Timestep 21, input to next step: -----------------------------------------------------------------------------------------------------
[2026-04-19 22:49:07,883][rfdiffusion.inference.model_runners][INFO] - Timestep 20, input to next step: -----------------------------------------------------------------------------------------------------
[2026-04-19 22:49:10,011][rfdiffusion.inference.model_runners][INFO] - Timestep 19, input to next step: -----------------------------------------------------------------------------------------------------
[2026-04-19 22:49:12,853][rfdiffusion.inference.model_runners][INFO] - Timestep 18, input to next step: -----------------------------------------------------------------------------------------------------
[2026-04-19 22:49:15,855][rfdiffusion.inference.model_runners][INFO] - Timestep 17, input to next step: -----------------------------------------------------------------------------------------------------
[2026-04-19 22:49:17,624][rfdiffusion.inference.model_runners][INFO] - Timestep 16, input to next step: -----------------------------------------------------------------------------------------------------
[2026-04-19 22:49:20,352][rfdiffusion.inference.model_runners][INFO] - Timestep 15, input to next step: -----------------------------------------------------------------------------------------------------
[2026-04-19 22:49:23,014][rfdiffusion.inference.model_runners][INFO] - Timestep 14, input to next step: -----------------------------------------------------------------------------------------------------
[2026-04-19 22:49:25,339][rfdiffusion.inference.model_runners][INFO] - Timestep 13, input to next step: -----------------------------------------------------------------------------------------------------
[2026-04-19 22:49:27,230][rfdiffusion.inference.model_runners][INFO] - Timestep 12, input to next step: -----------------------------------------------------------------------------------------------------
[2026-04-19 22:49:29,600][rfdiffusion.inference.model_runners][INFO] - Timestep 11, input to next step: -----------------------------------------------------------------------------------------------------
[2026-04-19 22:49:31,582][rfdiffusion.inference.model_runners][INFO] - Timestep 10, input to next step: -----------------------------------------------------------------------------------------------------
[2026-04-19 22:49:33,939][rfdiffusion.inference.model_runners][INFO] - Timestep 9, input to next step: -----------------------------------------------------------------------------------------------------
[2026-04-19 22:49:35,838][rfdiffusion.inference.model_runners][INFO] - Timestep 8, input to next step: -----------------------------------------------------------------------------------------------------
[2026-04-19 22:49:37,940][rfdiffusion.inference.model_runners][INFO] - Timestep 7, input to next step: -----------------------------------------------------------------------------------------------------
[2026-04-19 22:49:40,245][rfdiffusion.inference.model_runners][INFO] - Timestep 6, input to next step: -----------------------------------------------------------------------------------------------------
[2026-04-19 22:49:42,483][rfdiffusion.inference.model_runners][INFO] - Timestep 5, input to next step: -----------------------------------------------------------------------------------------------------
[2026-04-19 22:49:44,572][rfdiffusion.inference.model_runners][INFO] - Timestep 4, input to next step: -----------------------------------------------------------------------------------------------------
[2026-04-19 22:49:46,589][rfdiffusion.inference.model_runners][INFO] - Timestep 3, input to next step: -----------------------------------------------------------------------------------------------------
[2026-04-19 22:49:48,649][rfdiffusion.inference.model_runners][INFO] - Timestep 2, input to next step: -----------------------------------------------------------------------------------------------------
[2026-04-19 22:49:53,113][__main__][INFO] - Finished design in 1.65 minutes
[2026-04-19 22:49:53,113][__main__][INFO] - Making design /home/manvi/Team_8_CS598GBL/Assignment/Generate_designs/default/len_101/design_8
[2026-04-19 22:49:53,126][rfdiffusion.inference.model_runners][INFO] - Using contig: ['101-101']
[2026-04-19 22:49:53,163][rfdiffusion.inference.model_runners][INFO] - Sequence init: -----------------------------------------------------------------------------------------------------
[2026-04-19 22:49:56,229][rfdiffusion.inference.model_runners][INFO] - Timestep 50, input to next step: -----------------------------------------------------------------------------------------------------
[2026-04-19 22:49:58,951][rfdiffusion.inference.model_runners][INFO] - Timestep 49, input to next step: -----------------------------------------------------------------------------------------------------
[2026-04-19 22:50:01,088][rfdiffusion.inference.model_runners][INFO] - Timestep 48, input to next step: -----------------------------------------------------------------------------------------------------
[2026-04-19 22:50:03,887][rfdiffusion.inference.model_runners][INFO] - Timestep 47, input to next step: -----------------------------------------------------------------------------------------------------
[2026-04-19 22:50:06,615][rfdiffusion.inference.model_runners][INFO] - Timestep 46, input to next step: -----------------------------------------------------------------------------------------------------
[2026-04-19 22:50:09,286][rfdiffusion.inference.model_runners][INFO] - Timestep 45, input to next step: -----------------------------------------------------------------------------------------------------
[2026-04-19 22:50:12,042][rfdiffusion.inference.model_runners][INFO] - Timestep 44, input to next step: -----------------------------------------------------------------------------------------------------
[2026-04-19 22:50:15,023][rfdiffusion.inference.model_runners][INFO] - Timestep 43, input to next step: -----------------------------------------------------------------------------------------------------
[2026-04-19 22:50:19,776][rfdiffusion.inference.model_runners][INFO] - Timestep 42, input to next step: -----------------------------------------------------------------------------------------------------
[2026-04-19 22:50:25,582][rfdiffusion.inference.model_runners][INFO] - Timestep 41, input to next step: -----------------------------------------------------------------------------------------------------
[2026-04-19 22:50:28,697][rfdiffusion.inference.model_runners][INFO] - Timestep 40, input to next step: -----------------------------------------------------------------------------------------------------
[2026-04-19 22:50:31,535][rfdiffusion.inference.model_runners][INFO] - Timestep 39, input to next step: -----------------------------------------------------------------------------------------------------
[2026-04-19 22:50:35,921][rfdiffusion.inference.model_runners][INFO] - Timestep 38, input to next step: -----------------------------------------------------------------------------------------------------
[2026-04-19 22:50:40,804][rfdiffusion.inference.model_runners][INFO] - Timestep 37, input to next step: -----------------------------------------------------------------------------------------------------
[2026-04-19 22:50:45,813][rfdiffusion.inference.model_runners][INFO] - Timestep 36, input to next step: -----------------------------------------------------------------------------------------------------
[2026-04-19 22:50:49,264][rfdiffusion.inference.model_runners][INFO] - Timestep 35, input to next step: -----------------------------------------------------------------------------------------------------
[2026-04-19 22:50:51,621][rfdiffusion.inference.model_runners][INFO] - Timestep 34, input to next step: -----------------------------------------------------------------------------------------------------
[2026-04-19 22:50:55,276][rfdiffusion.inference.model_runners][INFO] - Timestep 33, input to next step: -----------------------------------------------------------------------------------------------------
[2026-04-19 22:50:59,312][rfdiffusion.inference.model_runners][INFO] - Timestep 32, input to next step: -----------------------------------------------------------------------------------------------------
[2026-04-19 22:51:03,224][rfdiffusion.inference.model_runners][INFO] - Timestep 31, input to next step: -----------------------------------------------------------------------------------------------------
[2026-04-19 22:51:05,524][rfdiffusion.inference.model_runners][INFO] - Timestep 30, input to next step: -----------------------------------------------------------------------------------------------------
[2026-04-19 22:51:08,890][rfdiffusion.inference.model_runners][INFO] - Timestep 29, input to next step: -----------------------------------------------------------------------------------------------------
[2026-04-19 22:51:13,337][rfdiffusion.inference.model_runners][INFO] - Timestep 28, input to next step: -----------------------------------------------------------------------------------------------------
[2026-04-19 22:51:16,632][rfdiffusion.inference.model_runners][INFO] - Timestep 27, input to next step: -----------------------------------------------------------------------------------------------------
[2026-04-19 22:51:19,367][rfdiffusion.inference.model_runners][INFO] - Timestep 26, input to next step: -----------------------------------------------------------------------------------------------------
[2026-04-19 22:51:21,758][rfdiffusion.inference.model_runners][INFO] - Timestep 25, input to next step: -----------------------------------------------------------------------------------------------------
[2026-04-19 22:51:24,167][rfdiffusion.inference.model_runners][INFO] - Timestep 24, input to next step: -----------------------------------------------------------------------------------------------------
[2026-04-19 22:51:26,100][rfdiffusion.inference.model_runners][INFO] - Timestep 23, input to next step: -----------------------------------------------------------------------------------------------------
[2026-04-19 22:51:28,058][rfdiffusion.inference.model_runners][INFO] - Timestep 22, input to next step: -----------------------------------------------------------------------------------------------------
[2026-04-19 22:51:30,175][rfdiffusion.inference.model_runners][INFO] - Timestep 21, input to next step: -----------------------------------------------------------------------------------------------------
[2026-04-19 22:51:33,861][rfdiffusion.inference.model_runners][INFO] - Timestep 20, input to next step: -----------------------------------------------------------------------------------------------------
[2026-04-19 22:51:36,586][rfdiffusion.inference.model_runners][INFO] - Timestep 19, input to next step: -----------------------------------------------------------------------------------------------------
[2026-04-19 22:51:39,861][rfdiffusion.inference.model_runners][INFO] - Timestep 18, input to next step: -----------------------------------------------------------------------------------------------------
[2026-04-19 22:51:42,211][rfdiffusion.inference.model_runners][INFO] - Timestep 17, input to next step: -----------------------------------------------------------------------------------------------------
[2026-04-19 22:51:44,502][rfdiffusion.inference.model_runners][INFO] - Timestep 16, input to next step: -----------------------------------------------------------------------------------------------------
[2026-04-19 22:51:46,568][rfdiffusion.inference.model_runners][INFO] - Timestep 15, input to next step: -----------------------------------------------------------------------------------------------------
[2026-04-19 22:51:48,443][rfdiffusion.inference.model_runners][INFO] - Timestep 14, input to next step: -----------------------------------------------------------------------------------------------------
[2026-04-19 22:51:50,604][rfdiffusion.inference.model_runners][INFO] - Timestep 13, input to next step: -----------------------------------------------------------------------------------------------------
[2026-04-19 22:51:53,122][rfdiffusion.inference.model_runners][INFO] - Timestep 12, input to next step: -----------------------------------------------------------------------------------------------------
[2026-04-19 22:51:55,804][rfdiffusion.inference.model_runners][INFO] - Timestep 11, input to next step: -----------------------------------------------------------------------------------------------------
[2026-04-19 22:51:58,994][rfdiffusion.inference.model_runners][INFO] - Timestep 10, input to next step: -----------------------------------------------------------------------------------------------------
[2026-04-19 22:52:01,386][rfdiffusion.inference.model_runners][INFO] - Timestep 9, input to next step: -----------------------------------------------------------------------------------------------------
[2026-04-19 22:52:04,201][rfdiffusion.inference.model_runners][INFO] - Timestep 8, input to next step: -----------------------------------------------------------------------------------------------------
[2026-04-19 22:52:05,900][rfdiffusion.inference.model_runners][INFO] - Timestep 7, input to next step: -----------------------------------------------------------------------------------------------------
[2026-04-19 22:52:08,246][rfdiffusion.inference.model_runners][INFO] - Timestep 6, input to next step: -----------------------------------------------------------------------------------------------------
[2026-04-19 22:52:10,226][rfdiffusion.inference.model_runners][INFO] - Timestep 5, input to next step: -----------------------------------------------------------------------------------------------------
[2026-04-19 22:52:12,099][rfdiffusion.inference.model_runners][INFO] - Timestep 4, input to next step: -----------------------------------------------------------------------------------------------------
[2026-04-19 22:52:14,195][rfdiffusion.inference.model_runners][INFO] - Timestep 3, input to next step: -----------------------------------------------------------------------------------------------------
[2026-04-19 22:52:16,500][rfdiffusion.inference.model_runners][INFO] - Timestep 2, input to next step: -----------------------------------------------------------------------------------------------------
[2026-04-19 22:52:21,234][__main__][INFO] - Finished design in 2.47 minutes
[2026-04-19 22:52:21,234][__main__][INFO] - Making design /home/manvi/Team_8_CS598GBL/Assignment/Generate_designs/default/len_101/design_9
[2026-04-19 22:52:21,240][rfdiffusion.inference.model_runners][INFO] - Using contig: ['101-101']
[2026-04-19 22:52:21,265][rfdiffusion.inference.model_runners][INFO] - Sequence init: -----------------------------------------------------------------------------------------------------
[2026-04-19 22:52:23,137][rfdiffusion.inference.model_runners][INFO] - Timestep 50, input to next step: -----------------------------------------------------------------------------------------------------
[2026-04-19 22:52:25,358][rfdiffusion.inference.model_runners][INFO] - Timestep 49, input to next step: -----------------------------------------------------------------------------------------------------
[2026-04-19 22:52:27,306][rfdiffusion.inference.model_runners][INFO] - Timestep 48, input to next step: -----------------------------------------------------------------------------------------------------
[2026-04-19 22:52:29,834][rfdiffusion.inference.model_runners][INFO] - Timestep 47, input to next step: -----------------------------------------------------------------------------------------------------
[2026-04-19 22:52:31,678][rfdiffusion.inference.model_runners][INFO] - Timestep 46, input to next step: -----------------------------------------------------------------------------------------------------
[2026-04-19 22:52:33,711][rfdiffusion.inference.model_runners][INFO] - Timestep 45, input to next step: -----------------------------------------------------------------------------------------------------
[2026-04-19 22:52:35,554][rfdiffusion.inference.model_runners][INFO] - Timestep 44, input to next step: -----------------------------------------------------------------------------------------------------
[2026-04-19 22:52:37,962][rfdiffusion.inference.model_runners][INFO] - Timestep 43, input to next step: -----------------------------------------------------------------------------------------------------
[2026-04-19 22:52:39,808][rfdiffusion.inference.model_runners][INFO] - Timestep 42, input to next step: -----------------------------------------------------------------------------------------------------
[2026-04-19 22:52:41,455][rfdiffusion.inference.model_runners][INFO] - Timestep 41, input to next step: -----------------------------------------------------------------------------------------------------
[2026-04-19 22:52:43,041][rfdiffusion.inference.model_runners][INFO] - Timestep 40, input to next step: -----------------------------------------------------------------------------------------------------
[2026-04-19 22:52:44,813][rfdiffusion.inference.model_runners][INFO] - Timestep 39, input to next step: -----------------------------------------------------------------------------------------------------
[2026-04-19 22:52:46,697][rfdiffusion.inference.model_runners][INFO] - Timestep 38, input to next step: -----------------------------------------------------------------------------------------------------
[2026-04-19 22:52:48,389][rfdiffusion.inference.model_runners][INFO] - Timestep 37, input to next step: -----------------------------------------------------------------------------------------------------
[2026-04-19 22:52:50,146][rfdiffusion.inference.model_runners][INFO] - Timestep 36, input to next step: -----------------------------------------------------------------------------------------------------
[2026-04-19 22:52:51,772][rfdiffusion.inference.model_runners][INFO] - Timestep 35, input to next step: -----------------------------------------------------------------------------------------------------
[2026-04-19 22:52:53,431][rfdiffusion.inference.model_runners][INFO] - Timestep 34, input to next step: -----------------------------------------------------------------------------------------------------
[2026-04-19 22:52:55,085][rfdiffusion.inference.model_runners][INFO] - Timestep 33, input to next step: -----------------------------------------------------------------------------------------------------
[2026-04-19 22:52:56,704][rfdiffusion.inference.model_runners][INFO] - Timestep 32, input to next step: -----------------------------------------------------------------------------------------------------
[2026-04-19 22:52:58,348][rfdiffusion.inference.model_runners][INFO] - Timestep 31, input to next step: -----------------------------------------------------------------------------------------------------
[2026-04-19 22:52:59,901][rfdiffusion.inference.model_runners][INFO] - Timestep 30, input to next step: -----------------------------------------------------------------------------------------------------
[2026-04-19 22:53:01,327][rfdiffusion.inference.model_runners][INFO] - Timestep 29, input to next step: -----------------------------------------------------------------------------------------------------
[2026-04-19 22:53:02,961][rfdiffusion.inference.model_runners][INFO] - Timestep 28, input to next step: -----------------------------------------------------------------------------------------------------
[2026-04-19 22:53:04,775][rfdiffusion.inference.model_runners][INFO] - Timestep 27, input to next step: -----------------------------------------------------------------------------------------------------
[2026-04-19 22:53:07,203][rfdiffusion.inference.model_runners][INFO] - Timestep 26, input to next step: -----------------------------------------------------------------------------------------------------
[2026-04-19 22:53:08,936][rfdiffusion.inference.model_runners][INFO] - Timestep 25, input to next step: -----------------------------------------------------------------------------------------------------
[2026-04-19 22:53:10,870][rfdiffusion.inference.model_runners][INFO] - Timestep 24, input to next step: -----------------------------------------------------------------------------------------------------
[2026-04-19 22:53:12,524][rfdiffusion.inference.model_runners][INFO] - Timestep 23, input to next step: -----------------------------------------------------------------------------------------------------
[2026-04-19 22:53:14,157][rfdiffusion.inference.model_runners][INFO] - Timestep 22, input to next step: -----------------------------------------------------------------------------------------------------
[2026-04-19 22:53:15,763][rfdiffusion.inference.model_runners][INFO] - Timestep 21, input to next step: -----------------------------------------------------------------------------------------------------
[2026-04-19 22:53:17,626][rfdiffusion.inference.model_runners][INFO] - Timestep 20, input to next step: -----------------------------------------------------------------------------------------------------
[2026-04-19 22:53:19,705][rfdiffusion.inference.model_runners][INFO] - Timestep 19, input to next step: -----------------------------------------------------------------------------------------------------
[2026-04-19 22:53:21,508][rfdiffusion.inference.model_runners][INFO] - Timestep 18, input to next step: -----------------------------------------------------------------------------------------------------
[2026-04-19 22:53:23,363][rfdiffusion.inference.model_runners][INFO] - Timestep 17, input to next step: -----------------------------------------------------------------------------------------------------
[2026-04-19 22:53:25,246][rfdiffusion.inference.model_runners][INFO] - Timestep 16, input to next step: -----------------------------------------------------------------------------------------------------
[2026-04-19 22:53:27,062][rfdiffusion.inference.model_runners][INFO] - Timestep 15, input to next step: -----------------------------------------------------------------------------------------------------
[2026-04-19 22:53:28,869][rfdiffusion.inference.model_runners][INFO] - Timestep 14, input to next step: -----------------------------------------------------------------------------------------------------
[2026-04-19 22:53:30,644][rfdiffusion.inference.model_runners][INFO] - Timestep 13, input to next step: -----------------------------------------------------------------------------------------------------
[2026-04-19 22:53:32,529][rfdiffusion.inference.model_runners][INFO] - Timestep 12, input to next step: -----------------------------------------------------------------------------------------------------
[2026-04-19 22:53:34,431][rfdiffusion.inference.model_runners][INFO] - Timestep 11, input to next step: -----------------------------------------------------------------------------------------------------
[2026-04-19 22:53:36,233][rfdiffusion.inference.model_runners][INFO] - Timestep 10, input to next step: -----------------------------------------------------------------------------------------------------
[2026-04-19 22:53:37,993][rfdiffusion.inference.model_runners][INFO] - Timestep 9, input to next step: -----------------------------------------------------------------------------------------------------
[2026-04-19 22:53:39,612][rfdiffusion.inference.model_runners][INFO] - Timestep 8, input to next step: -----------------------------------------------------------------------------------------------------
[2026-04-19 22:53:41,259][rfdiffusion.inference.model_runners][INFO] - Timestep 7, input to next step: -----------------------------------------------------------------------------------------------------
[2026-04-19 22:53:42,940][rfdiffusion.inference.model_runners][INFO] - Timestep 6, input to next step: -----------------------------------------------------------------------------------------------------
[2026-04-19 22:53:45,045][rfdiffusion.inference.model_runners][INFO] - Timestep 5, input to next step: -----------------------------------------------------------------------------------------------------
[2026-04-19 22:53:46,968][rfdiffusion.inference.model_runners][INFO] - Timestep 4, input to next step: -----------------------------------------------------------------------------------------------------
[2026-04-19 22:53:48,992][rfdiffusion.inference.model_runners][INFO] - Timestep 3, input to next step: -----------------------------------------------------------------------------------------------------
[2026-04-19 22:53:50,703][rfdiffusion.inference.model_runners][INFO] - Timestep 2, input to next step: -----------------------------------------------------------------------------------------------------
[2026-04-19 22:53:54,701][__main__][INFO] - Finished design in 1.56 minutes
