[2026-04-20 00:16:59,390][__main__][INFO] - Found GPU with device_name NVIDIA GeForce RTX 3050 Ti Laptop GPU. Will run RFdiffusion on NVIDIA GeForce RTX 3050 Ti Laptop GPU
[2026-04-20 00:16:59,391][rfdiffusion.inference.model_runners][INFO] - Reading checkpoint from /home/manvi/Team_8_CS598GBL/RFdiffusion/rfdiffusion/inference/../../models/Base_ckpt.pt
[2026-04-20 00:17:07,518][rfdiffusion.inference.model_runners][INFO] - Loading checkpoint.
[2026-04-20 00:17:07,785][rfdiffusion.diffusion][INFO] - Using cached IGSO3.
[2026-04-20 00:17:07,801][__main__][INFO] - Making design /home/manvi/Team_8_CS598GBL/Assignment/Generate_designs/default/len_106/design_0
[2026-04-20 00:17:07,812][rfdiffusion.inference.model_runners][INFO] - Using contig: ['106-106']
[2026-04-20 00:17:07,901][rfdiffusion.inference.model_runners][INFO] - Sequence init: ----------------------------------------------------------------------------------------------------------
[2026-04-20 00:17:12,000][rfdiffusion.inference.model_runners][INFO] - Timestep 50, input to next step: ----------------------------------------------------------------------------------------------------------
[2026-04-20 00:17:13,421][rfdiffusion.inference.model_runners][INFO] - Timestep 49, input to next step: ----------------------------------------------------------------------------------------------------------
[2026-04-20 00:17:14,946][rfdiffusion.inference.model_runners][INFO] - Timestep 48, input to next step: ----------------------------------------------------------------------------------------------------------
[2026-04-20 00:17:16,703][rfdiffusion.inference.model_runners][INFO] - Timestep 47, input to next step: ----------------------------------------------------------------------------------------------------------
[2026-04-20 00:17:18,737][rfdiffusion.inference.model_runners][INFO] - Timestep 46, input to next step: ----------------------------------------------------------------------------------------------------------
[2026-04-20 00:17:20,668][rfdiffusion.inference.model_runners][INFO] - Timestep 45, input to next step: ----------------------------------------------------------------------------------------------------------
[2026-04-20 00:17:22,556][rfdiffusion.inference.model_runners][INFO] - Timestep 44, input to next step: ----------------------------------------------------------------------------------------------------------
[2026-04-20 00:17:24,832][rfdiffusion.inference.model_runners][INFO] - Timestep 43, input to next step: ----------------------------------------------------------------------------------------------------------
[2026-04-20 00:17:27,947][rfdiffusion.inference.model_runners][INFO] - Timestep 42, input to next step: ----------------------------------------------------------------------------------------------------------
[2026-04-20 00:17:29,991][rfdiffusion.inference.model_runners][INFO] - Timestep 41, input to next step: ----------------------------------------------------------------------------------------------------------
[2026-04-20 00:17:32,108][rfdiffusion.inference.model_runners][INFO] - Timestep 40, input to next step: ----------------------------------------------------------------------------------------------------------
[2026-04-20 00:17:34,289][rfdiffusion.inference.model_runners][INFO] - Timestep 39, input to next step: ----------------------------------------------------------------------------------------------------------
[2026-04-20 00:17:37,133][rfdiffusion.inference.model_runners][INFO] - Timestep 38, input to next step: ----------------------------------------------------------------------------------------------------------
[2026-04-20 00:17:38,814][rfdiffusion.inference.model_runners][INFO] - Timestep 37, input to next step: ----------------------------------------------------------------------------------------------------------
[2026-04-20 00:17:40,398][rfdiffusion.inference.model_runners][INFO] - Timestep 36, input to next step: ----------------------------------------------------------------------------------------------------------
[2026-04-20 00:17:41,984][rfdiffusion.inference.model_runners][INFO] - Timestep 35, input to next step: ----------------------------------------------------------------------------------------------------------
[2026-04-20 00:17:43,572][rfdiffusion.inference.model_runners][INFO] - Timestep 34, input to next step: ----------------------------------------------------------------------------------------------------------
[2026-04-20 00:17:45,208][rfdiffusion.inference.model_runners][INFO] - Timestep 33, input to next step: ----------------------------------------------------------------------------------------------------------
[2026-04-20 00:17:46,853][rfdiffusion.inference.model_runners][INFO] - Timestep 32, input to next step: ----------------------------------------------------------------------------------------------------------
[2026-04-20 00:17:48,384][rfdiffusion.inference.model_runners][INFO] - Timestep 31, input to next step: ----------------------------------------------------------------------------------------------------------
[2026-04-20 00:17:49,961][rfdiffusion.inference.model_runners][INFO] - Timestep 30, input to next step: ----------------------------------------------------------------------------------------------------------
[2026-04-20 00:17:51,476][rfdiffusion.inference.model_runners][INFO] - Timestep 29, input to next step: ----------------------------------------------------------------------------------------------------------
[2026-04-20 00:17:53,082][rfdiffusion.inference.model_runners][INFO] - Timestep 28, input to next step: ----------------------------------------------------------------------------------------------------------
[2026-04-20 00:17:54,836][rfdiffusion.inference.model_runners][INFO] - Timestep 27, input to next step: ----------------------------------------------------------------------------------------------------------
[2026-04-20 00:17:56,746][rfdiffusion.inference.model_runners][INFO] - Timestep 26, input to next step: ----------------------------------------------------------------------------------------------------------
[2026-04-20 00:17:58,407][rfdiffusion.inference.model_runners][INFO] - Timestep 25, input to next step: ----------------------------------------------------------------------------------------------------------
[2026-04-20 00:17:59,945][rfdiffusion.inference.model_runners][INFO] - Timestep 24, input to next step: ----------------------------------------------------------------------------------------------------------
[2026-04-20 00:18:01,557][rfdiffusion.inference.model_runners][INFO] - Timestep 23, input to next step: ----------------------------------------------------------------------------------------------------------
[2026-04-20 00:18:03,189][rfdiffusion.inference.model_runners][INFO] - Timestep 22, input to next step: ----------------------------------------------------------------------------------------------------------
[2026-04-20 00:18:04,856][rfdiffusion.inference.model_runners][INFO] - Timestep 21, input to next step: ----------------------------------------------------------------------------------------------------------
[2026-04-20 00:18:06,489][rfdiffusion.inference.model_runners][INFO] - Timestep 20, input to next step: ----------------------------------------------------------------------------------------------------------
[2026-04-20 00:18:08,135][rfdiffusion.inference.model_runners][INFO] - Timestep 19, input to next step: ----------------------------------------------------------------------------------------------------------
[2026-04-20 00:18:09,632][rfdiffusion.inference.model_runners][INFO] - Timestep 18, input to next step: ----------------------------------------------------------------------------------------------------------
[2026-04-20 00:18:11,149][rfdiffusion.inference.model_runners][INFO] - Timestep 17, input to next step: ----------------------------------------------------------------------------------------------------------
[2026-04-20 00:18:12,702][rfdiffusion.inference.model_runners][INFO] - Timestep 16, input to next step: ----------------------------------------------------------------------------------------------------------
[2026-04-20 00:18:14,366][rfdiffusion.inference.model_runners][INFO] - Timestep 15, input to next step: ----------------------------------------------------------------------------------------------------------
[2026-04-20 00:18:15,939][rfdiffusion.inference.model_runners][INFO] - Timestep 14, input to next step: ----------------------------------------------------------------------------------------------------------
[2026-04-20 00:18:17,554][rfdiffusion.inference.model_runners][INFO] - Timestep 13, input to next step: ----------------------------------------------------------------------------------------------------------
[2026-04-20 00:18:19,372][rfdiffusion.inference.model_runners][INFO] - Timestep 12, input to next step: ----------------------------------------------------------------------------------------------------------
[2026-04-20 00:18:21,068][rfdiffusion.inference.model_runners][INFO] - Timestep 11, input to next step: ----------------------------------------------------------------------------------------------------------
[2026-04-20 00:18:22,712][rfdiffusion.inference.model_runners][INFO] - Timestep 10, input to next step: ----------------------------------------------------------------------------------------------------------
[2026-04-20 00:18:24,228][rfdiffusion.inference.model_runners][INFO] - Timestep 9, input to next step: ----------------------------------------------------------------------------------------------------------
[2026-04-20 00:18:25,983][rfdiffusion.inference.model_runners][INFO] - Timestep 8, input to next step: ----------------------------------------------------------------------------------------------------------
[2026-04-20 00:18:27,752][rfdiffusion.inference.model_runners][INFO] - Timestep 7, input to next step: ----------------------------------------------------------------------------------------------------------
[2026-04-20 00:18:29,283][rfdiffusion.inference.model_runners][INFO] - Timestep 6, input to next step: ----------------------------------------------------------------------------------------------------------
[2026-04-20 00:18:30,855][rfdiffusion.inference.model_runners][INFO] - Timestep 5, input to next step: ----------------------------------------------------------------------------------------------------------
[2026-04-20 00:18:32,449][rfdiffusion.inference.model_runners][INFO] - Timestep 4, input to next step: ----------------------------------------------------------------------------------------------------------
[2026-04-20 00:18:34,042][rfdiffusion.inference.model_runners][INFO] - Timestep 3, input to next step: ----------------------------------------------------------------------------------------------------------
[2026-04-20 00:18:35,695][rfdiffusion.inference.model_runners][INFO] - Timestep 2, input to next step: ----------------------------------------------------------------------------------------------------------
[2026-04-20 00:18:40,546][__main__][INFO] - Finished design in 1.55 minutes
[2026-04-20 00:18:40,546][__main__][INFO] - Making design /home/manvi/Team_8_CS598GBL/Assignment/Generate_designs/default/len_106/design_1
[2026-04-20 00:18:40,550][rfdiffusion.inference.model_runners][INFO] - Using contig: ['106-106']
[2026-04-20 00:18:40,573][rfdiffusion.inference.model_runners][INFO] - Sequence init: ----------------------------------------------------------------------------------------------------------
[2026-04-20 00:18:42,146][rfdiffusion.inference.model_runners][INFO] - Timestep 50, input to next step: ----------------------------------------------------------------------------------------------------------
[2026-04-20 00:18:44,015][rfdiffusion.inference.model_runners][INFO] - Timestep 49, input to next step: ----------------------------------------------------------------------------------------------------------
[2026-04-20 00:18:45,677][rfdiffusion.inference.model_runners][INFO] - Timestep 48, input to next step: ----------------------------------------------------------------------------------------------------------
[2026-04-20 00:18:47,290][rfdiffusion.inference.model_runners][INFO] - Timestep 47, input to next step: ----------------------------------------------------------------------------------------------------------
[2026-04-20 00:18:49,199][rfdiffusion.inference.model_runners][INFO] - Timestep 46, input to next step: ----------------------------------------------------------------------------------------------------------
[2026-04-20 00:18:50,847][rfdiffusion.inference.model_runners][INFO] - Timestep 45, input to next step: ----------------------------------------------------------------------------------------------------------
[2026-04-20 00:18:52,474][rfdiffusion.inference.model_runners][INFO] - Timestep 44, input to next step: ----------------------------------------------------------------------------------------------------------
[2026-04-20 00:18:53,827][rfdiffusion.inference.model_runners][INFO] - Timestep 43, input to next step: ----------------------------------------------------------------------------------------------------------
[2026-04-20 00:18:55,279][rfdiffusion.inference.model_runners][INFO] - Timestep 42, input to next step: ----------------------------------------------------------------------------------------------------------
[2026-04-20 00:18:57,040][rfdiffusion.inference.model_runners][INFO] - Timestep 41, input to next step: ----------------------------------------------------------------------------------------------------------
[2026-04-20 00:18:59,108][rfdiffusion.inference.model_runners][INFO] - Timestep 40, input to next step: ----------------------------------------------------------------------------------------------------------
[2026-04-20 00:19:02,211][rfdiffusion.inference.model_runners][INFO] - Timestep 39, input to next step: ----------------------------------------------------------------------------------------------------------
[2026-04-20 00:19:04,301][rfdiffusion.inference.model_runners][INFO] - Timestep 38, input to next step: ----------------------------------------------------------------------------------------------------------
[2026-04-20 00:19:06,172][rfdiffusion.inference.model_runners][INFO] - Timestep 37, input to next step: ----------------------------------------------------------------------------------------------------------
[2026-04-20 00:19:07,867][rfdiffusion.inference.model_runners][INFO] - Timestep 36, input to next step: ----------------------------------------------------------------------------------------------------------
[2026-04-20 00:19:09,630][rfdiffusion.inference.model_runners][INFO] - Timestep 35, input to next step: ----------------------------------------------------------------------------------------------------------
[2026-04-20 00:19:11,407][rfdiffusion.inference.model_runners][INFO] - Timestep 34, input to next step: ----------------------------------------------------------------------------------------------------------
[2026-04-20 00:19:13,149][rfdiffusion.inference.model_runners][INFO] - Timestep 33, input to next step: ----------------------------------------------------------------------------------------------------------
[2026-04-20 00:19:14,923][rfdiffusion.inference.model_runners][INFO] - Timestep 32, input to next step: ----------------------------------------------------------------------------------------------------------
[2026-04-20 00:19:16,522][rfdiffusion.inference.model_runners][INFO] - Timestep 31, input to next step: ----------------------------------------------------------------------------------------------------------
[2026-04-20 00:19:18,294][rfdiffusion.inference.model_runners][INFO] - Timestep 30, input to next step: ----------------------------------------------------------------------------------------------------------
[2026-04-20 00:19:20,609][rfdiffusion.inference.model_runners][INFO] - Timestep 29, input to next step: ----------------------------------------------------------------------------------------------------------
[2026-04-20 00:19:22,776][rfdiffusion.inference.model_runners][INFO] - Timestep 28, input to next step: ----------------------------------------------------------------------------------------------------------
[2026-04-20 00:19:25,899][rfdiffusion.inference.model_runners][INFO] - Timestep 27, input to next step: ----------------------------------------------------------------------------------------------------------
[2026-04-20 00:19:28,200][rfdiffusion.inference.model_runners][INFO] - Timestep 26, input to next step: ----------------------------------------------------------------------------------------------------------
[2026-04-20 00:19:30,823][rfdiffusion.inference.model_runners][INFO] - Timestep 25, input to next step: ----------------------------------------------------------------------------------------------------------
[2026-04-20 00:19:32,857][rfdiffusion.inference.model_runners][INFO] - Timestep 24, input to next step: ----------------------------------------------------------------------------------------------------------
[2026-04-20 00:19:34,631][rfdiffusion.inference.model_runners][INFO] - Timestep 23, input to next step: ----------------------------------------------------------------------------------------------------------
[2026-04-20 00:19:36,316][rfdiffusion.inference.model_runners][INFO] - Timestep 22, input to next step: ----------------------------------------------------------------------------------------------------------
[2026-04-20 00:19:38,378][rfdiffusion.inference.model_runners][INFO] - Timestep 21, input to next step: ----------------------------------------------------------------------------------------------------------
[2026-04-20 00:19:41,206][rfdiffusion.inference.model_runners][INFO] - Timestep 20, input to next step: ----------------------------------------------------------------------------------------------------------
[2026-04-20 00:19:43,981][rfdiffusion.inference.model_runners][INFO] - Timestep 19, input to next step: ----------------------------------------------------------------------------------------------------------
[2026-04-20 00:19:46,666][rfdiffusion.inference.model_runners][INFO] - Timestep 18, input to next step: ----------------------------------------------------------------------------------------------------------
[2026-04-20 00:19:49,576][rfdiffusion.inference.model_runners][INFO] - Timestep 17, input to next step: ----------------------------------------------------------------------------------------------------------
[2026-04-20 00:19:51,708][rfdiffusion.inference.model_runners][INFO] - Timestep 16, input to next step: ----------------------------------------------------------------------------------------------------------
[2026-04-20 00:19:53,575][rfdiffusion.inference.model_runners][INFO] - Timestep 15, input to next step: ----------------------------------------------------------------------------------------------------------
[2026-04-20 00:19:55,145][rfdiffusion.inference.model_runners][INFO] - Timestep 14, input to next step: ----------------------------------------------------------------------------------------------------------
[2026-04-20 00:19:56,754][rfdiffusion.inference.model_runners][INFO] - Timestep 13, input to next step: ----------------------------------------------------------------------------------------------------------
[2026-04-20 00:19:58,339][rfdiffusion.inference.model_runners][INFO] - Timestep 12, input to next step: ----------------------------------------------------------------------------------------------------------
[2026-04-20 00:19:59,908][rfdiffusion.inference.model_runners][INFO] - Timestep 11, input to next step: ----------------------------------------------------------------------------------------------------------
[2026-04-20 00:20:01,418][rfdiffusion.inference.model_runners][INFO] - Timestep 10, input to next step: ----------------------------------------------------------------------------------------------------------
[2026-04-20 00:20:02,934][rfdiffusion.inference.model_runners][INFO] - Timestep 9, input to next step: ----------------------------------------------------------------------------------------------------------
[2026-04-20 00:20:04,453][rfdiffusion.inference.model_runners][INFO] - Timestep 8, input to next step: ----------------------------------------------------------------------------------------------------------
[2026-04-20 00:20:05,946][rfdiffusion.inference.model_runners][INFO] - Timestep 7, input to next step: ----------------------------------------------------------------------------------------------------------
[2026-04-20 00:20:07,490][rfdiffusion.inference.model_runners][INFO] - Timestep 6, input to next step: ----------------------------------------------------------------------------------------------------------
[2026-04-20 00:20:09,013][rfdiffusion.inference.model_runners][INFO] - Timestep 5, input to next step: ----------------------------------------------------------------------------------------------------------
[2026-04-20 00:20:10,521][rfdiffusion.inference.model_runners][INFO] - Timestep 4, input to next step: ----------------------------------------------------------------------------------------------------------
[2026-04-20 00:20:12,108][rfdiffusion.inference.model_runners][INFO] - Timestep 3, input to next step: ----------------------------------------------------------------------------------------------------------
[2026-04-20 00:20:13,542][rfdiffusion.inference.model_runners][INFO] - Timestep 2, input to next step: ----------------------------------------------------------------------------------------------------------
[2026-04-20 00:20:16,553][__main__][INFO] - Finished design in 1.60 minutes
[2026-04-20 00:20:16,553][__main__][INFO] - Making design /home/manvi/Team_8_CS598GBL/Assignment/Generate_designs/default/len_106/design_2
[2026-04-20 00:20:16,558][rfdiffusion.inference.model_runners][INFO] - Using contig: ['106-106']
[2026-04-20 00:20:16,578][rfdiffusion.inference.model_runners][INFO] - Sequence init: ----------------------------------------------------------------------------------------------------------
[2026-04-20 00:20:17,975][rfdiffusion.inference.model_runners][INFO] - Timestep 50, input to next step: ----------------------------------------------------------------------------------------------------------
[2026-04-20 00:20:19,587][rfdiffusion.inference.model_runners][INFO] - Timestep 49, input to next step: ----------------------------------------------------------------------------------------------------------
[2026-04-20 00:20:21,191][rfdiffusion.inference.model_runners][INFO] - Timestep 48, input to next step: ----------------------------------------------------------------------------------------------------------
[2026-04-20 00:20:22,634][rfdiffusion.inference.model_runners][INFO] - Timestep 47, input to next step: ----------------------------------------------------------------------------------------------------------
[2026-04-20 00:20:24,161][rfdiffusion.inference.model_runners][INFO] - Timestep 46, input to next step: ----------------------------------------------------------------------------------------------------------
[2026-04-20 00:20:25,834][rfdiffusion.inference.model_runners][INFO] - Timestep 45, input to next step: ----------------------------------------------------------------------------------------------------------
[2026-04-20 00:20:27,426][rfdiffusion.inference.model_runners][INFO] - Timestep 44, input to next step: ----------------------------------------------------------------------------------------------------------
[2026-04-20 00:20:29,081][rfdiffusion.inference.model_runners][INFO] - Timestep 43, input to next step: ----------------------------------------------------------------------------------------------------------
[2026-04-20 00:20:30,712][rfdiffusion.inference.model_runners][INFO] - Timestep 42, input to next step: ----------------------------------------------------------------------------------------------------------
[2026-04-20 00:20:32,402][rfdiffusion.inference.model_runners][INFO] - Timestep 41, input to next step: ----------------------------------------------------------------------------------------------------------
[2026-04-20 00:20:34,258][rfdiffusion.inference.model_runners][INFO] - Timestep 40, input to next step: ----------------------------------------------------------------------------------------------------------
[2026-04-20 00:20:35,693][rfdiffusion.inference.model_runners][INFO] - Timestep 39, input to next step: ----------------------------------------------------------------------------------------------------------
[2026-04-20 00:20:37,227][rfdiffusion.inference.model_runners][INFO] - Timestep 38, input to next step: ----------------------------------------------------------------------------------------------------------
[2026-04-20 00:20:38,755][rfdiffusion.inference.model_runners][INFO] - Timestep 37, input to next step: ----------------------------------------------------------------------------------------------------------
[2026-04-20 00:20:40,287][rfdiffusion.inference.model_runners][INFO] - Timestep 36, input to next step: ----------------------------------------------------------------------------------------------------------
[2026-04-20 00:20:41,835][rfdiffusion.inference.model_runners][INFO] - Timestep 35, input to next step: ----------------------------------------------------------------------------------------------------------
[2026-04-20 00:20:43,409][rfdiffusion.inference.model_runners][INFO] - Timestep 34, input to next step: ----------------------------------------------------------------------------------------------------------
[2026-04-20 00:20:45,060][rfdiffusion.inference.model_runners][INFO] - Timestep 33, input to next step: ----------------------------------------------------------------------------------------------------------
[2026-04-20 00:20:46,579][rfdiffusion.inference.model_runners][INFO] - Timestep 32, input to next step: ----------------------------------------------------------------------------------------------------------
[2026-04-20 00:20:48,115][rfdiffusion.inference.model_runners][INFO] - Timestep 31, input to next step: ----------------------------------------------------------------------------------------------------------
[2026-04-20 00:20:49,721][rfdiffusion.inference.model_runners][INFO] - Timestep 30, input to next step: ----------------------------------------------------------------------------------------------------------
[2026-04-20 00:20:51,222][rfdiffusion.inference.model_runners][INFO] - Timestep 29, input to next step: ----------------------------------------------------------------------------------------------------------
[2026-04-20 00:20:52,752][rfdiffusion.inference.model_runners][INFO] - Timestep 28, input to next step: ----------------------------------------------------------------------------------------------------------
[2026-04-20 00:20:54,393][rfdiffusion.inference.model_runners][INFO] - Timestep 27, input to next step: ----------------------------------------------------------------------------------------------------------
[2026-04-20 00:20:55,962][rfdiffusion.inference.model_runners][INFO] - Timestep 26, input to next step: ----------------------------------------------------------------------------------------------------------
[2026-04-20 00:20:57,661][rfdiffusion.inference.model_runners][INFO] - Timestep 25, input to next step: ----------------------------------------------------------------------------------------------------------
[2026-04-20 00:20:59,257][rfdiffusion.inference.model_runners][INFO] - Timestep 24, input to next step: ----------------------------------------------------------------------------------------------------------
[2026-04-20 00:21:01,105][rfdiffusion.inference.model_runners][INFO] - Timestep 23, input to next step: ----------------------------------------------------------------------------------------------------------
[2026-04-20 00:21:02,647][rfdiffusion.inference.model_runners][INFO] - Timestep 22, input to next step: ----------------------------------------------------------------------------------------------------------
[2026-04-20 00:21:04,179][rfdiffusion.inference.model_runners][INFO] - Timestep 21, input to next step: ----------------------------------------------------------------------------------------------------------
[2026-04-20 00:21:05,804][rfdiffusion.inference.model_runners][INFO] - Timestep 20, input to next step: ----------------------------------------------------------------------------------------------------------
[2026-04-20 00:21:07,367][rfdiffusion.inference.model_runners][INFO] - Timestep 19, input to next step: ----------------------------------------------------------------------------------------------------------
[2026-04-20 00:21:08,878][rfdiffusion.inference.model_runners][INFO] - Timestep 18, input to next step: ----------------------------------------------------------------------------------------------------------
[2026-04-20 00:21:10,405][rfdiffusion.inference.model_runners][INFO] - Timestep 17, input to next step: ----------------------------------------------------------------------------------------------------------
[2026-04-20 00:21:11,890][rfdiffusion.inference.model_runners][INFO] - Timestep 16, input to next step: ----------------------------------------------------------------------------------------------------------
[2026-04-20 00:21:13,428][rfdiffusion.inference.model_runners][INFO] - Timestep 15, input to next step: ----------------------------------------------------------------------------------------------------------
[2026-04-20 00:21:14,906][rfdiffusion.inference.model_runners][INFO] - Timestep 14, input to next step: ----------------------------------------------------------------------------------------------------------
[2026-04-20 00:21:16,421][rfdiffusion.inference.model_runners][INFO] - Timestep 13, input to next step: ----------------------------------------------------------------------------------------------------------
[2026-04-20 00:21:17,870][rfdiffusion.inference.model_runners][INFO] - Timestep 12, input to next step: ----------------------------------------------------------------------------------------------------------
[2026-04-20 00:21:19,403][rfdiffusion.inference.model_runners][INFO] - Timestep 11, input to next step: ----------------------------------------------------------------------------------------------------------
[2026-04-20 00:21:20,977][rfdiffusion.inference.model_runners][INFO] - Timestep 10, input to next step: ----------------------------------------------------------------------------------------------------------
[2026-04-20 00:21:22,587][rfdiffusion.inference.model_runners][INFO] - Timestep 9, input to next step: ----------------------------------------------------------------------------------------------------------
[2026-04-20 00:21:24,213][rfdiffusion.inference.model_runners][INFO] - Timestep 8, input to next step: ----------------------------------------------------------------------------------------------------------
[2026-04-20 00:21:26,153][rfdiffusion.inference.model_runners][INFO] - Timestep 7, input to next step: ----------------------------------------------------------------------------------------------------------
[2026-04-20 00:21:28,199][rfdiffusion.inference.model_runners][INFO] - Timestep 6, input to next step: ----------------------------------------------------------------------------------------------------------
[2026-04-20 00:21:30,225][rfdiffusion.inference.model_runners][INFO] - Timestep 5, input to next step: ----------------------------------------------------------------------------------------------------------
[2026-04-20 00:21:32,630][rfdiffusion.inference.model_runners][INFO] - Timestep 4, input to next step: ----------------------------------------------------------------------------------------------------------
[2026-04-20 00:21:34,994][rfdiffusion.inference.model_runners][INFO] - Timestep 3, input to next step: ----------------------------------------------------------------------------------------------------------
[2026-04-20 00:21:36,733][rfdiffusion.inference.model_runners][INFO] - Timestep 2, input to next step: ----------------------------------------------------------------------------------------------------------
[2026-04-20 00:21:40,936][__main__][INFO] - Finished design in 1.41 minutes
[2026-04-20 00:21:40,936][__main__][INFO] - Making design /home/manvi/Team_8_CS598GBL/Assignment/Generate_designs/default/len_106/design_3
[2026-04-20 00:21:40,941][rfdiffusion.inference.model_runners][INFO] - Using contig: ['106-106']
[2026-04-20 00:21:40,965][rfdiffusion.inference.model_runners][INFO] - Sequence init: ----------------------------------------------------------------------------------------------------------
[2026-04-20 00:21:42,800][rfdiffusion.inference.model_runners][INFO] - Timestep 50, input to next step: ----------------------------------------------------------------------------------------------------------
[2026-04-20 00:21:45,329][rfdiffusion.inference.model_runners][INFO] - Timestep 49, input to next step: ----------------------------------------------------------------------------------------------------------
[2026-04-20 00:21:47,724][rfdiffusion.inference.model_runners][INFO] - Timestep 48, input to next step: ----------------------------------------------------------------------------------------------------------
[2026-04-20 00:21:49,588][rfdiffusion.inference.model_runners][INFO] - Timestep 47, input to next step: ----------------------------------------------------------------------------------------------------------
[2026-04-20 00:21:52,013][rfdiffusion.inference.model_runners][INFO] - Timestep 46, input to next step: ----------------------------------------------------------------------------------------------------------
[2026-04-20 00:21:53,982][rfdiffusion.inference.model_runners][INFO] - Timestep 45, input to next step: ----------------------------------------------------------------------------------------------------------
[2026-04-20 00:21:57,019][rfdiffusion.inference.model_runners][INFO] - Timestep 44, input to next step: ----------------------------------------------------------------------------------------------------------
[2026-04-20 00:21:58,563][rfdiffusion.inference.model_runners][INFO] - Timestep 43, input to next step: ----------------------------------------------------------------------------------------------------------
[2026-04-20 00:22:00,205][rfdiffusion.inference.model_runners][INFO] - Timestep 42, input to next step: ----------------------------------------------------------------------------------------------------------
[2026-04-20 00:22:01,880][rfdiffusion.inference.model_runners][INFO] - Timestep 41, input to next step: ----------------------------------------------------------------------------------------------------------
[2026-04-20 00:22:03,864][rfdiffusion.inference.model_runners][INFO] - Timestep 40, input to next step: ----------------------------------------------------------------------------------------------------------
[2026-04-20 00:22:05,586][rfdiffusion.inference.model_runners][INFO] - Timestep 39, input to next step: ----------------------------------------------------------------------------------------------------------
[2026-04-20 00:22:07,789][rfdiffusion.inference.model_runners][INFO] - Timestep 38, input to next step: ----------------------------------------------------------------------------------------------------------
[2026-04-20 00:22:09,947][rfdiffusion.inference.model_runners][INFO] - Timestep 37, input to next step: ----------------------------------------------------------------------------------------------------------
[2026-04-20 00:22:12,628][rfdiffusion.inference.model_runners][INFO] - Timestep 36, input to next step: ----------------------------------------------------------------------------------------------------------
[2026-04-20 00:22:14,513][rfdiffusion.inference.model_runners][INFO] - Timestep 35, input to next step: ----------------------------------------------------------------------------------------------------------
[2026-04-20 00:22:16,548][rfdiffusion.inference.model_runners][INFO] - Timestep 34, input to next step: ----------------------------------------------------------------------------------------------------------
[2026-04-20 00:22:18,520][rfdiffusion.inference.model_runners][INFO] - Timestep 33, input to next step: ----------------------------------------------------------------------------------------------------------
[2026-04-20 00:22:20,393][rfdiffusion.inference.model_runners][INFO] - Timestep 32, input to next step: ----------------------------------------------------------------------------------------------------------
[2026-04-20 00:22:22,204][rfdiffusion.inference.model_runners][INFO] - Timestep 31, input to next step: ----------------------------------------------------------------------------------------------------------
[2026-04-20 00:22:24,345][rfdiffusion.inference.model_runners][INFO] - Timestep 30, input to next step: ----------------------------------------------------------------------------------------------------------
[2026-04-20 00:22:26,278][rfdiffusion.inference.model_runners][INFO] - Timestep 29, input to next step: ----------------------------------------------------------------------------------------------------------
[2026-04-20 00:22:28,388][rfdiffusion.inference.model_runners][INFO] - Timestep 28, input to next step: ----------------------------------------------------------------------------------------------------------
[2026-04-20 00:22:30,343][rfdiffusion.inference.model_runners][INFO] - Timestep 27, input to next step: ----------------------------------------------------------------------------------------------------------
[2026-04-20 00:22:32,402][rfdiffusion.inference.model_runners][INFO] - Timestep 26, input to next step: ----------------------------------------------------------------------------------------------------------
[2026-04-20 00:22:34,152][rfdiffusion.inference.model_runners][INFO] - Timestep 25, input to next step: ----------------------------------------------------------------------------------------------------------
[2026-04-20 00:22:35,867][rfdiffusion.inference.model_runners][INFO] - Timestep 24, input to next step: ----------------------------------------------------------------------------------------------------------
[2026-04-20 00:22:37,478][rfdiffusion.inference.model_runners][INFO] - Timestep 23, input to next step: ----------------------------------------------------------------------------------------------------------
[2026-04-20 00:22:39,021][rfdiffusion.inference.model_runners][INFO] - Timestep 22, input to next step: ----------------------------------------------------------------------------------------------------------
[2026-04-20 00:22:40,542][rfdiffusion.inference.model_runners][INFO] - Timestep 21, input to next step: ----------------------------------------------------------------------------------------------------------
[2026-04-20 00:22:42,209][rfdiffusion.inference.model_runners][INFO] - Timestep 20, input to next step: ----------------------------------------------------------------------------------------------------------
[2026-04-20 00:22:44,111][rfdiffusion.inference.model_runners][INFO] - Timestep 19, input to next step: ----------------------------------------------------------------------------------------------------------
[2026-04-20 00:22:45,836][rfdiffusion.inference.model_runners][INFO] - Timestep 18, input to next step: ----------------------------------------------------------------------------------------------------------
[2026-04-20 00:22:47,524][rfdiffusion.inference.model_runners][INFO] - Timestep 17, input to next step: ----------------------------------------------------------------------------------------------------------
[2026-04-20 00:22:49,175][rfdiffusion.inference.model_runners][INFO] - Timestep 16, input to next step: ----------------------------------------------------------------------------------------------------------
[2026-04-20 00:22:51,602][rfdiffusion.inference.model_runners][INFO] - Timestep 15, input to next step: ----------------------------------------------------------------------------------------------------------
[2026-04-20 00:22:53,838][rfdiffusion.inference.model_runners][INFO] - Timestep 14, input to next step: ----------------------------------------------------------------------------------------------------------
[2026-04-20 00:22:55,977][rfdiffusion.inference.model_runners][INFO] - Timestep 13, input to next step: ----------------------------------------------------------------------------------------------------------
[2026-04-20 00:22:57,896][rfdiffusion.inference.model_runners][INFO] - Timestep 12, input to next step: ----------------------------------------------------------------------------------------------------------
[2026-04-20 00:22:59,842][rfdiffusion.inference.model_runners][INFO] - Timestep 11, input to next step: ----------------------------------------------------------------------------------------------------------
[2026-04-20 00:23:02,221][rfdiffusion.inference.model_runners][INFO] - Timestep 10, input to next step: ----------------------------------------------------------------------------------------------------------
[2026-04-20 00:23:04,161][rfdiffusion.inference.model_runners][INFO] - Timestep 9, input to next step: ----------------------------------------------------------------------------------------------------------
[2026-04-20 00:23:06,649][rfdiffusion.inference.model_runners][INFO] - Timestep 8, input to next step: ----------------------------------------------------------------------------------------------------------
[2026-04-20 00:23:08,434][rfdiffusion.inference.model_runners][INFO] - Timestep 7, input to next step: ----------------------------------------------------------------------------------------------------------
[2026-04-20 00:23:09,881][rfdiffusion.inference.model_runners][INFO] - Timestep 6, input to next step: ----------------------------------------------------------------------------------------------------------
[2026-04-20 00:23:11,406][rfdiffusion.inference.model_runners][INFO] - Timestep 5, input to next step: ----------------------------------------------------------------------------------------------------------
[2026-04-20 00:23:12,930][rfdiffusion.inference.model_runners][INFO] - Timestep 4, input to next step: ----------------------------------------------------------------------------------------------------------
[2026-04-20 00:23:14,481][rfdiffusion.inference.model_runners][INFO] - Timestep 3, input to next step: ----------------------------------------------------------------------------------------------------------
[2026-04-20 00:23:16,097][rfdiffusion.inference.model_runners][INFO] - Timestep 2, input to next step: ----------------------------------------------------------------------------------------------------------
[2026-04-20 00:23:19,513][__main__][INFO] - Finished design in 1.64 minutes
[2026-04-20 00:23:19,514][__main__][INFO] - Making design /home/manvi/Team_8_CS598GBL/Assignment/Generate_designs/default/len_106/design_4
[2026-04-20 00:23:19,517][rfdiffusion.inference.model_runners][INFO] - Using contig: ['106-106']
[2026-04-20 00:23:19,535][rfdiffusion.inference.model_runners][INFO] - Sequence init: ----------------------------------------------------------------------------------------------------------
[2026-04-20 00:23:20,988][rfdiffusion.inference.model_runners][INFO] - Timestep 50, input to next step: ----------------------------------------------------------------------------------------------------------
[2026-04-20 00:23:22,400][rfdiffusion.inference.model_runners][INFO] - Timestep 49, input to next step: ----------------------------------------------------------------------------------------------------------
[2026-04-20 00:23:23,830][rfdiffusion.inference.model_runners][INFO] - Timestep 48, input to next step: ----------------------------------------------------------------------------------------------------------
[2026-04-20 00:23:25,320][rfdiffusion.inference.model_runners][INFO] - Timestep 47, input to next step: ----------------------------------------------------------------------------------------------------------
[2026-04-20 00:23:26,878][rfdiffusion.inference.model_runners][INFO] - Timestep 46, input to next step: ----------------------------------------------------------------------------------------------------------
[2026-04-20 00:23:28,401][rfdiffusion.inference.model_runners][INFO] - Timestep 45, input to next step: ----------------------------------------------------------------------------------------------------------
[2026-04-20 00:23:29,860][rfdiffusion.inference.model_runners][INFO] - Timestep 44, input to next step: ----------------------------------------------------------------------------------------------------------
[2026-04-20 00:23:31,319][rfdiffusion.inference.model_runners][INFO] - Timestep 43, input to next step: ----------------------------------------------------------------------------------------------------------
[2026-04-20 00:23:32,853][rfdiffusion.inference.model_runners][INFO] - Timestep 42, input to next step: ----------------------------------------------------------------------------------------------------------
[2026-04-20 00:23:34,312][rfdiffusion.inference.model_runners][INFO] - Timestep 41, input to next step: ----------------------------------------------------------------------------------------------------------
[2026-04-20 00:23:35,816][rfdiffusion.inference.model_runners][INFO] - Timestep 40, input to next step: ----------------------------------------------------------------------------------------------------------
[2026-04-20 00:23:37,421][rfdiffusion.inference.model_runners][INFO] - Timestep 39, input to next step: ----------------------------------------------------------------------------------------------------------
[2026-04-20 00:23:38,897][rfdiffusion.inference.model_runners][INFO] - Timestep 38, input to next step: ----------------------------------------------------------------------------------------------------------
[2026-04-20 00:23:40,390][rfdiffusion.inference.model_runners][INFO] - Timestep 37, input to next step: ----------------------------------------------------------------------------------------------------------
[2026-04-20 00:23:41,921][rfdiffusion.inference.model_runners][INFO] - Timestep 36, input to next step: ----------------------------------------------------------------------------------------------------------
[2026-04-20 00:23:43,523][rfdiffusion.inference.model_runners][INFO] - Timestep 35, input to next step: ----------------------------------------------------------------------------------------------------------
[2026-04-20 00:23:45,045][rfdiffusion.inference.model_runners][INFO] - Timestep 34, input to next step: ----------------------------------------------------------------------------------------------------------
[2026-04-20 00:23:46,642][rfdiffusion.inference.model_runners][INFO] - Timestep 33, input to next step: ----------------------------------------------------------------------------------------------------------
[2026-04-20 00:23:48,283][rfdiffusion.inference.model_runners][INFO] - Timestep 32, input to next step: ----------------------------------------------------------------------------------------------------------
[2026-04-20 00:23:49,826][rfdiffusion.inference.model_runners][INFO] - Timestep 31, input to next step: ----------------------------------------------------------------------------------------------------------
[2026-04-20 00:23:51,276][rfdiffusion.inference.model_runners][INFO] - Timestep 30, input to next step: ----------------------------------------------------------------------------------------------------------
[2026-04-20 00:23:52,861][rfdiffusion.inference.model_runners][INFO] - Timestep 29, input to next step: ----------------------------------------------------------------------------------------------------------
[2026-04-20 00:23:54,474][rfdiffusion.inference.model_runners][INFO] - Timestep 28, input to next step: ----------------------------------------------------------------------------------------------------------
[2026-04-20 00:23:55,984][rfdiffusion.inference.model_runners][INFO] - Timestep 27, input to next step: ----------------------------------------------------------------------------------------------------------
[2026-04-20 00:23:57,563][rfdiffusion.inference.model_runners][INFO] - Timestep 26, input to next step: ----------------------------------------------------------------------------------------------------------
[2026-04-20 00:23:59,044][rfdiffusion.inference.model_runners][INFO] - Timestep 25, input to next step: ----------------------------------------------------------------------------------------------------------
[2026-04-20 00:24:00,867][rfdiffusion.inference.model_runners][INFO] - Timestep 24, input to next step: ----------------------------------------------------------------------------------------------------------
[2026-04-20 00:24:03,315][rfdiffusion.inference.model_runners][INFO] - Timestep 23, input to next step: ----------------------------------------------------------------------------------------------------------
[2026-04-20 00:24:05,140][rfdiffusion.inference.model_runners][INFO] - Timestep 22, input to next step: ----------------------------------------------------------------------------------------------------------
[2026-04-20 00:24:06,727][rfdiffusion.inference.model_runners][INFO] - Timestep 21, input to next step: ----------------------------------------------------------------------------------------------------------
[2026-04-20 00:24:08,315][rfdiffusion.inference.model_runners][INFO] - Timestep 20, input to next step: ----------------------------------------------------------------------------------------------------------
[2026-04-20 00:24:09,953][rfdiffusion.inference.model_runners][INFO] - Timestep 19, input to next step: ----------------------------------------------------------------------------------------------------------
[2026-04-20 00:24:11,868][rfdiffusion.inference.model_runners][INFO] - Timestep 18, input to next step: ----------------------------------------------------------------------------------------------------------
[2026-04-20 00:24:13,724][rfdiffusion.inference.model_runners][INFO] - Timestep 17, input to next step: ----------------------------------------------------------------------------------------------------------
[2026-04-20 00:24:15,891][rfdiffusion.inference.model_runners][INFO] - Timestep 16, input to next step: ----------------------------------------------------------------------------------------------------------
[2026-04-20 00:24:18,147][rfdiffusion.inference.model_runners][INFO] - Timestep 15, input to next step: ----------------------------------------------------------------------------------------------------------
[2026-04-20 00:24:19,704][rfdiffusion.inference.model_runners][INFO] - Timestep 14, input to next step: ----------------------------------------------------------------------------------------------------------
[2026-04-20 00:24:21,136][rfdiffusion.inference.model_runners][INFO] - Timestep 13, input to next step: ----------------------------------------------------------------------------------------------------------
[2026-04-20 00:24:22,589][rfdiffusion.inference.model_runners][INFO] - Timestep 12, input to next step: ----------------------------------------------------------------------------------------------------------
[2026-04-20 00:24:24,168][rfdiffusion.inference.model_runners][INFO] - Timestep 11, input to next step: ----------------------------------------------------------------------------------------------------------
[2026-04-20 00:24:25,821][rfdiffusion.inference.model_runners][INFO] - Timestep 10, input to next step: ----------------------------------------------------------------------------------------------------------
[2026-04-20 00:24:27,525][rfdiffusion.inference.model_runners][INFO] - Timestep 9, input to next step: ----------------------------------------------------------------------------------------------------------
[2026-04-20 00:24:29,541][rfdiffusion.inference.model_runners][INFO] - Timestep 8, input to next step: ----------------------------------------------------------------------------------------------------------
[2026-04-20 00:24:31,171][rfdiffusion.inference.model_runners][INFO] - Timestep 7, input to next step: ----------------------------------------------------------------------------------------------------------
[2026-04-20 00:24:33,012][rfdiffusion.inference.model_runners][INFO] - Timestep 6, input to next step: ----------------------------------------------------------------------------------------------------------
[2026-04-20 00:24:34,499][rfdiffusion.inference.model_runners][INFO] - Timestep 5, input to next step: ----------------------------------------------------------------------------------------------------------
[2026-04-20 00:24:36,054][rfdiffusion.inference.model_runners][INFO] - Timestep 4, input to next step: ----------------------------------------------------------------------------------------------------------
[2026-04-20 00:24:37,615][rfdiffusion.inference.model_runners][INFO] - Timestep 3, input to next step: ----------------------------------------------------------------------------------------------------------
[2026-04-20 00:24:39,114][rfdiffusion.inference.model_runners][INFO] - Timestep 2, input to next step: ----------------------------------------------------------------------------------------------------------
[2026-04-20 00:24:42,523][__main__][INFO] - Finished design in 1.38 minutes
[2026-04-20 00:24:42,523][__main__][INFO] - Making design /home/manvi/Team_8_CS598GBL/Assignment/Generate_designs/default/len_106/design_5
[2026-04-20 00:24:42,527][rfdiffusion.inference.model_runners][INFO] - Using contig: ['106-106']
[2026-04-20 00:24:42,544][rfdiffusion.inference.model_runners][INFO] - Sequence init: ----------------------------------------------------------------------------------------------------------
[2026-04-20 00:24:44,022][rfdiffusion.inference.model_runners][INFO] - Timestep 50, input to next step: ----------------------------------------------------------------------------------------------------------
[2026-04-20 00:24:45,394][rfdiffusion.inference.model_runners][INFO] - Timestep 49, input to next step: ----------------------------------------------------------------------------------------------------------
[2026-04-20 00:24:46,972][rfdiffusion.inference.model_runners][INFO] - Timestep 48, input to next step: ----------------------------------------------------------------------------------------------------------
[2026-04-20 00:24:48,617][rfdiffusion.inference.model_runners][INFO] - Timestep 47, input to next step: ----------------------------------------------------------------------------------------------------------
[2026-04-20 00:24:50,409][rfdiffusion.inference.model_runners][INFO] - Timestep 46, input to next step: ----------------------------------------------------------------------------------------------------------
[2026-04-20 00:24:52,094][rfdiffusion.inference.model_runners][INFO] - Timestep 45, input to next step: ----------------------------------------------------------------------------------------------------------
[2026-04-20 00:24:53,769][rfdiffusion.inference.model_runners][INFO] - Timestep 44, input to next step: ----------------------------------------------------------------------------------------------------------
[2026-04-20 00:24:55,451][rfdiffusion.inference.model_runners][INFO] - Timestep 43, input to next step: ----------------------------------------------------------------------------------------------------------
[2026-04-20 00:24:57,254][rfdiffusion.inference.model_runners][INFO] - Timestep 42, input to next step: ----------------------------------------------------------------------------------------------------------
[2026-04-20 00:24:58,943][rfdiffusion.inference.model_runners][INFO] - Timestep 41, input to next step: ----------------------------------------------------------------------------------------------------------
[2026-04-20 00:25:00,603][rfdiffusion.inference.model_runners][INFO] - Timestep 40, input to next step: ----------------------------------------------------------------------------------------------------------
[2026-04-20 00:25:02,253][rfdiffusion.inference.model_runners][INFO] - Timestep 39, input to next step: ----------------------------------------------------------------------------------------------------------
[2026-04-20 00:25:03,951][rfdiffusion.inference.model_runners][INFO] - Timestep 38, input to next step: ----------------------------------------------------------------------------------------------------------
[2026-04-20 00:25:05,501][rfdiffusion.inference.model_runners][INFO] - Timestep 37, input to next step: ----------------------------------------------------------------------------------------------------------
[2026-04-20 00:25:07,130][rfdiffusion.inference.model_runners][INFO] - Timestep 36, input to next step: ----------------------------------------------------------------------------------------------------------
[2026-04-20 00:25:09,210][rfdiffusion.inference.model_runners][INFO] - Timestep 35, input to next step: ----------------------------------------------------------------------------------------------------------
[2026-04-20 00:25:11,063][rfdiffusion.inference.model_runners][INFO] - Timestep 34, input to next step: ----------------------------------------------------------------------------------------------------------
[2026-04-20 00:25:12,616][rfdiffusion.inference.model_runners][INFO] - Timestep 33, input to next step: ----------------------------------------------------------------------------------------------------------
[2026-04-20 00:25:14,211][rfdiffusion.inference.model_runners][INFO] - Timestep 32, input to next step: ----------------------------------------------------------------------------------------------------------
[2026-04-20 00:25:15,841][rfdiffusion.inference.model_runners][INFO] - Timestep 31, input to next step: ----------------------------------------------------------------------------------------------------------
[2026-04-20 00:25:17,435][rfdiffusion.inference.model_runners][INFO] - Timestep 30, input to next step: ----------------------------------------------------------------------------------------------------------
[2026-04-20 00:25:19,052][rfdiffusion.inference.model_runners][INFO] - Timestep 29, input to next step: ----------------------------------------------------------------------------------------------------------
[2026-04-20 00:25:20,893][rfdiffusion.inference.model_runners][INFO] - Timestep 28, input to next step: ----------------------------------------------------------------------------------------------------------
[2026-04-20 00:25:22,529][rfdiffusion.inference.model_runners][INFO] - Timestep 27, input to next step: ----------------------------------------------------------------------------------------------------------
[2026-04-20 00:25:24,141][rfdiffusion.inference.model_runners][INFO] - Timestep 26, input to next step: ----------------------------------------------------------------------------------------------------------
[2026-04-20 00:25:25,919][rfdiffusion.inference.model_runners][INFO] - Timestep 25, input to next step: ----------------------------------------------------------------------------------------------------------
[2026-04-20 00:25:27,878][rfdiffusion.inference.model_runners][INFO] - Timestep 24, input to next step: ----------------------------------------------------------------------------------------------------------
[2026-04-20 00:25:29,854][rfdiffusion.inference.model_runners][INFO] - Timestep 23, input to next step: ----------------------------------------------------------------------------------------------------------
[2026-04-20 00:25:31,743][rfdiffusion.inference.model_runners][INFO] - Timestep 22, input to next step: ----------------------------------------------------------------------------------------------------------
[2026-04-20 00:25:33,492][rfdiffusion.inference.model_runners][INFO] - Timestep 21, input to next step: ----------------------------------------------------------------------------------------------------------
[2026-04-20 00:25:35,098][rfdiffusion.inference.model_runners][INFO] - Timestep 20, input to next step: ----------------------------------------------------------------------------------------------------------
[2026-04-20 00:25:36,920][rfdiffusion.inference.model_runners][INFO] - Timestep 19, input to next step: ----------------------------------------------------------------------------------------------------------
[2026-04-20 00:25:38,951][rfdiffusion.inference.model_runners][INFO] - Timestep 18, input to next step: ----------------------------------------------------------------------------------------------------------
[2026-04-20 00:25:41,047][rfdiffusion.inference.model_runners][INFO] - Timestep 17, input to next step: ----------------------------------------------------------------------------------------------------------
[2026-04-20 00:25:42,978][rfdiffusion.inference.model_runners][INFO] - Timestep 16, input to next step: ----------------------------------------------------------------------------------------------------------
[2026-04-20 00:25:45,831][rfdiffusion.inference.model_runners][INFO] - Timestep 15, input to next step: ----------------------------------------------------------------------------------------------------------
[2026-04-20 00:25:48,252][rfdiffusion.inference.model_runners][INFO] - Timestep 14, input to next step: ----------------------------------------------------------------------------------------------------------
[2026-04-20 00:25:50,930][rfdiffusion.inference.model_runners][INFO] - Timestep 13, input to next step: ----------------------------------------------------------------------------------------------------------
[2026-04-20 00:25:53,322][rfdiffusion.inference.model_runners][INFO] - Timestep 12, input to next step: ----------------------------------------------------------------------------------------------------------
[2026-04-20 00:25:56,274][rfdiffusion.inference.model_runners][INFO] - Timestep 11, input to next step: ----------------------------------------------------------------------------------------------------------
[2026-04-20 00:25:58,834][rfdiffusion.inference.model_runners][INFO] - Timestep 10, input to next step: ----------------------------------------------------------------------------------------------------------
[2026-04-20 00:26:01,378][rfdiffusion.inference.model_runners][INFO] - Timestep 9, input to next step: ----------------------------------------------------------------------------------------------------------
[2026-04-20 00:26:03,795][rfdiffusion.inference.model_runners][INFO] - Timestep 8, input to next step: ----------------------------------------------------------------------------------------------------------
[2026-04-20 00:26:06,122][rfdiffusion.inference.model_runners][INFO] - Timestep 7, input to next step: ----------------------------------------------------------------------------------------------------------
[2026-04-20 00:26:08,313][rfdiffusion.inference.model_runners][INFO] - Timestep 6, input to next step: ----------------------------------------------------------------------------------------------------------
[2026-04-20 00:26:10,558][rfdiffusion.inference.model_runners][INFO] - Timestep 5, input to next step: ----------------------------------------------------------------------------------------------------------
[2026-04-20 00:26:12,312][rfdiffusion.inference.model_runners][INFO] - Timestep 4, input to next step: ----------------------------------------------------------------------------------------------------------
[2026-04-20 00:26:14,092][rfdiffusion.inference.model_runners][INFO] - Timestep 3, input to next step: ----------------------------------------------------------------------------------------------------------
[2026-04-20 00:26:16,422][rfdiffusion.inference.model_runners][INFO] - Timestep 2, input to next step: ----------------------------------------------------------------------------------------------------------
[2026-04-20 00:26:21,246][__main__][INFO] - Finished design in 1.65 minutes
[2026-04-20 00:26:21,247][__main__][INFO] - Making design /home/manvi/Team_8_CS598GBL/Assignment/Generate_designs/default/len_106/design_6
[2026-04-20 00:26:21,254][rfdiffusion.inference.model_runners][INFO] - Using contig: ['106-106']
[2026-04-20 00:26:21,281][rfdiffusion.inference.model_runners][INFO] - Sequence init: ----------------------------------------------------------------------------------------------------------
[2026-04-20 00:26:23,313][rfdiffusion.inference.model_runners][INFO] - Timestep 50, input to next step: ----------------------------------------------------------------------------------------------------------
[2026-04-20 00:26:25,262][rfdiffusion.inference.model_runners][INFO] - Timestep 49, input to next step: ----------------------------------------------------------------------------------------------------------
[2026-04-20 00:26:27,452][rfdiffusion.inference.model_runners][INFO] - Timestep 48, input to next step: ----------------------------------------------------------------------------------------------------------
[2026-04-20 00:26:29,955][rfdiffusion.inference.model_runners][INFO] - Timestep 47, input to next step: ----------------------------------------------------------------------------------------------------------
[2026-04-20 00:26:32,822][rfdiffusion.inference.model_runners][INFO] - Timestep 46, input to next step: ----------------------------------------------------------------------------------------------------------
[2026-04-20 00:26:35,339][rfdiffusion.inference.model_runners][INFO] - Timestep 45, input to next step: ----------------------------------------------------------------------------------------------------------
[2026-04-20 00:26:37,582][rfdiffusion.inference.model_runners][INFO] - Timestep 44, input to next step: ----------------------------------------------------------------------------------------------------------
[2026-04-20 00:26:40,072][rfdiffusion.inference.model_runners][INFO] - Timestep 43, input to next step: ----------------------------------------------------------------------------------------------------------
[2026-04-20 00:26:42,988][rfdiffusion.inference.model_runners][INFO] - Timestep 42, input to next step: ----------------------------------------------------------------------------------------------------------
[2026-04-20 00:26:45,330][rfdiffusion.inference.model_runners][INFO] - Timestep 41, input to next step: ----------------------------------------------------------------------------------------------------------
[2026-04-20 00:26:48,042][rfdiffusion.inference.model_runners][INFO] - Timestep 40, input to next step: ----------------------------------------------------------------------------------------------------------
[2026-04-20 00:26:49,505][rfdiffusion.inference.model_runners][INFO] - Timestep 39, input to next step: ----------------------------------------------------------------------------------------------------------
[2026-04-20 00:26:51,455][rfdiffusion.inference.model_runners][INFO] - Timestep 38, input to next step: ----------------------------------------------------------------------------------------------------------
[2026-04-20 00:26:53,268][rfdiffusion.inference.model_runners][INFO] - Timestep 37, input to next step: ----------------------------------------------------------------------------------------------------------
[2026-04-20 00:26:54,961][rfdiffusion.inference.model_runners][INFO] - Timestep 36, input to next step: ----------------------------------------------------------------------------------------------------------
[2026-04-20 00:26:56,788][rfdiffusion.inference.model_runners][INFO] - Timestep 35, input to next step: ----------------------------------------------------------------------------------------------------------
[2026-04-20 00:26:58,666][rfdiffusion.inference.model_runners][INFO] - Timestep 34, input to next step: ----------------------------------------------------------------------------------------------------------
[2026-04-20 00:27:00,971][rfdiffusion.inference.model_runners][INFO] - Timestep 33, input to next step: ----------------------------------------------------------------------------------------------------------
[2026-04-20 00:27:02,471][rfdiffusion.inference.model_runners][INFO] - Timestep 32, input to next step: ----------------------------------------------------------------------------------------------------------
[2026-04-20 00:27:04,124][rfdiffusion.inference.model_runners][INFO] - Timestep 31, input to next step: ----------------------------------------------------------------------------------------------------------
[2026-04-20 00:27:05,927][rfdiffusion.inference.model_runners][INFO] - Timestep 30, input to next step: ----------------------------------------------------------------------------------------------------------
[2026-04-20 00:27:07,793][rfdiffusion.inference.model_runners][INFO] - Timestep 29, input to next step: ----------------------------------------------------------------------------------------------------------
[2026-04-20 00:27:09,961][rfdiffusion.inference.model_runners][INFO] - Timestep 28, input to next step: ----------------------------------------------------------------------------------------------------------
[2026-04-20 00:27:12,398][rfdiffusion.inference.model_runners][INFO] - Timestep 27, input to next step: ----------------------------------------------------------------------------------------------------------
[2026-04-20 00:27:14,453][rfdiffusion.inference.model_runners][INFO] - Timestep 26, input to next step: ----------------------------------------------------------------------------------------------------------
[2026-04-20 00:27:17,141][rfdiffusion.inference.model_runners][INFO] - Timestep 25, input to next step: ----------------------------------------------------------------------------------------------------------
[2026-04-20 00:27:19,143][rfdiffusion.inference.model_runners][INFO] - Timestep 24, input to next step: ----------------------------------------------------------------------------------------------------------
[2026-04-20 00:27:21,588][rfdiffusion.inference.model_runners][INFO] - Timestep 23, input to next step: ----------------------------------------------------------------------------------------------------------
[2026-04-20 00:27:24,307][rfdiffusion.inference.model_runners][INFO] - Timestep 22, input to next step: ----------------------------------------------------------------------------------------------------------
[2026-04-20 00:27:28,108][rfdiffusion.inference.model_runners][INFO] - Timestep 21, input to next step: ----------------------------------------------------------------------------------------------------------
[2026-04-20 00:27:30,223][rfdiffusion.inference.model_runners][INFO] - Timestep 20, input to next step: ----------------------------------------------------------------------------------------------------------
[2026-04-20 00:27:31,754][rfdiffusion.inference.model_runners][INFO] - Timestep 19, input to next step: ----------------------------------------------------------------------------------------------------------
[2026-04-20 00:27:33,512][rfdiffusion.inference.model_runners][INFO] - Timestep 18, input to next step: ----------------------------------------------------------------------------------------------------------
[2026-04-20 00:27:35,681][rfdiffusion.inference.model_runners][INFO] - Timestep 17, input to next step: ----------------------------------------------------------------------------------------------------------
[2026-04-20 00:27:38,150][rfdiffusion.inference.model_runners][INFO] - Timestep 16, input to next step: ----------------------------------------------------------------------------------------------------------
[2026-04-20 00:27:40,466][rfdiffusion.inference.model_runners][INFO] - Timestep 15, input to next step: ----------------------------------------------------------------------------------------------------------
[2026-04-20 00:27:42,361][rfdiffusion.inference.model_runners][INFO] - Timestep 14, input to next step: ----------------------------------------------------------------------------------------------------------
[2026-04-20 00:27:44,074][rfdiffusion.inference.model_runners][INFO] - Timestep 13, input to next step: ----------------------------------------------------------------------------------------------------------
[2026-04-20 00:27:46,246][rfdiffusion.inference.model_runners][INFO] - Timestep 12, input to next step: ----------------------------------------------------------------------------------------------------------
[2026-04-20 00:27:48,125][rfdiffusion.inference.model_runners][INFO] - Timestep 11, input to next step: ----------------------------------------------------------------------------------------------------------
[2026-04-20 00:27:49,880][rfdiffusion.inference.model_runners][INFO] - Timestep 10, input to next step: ----------------------------------------------------------------------------------------------------------
[2026-04-20 00:27:51,448][rfdiffusion.inference.model_runners][INFO] - Timestep 9, input to next step: ----------------------------------------------------------------------------------------------------------
[2026-04-20 00:27:53,023][rfdiffusion.inference.model_runners][INFO] - Timestep 8, input to next step: ----------------------------------------------------------------------------------------------------------
[2026-04-20 00:27:54,552][rfdiffusion.inference.model_runners][INFO] - Timestep 7, input to next step: ----------------------------------------------------------------------------------------------------------
[2026-04-20 00:27:56,128][rfdiffusion.inference.model_runners][INFO] - Timestep 6, input to next step: ----------------------------------------------------------------------------------------------------------
[2026-04-20 00:27:57,708][rfdiffusion.inference.model_runners][INFO] - Timestep 5, input to next step: ----------------------------------------------------------------------------------------------------------
[2026-04-20 00:27:59,255][rfdiffusion.inference.model_runners][INFO] - Timestep 4, input to next step: ----------------------------------------------------------------------------------------------------------
[2026-04-20 00:28:00,893][rfdiffusion.inference.model_runners][INFO] - Timestep 3, input to next step: ----------------------------------------------------------------------------------------------------------
[2026-04-20 00:28:02,435][rfdiffusion.inference.model_runners][INFO] - Timestep 2, input to next step: ----------------------------------------------------------------------------------------------------------
[2026-04-20 00:28:06,065][__main__][INFO] - Finished design in 1.75 minutes
[2026-04-20 00:28:06,065][__main__][INFO] - Making design /home/manvi/Team_8_CS598GBL/Assignment/Generate_designs/default/len_106/design_7
[2026-04-20 00:28:06,071][rfdiffusion.inference.model_runners][INFO] - Using contig: ['106-106']
[2026-04-20 00:28:06,101][rfdiffusion.inference.model_runners][INFO] - Sequence init: ----------------------------------------------------------------------------------------------------------
[2026-04-20 00:28:07,930][rfdiffusion.inference.model_runners][INFO] - Timestep 50, input to next step: ----------------------------------------------------------------------------------------------------------
[2026-04-20 00:28:09,817][rfdiffusion.inference.model_runners][INFO] - Timestep 49, input to next step: ----------------------------------------------------------------------------------------------------------
[2026-04-20 00:28:11,903][rfdiffusion.inference.model_runners][INFO] - Timestep 48, input to next step: ----------------------------------------------------------------------------------------------------------
[2026-04-20 00:28:13,990][rfdiffusion.inference.model_runners][INFO] - Timestep 47, input to next step: ----------------------------------------------------------------------------------------------------------
[2026-04-20 00:28:16,401][rfdiffusion.inference.model_runners][INFO] - Timestep 46, input to next step: ----------------------------------------------------------------------------------------------------------
[2026-04-20 00:28:18,933][rfdiffusion.inference.model_runners][INFO] - Timestep 45, input to next step: ----------------------------------------------------------------------------------------------------------
[2026-04-20 00:28:21,206][rfdiffusion.inference.model_runners][INFO] - Timestep 44, input to next step: ----------------------------------------------------------------------------------------------------------
[2026-04-20 00:28:23,362][rfdiffusion.inference.model_runners][INFO] - Timestep 43, input to next step: ----------------------------------------------------------------------------------------------------------
[2026-04-20 00:28:25,275][rfdiffusion.inference.model_runners][INFO] - Timestep 42, input to next step: ----------------------------------------------------------------------------------------------------------
[2026-04-20 00:28:27,243][rfdiffusion.inference.model_runners][INFO] - Timestep 41, input to next step: ----------------------------------------------------------------------------------------------------------
[2026-04-20 00:28:30,331][rfdiffusion.inference.model_runners][INFO] - Timestep 40, input to next step: ----------------------------------------------------------------------------------------------------------
[2026-04-20 00:28:32,491][rfdiffusion.inference.model_runners][INFO] - Timestep 39, input to next step: ----------------------------------------------------------------------------------------------------------
[2026-04-20 00:28:34,880][rfdiffusion.inference.model_runners][INFO] - Timestep 38, input to next step: ----------------------------------------------------------------------------------------------------------
[2026-04-20 00:28:36,740][rfdiffusion.inference.model_runners][INFO] - Timestep 37, input to next step: ----------------------------------------------------------------------------------------------------------
[2026-04-20 00:28:38,717][rfdiffusion.inference.model_runners][INFO] - Timestep 36, input to next step: ----------------------------------------------------------------------------------------------------------
[2026-04-20 00:28:41,382][rfdiffusion.inference.model_runners][INFO] - Timestep 35, input to next step: ----------------------------------------------------------------------------------------------------------
[2026-04-20 00:28:43,654][rfdiffusion.inference.model_runners][INFO] - Timestep 34, input to next step: ----------------------------------------------------------------------------------------------------------
[2026-04-20 00:28:46,219][rfdiffusion.inference.model_runners][INFO] - Timestep 33, input to next step: ----------------------------------------------------------------------------------------------------------
[2026-04-20 00:28:49,468][rfdiffusion.inference.model_runners][INFO] - Timestep 32, input to next step: ----------------------------------------------------------------------------------------------------------
[2026-04-20 00:28:51,717][rfdiffusion.inference.model_runners][INFO] - Timestep 31, input to next step: ----------------------------------------------------------------------------------------------------------
[2026-04-20 00:28:53,965][rfdiffusion.inference.model_runners][INFO] - Timestep 30, input to next step: ----------------------------------------------------------------------------------------------------------
[2026-04-20 00:28:56,583][rfdiffusion.inference.model_runners][INFO] - Timestep 29, input to next step: ----------------------------------------------------------------------------------------------------------
[2026-04-20 00:28:59,429][rfdiffusion.inference.model_runners][INFO] - Timestep 28, input to next step: ----------------------------------------------------------------------------------------------------------
[2026-04-20 00:29:01,949][rfdiffusion.inference.model_runners][INFO] - Timestep 27, input to next step: ----------------------------------------------------------------------------------------------------------
[2026-04-20 00:29:04,923][rfdiffusion.inference.model_runners][INFO] - Timestep 26, input to next step: ----------------------------------------------------------------------------------------------------------
[2026-04-20 00:29:07,191][rfdiffusion.inference.model_runners][INFO] - Timestep 25, input to next step: ----------------------------------------------------------------------------------------------------------
[2026-04-20 00:29:09,074][rfdiffusion.inference.model_runners][INFO] - Timestep 24, input to next step: ----------------------------------------------------------------------------------------------------------
[2026-04-20 00:29:10,906][rfdiffusion.inference.model_runners][INFO] - Timestep 23, input to next step: ----------------------------------------------------------------------------------------------------------
[2026-04-20 00:29:12,802][rfdiffusion.inference.model_runners][INFO] - Timestep 22, input to next step: ----------------------------------------------------------------------------------------------------------
[2026-04-20 00:29:14,822][rfdiffusion.inference.model_runners][INFO] - Timestep 21, input to next step: ----------------------------------------------------------------------------------------------------------
[2026-04-20 00:29:17,896][rfdiffusion.inference.model_runners][INFO] - Timestep 20, input to next step: ----------------------------------------------------------------------------------------------------------
[2026-04-20 00:29:19,887][rfdiffusion.inference.model_runners][INFO] - Timestep 19, input to next step: ----------------------------------------------------------------------------------------------------------
[2026-04-20 00:29:21,719][rfdiffusion.inference.model_runners][INFO] - Timestep 18, input to next step: ----------------------------------------------------------------------------------------------------------
[2026-04-20 00:29:23,608][rfdiffusion.inference.model_runners][INFO] - Timestep 17, input to next step: ----------------------------------------------------------------------------------------------------------
[2026-04-20 00:29:26,129][rfdiffusion.inference.model_runners][INFO] - Timestep 16, input to next step: ----------------------------------------------------------------------------------------------------------
[2026-04-20 00:29:28,391][rfdiffusion.inference.model_runners][INFO] - Timestep 15, input to next step: ----------------------------------------------------------------------------------------------------------
[2026-04-20 00:29:30,835][rfdiffusion.inference.model_runners][INFO] - Timestep 14, input to next step: ----------------------------------------------------------------------------------------------------------
[2026-04-20 00:29:32,731][rfdiffusion.inference.model_runners][INFO] - Timestep 13, input to next step: ----------------------------------------------------------------------------------------------------------
[2026-04-20 00:29:34,785][rfdiffusion.inference.model_runners][INFO] - Timestep 12, input to next step: ----------------------------------------------------------------------------------------------------------
[2026-04-20 00:29:36,694][rfdiffusion.inference.model_runners][INFO] - Timestep 11, input to next step: ----------------------------------------------------------------------------------------------------------
[2026-04-20 00:29:39,181][rfdiffusion.inference.model_runners][INFO] - Timestep 10, input to next step: ----------------------------------------------------------------------------------------------------------
[2026-04-20 00:29:41,752][rfdiffusion.inference.model_runners][INFO] - Timestep 9, input to next step: ----------------------------------------------------------------------------------------------------------
[2026-04-20 00:29:43,534][rfdiffusion.inference.model_runners][INFO] - Timestep 8, input to next step: ----------------------------------------------------------------------------------------------------------
[2026-04-20 00:29:45,393][rfdiffusion.inference.model_runners][INFO] - Timestep 7, input to next step: ----------------------------------------------------------------------------------------------------------
[2026-04-20 00:29:47,533][rfdiffusion.inference.model_runners][INFO] - Timestep 6, input to next step: ----------------------------------------------------------------------------------------------------------
[2026-04-20 00:29:49,975][rfdiffusion.inference.model_runners][INFO] - Timestep 5, input to next step: ----------------------------------------------------------------------------------------------------------
[2026-04-20 00:29:51,758][rfdiffusion.inference.model_runners][INFO] - Timestep 4, input to next step: ----------------------------------------------------------------------------------------------------------
[2026-04-20 00:29:53,367][rfdiffusion.inference.model_runners][INFO] - Timestep 3, input to next step: ----------------------------------------------------------------------------------------------------------
[2026-04-20 00:29:55,346][rfdiffusion.inference.model_runners][INFO] - Timestep 2, input to next step: ----------------------------------------------------------------------------------------------------------
[2026-04-20 00:30:00,265][__main__][INFO] - Finished design in 1.90 minutes
[2026-04-20 00:30:00,266][__main__][INFO] - Making design /home/manvi/Team_8_CS598GBL/Assignment/Generate_designs/default/len_106/design_8
[2026-04-20 00:30:00,277][rfdiffusion.inference.model_runners][INFO] - Using contig: ['106-106']
[2026-04-20 00:30:00,327][rfdiffusion.inference.model_runners][INFO] - Sequence init: ----------------------------------------------------------------------------------------------------------
[2026-04-20 00:30:02,963][rfdiffusion.inference.model_runners][INFO] - Timestep 50, input to next step: ----------------------------------------------------------------------------------------------------------
[2026-04-20 00:30:05,963][rfdiffusion.inference.model_runners][INFO] - Timestep 49, input to next step: ----------------------------------------------------------------------------------------------------------
[2026-04-20 00:30:08,742][rfdiffusion.inference.model_runners][INFO] - Timestep 48, input to next step: ----------------------------------------------------------------------------------------------------------
[2026-04-20 00:30:11,605][rfdiffusion.inference.model_runners][INFO] - Timestep 47, input to next step: ----------------------------------------------------------------------------------------------------------
[2026-04-20 00:30:14,009][rfdiffusion.inference.model_runners][INFO] - Timestep 46, input to next step: ----------------------------------------------------------------------------------------------------------
[2026-04-20 00:30:16,637][rfdiffusion.inference.model_runners][INFO] - Timestep 45, input to next step: ----------------------------------------------------------------------------------------------------------
[2026-04-20 00:30:19,201][rfdiffusion.inference.model_runners][INFO] - Timestep 44, input to next step: ----------------------------------------------------------------------------------------------------------
[2026-04-20 00:30:21,667][rfdiffusion.inference.model_runners][INFO] - Timestep 43, input to next step: ----------------------------------------------------------------------------------------------------------
[2026-04-20 00:30:24,029][rfdiffusion.inference.model_runners][INFO] - Timestep 42, input to next step: ----------------------------------------------------------------------------------------------------------
[2026-04-20 00:30:26,105][rfdiffusion.inference.model_runners][INFO] - Timestep 41, input to next step: ----------------------------------------------------------------------------------------------------------
[2026-04-20 00:30:28,196][rfdiffusion.inference.model_runners][INFO] - Timestep 40, input to next step: ----------------------------------------------------------------------------------------------------------
[2026-04-20 00:30:30,538][rfdiffusion.inference.model_runners][INFO] - Timestep 39, input to next step: ----------------------------------------------------------------------------------------------------------
[2026-04-20 00:30:32,989][rfdiffusion.inference.model_runners][INFO] - Timestep 38, input to next step: ----------------------------------------------------------------------------------------------------------
[2026-04-20 00:30:35,455][rfdiffusion.inference.model_runners][INFO] - Timestep 37, input to next step: ----------------------------------------------------------------------------------------------------------
[2026-04-20 00:30:37,796][rfdiffusion.inference.model_runners][INFO] - Timestep 36, input to next step: ----------------------------------------------------------------------------------------------------------
[2026-04-20 00:30:40,094][rfdiffusion.inference.model_runners][INFO] - Timestep 35, input to next step: ----------------------------------------------------------------------------------------------------------
[2026-04-20 00:30:42,992][rfdiffusion.inference.model_runners][INFO] - Timestep 34, input to next step: ----------------------------------------------------------------------------------------------------------
[2026-04-20 00:30:45,860][rfdiffusion.inference.model_runners][INFO] - Timestep 33, input to next step: ----------------------------------------------------------------------------------------------------------
[2026-04-20 00:30:49,278][rfdiffusion.inference.model_runners][INFO] - Timestep 32, input to next step: ----------------------------------------------------------------------------------------------------------
[2026-04-20 00:30:52,025][rfdiffusion.inference.model_runners][INFO] - Timestep 31, input to next step: ----------------------------------------------------------------------------------------------------------
[2026-04-20 00:30:54,827][rfdiffusion.inference.model_runners][INFO] - Timestep 30, input to next step: ----------------------------------------------------------------------------------------------------------
[2026-04-20 00:30:57,644][rfdiffusion.inference.model_runners][INFO] - Timestep 29, input to next step: ----------------------------------------------------------------------------------------------------------
[2026-04-20 00:31:00,338][rfdiffusion.inference.model_runners][INFO] - Timestep 28, input to next step: ----------------------------------------------------------------------------------------------------------
[2026-04-20 00:31:03,315][rfdiffusion.inference.model_runners][INFO] - Timestep 27, input to next step: ----------------------------------------------------------------------------------------------------------
[2026-04-20 00:31:05,834][rfdiffusion.inference.model_runners][INFO] - Timestep 26, input to next step: ----------------------------------------------------------------------------------------------------------
[2026-04-20 00:31:08,347][rfdiffusion.inference.model_runners][INFO] - Timestep 25, input to next step: ----------------------------------------------------------------------------------------------------------
[2026-04-20 00:31:10,599][rfdiffusion.inference.model_runners][INFO] - Timestep 24, input to next step: ----------------------------------------------------------------------------------------------------------
[2026-04-20 00:31:12,938][rfdiffusion.inference.model_runners][INFO] - Timestep 23, input to next step: ----------------------------------------------------------------------------------------------------------
[2026-04-20 00:31:15,141][rfdiffusion.inference.model_runners][INFO] - Timestep 22, input to next step: ----------------------------------------------------------------------------------------------------------
[2026-04-20 00:31:18,131][rfdiffusion.inference.model_runners][INFO] - Timestep 21, input to next step: ----------------------------------------------------------------------------------------------------------
[2026-04-20 00:31:21,074][rfdiffusion.inference.model_runners][INFO] - Timestep 20, input to next step: ----------------------------------------------------------------------------------------------------------
[2026-04-20 00:31:23,629][rfdiffusion.inference.model_runners][INFO] - Timestep 19, input to next step: ----------------------------------------------------------------------------------------------------------
[2026-04-20 00:31:26,712][rfdiffusion.inference.model_runners][INFO] - Timestep 18, input to next step: ----------------------------------------------------------------------------------------------------------
[2026-04-20 00:31:30,024][rfdiffusion.inference.model_runners][INFO] - Timestep 17, input to next step: ----------------------------------------------------------------------------------------------------------
[2026-04-20 00:31:33,313][rfdiffusion.inference.model_runners][INFO] - Timestep 16, input to next step: ----------------------------------------------------------------------------------------------------------
[2026-04-20 00:31:36,682][rfdiffusion.inference.model_runners][INFO] - Timestep 15, input to next step: ----------------------------------------------------------------------------------------------------------
[2026-04-20 00:31:39,782][rfdiffusion.inference.model_runners][INFO] - Timestep 14, input to next step: ----------------------------------------------------------------------------------------------------------
[2026-04-20 00:31:42,423][rfdiffusion.inference.model_runners][INFO] - Timestep 13, input to next step: ----------------------------------------------------------------------------------------------------------
[2026-04-20 00:31:44,571][rfdiffusion.inference.model_runners][INFO] - Timestep 12, input to next step: ----------------------------------------------------------------------------------------------------------
[2026-04-20 00:31:47,708][rfdiffusion.inference.model_runners][INFO] - Timestep 11, input to next step: ----------------------------------------------------------------------------------------------------------
[2026-04-20 00:31:51,155][rfdiffusion.inference.model_runners][INFO] - Timestep 10, input to next step: ----------------------------------------------------------------------------------------------------------
[2026-04-20 00:31:55,031][rfdiffusion.inference.model_runners][INFO] - Timestep 9, input to next step: ----------------------------------------------------------------------------------------------------------
[2026-04-20 00:31:58,540][rfdiffusion.inference.model_runners][INFO] - Timestep 8, input to next step: ----------------------------------------------------------------------------------------------------------
[2026-04-20 00:32:02,555][rfdiffusion.inference.model_runners][INFO] - Timestep 7, input to next step: ----------------------------------------------------------------------------------------------------------
[2026-04-20 00:32:05,022][rfdiffusion.inference.model_runners][INFO] - Timestep 6, input to next step: ----------------------------------------------------------------------------------------------------------
[2026-04-20 00:32:07,157][rfdiffusion.inference.model_runners][INFO] - Timestep 5, input to next step: ----------------------------------------------------------------------------------------------------------
[2026-04-20 00:32:10,489][rfdiffusion.inference.model_runners][INFO] - Timestep 4, input to next step: ----------------------------------------------------------------------------------------------------------
[2026-04-20 00:32:14,884][rfdiffusion.inference.model_runners][INFO] - Timestep 3, input to next step: ----------------------------------------------------------------------------------------------------------
[2026-04-20 00:32:18,744][rfdiffusion.inference.model_runners][INFO] - Timestep 2, input to next step: ----------------------------------------------------------------------------------------------------------
[2026-04-20 00:32:26,218][__main__][INFO] - Finished design in 2.43 minutes
[2026-04-20 00:32:26,219][__main__][INFO] - Making design /home/manvi/Team_8_CS598GBL/Assignment/Generate_designs/default/len_106/design_9
[2026-04-20 00:32:26,228][rfdiffusion.inference.model_runners][INFO] - Using contig: ['106-106']
[2026-04-20 00:32:26,259][rfdiffusion.inference.model_runners][INFO] - Sequence init: ----------------------------------------------------------------------------------------------------------
[2026-04-20 00:32:28,459][rfdiffusion.inference.model_runners][INFO] - Timestep 50, input to next step: ----------------------------------------------------------------------------------------------------------
[2026-04-20 00:32:31,178][rfdiffusion.inference.model_runners][INFO] - Timestep 49, input to next step: ----------------------------------------------------------------------------------------------------------
[2026-04-20 00:32:34,207][rfdiffusion.inference.model_runners][INFO] - Timestep 48, input to next step: ----------------------------------------------------------------------------------------------------------
[2026-04-20 00:32:36,741][rfdiffusion.inference.model_runners][INFO] - Timestep 47, input to next step: ----------------------------------------------------------------------------------------------------------
[2026-04-20 00:32:39,347][rfdiffusion.inference.model_runners][INFO] - Timestep 46, input to next step: ----------------------------------------------------------------------------------------------------------
[2026-04-20 00:32:42,015][rfdiffusion.inference.model_runners][INFO] - Timestep 45, input to next step: ----------------------------------------------------------------------------------------------------------
[2026-04-20 00:32:44,483][rfdiffusion.inference.model_runners][INFO] - Timestep 44, input to next step: ----------------------------------------------------------------------------------------------------------
[2026-04-20 00:32:46,897][rfdiffusion.inference.model_runners][INFO] - Timestep 43, input to next step: ----------------------------------------------------------------------------------------------------------
[2026-04-20 00:32:49,384][rfdiffusion.inference.model_runners][INFO] - Timestep 42, input to next step: ----------------------------------------------------------------------------------------------------------
[2026-04-20 00:32:51,407][rfdiffusion.inference.model_runners][INFO] - Timestep 41, input to next step: ----------------------------------------------------------------------------------------------------------
[2026-04-20 00:32:53,800][rfdiffusion.inference.model_runners][INFO] - Timestep 40, input to next step: ----------------------------------------------------------------------------------------------------------
[2026-04-20 00:32:56,083][rfdiffusion.inference.model_runners][INFO] - Timestep 39, input to next step: ----------------------------------------------------------------------------------------------------------
[2026-04-20 00:32:58,444][rfdiffusion.inference.model_runners][INFO] - Timestep 38, input to next step: ----------------------------------------------------------------------------------------------------------
[2026-04-20 00:33:00,858][rfdiffusion.inference.model_runners][INFO] - Timestep 37, input to next step: ----------------------------------------------------------------------------------------------------------
[2026-04-20 00:33:03,388][rfdiffusion.inference.model_runners][INFO] - Timestep 36, input to next step: ----------------------------------------------------------------------------------------------------------
[2026-04-20 00:33:05,783][rfdiffusion.inference.model_runners][INFO] - Timestep 35, input to next step: ----------------------------------------------------------------------------------------------------------
[2026-04-20 00:33:07,921][rfdiffusion.inference.model_runners][INFO] - Timestep 34, input to next step: ----------------------------------------------------------------------------------------------------------
[2026-04-20 00:33:10,516][rfdiffusion.inference.model_runners][INFO] - Timestep 33, input to next step: ----------------------------------------------------------------------------------------------------------
[2026-04-20 00:33:12,883][rfdiffusion.inference.model_runners][INFO] - Timestep 32, input to next step: ----------------------------------------------------------------------------------------------------------
[2026-04-20 00:33:15,222][rfdiffusion.inference.model_runners][INFO] - Timestep 31, input to next step: ----------------------------------------------------------------------------------------------------------
[2026-04-20 00:33:17,666][rfdiffusion.inference.model_runners][INFO] - Timestep 30, input to next step: ----------------------------------------------------------------------------------------------------------
[2026-04-20 00:33:19,608][rfdiffusion.inference.model_runners][INFO] - Timestep 29, input to next step: ----------------------------------------------------------------------------------------------------------
[2026-04-20 00:33:21,645][rfdiffusion.inference.model_runners][INFO] - Timestep 28, input to next step: ----------------------------------------------------------------------------------------------------------
[2026-04-20 00:33:24,031][rfdiffusion.inference.model_runners][INFO] - Timestep 27, input to next step: ----------------------------------------------------------------------------------------------------------
[2026-04-20 00:33:26,276][rfdiffusion.inference.model_runners][INFO] - Timestep 26, input to next step: ----------------------------------------------------------------------------------------------------------
[2026-04-20 00:33:28,585][rfdiffusion.inference.model_runners][INFO] - Timestep 25, input to next step: ----------------------------------------------------------------------------------------------------------
[2026-04-20 00:33:30,589][rfdiffusion.inference.model_runners][INFO] - Timestep 24, input to next step: ----------------------------------------------------------------------------------------------------------
[2026-04-20 00:33:33,174][rfdiffusion.inference.model_runners][INFO] - Timestep 23, input to next step: ----------------------------------------------------------------------------------------------------------
[2026-04-20 00:33:35,490][rfdiffusion.inference.model_runners][INFO] - Timestep 22, input to next step: ----------------------------------------------------------------------------------------------------------
[2026-04-20 00:33:37,844][rfdiffusion.inference.model_runners][INFO] - Timestep 21, input to next step: ----------------------------------------------------------------------------------------------------------
[2026-04-20 00:33:40,142][rfdiffusion.inference.model_runners][INFO] - Timestep 20, input to next step: ----------------------------------------------------------------------------------------------------------
[2026-04-20 00:33:42,322][rfdiffusion.inference.model_runners][INFO] - Timestep 19, input to next step: ----------------------------------------------------------------------------------------------------------
[2026-04-20 00:33:44,627][rfdiffusion.inference.model_runners][INFO] - Timestep 18, input to next step: ----------------------------------------------------------------------------------------------------------
[2026-04-20 00:33:46,939][rfdiffusion.inference.model_runners][INFO] - Timestep 17, input to next step: ----------------------------------------------------------------------------------------------------------
[2026-04-20 00:33:49,259][rfdiffusion.inference.model_runners][INFO] - Timestep 16, input to next step: ----------------------------------------------------------------------------------------------------------
[2026-04-20 00:33:51,398][rfdiffusion.inference.model_runners][INFO] - Timestep 15, input to next step: ----------------------------------------------------------------------------------------------------------
[2026-04-20 00:33:53,642][rfdiffusion.inference.model_runners][INFO] - Timestep 14, input to next step: ----------------------------------------------------------------------------------------------------------
[2026-04-20 00:33:55,851][rfdiffusion.inference.model_runners][INFO] - Timestep 13, input to next step: ----------------------------------------------------------------------------------------------------------
[2026-04-20 00:33:58,146][rfdiffusion.inference.model_runners][INFO] - Timestep 12, input to next step: ----------------------------------------------------------------------------------------------------------
[2026-04-20 00:34:00,680][rfdiffusion.inference.model_runners][INFO] - Timestep 11, input to next step: ----------------------------------------------------------------------------------------------------------
[2026-04-20 00:34:03,256][rfdiffusion.inference.model_runners][INFO] - Timestep 10, input to next step: ----------------------------------------------------------------------------------------------------------
[2026-04-20 00:34:06,207][rfdiffusion.inference.model_runners][INFO] - Timestep 9, input to next step: ----------------------------------------------------------------------------------------------------------
[2026-04-20 00:34:08,852][rfdiffusion.inference.model_runners][INFO] - Timestep 8, input to next step: ----------------------------------------------------------------------------------------------------------
[2026-04-20 00:34:11,300][rfdiffusion.inference.model_runners][INFO] - Timestep 7, input to next step: ----------------------------------------------------------------------------------------------------------
[2026-04-20 00:34:13,696][rfdiffusion.inference.model_runners][INFO] - Timestep 6, input to next step: ----------------------------------------------------------------------------------------------------------
[2026-04-20 00:34:16,598][rfdiffusion.inference.model_runners][INFO] - Timestep 5, input to next step: ----------------------------------------------------------------------------------------------------------
[2026-04-20 00:34:18,914][rfdiffusion.inference.model_runners][INFO] - Timestep 4, input to next step: ----------------------------------------------------------------------------------------------------------
[2026-04-20 00:34:21,380][rfdiffusion.inference.model_runners][INFO] - Timestep 3, input to next step: ----------------------------------------------------------------------------------------------------------
[2026-04-20 00:34:23,934][rfdiffusion.inference.model_runners][INFO] - Timestep 2, input to next step: ----------------------------------------------------------------------------------------------------------
[2026-04-20 00:34:29,522][__main__][INFO] - Finished design in 2.06 minutes
