[2026-04-19 21:42:04,530][__main__][INFO] - Found GPU with device_name NVIDIA GeForce RTX 3050 Ti Laptop GPU. Will run RFdiffusion on NVIDIA GeForce RTX 3050 Ti Laptop GPU
[2026-04-19 21:42:04,531][rfdiffusion.inference.model_runners][INFO] - Reading checkpoint from /home/manvi/Team_8_CS598GBL/RFdiffusion/rfdiffusion/inference/../../models/Base_ckpt.pt
[2026-04-19 21:42:11,323][rfdiffusion.inference.model_runners][INFO] - Loading checkpoint.
[2026-04-19 21:42:11,631][rfdiffusion.diffusion][INFO] - Using cached IGSO3.
[2026-04-19 21:42:11,645][__main__][INFO] - Making design /home/manvi/Team_8_CS598GBL/Assignment/Generate_designs/default/len_097/design_0
[2026-04-19 21:42:11,650][rfdiffusion.inference.model_runners][INFO] - Using contig: ['97-97']
[2026-04-19 21:42:11,695][rfdiffusion.inference.model_runners][INFO] - Sequence init: -------------------------------------------------------------------------------------------------
[2026-04-19 21:42:15,731][rfdiffusion.inference.model_runners][INFO] - Timestep 50, input to next step: -------------------------------------------------------------------------------------------------
[2026-04-19 21:42:17,131][rfdiffusion.inference.model_runners][INFO] - Timestep 49, input to next step: -------------------------------------------------------------------------------------------------
[2026-04-19 21:42:18,671][rfdiffusion.inference.model_runners][INFO] - Timestep 48, input to next step: -------------------------------------------------------------------------------------------------
[2026-04-19 21:42:20,288][rfdiffusion.inference.model_runners][INFO] - Timestep 47, input to next step: -------------------------------------------------------------------------------------------------
[2026-04-19 21:42:21,724][rfdiffusion.inference.model_runners][INFO] - Timestep 46, input to next step: -------------------------------------------------------------------------------------------------
[2026-04-19 21:42:23,240][rfdiffusion.inference.model_runners][INFO] - Timestep 45, input to next step: -------------------------------------------------------------------------------------------------
[2026-04-19 21:42:24,952][rfdiffusion.inference.model_runners][INFO] - Timestep 44, input to next step: -------------------------------------------------------------------------------------------------
[2026-04-19 21:42:26,567][rfdiffusion.inference.model_runners][INFO] - Timestep 43, input to next step: -------------------------------------------------------------------------------------------------
[2026-04-19 21:42:28,299][rfdiffusion.inference.model_runners][INFO] - Timestep 42, input to next step: -------------------------------------------------------------------------------------------------
[2026-04-19 21:42:29,856][rfdiffusion.inference.model_runners][INFO] - Timestep 41, input to next step: -------------------------------------------------------------------------------------------------
[2026-04-19 21:42:31,470][rfdiffusion.inference.model_runners][INFO] - Timestep 40, input to next step: -------------------------------------------------------------------------------------------------
[2026-04-19 21:42:32,938][rfdiffusion.inference.model_runners][INFO] - Timestep 39, input to next step: -------------------------------------------------------------------------------------------------
[2026-04-19 21:42:34,514][rfdiffusion.inference.model_runners][INFO] - Timestep 38, input to next step: -------------------------------------------------------------------------------------------------
[2026-04-19 21:42:36,107][rfdiffusion.inference.model_runners][INFO] - Timestep 37, input to next step: -------------------------------------------------------------------------------------------------
[2026-04-19 21:42:37,602][rfdiffusion.inference.model_runners][INFO] - Timestep 36, input to next step: -------------------------------------------------------------------------------------------------
[2026-04-19 21:42:39,203][rfdiffusion.inference.model_runners][INFO] - Timestep 35, input to next step: -------------------------------------------------------------------------------------------------
[2026-04-19 21:42:40,785][rfdiffusion.inference.model_runners][INFO] - Timestep 34, input to next step: -------------------------------------------------------------------------------------------------
[2026-04-19 21:42:42,408][rfdiffusion.inference.model_runners][INFO] - Timestep 33, input to next step: -------------------------------------------------------------------------------------------------
[2026-04-19 21:42:43,857][rfdiffusion.inference.model_runners][INFO] - Timestep 32, input to next step: -------------------------------------------------------------------------------------------------
[2026-04-19 21:42:45,449][rfdiffusion.inference.model_runners][INFO] - Timestep 31, input to next step: -------------------------------------------------------------------------------------------------
[2026-04-19 21:42:46,939][rfdiffusion.inference.model_runners][INFO] - Timestep 30, input to next step: -------------------------------------------------------------------------------------------------
[2026-04-19 21:42:48,452][rfdiffusion.inference.model_runners][INFO] - Timestep 29, input to next step: -------------------------------------------------------------------------------------------------
[2026-04-19 21:42:49,944][rfdiffusion.inference.model_runners][INFO] - Timestep 28, input to next step: -------------------------------------------------------------------------------------------------
[2026-04-19 21:42:51,569][rfdiffusion.inference.model_runners][INFO] - Timestep 27, input to next step: -------------------------------------------------------------------------------------------------
[2026-04-19 21:42:53,044][rfdiffusion.inference.model_runners][INFO] - Timestep 26, input to next step: -------------------------------------------------------------------------------------------------
[2026-04-19 21:42:54,586][rfdiffusion.inference.model_runners][INFO] - Timestep 25, input to next step: -------------------------------------------------------------------------------------------------
[2026-04-19 21:42:56,107][rfdiffusion.inference.model_runners][INFO] - Timestep 24, input to next step: -------------------------------------------------------------------------------------------------
[2026-04-19 21:42:57,562][rfdiffusion.inference.model_runners][INFO] - Timestep 23, input to next step: -------------------------------------------------------------------------------------------------
[2026-04-19 21:42:59,042][rfdiffusion.inference.model_runners][INFO] - Timestep 22, input to next step: -------------------------------------------------------------------------------------------------
[2026-04-19 21:43:00,558][rfdiffusion.inference.model_runners][INFO] - Timestep 21, input to next step: -------------------------------------------------------------------------------------------------
[2026-04-19 21:43:02,192][rfdiffusion.inference.model_runners][INFO] - Timestep 20, input to next step: -------------------------------------------------------------------------------------------------
[2026-04-19 21:43:03,719][rfdiffusion.inference.model_runners][INFO] - Timestep 19, input to next step: -------------------------------------------------------------------------------------------------
[2026-04-19 21:43:05,307][rfdiffusion.inference.model_runners][INFO] - Timestep 18, input to next step: -------------------------------------------------------------------------------------------------
[2026-04-19 21:43:06,824][rfdiffusion.inference.model_runners][INFO] - Timestep 17, input to next step: -------------------------------------------------------------------------------------------------
[2026-04-19 21:43:08,320][rfdiffusion.inference.model_runners][INFO] - Timestep 16, input to next step: -------------------------------------------------------------------------------------------------
[2026-04-19 21:43:09,817][rfdiffusion.inference.model_runners][INFO] - Timestep 15, input to next step: -------------------------------------------------------------------------------------------------
[2026-04-19 21:43:11,423][rfdiffusion.inference.model_runners][INFO] - Timestep 14, input to next step: -------------------------------------------------------------------------------------------------
[2026-04-19 21:43:13,006][rfdiffusion.inference.model_runners][INFO] - Timestep 13, input to next step: -------------------------------------------------------------------------------------------------
[2026-04-19 21:43:14,584][rfdiffusion.inference.model_runners][INFO] - Timestep 12, input to next step: -------------------------------------------------------------------------------------------------
[2026-04-19 21:43:16,086][rfdiffusion.inference.model_runners][INFO] - Timestep 11, input to next step: -------------------------------------------------------------------------------------------------
[2026-04-19 21:43:17,868][rfdiffusion.inference.model_runners][INFO] - Timestep 10, input to next step: -------------------------------------------------------------------------------------------------
[2026-04-19 21:43:19,662][rfdiffusion.inference.model_runners][INFO] - Timestep 9, input to next step: -------------------------------------------------------------------------------------------------
[2026-04-19 21:43:21,212][rfdiffusion.inference.model_runners][INFO] - Timestep 8, input to next step: -------------------------------------------------------------------------------------------------
[2026-04-19 21:43:22,708][rfdiffusion.inference.model_runners][INFO] - Timestep 7, input to next step: -------------------------------------------------------------------------------------------------
[2026-04-19 21:43:24,237][rfdiffusion.inference.model_runners][INFO] - Timestep 6, input to next step: -------------------------------------------------------------------------------------------------
[2026-04-19 21:43:25,817][rfdiffusion.inference.model_runners][INFO] - Timestep 5, input to next step: -------------------------------------------------------------------------------------------------
[2026-04-19 21:43:27,314][rfdiffusion.inference.model_runners][INFO] - Timestep 4, input to next step: -------------------------------------------------------------------------------------------------
[2026-04-19 21:43:28,837][rfdiffusion.inference.model_runners][INFO] - Timestep 3, input to next step: -------------------------------------------------------------------------------------------------
[2026-04-19 21:43:30,404][rfdiffusion.inference.model_runners][INFO] - Timestep 2, input to next step: -------------------------------------------------------------------------------------------------
[2026-04-19 21:43:33,525][__main__][INFO] - Finished design in 1.36 minutes
[2026-04-19 21:43:33,525][__main__][INFO] - Making design /home/manvi/Team_8_CS598GBL/Assignment/Generate_designs/default/len_097/design_1
[2026-04-19 21:43:33,529][rfdiffusion.inference.model_runners][INFO] - Using contig: ['97-97']
[2026-04-19 21:43:33,551][rfdiffusion.inference.model_runners][INFO] - Sequence init: -------------------------------------------------------------------------------------------------
[2026-04-19 21:43:34,854][rfdiffusion.inference.model_runners][INFO] - Timestep 50, input to next step: -------------------------------------------------------------------------------------------------
[2026-04-19 21:43:36,291][rfdiffusion.inference.model_runners][INFO] - Timestep 49, input to next step: -------------------------------------------------------------------------------------------------
[2026-04-19 21:43:37,885][rfdiffusion.inference.model_runners][INFO] - Timestep 48, input to next step: -------------------------------------------------------------------------------------------------
[2026-04-19 21:43:39,442][rfdiffusion.inference.model_runners][INFO] - Timestep 47, input to next step: -------------------------------------------------------------------------------------------------
[2026-04-19 21:43:41,004][rfdiffusion.inference.model_runners][INFO] - Timestep 46, input to next step: -------------------------------------------------------------------------------------------------
[2026-04-19 21:43:42,559][rfdiffusion.inference.model_runners][INFO] - Timestep 45, input to next step: -------------------------------------------------------------------------------------------------
[2026-04-19 21:43:44,013][rfdiffusion.inference.model_runners][INFO] - Timestep 44, input to next step: -------------------------------------------------------------------------------------------------
[2026-04-19 21:43:45,565][rfdiffusion.inference.model_runners][INFO] - Timestep 43, input to next step: -------------------------------------------------------------------------------------------------
[2026-04-19 21:43:47,181][rfdiffusion.inference.model_runners][INFO] - Timestep 42, input to next step: -------------------------------------------------------------------------------------------------
[2026-04-19 21:43:48,699][rfdiffusion.inference.model_runners][INFO] - Timestep 41, input to next step: -------------------------------------------------------------------------------------------------
[2026-04-19 21:43:50,373][rfdiffusion.inference.model_runners][INFO] - Timestep 40, input to next step: -------------------------------------------------------------------------------------------------
[2026-04-19 21:43:51,973][rfdiffusion.inference.model_runners][INFO] - Timestep 39, input to next step: -------------------------------------------------------------------------------------------------
[2026-04-19 21:43:53,472][rfdiffusion.inference.model_runners][INFO] - Timestep 38, input to next step: -------------------------------------------------------------------------------------------------
[2026-04-19 21:43:54,937][rfdiffusion.inference.model_runners][INFO] - Timestep 37, input to next step: -------------------------------------------------------------------------------------------------
[2026-04-19 21:43:56,483][rfdiffusion.inference.model_runners][INFO] - Timestep 36, input to next step: -------------------------------------------------------------------------------------------------
[2026-04-19 21:43:58,044][rfdiffusion.inference.model_runners][INFO] - Timestep 35, input to next step: -------------------------------------------------------------------------------------------------
[2026-04-19 21:43:59,654][rfdiffusion.inference.model_runners][INFO] - Timestep 34, input to next step: -------------------------------------------------------------------------------------------------
[2026-04-19 21:44:01,193][rfdiffusion.inference.model_runners][INFO] - Timestep 33, input to next step: -------------------------------------------------------------------------------------------------
[2026-04-19 21:44:02,781][rfdiffusion.inference.model_runners][INFO] - Timestep 32, input to next step: -------------------------------------------------------------------------------------------------
[2026-04-19 21:44:04,286][rfdiffusion.inference.model_runners][INFO] - Timestep 31, input to next step: -------------------------------------------------------------------------------------------------
[2026-04-19 21:44:05,873][rfdiffusion.inference.model_runners][INFO] - Timestep 30, input to next step: -------------------------------------------------------------------------------------------------
[2026-04-19 21:44:07,375][rfdiffusion.inference.model_runners][INFO] - Timestep 29, input to next step: -------------------------------------------------------------------------------------------------
[2026-04-19 21:44:08,913][rfdiffusion.inference.model_runners][INFO] - Timestep 28, input to next step: -------------------------------------------------------------------------------------------------
[2026-04-19 21:44:10,499][rfdiffusion.inference.model_runners][INFO] - Timestep 27, input to next step: -------------------------------------------------------------------------------------------------
[2026-04-19 21:44:12,022][rfdiffusion.inference.model_runners][INFO] - Timestep 26, input to next step: -------------------------------------------------------------------------------------------------
[2026-04-19 21:44:13,517][rfdiffusion.inference.model_runners][INFO] - Timestep 25, input to next step: -------------------------------------------------------------------------------------------------
[2026-04-19 21:44:15,040][rfdiffusion.inference.model_runners][INFO] - Timestep 24, input to next step: -------------------------------------------------------------------------------------------------
[2026-04-19 21:44:16,594][rfdiffusion.inference.model_runners][INFO] - Timestep 23, input to next step: -------------------------------------------------------------------------------------------------
[2026-04-19 21:44:18,149][rfdiffusion.inference.model_runners][INFO] - Timestep 22, input to next step: -------------------------------------------------------------------------------------------------
[2026-04-19 21:44:19,639][rfdiffusion.inference.model_runners][INFO] - Timestep 21, input to next step: -------------------------------------------------------------------------------------------------
[2026-04-19 21:44:21,091][rfdiffusion.inference.model_runners][INFO] - Timestep 20, input to next step: -------------------------------------------------------------------------------------------------
[2026-04-19 21:44:22,667][rfdiffusion.inference.model_runners][INFO] - Timestep 19, input to next step: -------------------------------------------------------------------------------------------------
[2026-04-19 21:44:24,140][rfdiffusion.inference.model_runners][INFO] - Timestep 18, input to next step: -------------------------------------------------------------------------------------------------
[2026-04-19 21:44:25,665][rfdiffusion.inference.model_runners][INFO] - Timestep 17, input to next step: -------------------------------------------------------------------------------------------------
[2026-04-19 21:44:27,195][rfdiffusion.inference.model_runners][INFO] - Timestep 16, input to next step: -------------------------------------------------------------------------------------------------
[2026-04-19 21:44:28,739][rfdiffusion.inference.model_runners][INFO] - Timestep 15, input to next step: -------------------------------------------------------------------------------------------------
[2026-04-19 21:44:30,264][rfdiffusion.inference.model_runners][INFO] - Timestep 14, input to next step: -------------------------------------------------------------------------------------------------
[2026-04-19 21:44:31,850][rfdiffusion.inference.model_runners][INFO] - Timestep 13, input to next step: -------------------------------------------------------------------------------------------------
[2026-04-19 21:44:33,483][rfdiffusion.inference.model_runners][INFO] - Timestep 12, input to next step: -------------------------------------------------------------------------------------------------
[2026-04-19 21:44:34,979][rfdiffusion.inference.model_runners][INFO] - Timestep 11, input to next step: -------------------------------------------------------------------------------------------------
[2026-04-19 21:44:36,591][rfdiffusion.inference.model_runners][INFO] - Timestep 10, input to next step: -------------------------------------------------------------------------------------------------
[2026-04-19 21:44:38,172][rfdiffusion.inference.model_runners][INFO] - Timestep 9, input to next step: -------------------------------------------------------------------------------------------------
[2026-04-19 21:44:39,709][rfdiffusion.inference.model_runners][INFO] - Timestep 8, input to next step: -------------------------------------------------------------------------------------------------
[2026-04-19 21:44:41,183][rfdiffusion.inference.model_runners][INFO] - Timestep 7, input to next step: -------------------------------------------------------------------------------------------------
[2026-04-19 21:44:42,731][rfdiffusion.inference.model_runners][INFO] - Timestep 6, input to next step: -------------------------------------------------------------------------------------------------
[2026-04-19 21:44:44,278][rfdiffusion.inference.model_runners][INFO] - Timestep 5, input to next step: -------------------------------------------------------------------------------------------------
[2026-04-19 21:44:45,800][rfdiffusion.inference.model_runners][INFO] - Timestep 4, input to next step: -------------------------------------------------------------------------------------------------
[2026-04-19 21:44:47,341][rfdiffusion.inference.model_runners][INFO] - Timestep 3, input to next step: -------------------------------------------------------------------------------------------------
[2026-04-19 21:44:49,322][rfdiffusion.inference.model_runners][INFO] - Timestep 2, input to next step: -------------------------------------------------------------------------------------------------
[2026-04-19 21:44:52,425][__main__][INFO] - Finished design in 1.31 minutes
[2026-04-19 21:44:52,426][__main__][INFO] - Making design /home/manvi/Team_8_CS598GBL/Assignment/Generate_designs/default/len_097/design_2
[2026-04-19 21:44:52,432][rfdiffusion.inference.model_runners][INFO] - Using contig: ['97-97']
[2026-04-19 21:44:52,451][rfdiffusion.inference.model_runners][INFO] - Sequence init: -------------------------------------------------------------------------------------------------
[2026-04-19 21:44:53,641][rfdiffusion.inference.model_runners][INFO] - Timestep 50, input to next step: -------------------------------------------------------------------------------------------------
[2026-04-19 21:44:55,332][rfdiffusion.inference.model_runners][INFO] - Timestep 49, input to next step: -------------------------------------------------------------------------------------------------
[2026-04-19 21:44:57,163][rfdiffusion.inference.model_runners][INFO] - Timestep 48, input to next step: -------------------------------------------------------------------------------------------------
[2026-04-19 21:44:58,767][rfdiffusion.inference.model_runners][INFO] - Timestep 47, input to next step: -------------------------------------------------------------------------------------------------
[2026-04-19 21:45:00,343][rfdiffusion.inference.model_runners][INFO] - Timestep 46, input to next step: -------------------------------------------------------------------------------------------------
[2026-04-19 21:45:01,948][rfdiffusion.inference.model_runners][INFO] - Timestep 45, input to next step: -------------------------------------------------------------------------------------------------
[2026-04-19 21:45:03,730][rfdiffusion.inference.model_runners][INFO] - Timestep 44, input to next step: -------------------------------------------------------------------------------------------------
[2026-04-19 21:45:05,451][rfdiffusion.inference.model_runners][INFO] - Timestep 43, input to next step: -------------------------------------------------------------------------------------------------
[2026-04-19 21:45:07,111][rfdiffusion.inference.model_runners][INFO] - Timestep 42, input to next step: -------------------------------------------------------------------------------------------------
[2026-04-19 21:45:08,710][rfdiffusion.inference.model_runners][INFO] - Timestep 41, input to next step: -------------------------------------------------------------------------------------------------
[2026-04-19 21:45:10,326][rfdiffusion.inference.model_runners][INFO] - Timestep 40, input to next step: -------------------------------------------------------------------------------------------------
[2026-04-19 21:45:11,990][rfdiffusion.inference.model_runners][INFO] - Timestep 39, input to next step: -------------------------------------------------------------------------------------------------
[2026-04-19 21:45:13,627][rfdiffusion.inference.model_runners][INFO] - Timestep 38, input to next step: -------------------------------------------------------------------------------------------------
[2026-04-19 21:45:15,188][rfdiffusion.inference.model_runners][INFO] - Timestep 37, input to next step: -------------------------------------------------------------------------------------------------
[2026-04-19 21:45:16,759][rfdiffusion.inference.model_runners][INFO] - Timestep 36, input to next step: -------------------------------------------------------------------------------------------------
[2026-04-19 21:45:18,527][rfdiffusion.inference.model_runners][INFO] - Timestep 35, input to next step: -------------------------------------------------------------------------------------------------
[2026-04-19 21:45:20,293][rfdiffusion.inference.model_runners][INFO] - Timestep 34, input to next step: -------------------------------------------------------------------------------------------------
[2026-04-19 21:45:22,656][rfdiffusion.inference.model_runners][INFO] - Timestep 33, input to next step: -------------------------------------------------------------------------------------------------
[2026-04-19 21:45:24,622][rfdiffusion.inference.model_runners][INFO] - Timestep 32, input to next step: -------------------------------------------------------------------------------------------------
[2026-04-19 21:45:26,536][rfdiffusion.inference.model_runners][INFO] - Timestep 31, input to next step: -------------------------------------------------------------------------------------------------
[2026-04-19 21:45:28,979][rfdiffusion.inference.model_runners][INFO] - Timestep 30, input to next step: -------------------------------------------------------------------------------------------------
[2026-04-19 21:45:30,917][rfdiffusion.inference.model_runners][INFO] - Timestep 29, input to next step: -------------------------------------------------------------------------------------------------
[2026-04-19 21:45:34,020][rfdiffusion.inference.model_runners][INFO] - Timestep 28, input to next step: -------------------------------------------------------------------------------------------------
[2026-04-19 21:45:35,882][rfdiffusion.inference.model_runners][INFO] - Timestep 27, input to next step: -------------------------------------------------------------------------------------------------
[2026-04-19 21:45:37,657][rfdiffusion.inference.model_runners][INFO] - Timestep 26, input to next step: -------------------------------------------------------------------------------------------------
[2026-04-19 21:45:39,408][rfdiffusion.inference.model_runners][INFO] - Timestep 25, input to next step: -------------------------------------------------------------------------------------------------
[2026-04-19 21:45:41,049][rfdiffusion.inference.model_runners][INFO] - Timestep 24, input to next step: -------------------------------------------------------------------------------------------------
[2026-04-19 21:45:42,774][rfdiffusion.inference.model_runners][INFO] - Timestep 23, input to next step: -------------------------------------------------------------------------------------------------
[2026-04-19 21:45:44,541][rfdiffusion.inference.model_runners][INFO] - Timestep 22, input to next step: -------------------------------------------------------------------------------------------------
[2026-04-19 21:45:46,163][rfdiffusion.inference.model_runners][INFO] - Timestep 21, input to next step: -------------------------------------------------------------------------------------------------
[2026-04-19 21:45:47,791][rfdiffusion.inference.model_runners][INFO] - Timestep 20, input to next step: -------------------------------------------------------------------------------------------------
[2026-04-19 21:45:49,523][rfdiffusion.inference.model_runners][INFO] - Timestep 19, input to next step: -------------------------------------------------------------------------------------------------
[2026-04-19 21:45:51,173][rfdiffusion.inference.model_runners][INFO] - Timestep 18, input to next step: -------------------------------------------------------------------------------------------------
[2026-04-19 21:45:52,835][rfdiffusion.inference.model_runners][INFO] - Timestep 17, input to next step: -------------------------------------------------------------------------------------------------
[2026-04-19 21:45:54,502][rfdiffusion.inference.model_runners][INFO] - Timestep 16, input to next step: -------------------------------------------------------------------------------------------------
[2026-04-19 21:45:56,135][rfdiffusion.inference.model_runners][INFO] - Timestep 15, input to next step: -------------------------------------------------------------------------------------------------
[2026-04-19 21:45:57,821][rfdiffusion.inference.model_runners][INFO] - Timestep 14, input to next step: -------------------------------------------------------------------------------------------------
[2026-04-19 21:45:59,448][rfdiffusion.inference.model_runners][INFO] - Timestep 13, input to next step: -------------------------------------------------------------------------------------------------
[2026-04-19 21:46:01,073][rfdiffusion.inference.model_runners][INFO] - Timestep 12, input to next step: -------------------------------------------------------------------------------------------------
[2026-04-19 21:46:02,674][rfdiffusion.inference.model_runners][INFO] - Timestep 11, input to next step: -------------------------------------------------------------------------------------------------
[2026-04-19 21:46:04,134][rfdiffusion.inference.model_runners][INFO] - Timestep 10, input to next step: -------------------------------------------------------------------------------------------------
[2026-04-19 21:46:05,756][rfdiffusion.inference.model_runners][INFO] - Timestep 9, input to next step: -------------------------------------------------------------------------------------------------
[2026-04-19 21:46:07,374][rfdiffusion.inference.model_runners][INFO] - Timestep 8, input to next step: -------------------------------------------------------------------------------------------------
[2026-04-19 21:46:09,018][rfdiffusion.inference.model_runners][INFO] - Timestep 7, input to next step: -------------------------------------------------------------------------------------------------
[2026-04-19 21:46:10,750][rfdiffusion.inference.model_runners][INFO] - Timestep 6, input to next step: -------------------------------------------------------------------------------------------------
[2026-04-19 21:46:12,550][rfdiffusion.inference.model_runners][INFO] - Timestep 5, input to next step: -------------------------------------------------------------------------------------------------
[2026-04-19 21:46:15,442][rfdiffusion.inference.model_runners][INFO] - Timestep 4, input to next step: -------------------------------------------------------------------------------------------------
[2026-04-19 21:46:17,052][rfdiffusion.inference.model_runners][INFO] - Timestep 3, input to next step: -------------------------------------------------------------------------------------------------
[2026-04-19 21:46:18,969][rfdiffusion.inference.model_runners][INFO] - Timestep 2, input to next step: -------------------------------------------------------------------------------------------------
[2026-04-19 21:46:22,881][__main__][INFO] - Finished design in 1.51 minutes
[2026-04-19 21:46:22,881][__main__][INFO] - Making design /home/manvi/Team_8_CS598GBL/Assignment/Generate_designs/default/len_097/design_3
[2026-04-19 21:46:22,887][rfdiffusion.inference.model_runners][INFO] - Using contig: ['97-97']
[2026-04-19 21:46:22,921][rfdiffusion.inference.model_runners][INFO] - Sequence init: -------------------------------------------------------------------------------------------------
[2026-04-19 21:46:24,482][rfdiffusion.inference.model_runners][INFO] - Timestep 50, input to next step: -------------------------------------------------------------------------------------------------
[2026-04-19 21:46:26,165][rfdiffusion.inference.model_runners][INFO] - Timestep 49, input to next step: -------------------------------------------------------------------------------------------------
[2026-04-19 21:46:27,921][rfdiffusion.inference.model_runners][INFO] - Timestep 48, input to next step: -------------------------------------------------------------------------------------------------
[2026-04-19 21:46:29,695][rfdiffusion.inference.model_runners][INFO] - Timestep 47, input to next step: -------------------------------------------------------------------------------------------------
[2026-04-19 21:46:31,443][rfdiffusion.inference.model_runners][INFO] - Timestep 46, input to next step: -------------------------------------------------------------------------------------------------
[2026-04-19 21:46:33,259][rfdiffusion.inference.model_runners][INFO] - Timestep 45, input to next step: -------------------------------------------------------------------------------------------------
[2026-04-19 21:46:35,004][rfdiffusion.inference.model_runners][INFO] - Timestep 44, input to next step: -------------------------------------------------------------------------------------------------
[2026-04-19 21:46:36,742][rfdiffusion.inference.model_runners][INFO] - Timestep 43, input to next step: -------------------------------------------------------------------------------------------------
[2026-04-19 21:46:38,625][rfdiffusion.inference.model_runners][INFO] - Timestep 42, input to next step: -------------------------------------------------------------------------------------------------
[2026-04-19 21:46:40,343][rfdiffusion.inference.model_runners][INFO] - Timestep 41, input to next step: -------------------------------------------------------------------------------------------------
[2026-04-19 21:46:42,088][rfdiffusion.inference.model_runners][INFO] - Timestep 40, input to next step: -------------------------------------------------------------------------------------------------
[2026-04-19 21:46:43,859][rfdiffusion.inference.model_runners][INFO] - Timestep 39, input to next step: -------------------------------------------------------------------------------------------------
[2026-04-19 21:46:45,715][rfdiffusion.inference.model_runners][INFO] - Timestep 38, input to next step: -------------------------------------------------------------------------------------------------
[2026-04-19 21:46:47,475][rfdiffusion.inference.model_runners][INFO] - Timestep 37, input to next step: -------------------------------------------------------------------------------------------------
[2026-04-19 21:46:49,329][rfdiffusion.inference.model_runners][INFO] - Timestep 36, input to next step: -------------------------------------------------------------------------------------------------
[2026-04-19 21:46:51,273][rfdiffusion.inference.model_runners][INFO] - Timestep 35, input to next step: -------------------------------------------------------------------------------------------------
[2026-04-19 21:46:53,066][rfdiffusion.inference.model_runners][INFO] - Timestep 34, input to next step: -------------------------------------------------------------------------------------------------
[2026-04-19 21:46:54,745][rfdiffusion.inference.model_runners][INFO] - Timestep 33, input to next step: -------------------------------------------------------------------------------------------------
[2026-04-19 21:46:56,452][rfdiffusion.inference.model_runners][INFO] - Timestep 32, input to next step: -------------------------------------------------------------------------------------------------
[2026-04-19 21:46:58,400][rfdiffusion.inference.model_runners][INFO] - Timestep 31, input to next step: -------------------------------------------------------------------------------------------------
[2026-04-19 21:47:00,168][rfdiffusion.inference.model_runners][INFO] - Timestep 30, input to next step: -------------------------------------------------------------------------------------------------
[2026-04-19 21:47:01,925][rfdiffusion.inference.model_runners][INFO] - Timestep 29, input to next step: -------------------------------------------------------------------------------------------------
[2026-04-19 21:47:03,731][rfdiffusion.inference.model_runners][INFO] - Timestep 28, input to next step: -------------------------------------------------------------------------------------------------
[2026-04-19 21:47:05,956][rfdiffusion.inference.model_runners][INFO] - Timestep 27, input to next step: -------------------------------------------------------------------------------------------------
[2026-04-19 21:47:07,847][rfdiffusion.inference.model_runners][INFO] - Timestep 26, input to next step: -------------------------------------------------------------------------------------------------
[2026-04-19 21:47:09,512][rfdiffusion.inference.model_runners][INFO] - Timestep 25, input to next step: -------------------------------------------------------------------------------------------------
[2026-04-19 21:47:11,205][rfdiffusion.inference.model_runners][INFO] - Timestep 24, input to next step: -------------------------------------------------------------------------------------------------
[2026-04-19 21:47:12,930][rfdiffusion.inference.model_runners][INFO] - Timestep 23, input to next step: -------------------------------------------------------------------------------------------------
[2026-04-19 21:47:14,596][rfdiffusion.inference.model_runners][INFO] - Timestep 22, input to next step: -------------------------------------------------------------------------------------------------
[2026-04-19 21:47:16,265][rfdiffusion.inference.model_runners][INFO] - Timestep 21, input to next step: -------------------------------------------------------------------------------------------------
[2026-04-19 21:47:18,049][rfdiffusion.inference.model_runners][INFO] - Timestep 20, input to next step: -------------------------------------------------------------------------------------------------
[2026-04-19 21:47:19,765][rfdiffusion.inference.model_runners][INFO] - Timestep 19, input to next step: -------------------------------------------------------------------------------------------------
[2026-04-19 21:47:21,516][rfdiffusion.inference.model_runners][INFO] - Timestep 18, input to next step: -------------------------------------------------------------------------------------------------
[2026-04-19 21:47:23,280][rfdiffusion.inference.model_runners][INFO] - Timestep 17, input to next step: -------------------------------------------------------------------------------------------------
[2026-04-19 21:47:25,072][rfdiffusion.inference.model_runners][INFO] - Timestep 16, input to next step: -------------------------------------------------------------------------------------------------
[2026-04-19 21:47:28,031][rfdiffusion.inference.model_runners][INFO] - Timestep 15, input to next step: -------------------------------------------------------------------------------------------------
[2026-04-19 21:47:29,606][rfdiffusion.inference.model_runners][INFO] - Timestep 14, input to next step: -------------------------------------------------------------------------------------------------
[2026-04-19 21:47:31,119][rfdiffusion.inference.model_runners][INFO] - Timestep 13, input to next step: -------------------------------------------------------------------------------------------------
[2026-04-19 21:47:32,837][rfdiffusion.inference.model_runners][INFO] - Timestep 12, input to next step: -------------------------------------------------------------------------------------------------
[2026-04-19 21:47:34,621][rfdiffusion.inference.model_runners][INFO] - Timestep 11, input to next step: -------------------------------------------------------------------------------------------------
[2026-04-19 21:47:36,196][rfdiffusion.inference.model_runners][INFO] - Timestep 10, input to next step: -------------------------------------------------------------------------------------------------
[2026-04-19 21:47:37,818][rfdiffusion.inference.model_runners][INFO] - Timestep 9, input to next step: -------------------------------------------------------------------------------------------------
[2026-04-19 21:47:39,463][rfdiffusion.inference.model_runners][INFO] - Timestep 8, input to next step: -------------------------------------------------------------------------------------------------
[2026-04-19 21:47:41,148][rfdiffusion.inference.model_runners][INFO] - Timestep 7, input to next step: -------------------------------------------------------------------------------------------------
[2026-04-19 21:47:42,792][rfdiffusion.inference.model_runners][INFO] - Timestep 6, input to next step: -------------------------------------------------------------------------------------------------
[2026-04-19 21:47:44,577][rfdiffusion.inference.model_runners][INFO] - Timestep 5, input to next step: -------------------------------------------------------------------------------------------------
[2026-04-19 21:47:46,286][rfdiffusion.inference.model_runners][INFO] - Timestep 4, input to next step: -------------------------------------------------------------------------------------------------
[2026-04-19 21:47:47,969][rfdiffusion.inference.model_runners][INFO] - Timestep 3, input to next step: -------------------------------------------------------------------------------------------------
[2026-04-19 21:47:49,715][rfdiffusion.inference.model_runners][INFO] - Timestep 2, input to next step: -------------------------------------------------------------------------------------------------
[2026-04-19 21:47:53,280][__main__][INFO] - Finished design in 1.51 minutes
[2026-04-19 21:47:53,280][__main__][INFO] - Making design /home/manvi/Team_8_CS598GBL/Assignment/Generate_designs/default/len_097/design_4
[2026-04-19 21:47:53,284][rfdiffusion.inference.model_runners][INFO] - Using contig: ['97-97']
[2026-04-19 21:47:53,307][rfdiffusion.inference.model_runners][INFO] - Sequence init: -------------------------------------------------------------------------------------------------
[2026-04-19 21:47:54,806][rfdiffusion.inference.model_runners][INFO] - Timestep 50, input to next step: -------------------------------------------------------------------------------------------------
[2026-04-19 21:47:56,343][rfdiffusion.inference.model_runners][INFO] - Timestep 49, input to next step: -------------------------------------------------------------------------------------------------
[2026-04-19 21:47:57,881][rfdiffusion.inference.model_runners][INFO] - Timestep 48, input to next step: -------------------------------------------------------------------------------------------------
[2026-04-19 21:47:59,546][rfdiffusion.inference.model_runners][INFO] - Timestep 47, input to next step: -------------------------------------------------------------------------------------------------
[2026-04-19 21:48:01,234][rfdiffusion.inference.model_runners][INFO] - Timestep 46, input to next step: -------------------------------------------------------------------------------------------------
[2026-04-19 21:48:02,833][rfdiffusion.inference.model_runners][INFO] - Timestep 45, input to next step: -------------------------------------------------------------------------------------------------
[2026-04-19 21:48:04,579][rfdiffusion.inference.model_runners][INFO] - Timestep 44, input to next step: -------------------------------------------------------------------------------------------------
[2026-04-19 21:48:06,388][rfdiffusion.inference.model_runners][INFO] - Timestep 43, input to next step: -------------------------------------------------------------------------------------------------
[2026-04-19 21:48:07,999][rfdiffusion.inference.model_runners][INFO] - Timestep 42, input to next step: -------------------------------------------------------------------------------------------------
[2026-04-19 21:48:09,723][rfdiffusion.inference.model_runners][INFO] - Timestep 41, input to next step: -------------------------------------------------------------------------------------------------
[2026-04-19 21:48:11,495][rfdiffusion.inference.model_runners][INFO] - Timestep 40, input to next step: -------------------------------------------------------------------------------------------------
[2026-04-19 21:48:13,197][rfdiffusion.inference.model_runners][INFO] - Timestep 39, input to next step: -------------------------------------------------------------------------------------------------
[2026-04-19 21:48:15,001][rfdiffusion.inference.model_runners][INFO] - Timestep 38, input to next step: -------------------------------------------------------------------------------------------------
[2026-04-19 21:48:16,798][rfdiffusion.inference.model_runners][INFO] - Timestep 37, input to next step: -------------------------------------------------------------------------------------------------
[2026-04-19 21:48:18,996][rfdiffusion.inference.model_runners][INFO] - Timestep 36, input to next step: -------------------------------------------------------------------------------------------------
[2026-04-19 21:48:20,974][rfdiffusion.inference.model_runners][INFO] - Timestep 35, input to next step: -------------------------------------------------------------------------------------------------
[2026-04-19 21:48:22,797][rfdiffusion.inference.model_runners][INFO] - Timestep 34, input to next step: -------------------------------------------------------------------------------------------------
[2026-04-19 21:48:24,649][rfdiffusion.inference.model_runners][INFO] - Timestep 33, input to next step: -------------------------------------------------------------------------------------------------
[2026-04-19 21:48:26,480][rfdiffusion.inference.model_runners][INFO] - Timestep 32, input to next step: -------------------------------------------------------------------------------------------------
[2026-04-19 21:48:28,138][rfdiffusion.inference.model_runners][INFO] - Timestep 31, input to next step: -------------------------------------------------------------------------------------------------
[2026-04-19 21:48:29,955][rfdiffusion.inference.model_runners][INFO] - Timestep 30, input to next step: -------------------------------------------------------------------------------------------------
[2026-04-19 21:48:31,841][rfdiffusion.inference.model_runners][INFO] - Timestep 29, input to next step: -------------------------------------------------------------------------------------------------
[2026-04-19 21:48:33,780][rfdiffusion.inference.model_runners][INFO] - Timestep 28, input to next step: -------------------------------------------------------------------------------------------------
[2026-04-19 21:48:35,564][rfdiffusion.inference.model_runners][INFO] - Timestep 27, input to next step: -------------------------------------------------------------------------------------------------
[2026-04-19 21:48:37,126][rfdiffusion.inference.model_runners][INFO] - Timestep 26, input to next step: -------------------------------------------------------------------------------------------------
[2026-04-19 21:48:38,655][rfdiffusion.inference.model_runners][INFO] - Timestep 25, input to next step: -------------------------------------------------------------------------------------------------
[2026-04-19 21:48:40,102][rfdiffusion.inference.model_runners][INFO] - Timestep 24, input to next step: -------------------------------------------------------------------------------------------------
[2026-04-19 21:48:41,539][rfdiffusion.inference.model_runners][INFO] - Timestep 23, input to next step: -------------------------------------------------------------------------------------------------
[2026-04-19 21:48:43,079][rfdiffusion.inference.model_runners][INFO] - Timestep 22, input to next step: -------------------------------------------------------------------------------------------------
[2026-04-19 21:48:44,594][rfdiffusion.inference.model_runners][INFO] - Timestep 21, input to next step: -------------------------------------------------------------------------------------------------
[2026-04-19 21:48:46,032][rfdiffusion.inference.model_runners][INFO] - Timestep 20, input to next step: -------------------------------------------------------------------------------------------------
[2026-04-19 21:48:47,620][rfdiffusion.inference.model_runners][INFO] - Timestep 19, input to next step: -------------------------------------------------------------------------------------------------
[2026-04-19 21:48:49,237][rfdiffusion.inference.model_runners][INFO] - Timestep 18, input to next step: -------------------------------------------------------------------------------------------------
[2026-04-19 21:48:51,044][rfdiffusion.inference.model_runners][INFO] - Timestep 17, input to next step: -------------------------------------------------------------------------------------------------
[2026-04-19 21:48:52,832][rfdiffusion.inference.model_runners][INFO] - Timestep 16, input to next step: -------------------------------------------------------------------------------------------------
[2026-04-19 21:48:54,675][rfdiffusion.inference.model_runners][INFO] - Timestep 15, input to next step: -------------------------------------------------------------------------------------------------
[2026-04-19 21:48:56,514][rfdiffusion.inference.model_runners][INFO] - Timestep 14, input to next step: -------------------------------------------------------------------------------------------------
[2026-04-19 21:48:58,249][rfdiffusion.inference.model_runners][INFO] - Timestep 13, input to next step: -------------------------------------------------------------------------------------------------
[2026-04-19 21:49:00,137][rfdiffusion.inference.model_runners][INFO] - Timestep 12, input to next step: -------------------------------------------------------------------------------------------------
[2026-04-19 21:49:01,970][rfdiffusion.inference.model_runners][INFO] - Timestep 11, input to next step: -------------------------------------------------------------------------------------------------
[2026-04-19 21:49:03,694][rfdiffusion.inference.model_runners][INFO] - Timestep 10, input to next step: -------------------------------------------------------------------------------------------------
[2026-04-19 21:49:05,386][rfdiffusion.inference.model_runners][INFO] - Timestep 9, input to next step: -------------------------------------------------------------------------------------------------
[2026-04-19 21:49:07,249][rfdiffusion.inference.model_runners][INFO] - Timestep 8, input to next step: -------------------------------------------------------------------------------------------------
[2026-04-19 21:49:09,107][rfdiffusion.inference.model_runners][INFO] - Timestep 7, input to next step: -------------------------------------------------------------------------------------------------
[2026-04-19 21:49:11,019][rfdiffusion.inference.model_runners][INFO] - Timestep 6, input to next step: -------------------------------------------------------------------------------------------------
[2026-04-19 21:49:12,951][rfdiffusion.inference.model_runners][INFO] - Timestep 5, input to next step: -------------------------------------------------------------------------------------------------
[2026-04-19 21:49:14,703][rfdiffusion.inference.model_runners][INFO] - Timestep 4, input to next step: -------------------------------------------------------------------------------------------------
[2026-04-19 21:49:16,582][rfdiffusion.inference.model_runners][INFO] - Timestep 3, input to next step: -------------------------------------------------------------------------------------------------
[2026-04-19 21:49:18,462][rfdiffusion.inference.model_runners][INFO] - Timestep 2, input to next step: -------------------------------------------------------------------------------------------------
[2026-04-19 21:49:22,184][__main__][INFO] - Finished design in 1.48 minutes
[2026-04-19 21:49:22,184][__main__][INFO] - Making design /home/manvi/Team_8_CS598GBL/Assignment/Generate_designs/default/len_097/design_5
[2026-04-19 21:49:22,189][rfdiffusion.inference.model_runners][INFO] - Using contig: ['97-97']
[2026-04-19 21:49:22,218][rfdiffusion.inference.model_runners][INFO] - Sequence init: -------------------------------------------------------------------------------------------------
[2026-04-19 21:49:23,855][rfdiffusion.inference.model_runners][INFO] - Timestep 50, input to next step: -------------------------------------------------------------------------------------------------
[2026-04-19 21:49:25,684][rfdiffusion.inference.model_runners][INFO] - Timestep 49, input to next step: -------------------------------------------------------------------------------------------------
[2026-04-19 21:49:27,608][rfdiffusion.inference.model_runners][INFO] - Timestep 48, input to next step: -------------------------------------------------------------------------------------------------
[2026-04-19 21:49:29,461][rfdiffusion.inference.model_runners][INFO] - Timestep 47, input to next step: -------------------------------------------------------------------------------------------------
[2026-04-19 21:49:31,263][rfdiffusion.inference.model_runners][INFO] - Timestep 46, input to next step: -------------------------------------------------------------------------------------------------
[2026-04-19 21:49:33,024][rfdiffusion.inference.model_runners][INFO] - Timestep 45, input to next step: -------------------------------------------------------------------------------------------------
[2026-04-19 21:49:34,788][rfdiffusion.inference.model_runners][INFO] - Timestep 44, input to next step: -------------------------------------------------------------------------------------------------
[2026-04-19 21:49:36,754][rfdiffusion.inference.model_runners][INFO] - Timestep 43, input to next step: -------------------------------------------------------------------------------------------------
[2026-04-19 21:49:38,681][rfdiffusion.inference.model_runners][INFO] - Timestep 42, input to next step: -------------------------------------------------------------------------------------------------
[2026-04-19 21:49:40,600][rfdiffusion.inference.model_runners][INFO] - Timestep 41, input to next step: -------------------------------------------------------------------------------------------------
[2026-04-19 21:49:42,464][rfdiffusion.inference.model_runners][INFO] - Timestep 40, input to next step: -------------------------------------------------------------------------------------------------
[2026-04-19 21:49:44,312][rfdiffusion.inference.model_runners][INFO] - Timestep 39, input to next step: -------------------------------------------------------------------------------------------------
[2026-04-19 21:49:46,474][rfdiffusion.inference.model_runners][INFO] - Timestep 38, input to next step: -------------------------------------------------------------------------------------------------
[2026-04-19 21:49:48,329][rfdiffusion.inference.model_runners][INFO] - Timestep 37, input to next step: -------------------------------------------------------------------------------------------------
[2026-04-19 21:49:50,210][rfdiffusion.inference.model_runners][INFO] - Timestep 36, input to next step: -------------------------------------------------------------------------------------------------
[2026-04-19 21:49:52,042][rfdiffusion.inference.model_runners][INFO] - Timestep 35, input to next step: -------------------------------------------------------------------------------------------------
[2026-04-19 21:49:53,873][rfdiffusion.inference.model_runners][INFO] - Timestep 34, input to next step: -------------------------------------------------------------------------------------------------
[2026-04-19 21:49:55,731][rfdiffusion.inference.model_runners][INFO] - Timestep 33, input to next step: -------------------------------------------------------------------------------------------------
[2026-04-19 21:49:57,668][rfdiffusion.inference.model_runners][INFO] - Timestep 32, input to next step: -------------------------------------------------------------------------------------------------
[2026-04-19 21:49:59,735][rfdiffusion.inference.model_runners][INFO] - Timestep 31, input to next step: -------------------------------------------------------------------------------------------------
[2026-04-19 21:50:01,750][rfdiffusion.inference.model_runners][INFO] - Timestep 30, input to next step: -------------------------------------------------------------------------------------------------
[2026-04-19 21:50:03,732][rfdiffusion.inference.model_runners][INFO] - Timestep 29, input to next step: -------------------------------------------------------------------------------------------------
[2026-04-19 21:50:05,535][rfdiffusion.inference.model_runners][INFO] - Timestep 28, input to next step: -------------------------------------------------------------------------------------------------
[2026-04-19 21:50:07,481][rfdiffusion.inference.model_runners][INFO] - Timestep 27, input to next step: -------------------------------------------------------------------------------------------------
[2026-04-19 21:50:09,420][rfdiffusion.inference.model_runners][INFO] - Timestep 26, input to next step: -------------------------------------------------------------------------------------------------
[2026-04-19 21:50:11,331][rfdiffusion.inference.model_runners][INFO] - Timestep 25, input to next step: -------------------------------------------------------------------------------------------------
[2026-04-19 21:50:13,182][rfdiffusion.inference.model_runners][INFO] - Timestep 24, input to next step: -------------------------------------------------------------------------------------------------
[2026-04-19 21:50:15,070][rfdiffusion.inference.model_runners][INFO] - Timestep 23, input to next step: -------------------------------------------------------------------------------------------------
[2026-04-19 21:50:17,076][rfdiffusion.inference.model_runners][INFO] - Timestep 22, input to next step: -------------------------------------------------------------------------------------------------
[2026-04-19 21:50:18,917][rfdiffusion.inference.model_runners][INFO] - Timestep 21, input to next step: -------------------------------------------------------------------------------------------------
[2026-04-19 21:50:20,846][rfdiffusion.inference.model_runners][INFO] - Timestep 20, input to next step: -------------------------------------------------------------------------------------------------
[2026-04-19 21:50:22,886][rfdiffusion.inference.model_runners][INFO] - Timestep 19, input to next step: -------------------------------------------------------------------------------------------------
[2026-04-19 21:50:24,727][rfdiffusion.inference.model_runners][INFO] - Timestep 18, input to next step: -------------------------------------------------------------------------------------------------
[2026-04-19 21:50:26,671][rfdiffusion.inference.model_runners][INFO] - Timestep 17, input to next step: -------------------------------------------------------------------------------------------------
[2026-04-19 21:50:28,491][rfdiffusion.inference.model_runners][INFO] - Timestep 16, input to next step: -------------------------------------------------------------------------------------------------
[2026-04-19 21:50:30,233][rfdiffusion.inference.model_runners][INFO] - Timestep 15, input to next step: -------------------------------------------------------------------------------------------------
[2026-04-19 21:50:32,118][rfdiffusion.inference.model_runners][INFO] - Timestep 14, input to next step: -------------------------------------------------------------------------------------------------
[2026-04-19 21:50:33,965][rfdiffusion.inference.model_runners][INFO] - Timestep 13, input to next step: -------------------------------------------------------------------------------------------------
[2026-04-19 21:50:35,723][rfdiffusion.inference.model_runners][INFO] - Timestep 12, input to next step: -------------------------------------------------------------------------------------------------
[2026-04-19 21:50:37,543][rfdiffusion.inference.model_runners][INFO] - Timestep 11, input to next step: -------------------------------------------------------------------------------------------------
[2026-04-19 21:50:39,498][rfdiffusion.inference.model_runners][INFO] - Timestep 10, input to next step: -------------------------------------------------------------------------------------------------
[2026-04-19 21:50:41,314][rfdiffusion.inference.model_runners][INFO] - Timestep 9, input to next step: -------------------------------------------------------------------------------------------------
[2026-04-19 21:50:43,170][rfdiffusion.inference.model_runners][INFO] - Timestep 8, input to next step: -------------------------------------------------------------------------------------------------
[2026-04-19 21:50:45,080][rfdiffusion.inference.model_runners][INFO] - Timestep 7, input to next step: -------------------------------------------------------------------------------------------------
[2026-04-19 21:50:47,056][rfdiffusion.inference.model_runners][INFO] - Timestep 6, input to next step: -------------------------------------------------------------------------------------------------
[2026-04-19 21:50:48,884][rfdiffusion.inference.model_runners][INFO] - Timestep 5, input to next step: -------------------------------------------------------------------------------------------------
[2026-04-19 21:50:50,898][rfdiffusion.inference.model_runners][INFO] - Timestep 4, input to next step: -------------------------------------------------------------------------------------------------
[2026-04-19 21:50:52,696][rfdiffusion.inference.model_runners][INFO] - Timestep 3, input to next step: -------------------------------------------------------------------------------------------------
[2026-04-19 21:50:54,682][rfdiffusion.inference.model_runners][INFO] - Timestep 2, input to next step: -------------------------------------------------------------------------------------------------
[2026-04-19 21:50:58,470][__main__][INFO] - Finished design in 1.60 minutes
[2026-04-19 21:50:58,470][__main__][INFO] - Making design /home/manvi/Team_8_CS598GBL/Assignment/Generate_designs/default/len_097/design_6
[2026-04-19 21:50:58,475][rfdiffusion.inference.model_runners][INFO] - Using contig: ['97-97']
[2026-04-19 21:50:58,500][rfdiffusion.inference.model_runners][INFO] - Sequence init: -------------------------------------------------------------------------------------------------
[2026-04-19 21:51:00,084][rfdiffusion.inference.model_runners][INFO] - Timestep 50, input to next step: -------------------------------------------------------------------------------------------------
[2026-04-19 21:51:01,945][rfdiffusion.inference.model_runners][INFO] - Timestep 49, input to next step: -------------------------------------------------------------------------------------------------
[2026-04-19 21:51:03,834][rfdiffusion.inference.model_runners][INFO] - Timestep 48, input to next step: -------------------------------------------------------------------------------------------------
[2026-04-19 21:51:05,721][rfdiffusion.inference.model_runners][INFO] - Timestep 47, input to next step: -------------------------------------------------------------------------------------------------
[2026-04-19 21:51:07,725][rfdiffusion.inference.model_runners][INFO] - Timestep 46, input to next step: -------------------------------------------------------------------------------------------------
[2026-04-19 21:51:09,682][rfdiffusion.inference.model_runners][INFO] - Timestep 45, input to next step: -------------------------------------------------------------------------------------------------
[2026-04-19 21:51:11,539][rfdiffusion.inference.model_runners][INFO] - Timestep 44, input to next step: -------------------------------------------------------------------------------------------------
[2026-04-19 21:51:13,369][rfdiffusion.inference.model_runners][INFO] - Timestep 43, input to next step: -------------------------------------------------------------------------------------------------
[2026-04-19 21:51:15,131][rfdiffusion.inference.model_runners][INFO] - Timestep 42, input to next step: -------------------------------------------------------------------------------------------------
[2026-04-19 21:51:16,908][rfdiffusion.inference.model_runners][INFO] - Timestep 41, input to next step: -------------------------------------------------------------------------------------------------
[2026-04-19 21:51:18,783][rfdiffusion.inference.model_runners][INFO] - Timestep 40, input to next step: -------------------------------------------------------------------------------------------------
[2026-04-19 21:51:20,751][rfdiffusion.inference.model_runners][INFO] - Timestep 39, input to next step: -------------------------------------------------------------------------------------------------
[2026-04-19 21:51:22,813][rfdiffusion.inference.model_runners][INFO] - Timestep 38, input to next step: -------------------------------------------------------------------------------------------------
[2026-04-19 21:51:24,965][rfdiffusion.inference.model_runners][INFO] - Timestep 37, input to next step: -------------------------------------------------------------------------------------------------
[2026-04-19 21:51:26,866][rfdiffusion.inference.model_runners][INFO] - Timestep 36, input to next step: -------------------------------------------------------------------------------------------------
[2026-04-19 21:51:28,709][rfdiffusion.inference.model_runners][INFO] - Timestep 35, input to next step: -------------------------------------------------------------------------------------------------
[2026-04-19 21:51:30,512][rfdiffusion.inference.model_runners][INFO] - Timestep 34, input to next step: -------------------------------------------------------------------------------------------------
[2026-04-19 21:51:32,406][rfdiffusion.inference.model_runners][INFO] - Timestep 33, input to next step: -------------------------------------------------------------------------------------------------
[2026-04-19 21:51:34,310][rfdiffusion.inference.model_runners][INFO] - Timestep 32, input to next step: -------------------------------------------------------------------------------------------------
[2026-04-19 21:51:36,299][rfdiffusion.inference.model_runners][INFO] - Timestep 31, input to next step: -------------------------------------------------------------------------------------------------
[2026-04-19 21:51:38,074][rfdiffusion.inference.model_runners][INFO] - Timestep 30, input to next step: -------------------------------------------------------------------------------------------------
[2026-04-19 21:51:39,988][rfdiffusion.inference.model_runners][INFO] - Timestep 29, input to next step: -------------------------------------------------------------------------------------------------
[2026-04-19 21:51:41,838][rfdiffusion.inference.model_runners][INFO] - Timestep 28, input to next step: -------------------------------------------------------------------------------------------------
[2026-04-19 21:51:43,857][rfdiffusion.inference.model_runners][INFO] - Timestep 27, input to next step: -------------------------------------------------------------------------------------------------
[2026-04-19 21:51:45,781][rfdiffusion.inference.model_runners][INFO] - Timestep 26, input to next step: -------------------------------------------------------------------------------------------------
[2026-04-19 21:51:47,697][rfdiffusion.inference.model_runners][INFO] - Timestep 25, input to next step: -------------------------------------------------------------------------------------------------
[2026-04-19 21:51:49,341][rfdiffusion.inference.model_runners][INFO] - Timestep 24, input to next step: -------------------------------------------------------------------------------------------------
[2026-04-19 21:51:51,267][rfdiffusion.inference.model_runners][INFO] - Timestep 23, input to next step: -------------------------------------------------------------------------------------------------
[2026-04-19 21:51:53,140][rfdiffusion.inference.model_runners][INFO] - Timestep 22, input to next step: -------------------------------------------------------------------------------------------------
[2026-04-19 21:51:54,786][rfdiffusion.inference.model_runners][INFO] - Timestep 21, input to next step: -------------------------------------------------------------------------------------------------
[2026-04-19 21:51:56,860][rfdiffusion.inference.model_runners][INFO] - Timestep 20, input to next step: -------------------------------------------------------------------------------------------------
[2026-04-19 21:51:58,948][rfdiffusion.inference.model_runners][INFO] - Timestep 19, input to next step: -------------------------------------------------------------------------------------------------
[2026-04-19 21:52:00,873][rfdiffusion.inference.model_runners][INFO] - Timestep 18, input to next step: -------------------------------------------------------------------------------------------------
[2026-04-19 21:52:02,816][rfdiffusion.inference.model_runners][INFO] - Timestep 17, input to next step: -------------------------------------------------------------------------------------------------
[2026-04-19 21:52:04,708][rfdiffusion.inference.model_runners][INFO] - Timestep 16, input to next step: -------------------------------------------------------------------------------------------------
[2026-04-19 21:52:06,655][rfdiffusion.inference.model_runners][INFO] - Timestep 15, input to next step: -------------------------------------------------------------------------------------------------
[2026-04-19 21:52:08,696][rfdiffusion.inference.model_runners][INFO] - Timestep 14, input to next step: -------------------------------------------------------------------------------------------------
[2026-04-19 21:52:10,645][rfdiffusion.inference.model_runners][INFO] - Timestep 13, input to next step: -------------------------------------------------------------------------------------------------
[2026-04-19 21:52:12,552][rfdiffusion.inference.model_runners][INFO] - Timestep 12, input to next step: -------------------------------------------------------------------------------------------------
[2026-04-19 21:52:14,423][rfdiffusion.inference.model_runners][INFO] - Timestep 11, input to next step: -------------------------------------------------------------------------------------------------
[2026-04-19 21:52:16,269][rfdiffusion.inference.model_runners][INFO] - Timestep 10, input to next step: -------------------------------------------------------------------------------------------------
[2026-04-19 21:52:18,160][rfdiffusion.inference.model_runners][INFO] - Timestep 9, input to next step: -------------------------------------------------------------------------------------------------
[2026-04-19 21:52:20,058][rfdiffusion.inference.model_runners][INFO] - Timestep 8, input to next step: -------------------------------------------------------------------------------------------------
[2026-04-19 21:52:22,011][rfdiffusion.inference.model_runners][INFO] - Timestep 7, input to next step: -------------------------------------------------------------------------------------------------
[2026-04-19 21:52:23,945][rfdiffusion.inference.model_runners][INFO] - Timestep 6, input to next step: -------------------------------------------------------------------------------------------------
[2026-04-19 21:52:25,806][rfdiffusion.inference.model_runners][INFO] - Timestep 5, input to next step: -------------------------------------------------------------------------------------------------
[2026-04-19 21:52:27,666][rfdiffusion.inference.model_runners][INFO] - Timestep 4, input to next step: -------------------------------------------------------------------------------------------------
[2026-04-19 21:52:29,683][rfdiffusion.inference.model_runners][INFO] - Timestep 3, input to next step: -------------------------------------------------------------------------------------------------
[2026-04-19 21:52:31,539][rfdiffusion.inference.model_runners][INFO] - Timestep 2, input to next step: -------------------------------------------------------------------------------------------------
[2026-04-19 21:52:35,256][__main__][INFO] - Finished design in 1.61 minutes
[2026-04-19 21:52:35,256][__main__][INFO] - Making design /home/manvi/Team_8_CS598GBL/Assignment/Generate_designs/default/len_097/design_7
[2026-04-19 21:52:35,260][rfdiffusion.inference.model_runners][INFO] - Using contig: ['97-97']
[2026-04-19 21:52:35,284][rfdiffusion.inference.model_runners][INFO] - Sequence init: -------------------------------------------------------------------------------------------------
[2026-04-19 21:52:36,884][rfdiffusion.inference.model_runners][INFO] - Timestep 50, input to next step: -------------------------------------------------------------------------------------------------
[2026-04-19 21:52:38,685][rfdiffusion.inference.model_runners][INFO] - Timestep 49, input to next step: -------------------------------------------------------------------------------------------------
[2026-04-19 21:52:40,687][rfdiffusion.inference.model_runners][INFO] - Timestep 48, input to next step: -------------------------------------------------------------------------------------------------
[2026-04-19 21:52:42,579][rfdiffusion.inference.model_runners][INFO] - Timestep 47, input to next step: -------------------------------------------------------------------------------------------------
[2026-04-19 21:52:44,537][rfdiffusion.inference.model_runners][INFO] - Timestep 46, input to next step: -------------------------------------------------------------------------------------------------
[2026-04-19 21:52:46,401][rfdiffusion.inference.model_runners][INFO] - Timestep 45, input to next step: -------------------------------------------------------------------------------------------------
[2026-04-19 21:52:48,273][rfdiffusion.inference.model_runners][INFO] - Timestep 44, input to next step: -------------------------------------------------------------------------------------------------
[2026-04-19 21:52:50,059][rfdiffusion.inference.model_runners][INFO] - Timestep 43, input to next step: -------------------------------------------------------------------------------------------------
[2026-04-19 21:52:51,977][rfdiffusion.inference.model_runners][INFO] - Timestep 42, input to next step: -------------------------------------------------------------------------------------------------
[2026-04-19 21:52:53,859][rfdiffusion.inference.model_runners][INFO] - Timestep 41, input to next step: -------------------------------------------------------------------------------------------------
[2026-04-19 21:52:55,610][rfdiffusion.inference.model_runners][INFO] - Timestep 40, input to next step: -------------------------------------------------------------------------------------------------
[2026-04-19 21:52:57,424][rfdiffusion.inference.model_runners][INFO] - Timestep 39, input to next step: -------------------------------------------------------------------------------------------------
[2026-04-19 21:52:59,225][rfdiffusion.inference.model_runners][INFO] - Timestep 38, input to next step: -------------------------------------------------------------------------------------------------
[2026-04-19 21:53:00,995][rfdiffusion.inference.model_runners][INFO] - Timestep 37, input to next step: -------------------------------------------------------------------------------------------------
[2026-04-19 21:53:02,781][rfdiffusion.inference.model_runners][INFO] - Timestep 36, input to next step: -------------------------------------------------------------------------------------------------
[2026-04-19 21:53:04,557][rfdiffusion.inference.model_runners][INFO] - Timestep 35, input to next step: -------------------------------------------------------------------------------------------------
[2026-04-19 21:53:06,344][rfdiffusion.inference.model_runners][INFO] - Timestep 34, input to next step: -------------------------------------------------------------------------------------------------
[2026-04-19 21:53:08,220][rfdiffusion.inference.model_runners][INFO] - Timestep 33, input to next step: -------------------------------------------------------------------------------------------------
[2026-04-19 21:53:10,136][rfdiffusion.inference.model_runners][INFO] - Timestep 32, input to next step: -------------------------------------------------------------------------------------------------
[2026-04-19 21:53:11,788][rfdiffusion.inference.model_runners][INFO] - Timestep 31, input to next step: -------------------------------------------------------------------------------------------------
[2026-04-19 21:53:13,582][rfdiffusion.inference.model_runners][INFO] - Timestep 30, input to next step: -------------------------------------------------------------------------------------------------
[2026-04-19 21:53:15,347][rfdiffusion.inference.model_runners][INFO] - Timestep 29, input to next step: -------------------------------------------------------------------------------------------------
[2026-04-19 21:53:17,443][rfdiffusion.inference.model_runners][INFO] - Timestep 28, input to next step: -------------------------------------------------------------------------------------------------
[2026-04-19 21:53:19,898][rfdiffusion.inference.model_runners][INFO] - Timestep 27, input to next step: -------------------------------------------------------------------------------------------------
[2026-04-19 21:53:21,634][rfdiffusion.inference.model_runners][INFO] - Timestep 26, input to next step: -------------------------------------------------------------------------------------------------
[2026-04-19 21:53:23,461][rfdiffusion.inference.model_runners][INFO] - Timestep 25, input to next step: -------------------------------------------------------------------------------------------------
[2026-04-19 21:53:25,242][rfdiffusion.inference.model_runners][INFO] - Timestep 24, input to next step: -------------------------------------------------------------------------------------------------
[2026-04-19 21:53:26,996][rfdiffusion.inference.model_runners][INFO] - Timestep 23, input to next step: -------------------------------------------------------------------------------------------------
[2026-04-19 21:53:28,873][rfdiffusion.inference.model_runners][INFO] - Timestep 22, input to next step: -------------------------------------------------------------------------------------------------
[2026-04-19 21:53:30,600][rfdiffusion.inference.model_runners][INFO] - Timestep 21, input to next step: -------------------------------------------------------------------------------------------------
[2026-04-19 21:53:32,352][rfdiffusion.inference.model_runners][INFO] - Timestep 20, input to next step: -------------------------------------------------------------------------------------------------
[2026-04-19 21:53:34,098][rfdiffusion.inference.model_runners][INFO] - Timestep 19, input to next step: -------------------------------------------------------------------------------------------------
[2026-04-19 21:53:35,909][rfdiffusion.inference.model_runners][INFO] - Timestep 18, input to next step: -------------------------------------------------------------------------------------------------
[2026-04-19 21:53:37,654][rfdiffusion.inference.model_runners][INFO] - Timestep 17, input to next step: -------------------------------------------------------------------------------------------------
[2026-04-19 21:53:39,487][rfdiffusion.inference.model_runners][INFO] - Timestep 16, input to next step: -------------------------------------------------------------------------------------------------
[2026-04-19 21:53:41,218][rfdiffusion.inference.model_runners][INFO] - Timestep 15, input to next step: -------------------------------------------------------------------------------------------------
[2026-04-19 21:53:43,028][rfdiffusion.inference.model_runners][INFO] - Timestep 14, input to next step: -------------------------------------------------------------------------------------------------
[2026-04-19 21:53:44,787][rfdiffusion.inference.model_runners][INFO] - Timestep 13, input to next step: -------------------------------------------------------------------------------------------------
[2026-04-19 21:53:46,533][rfdiffusion.inference.model_runners][INFO] - Timestep 12, input to next step: -------------------------------------------------------------------------------------------------
[2026-04-19 21:53:48,251][rfdiffusion.inference.model_runners][INFO] - Timestep 11, input to next step: -------------------------------------------------------------------------------------------------
[2026-04-19 21:53:49,900][rfdiffusion.inference.model_runners][INFO] - Timestep 10, input to next step: -------------------------------------------------------------------------------------------------
[2026-04-19 21:53:51,584][rfdiffusion.inference.model_runners][INFO] - Timestep 9, input to next step: -------------------------------------------------------------------------------------------------
[2026-04-19 21:53:53,224][rfdiffusion.inference.model_runners][INFO] - Timestep 8, input to next step: -------------------------------------------------------------------------------------------------
[2026-04-19 21:53:54,847][rfdiffusion.inference.model_runners][INFO] - Timestep 7, input to next step: -------------------------------------------------------------------------------------------------
[2026-04-19 21:53:56,493][rfdiffusion.inference.model_runners][INFO] - Timestep 6, input to next step: -------------------------------------------------------------------------------------------------
[2026-04-19 21:53:58,039][rfdiffusion.inference.model_runners][INFO] - Timestep 5, input to next step: -------------------------------------------------------------------------------------------------
[2026-04-19 21:53:59,810][rfdiffusion.inference.model_runners][INFO] - Timestep 4, input to next step: -------------------------------------------------------------------------------------------------
[2026-04-19 21:54:01,460][rfdiffusion.inference.model_runners][INFO] - Timestep 3, input to next step: -------------------------------------------------------------------------------------------------
[2026-04-19 21:54:03,057][rfdiffusion.inference.model_runners][INFO] - Timestep 2, input to next step: -------------------------------------------------------------------------------------------------
[2026-04-19 21:54:06,429][__main__][INFO] - Finished design in 1.52 minutes
[2026-04-19 21:54:06,429][__main__][INFO] - Making design /home/manvi/Team_8_CS598GBL/Assignment/Generate_designs/default/len_097/design_8
[2026-04-19 21:54:06,434][rfdiffusion.inference.model_runners][INFO] - Using contig: ['97-97']
[2026-04-19 21:54:06,454][rfdiffusion.inference.model_runners][INFO] - Sequence init: -------------------------------------------------------------------------------------------------
[2026-04-19 21:54:07,874][rfdiffusion.inference.model_runners][INFO] - Timestep 50, input to next step: -------------------------------------------------------------------------------------------------
[2026-04-19 21:54:09,478][rfdiffusion.inference.model_runners][INFO] - Timestep 49, input to next step: -------------------------------------------------------------------------------------------------
[2026-04-19 21:54:10,914][rfdiffusion.inference.model_runners][INFO] - Timestep 48, input to next step: -------------------------------------------------------------------------------------------------
[2026-04-19 21:54:12,450][rfdiffusion.inference.model_runners][INFO] - Timestep 47, input to next step: -------------------------------------------------------------------------------------------------
[2026-04-19 21:54:13,993][rfdiffusion.inference.model_runners][INFO] - Timestep 46, input to next step: -------------------------------------------------------------------------------------------------
[2026-04-19 21:54:15,630][rfdiffusion.inference.model_runners][INFO] - Timestep 45, input to next step: -------------------------------------------------------------------------------------------------
[2026-04-19 21:54:17,414][rfdiffusion.inference.model_runners][INFO] - Timestep 44, input to next step: -------------------------------------------------------------------------------------------------
[2026-04-19 21:54:19,074][rfdiffusion.inference.model_runners][INFO] - Timestep 43, input to next step: -------------------------------------------------------------------------------------------------
[2026-04-19 21:54:20,701][rfdiffusion.inference.model_runners][INFO] - Timestep 42, input to next step: -------------------------------------------------------------------------------------------------
[2026-04-19 21:54:22,302][rfdiffusion.inference.model_runners][INFO] - Timestep 41, input to next step: -------------------------------------------------------------------------------------------------
[2026-04-19 21:54:24,246][rfdiffusion.inference.model_runners][INFO] - Timestep 40, input to next step: -------------------------------------------------------------------------------------------------
[2026-04-19 21:54:26,220][rfdiffusion.inference.model_runners][INFO] - Timestep 39, input to next step: -------------------------------------------------------------------------------------------------
[2026-04-19 21:54:28,131][rfdiffusion.inference.model_runners][INFO] - Timestep 38, input to next step: -------------------------------------------------------------------------------------------------
[2026-04-19 21:54:29,928][rfdiffusion.inference.model_runners][INFO] - Timestep 37, input to next step: -------------------------------------------------------------------------------------------------
[2026-04-19 21:54:31,650][rfdiffusion.inference.model_runners][INFO] - Timestep 36, input to next step: -------------------------------------------------------------------------------------------------
[2026-04-19 21:54:33,290][rfdiffusion.inference.model_runners][INFO] - Timestep 35, input to next step: -------------------------------------------------------------------------------------------------
[2026-04-19 21:54:34,956][rfdiffusion.inference.model_runners][INFO] - Timestep 34, input to next step: -------------------------------------------------------------------------------------------------
[2026-04-19 21:54:36,634][rfdiffusion.inference.model_runners][INFO] - Timestep 33, input to next step: -------------------------------------------------------------------------------------------------
[2026-04-19 21:54:38,141][rfdiffusion.inference.model_runners][INFO] - Timestep 32, input to next step: -------------------------------------------------------------------------------------------------
[2026-04-19 21:54:39,793][rfdiffusion.inference.model_runners][INFO] - Timestep 31, input to next step: -------------------------------------------------------------------------------------------------
[2026-04-19 21:54:41,679][rfdiffusion.inference.model_runners][INFO] - Timestep 30, input to next step: -------------------------------------------------------------------------------------------------
[2026-04-19 21:54:43,352][rfdiffusion.inference.model_runners][INFO] - Timestep 29, input to next step: -------------------------------------------------------------------------------------------------
[2026-04-19 21:54:45,065][rfdiffusion.inference.model_runners][INFO] - Timestep 28, input to next step: -------------------------------------------------------------------------------------------------
[2026-04-19 21:54:46,725][rfdiffusion.inference.model_runners][INFO] - Timestep 27, input to next step: -------------------------------------------------------------------------------------------------
[2026-04-19 21:54:48,436][rfdiffusion.inference.model_runners][INFO] - Timestep 26, input to next step: -------------------------------------------------------------------------------------------------
[2026-04-19 21:54:50,035][rfdiffusion.inference.model_runners][INFO] - Timestep 25, input to next step: -------------------------------------------------------------------------------------------------
[2026-04-19 21:54:51,645][rfdiffusion.inference.model_runners][INFO] - Timestep 24, input to next step: -------------------------------------------------------------------------------------------------
[2026-04-19 21:54:53,406][rfdiffusion.inference.model_runners][INFO] - Timestep 23, input to next step: -------------------------------------------------------------------------------------------------
[2026-04-19 21:54:55,099][rfdiffusion.inference.model_runners][INFO] - Timestep 22, input to next step: -------------------------------------------------------------------------------------------------
[2026-04-19 21:54:56,742][rfdiffusion.inference.model_runners][INFO] - Timestep 21, input to next step: -------------------------------------------------------------------------------------------------
[2026-04-19 21:54:58,335][rfdiffusion.inference.model_runners][INFO] - Timestep 20, input to next step: -------------------------------------------------------------------------------------------------
[2026-04-19 21:54:59,994][rfdiffusion.inference.model_runners][INFO] - Timestep 19, input to next step: -------------------------------------------------------------------------------------------------
[2026-04-19 21:55:01,687][rfdiffusion.inference.model_runners][INFO] - Timestep 18, input to next step: -------------------------------------------------------------------------------------------------
[2026-04-19 21:55:03,320][rfdiffusion.inference.model_runners][INFO] - Timestep 17, input to next step: -------------------------------------------------------------------------------------------------
[2026-04-19 21:55:04,989][rfdiffusion.inference.model_runners][INFO] - Timestep 16, input to next step: -------------------------------------------------------------------------------------------------
[2026-04-19 21:55:06,618][rfdiffusion.inference.model_runners][INFO] - Timestep 15, input to next step: -------------------------------------------------------------------------------------------------
[2026-04-19 21:55:08,271][rfdiffusion.inference.model_runners][INFO] - Timestep 14, input to next step: -------------------------------------------------------------------------------------------------
[2026-04-19 21:55:09,971][rfdiffusion.inference.model_runners][INFO] - Timestep 13, input to next step: -------------------------------------------------------------------------------------------------
[2026-04-19 21:55:11,700][rfdiffusion.inference.model_runners][INFO] - Timestep 12, input to next step: -------------------------------------------------------------------------------------------------
[2026-04-19 21:55:13,314][rfdiffusion.inference.model_runners][INFO] - Timestep 11, input to next step: -------------------------------------------------------------------------------------------------
[2026-04-19 21:55:14,924][rfdiffusion.inference.model_runners][INFO] - Timestep 10, input to next step: -------------------------------------------------------------------------------------------------
[2026-04-19 21:55:16,594][rfdiffusion.inference.model_runners][INFO] - Timestep 9, input to next step: -------------------------------------------------------------------------------------------------
[2026-04-19 21:55:18,298][rfdiffusion.inference.model_runners][INFO] - Timestep 8, input to next step: -------------------------------------------------------------------------------------------------
[2026-04-19 21:55:19,911][rfdiffusion.inference.model_runners][INFO] - Timestep 7, input to next step: -------------------------------------------------------------------------------------------------
[2026-04-19 21:55:21,527][rfdiffusion.inference.model_runners][INFO] - Timestep 6, input to next step: -------------------------------------------------------------------------------------------------
[2026-04-19 21:55:23,268][rfdiffusion.inference.model_runners][INFO] - Timestep 5, input to next step: -------------------------------------------------------------------------------------------------
[2026-04-19 21:55:24,815][rfdiffusion.inference.model_runners][INFO] - Timestep 4, input to next step: -------------------------------------------------------------------------------------------------
[2026-04-19 21:55:26,468][rfdiffusion.inference.model_runners][INFO] - Timestep 3, input to next step: -------------------------------------------------------------------------------------------------
[2026-04-19 21:55:28,104][rfdiffusion.inference.model_runners][INFO] - Timestep 2, input to next step: -------------------------------------------------------------------------------------------------
[2026-04-19 21:55:31,282][__main__][INFO] - Finished design in 1.41 minutes
[2026-04-19 21:55:31,283][__main__][INFO] - Making design /home/manvi/Team_8_CS598GBL/Assignment/Generate_designs/default/len_097/design_9
[2026-04-19 21:55:31,289][rfdiffusion.inference.model_runners][INFO] - Using contig: ['97-97']
[2026-04-19 21:55:31,309][rfdiffusion.inference.model_runners][INFO] - Sequence init: -------------------------------------------------------------------------------------------------
[2026-04-19 21:55:32,756][rfdiffusion.inference.model_runners][INFO] - Timestep 50, input to next step: -------------------------------------------------------------------------------------------------
[2026-04-19 21:55:34,233][rfdiffusion.inference.model_runners][INFO] - Timestep 49, input to next step: -------------------------------------------------------------------------------------------------
[2026-04-19 21:55:35,857][rfdiffusion.inference.model_runners][INFO] - Timestep 48, input to next step: -------------------------------------------------------------------------------------------------
[2026-04-19 21:55:37,546][rfdiffusion.inference.model_runners][INFO] - Timestep 47, input to next step: -------------------------------------------------------------------------------------------------
[2026-04-19 21:55:39,216][rfdiffusion.inference.model_runners][INFO] - Timestep 46, input to next step: -------------------------------------------------------------------------------------------------
[2026-04-19 21:55:40,972][rfdiffusion.inference.model_runners][INFO] - Timestep 45, input to next step: -------------------------------------------------------------------------------------------------
[2026-04-19 21:55:42,570][rfdiffusion.inference.model_runners][INFO] - Timestep 44, input to next step: -------------------------------------------------------------------------------------------------
[2026-04-19 21:55:44,170][rfdiffusion.inference.model_runners][INFO] - Timestep 43, input to next step: -------------------------------------------------------------------------------------------------
[2026-04-19 21:55:46,012][rfdiffusion.inference.model_runners][INFO] - Timestep 42, input to next step: -------------------------------------------------------------------------------------------------
[2026-04-19 21:55:47,743][rfdiffusion.inference.model_runners][INFO] - Timestep 41, input to next step: -------------------------------------------------------------------------------------------------
[2026-04-19 21:55:49,393][rfdiffusion.inference.model_runners][INFO] - Timestep 40, input to next step: -------------------------------------------------------------------------------------------------
[2026-04-19 21:55:51,505][rfdiffusion.inference.model_runners][INFO] - Timestep 39, input to next step: -------------------------------------------------------------------------------------------------
[2026-04-19 21:55:53,216][rfdiffusion.inference.model_runners][INFO] - Timestep 38, input to next step: -------------------------------------------------------------------------------------------------
[2026-04-19 21:55:54,921][rfdiffusion.inference.model_runners][INFO] - Timestep 37, input to next step: -------------------------------------------------------------------------------------------------
[2026-04-19 21:55:56,587][rfdiffusion.inference.model_runners][INFO] - Timestep 36, input to next step: -------------------------------------------------------------------------------------------------
[2026-04-19 21:55:58,154][rfdiffusion.inference.model_runners][INFO] - Timestep 35, input to next step: -------------------------------------------------------------------------------------------------
[2026-04-19 21:55:59,613][rfdiffusion.inference.model_runners][INFO] - Timestep 34, input to next step: -------------------------------------------------------------------------------------------------
[2026-04-19 21:56:01,417][rfdiffusion.inference.model_runners][INFO] - Timestep 33, input to next step: -------------------------------------------------------------------------------------------------
[2026-04-19 21:56:03,112][rfdiffusion.inference.model_runners][INFO] - Timestep 32, input to next step: -------------------------------------------------------------------------------------------------
[2026-04-19 21:56:04,709][rfdiffusion.inference.model_runners][INFO] - Timestep 31, input to next step: -------------------------------------------------------------------------------------------------
[2026-04-19 21:56:06,310][rfdiffusion.inference.model_runners][INFO] - Timestep 30, input to next step: -------------------------------------------------------------------------------------------------
[2026-04-19 21:56:07,887][rfdiffusion.inference.model_runners][INFO] - Timestep 29, input to next step: -------------------------------------------------------------------------------------------------
[2026-04-19 21:56:09,564][rfdiffusion.inference.model_runners][INFO] - Timestep 28, input to next step: -------------------------------------------------------------------------------------------------
[2026-04-19 21:56:11,363][rfdiffusion.inference.model_runners][INFO] - Timestep 27, input to next step: -------------------------------------------------------------------------------------------------
[2026-04-19 21:56:12,974][rfdiffusion.inference.model_runners][INFO] - Timestep 26, input to next step: -------------------------------------------------------------------------------------------------
[2026-04-19 21:56:15,141][rfdiffusion.inference.model_runners][INFO] - Timestep 25, input to next step: -------------------------------------------------------------------------------------------------
[2026-04-19 21:56:16,735][rfdiffusion.inference.model_runners][INFO] - Timestep 24, input to next step: -------------------------------------------------------------------------------------------------
[2026-04-19 21:56:18,367][rfdiffusion.inference.model_runners][INFO] - Timestep 23, input to next step: -------------------------------------------------------------------------------------------------
[2026-04-19 21:56:19,929][rfdiffusion.inference.model_runners][INFO] - Timestep 22, input to next step: -------------------------------------------------------------------------------------------------
[2026-04-19 21:56:21,794][rfdiffusion.inference.model_runners][INFO] - Timestep 21, input to next step: -------------------------------------------------------------------------------------------------
[2026-04-19 21:56:23,850][rfdiffusion.inference.model_runners][INFO] - Timestep 20, input to next step: -------------------------------------------------------------------------------------------------
[2026-04-19 21:56:25,704][rfdiffusion.inference.model_runners][INFO] - Timestep 19, input to next step: -------------------------------------------------------------------------------------------------
[2026-04-19 21:56:27,494][rfdiffusion.inference.model_runners][INFO] - Timestep 18, input to next step: -------------------------------------------------------------------------------------------------
[2026-04-19 21:56:29,209][rfdiffusion.inference.model_runners][INFO] - Timestep 17, input to next step: -------------------------------------------------------------------------------------------------
[2026-04-19 21:56:30,882][rfdiffusion.inference.model_runners][INFO] - Timestep 16, input to next step: -------------------------------------------------------------------------------------------------
[2026-04-19 21:56:32,486][rfdiffusion.inference.model_runners][INFO] - Timestep 15, input to next step: -------------------------------------------------------------------------------------------------
[2026-04-19 21:56:34,146][rfdiffusion.inference.model_runners][INFO] - Timestep 14, input to next step: -------------------------------------------------------------------------------------------------
[2026-04-19 21:56:35,732][rfdiffusion.inference.model_runners][INFO] - Timestep 13, input to next step: -------------------------------------------------------------------------------------------------
[2026-04-19 21:56:37,482][rfdiffusion.inference.model_runners][INFO] - Timestep 12, input to next step: -------------------------------------------------------------------------------------------------
[2026-04-19 21:56:39,124][rfdiffusion.inference.model_runners][INFO] - Timestep 11, input to next step: -------------------------------------------------------------------------------------------------
[2026-04-19 21:56:40,752][rfdiffusion.inference.model_runners][INFO] - Timestep 10, input to next step: -------------------------------------------------------------------------------------------------
[2026-04-19 21:56:42,370][rfdiffusion.inference.model_runners][INFO] - Timestep 9, input to next step: -------------------------------------------------------------------------------------------------
[2026-04-19 21:56:44,041][rfdiffusion.inference.model_runners][INFO] - Timestep 8, input to next step: -------------------------------------------------------------------------------------------------
[2026-04-19 21:56:45,673][rfdiffusion.inference.model_runners][INFO] - Timestep 7, input to next step: -------------------------------------------------------------------------------------------------
[2026-04-19 21:56:47,402][rfdiffusion.inference.model_runners][INFO] - Timestep 6, input to next step: -------------------------------------------------------------------------------------------------
[2026-04-19 21:56:49,206][rfdiffusion.inference.model_runners][INFO] - Timestep 5, input to next step: -------------------------------------------------------------------------------------------------
[2026-04-19 21:56:51,247][rfdiffusion.inference.model_runners][INFO] - Timestep 4, input to next step: -------------------------------------------------------------------------------------------------
[2026-04-19 21:56:53,003][rfdiffusion.inference.model_runners][INFO] - Timestep 3, input to next step: -------------------------------------------------------------------------------------------------
[2026-04-19 21:56:54,686][rfdiffusion.inference.model_runners][INFO] - Timestep 2, input to next step: -------------------------------------------------------------------------------------------------
[2026-04-19 21:56:57,991][__main__][INFO] - Finished design in 1.45 minutes
