[2026-04-19 21:28:31,411][__main__][INFO] - Found GPU with device_name NVIDIA GeForce RTX 3050 Ti Laptop GPU. Will run RFdiffusion on NVIDIA GeForce RTX 3050 Ti Laptop GPU
[2026-04-19 21:28:31,412][rfdiffusion.inference.model_runners][INFO] - Reading checkpoint from /home/manvi/Team_8_CS598GBL/RFdiffusion/rfdiffusion/inference/../../models/Base_ckpt.pt
[2026-04-19 21:28:39,913][rfdiffusion.inference.model_runners][INFO] - Loading checkpoint.
[2026-04-19 21:28:40,237][rfdiffusion.diffusion][INFO] - Using cached IGSO3.
[2026-04-19 21:28:40,257][__main__][INFO] - Making design /home/manvi/Team_8_CS598GBL/Assignment/Generate_designs/default/len_096/design_0
[2026-04-19 21:28:40,263][rfdiffusion.inference.model_runners][INFO] - Using contig: ['96-96']
[2026-04-19 21:28:40,345][rfdiffusion.inference.model_runners][INFO] - Sequence init: ------------------------------------------------------------------------------------------------
[2026-04-19 21:28:44,617][rfdiffusion.inference.model_runners][INFO] - Timestep 50, input to next step: ------------------------------------------------------------------------------------------------
[2026-04-19 21:28:46,319][rfdiffusion.inference.model_runners][INFO] - Timestep 49, input to next step: ------------------------------------------------------------------------------------------------
[2026-04-19 21:28:47,916][rfdiffusion.inference.model_runners][INFO] - Timestep 48, input to next step: ------------------------------------------------------------------------------------------------
[2026-04-19 21:28:49,382][rfdiffusion.inference.model_runners][INFO] - Timestep 47, input to next step: ------------------------------------------------------------------------------------------------
[2026-04-19 21:28:50,887][rfdiffusion.inference.model_runners][INFO] - Timestep 46, input to next step: ------------------------------------------------------------------------------------------------
[2026-04-19 21:28:52,388][rfdiffusion.inference.model_runners][INFO] - Timestep 45, input to next step: ------------------------------------------------------------------------------------------------
[2026-04-19 21:28:53,936][rfdiffusion.inference.model_runners][INFO] - Timestep 44, input to next step: ------------------------------------------------------------------------------------------------
[2026-04-19 21:28:55,502][rfdiffusion.inference.model_runners][INFO] - Timestep 43, input to next step: ------------------------------------------------------------------------------------------------
[2026-04-19 21:28:57,003][rfdiffusion.inference.model_runners][INFO] - Timestep 42, input to next step: ------------------------------------------------------------------------------------------------
[2026-04-19 21:28:58,581][rfdiffusion.inference.model_runners][INFO] - Timestep 41, input to next step: ------------------------------------------------------------------------------------------------
[2026-04-19 21:29:00,201][rfdiffusion.inference.model_runners][INFO] - Timestep 40, input to next step: ------------------------------------------------------------------------------------------------
[2026-04-19 21:29:01,761][rfdiffusion.inference.model_runners][INFO] - Timestep 39, input to next step: ------------------------------------------------------------------------------------------------
[2026-04-19 21:29:03,280][rfdiffusion.inference.model_runners][INFO] - Timestep 38, input to next step: ------------------------------------------------------------------------------------------------
[2026-04-19 21:29:04,802][rfdiffusion.inference.model_runners][INFO] - Timestep 37, input to next step: ------------------------------------------------------------------------------------------------
[2026-04-19 21:29:06,324][rfdiffusion.inference.model_runners][INFO] - Timestep 36, input to next step: ------------------------------------------------------------------------------------------------
[2026-04-19 21:29:07,822][rfdiffusion.inference.model_runners][INFO] - Timestep 35, input to next step: ------------------------------------------------------------------------------------------------
[2026-04-19 21:29:09,270][rfdiffusion.inference.model_runners][INFO] - Timestep 34, input to next step: ------------------------------------------------------------------------------------------------
[2026-04-19 21:29:10,705][rfdiffusion.inference.model_runners][INFO] - Timestep 33, input to next step: ------------------------------------------------------------------------------------------------
[2026-04-19 21:29:12,160][rfdiffusion.inference.model_runners][INFO] - Timestep 32, input to next step: ------------------------------------------------------------------------------------------------
[2026-04-19 21:29:13,584][rfdiffusion.inference.model_runners][INFO] - Timestep 31, input to next step: ------------------------------------------------------------------------------------------------
[2026-04-19 21:29:15,030][rfdiffusion.inference.model_runners][INFO] - Timestep 30, input to next step: ------------------------------------------------------------------------------------------------
[2026-04-19 21:29:16,483][rfdiffusion.inference.model_runners][INFO] - Timestep 29, input to next step: ------------------------------------------------------------------------------------------------
[2026-04-19 21:29:17,945][rfdiffusion.inference.model_runners][INFO] - Timestep 28, input to next step: ------------------------------------------------------------------------------------------------
[2026-04-19 21:29:19,380][rfdiffusion.inference.model_runners][INFO] - Timestep 27, input to next step: ------------------------------------------------------------------------------------------------
[2026-04-19 21:29:20,784][rfdiffusion.inference.model_runners][INFO] - Timestep 26, input to next step: ------------------------------------------------------------------------------------------------
[2026-04-19 21:29:22,235][rfdiffusion.inference.model_runners][INFO] - Timestep 25, input to next step: ------------------------------------------------------------------------------------------------
[2026-04-19 21:29:23,774][rfdiffusion.inference.model_runners][INFO] - Timestep 24, input to next step: ------------------------------------------------------------------------------------------------
[2026-04-19 21:29:25,166][rfdiffusion.inference.model_runners][INFO] - Timestep 23, input to next step: ------------------------------------------------------------------------------------------------
[2026-04-19 21:29:26,575][rfdiffusion.inference.model_runners][INFO] - Timestep 22, input to next step: ------------------------------------------------------------------------------------------------
[2026-04-19 21:29:28,083][rfdiffusion.inference.model_runners][INFO] - Timestep 21, input to next step: ------------------------------------------------------------------------------------------------
[2026-04-19 21:29:29,528][rfdiffusion.inference.model_runners][INFO] - Timestep 20, input to next step: ------------------------------------------------------------------------------------------------
[2026-04-19 21:29:30,964][rfdiffusion.inference.model_runners][INFO] - Timestep 19, input to next step: ------------------------------------------------------------------------------------------------
[2026-04-19 21:29:32,450][rfdiffusion.inference.model_runners][INFO] - Timestep 18, input to next step: ------------------------------------------------------------------------------------------------
[2026-04-19 21:29:33,881][rfdiffusion.inference.model_runners][INFO] - Timestep 17, input to next step: ------------------------------------------------------------------------------------------------
[2026-04-19 21:29:35,645][rfdiffusion.inference.model_runners][INFO] - Timestep 16, input to next step: ------------------------------------------------------------------------------------------------
[2026-04-19 21:29:37,317][rfdiffusion.inference.model_runners][INFO] - Timestep 15, input to next step: ------------------------------------------------------------------------------------------------
[2026-04-19 21:29:38,990][rfdiffusion.inference.model_runners][INFO] - Timestep 14, input to next step: ------------------------------------------------------------------------------------------------
[2026-04-19 21:29:40,667][rfdiffusion.inference.model_runners][INFO] - Timestep 13, input to next step: ------------------------------------------------------------------------------------------------
[2026-04-19 21:29:42,342][rfdiffusion.inference.model_runners][INFO] - Timestep 12, input to next step: ------------------------------------------------------------------------------------------------
[2026-04-19 21:29:44,074][rfdiffusion.inference.model_runners][INFO] - Timestep 11, input to next step: ------------------------------------------------------------------------------------------------
[2026-04-19 21:29:45,829][rfdiffusion.inference.model_runners][INFO] - Timestep 10, input to next step: ------------------------------------------------------------------------------------------------
[2026-04-19 21:29:47,544][rfdiffusion.inference.model_runners][INFO] - Timestep 9, input to next step: ------------------------------------------------------------------------------------------------
[2026-04-19 21:29:49,271][rfdiffusion.inference.model_runners][INFO] - Timestep 8, input to next step: ------------------------------------------------------------------------------------------------
[2026-04-19 21:29:50,988][rfdiffusion.inference.model_runners][INFO] - Timestep 7, input to next step: ------------------------------------------------------------------------------------------------
[2026-04-19 21:29:52,797][rfdiffusion.inference.model_runners][INFO] - Timestep 6, input to next step: ------------------------------------------------------------------------------------------------
[2026-04-19 21:29:54,605][rfdiffusion.inference.model_runners][INFO] - Timestep 5, input to next step: ------------------------------------------------------------------------------------------------
[2026-04-19 21:29:56,320][rfdiffusion.inference.model_runners][INFO] - Timestep 4, input to next step: ------------------------------------------------------------------------------------------------
[2026-04-19 21:29:58,209][rfdiffusion.inference.model_runners][INFO] - Timestep 3, input to next step: ------------------------------------------------------------------------------------------------
[2026-04-19 21:30:00,199][rfdiffusion.inference.model_runners][INFO] - Timestep 2, input to next step: ------------------------------------------------------------------------------------------------
[2026-04-19 21:30:04,149][__main__][INFO] - Finished design in 1.40 minutes
[2026-04-19 21:30:04,149][__main__][INFO] - Making design /home/manvi/Team_8_CS598GBL/Assignment/Generate_designs/default/len_096/design_1
[2026-04-19 21:30:04,160][rfdiffusion.inference.model_runners][INFO] - Using contig: ['96-96']
[2026-04-19 21:30:04,189][rfdiffusion.inference.model_runners][INFO] - Sequence init: ------------------------------------------------------------------------------------------------
[2026-04-19 21:30:05,707][rfdiffusion.inference.model_runners][INFO] - Timestep 50, input to next step: ------------------------------------------------------------------------------------------------
[2026-04-19 21:30:07,481][rfdiffusion.inference.model_runners][INFO] - Timestep 49, input to next step: ------------------------------------------------------------------------------------------------
[2026-04-19 21:30:09,152][rfdiffusion.inference.model_runners][INFO] - Timestep 48, input to next step: ------------------------------------------------------------------------------------------------
[2026-04-19 21:30:10,924][rfdiffusion.inference.model_runners][INFO] - Timestep 47, input to next step: ------------------------------------------------------------------------------------------------
[2026-04-19 21:30:12,679][rfdiffusion.inference.model_runners][INFO] - Timestep 46, input to next step: ------------------------------------------------------------------------------------------------
[2026-04-19 21:30:14,473][rfdiffusion.inference.model_runners][INFO] - Timestep 45, input to next step: ------------------------------------------------------------------------------------------------
[2026-04-19 21:30:16,259][rfdiffusion.inference.model_runners][INFO] - Timestep 44, input to next step: ------------------------------------------------------------------------------------------------
[2026-04-19 21:30:18,028][rfdiffusion.inference.model_runners][INFO] - Timestep 43, input to next step: ------------------------------------------------------------------------------------------------
[2026-04-19 21:30:19,769][rfdiffusion.inference.model_runners][INFO] - Timestep 42, input to next step: ------------------------------------------------------------------------------------------------
[2026-04-19 21:30:21,578][rfdiffusion.inference.model_runners][INFO] - Timestep 41, input to next step: ------------------------------------------------------------------------------------------------
[2026-04-19 21:30:23,376][rfdiffusion.inference.model_runners][INFO] - Timestep 40, input to next step: ------------------------------------------------------------------------------------------------
[2026-04-19 21:30:25,162][rfdiffusion.inference.model_runners][INFO] - Timestep 39, input to next step: ------------------------------------------------------------------------------------------------
[2026-04-19 21:30:26,899][rfdiffusion.inference.model_runners][INFO] - Timestep 38, input to next step: ------------------------------------------------------------------------------------------------
[2026-04-19 21:30:28,680][rfdiffusion.inference.model_runners][INFO] - Timestep 37, input to next step: ------------------------------------------------------------------------------------------------
[2026-04-19 21:30:30,371][rfdiffusion.inference.model_runners][INFO] - Timestep 36, input to next step: ------------------------------------------------------------------------------------------------
[2026-04-19 21:30:32,175][rfdiffusion.inference.model_runners][INFO] - Timestep 35, input to next step: ------------------------------------------------------------------------------------------------
[2026-04-19 21:30:34,005][rfdiffusion.inference.model_runners][INFO] - Timestep 34, input to next step: ------------------------------------------------------------------------------------------------
[2026-04-19 21:30:35,950][rfdiffusion.inference.model_runners][INFO] - Timestep 33, input to next step: ------------------------------------------------------------------------------------------------
[2026-04-19 21:30:37,925][rfdiffusion.inference.model_runners][INFO] - Timestep 32, input to next step: ------------------------------------------------------------------------------------------------
[2026-04-19 21:30:39,957][rfdiffusion.inference.model_runners][INFO] - Timestep 31, input to next step: ------------------------------------------------------------------------------------------------
[2026-04-19 21:30:41,718][rfdiffusion.inference.model_runners][INFO] - Timestep 30, input to next step: ------------------------------------------------------------------------------------------------
[2026-04-19 21:30:43,648][rfdiffusion.inference.model_runners][INFO] - Timestep 29, input to next step: ------------------------------------------------------------------------------------------------
[2026-04-19 21:30:45,450][rfdiffusion.inference.model_runners][INFO] - Timestep 28, input to next step: ------------------------------------------------------------------------------------------------
[2026-04-19 21:30:47,010][rfdiffusion.inference.model_runners][INFO] - Timestep 27, input to next step: ------------------------------------------------------------------------------------------------
[2026-04-19 21:30:48,587][rfdiffusion.inference.model_runners][INFO] - Timestep 26, input to next step: ------------------------------------------------------------------------------------------------
[2026-04-19 21:30:50,167][rfdiffusion.inference.model_runners][INFO] - Timestep 25, input to next step: ------------------------------------------------------------------------------------------------
[2026-04-19 21:30:51,800][rfdiffusion.inference.model_runners][INFO] - Timestep 24, input to next step: ------------------------------------------------------------------------------------------------
[2026-04-19 21:30:53,480][rfdiffusion.inference.model_runners][INFO] - Timestep 23, input to next step: ------------------------------------------------------------------------------------------------
[2026-04-19 21:30:55,089][rfdiffusion.inference.model_runners][INFO] - Timestep 22, input to next step: ------------------------------------------------------------------------------------------------
[2026-04-19 21:30:56,728][rfdiffusion.inference.model_runners][INFO] - Timestep 21, input to next step: ------------------------------------------------------------------------------------------------
[2026-04-19 21:30:58,364][rfdiffusion.inference.model_runners][INFO] - Timestep 20, input to next step: ------------------------------------------------------------------------------------------------
[2026-04-19 21:30:59,994][rfdiffusion.inference.model_runners][INFO] - Timestep 19, input to next step: ------------------------------------------------------------------------------------------------
[2026-04-19 21:31:01,793][rfdiffusion.inference.model_runners][INFO] - Timestep 18, input to next step: ------------------------------------------------------------------------------------------------
[2026-04-19 21:31:03,313][rfdiffusion.inference.model_runners][INFO] - Timestep 17, input to next step: ------------------------------------------------------------------------------------------------
[2026-04-19 21:31:04,868][rfdiffusion.inference.model_runners][INFO] - Timestep 16, input to next step: ------------------------------------------------------------------------------------------------
[2026-04-19 21:31:06,371][rfdiffusion.inference.model_runners][INFO] - Timestep 15, input to next step: ------------------------------------------------------------------------------------------------
[2026-04-19 21:31:07,827][rfdiffusion.inference.model_runners][INFO] - Timestep 14, input to next step: ------------------------------------------------------------------------------------------------
[2026-04-19 21:31:09,386][rfdiffusion.inference.model_runners][INFO] - Timestep 13, input to next step: ------------------------------------------------------------------------------------------------
[2026-04-19 21:31:10,930][rfdiffusion.inference.model_runners][INFO] - Timestep 12, input to next step: ------------------------------------------------------------------------------------------------
[2026-04-19 21:31:12,493][rfdiffusion.inference.model_runners][INFO] - Timestep 11, input to next step: ------------------------------------------------------------------------------------------------
[2026-04-19 21:31:14,093][rfdiffusion.inference.model_runners][INFO] - Timestep 10, input to next step: ------------------------------------------------------------------------------------------------
[2026-04-19 21:31:15,687][rfdiffusion.inference.model_runners][INFO] - Timestep 9, input to next step: ------------------------------------------------------------------------------------------------
[2026-04-19 21:31:17,280][rfdiffusion.inference.model_runners][INFO] - Timestep 8, input to next step: ------------------------------------------------------------------------------------------------
[2026-04-19 21:31:18,872][rfdiffusion.inference.model_runners][INFO] - Timestep 7, input to next step: ------------------------------------------------------------------------------------------------
[2026-04-19 21:31:20,634][rfdiffusion.inference.model_runners][INFO] - Timestep 6, input to next step: ------------------------------------------------------------------------------------------------
[2026-04-19 21:31:22,251][rfdiffusion.inference.model_runners][INFO] - Timestep 5, input to next step: ------------------------------------------------------------------------------------------------
[2026-04-19 21:31:23,986][rfdiffusion.inference.model_runners][INFO] - Timestep 4, input to next step: ------------------------------------------------------------------------------------------------
[2026-04-19 21:31:25,604][rfdiffusion.inference.model_runners][INFO] - Timestep 3, input to next step: ------------------------------------------------------------------------------------------------
[2026-04-19 21:31:27,123][rfdiffusion.inference.model_runners][INFO] - Timestep 2, input to next step: ------------------------------------------------------------------------------------------------
[2026-04-19 21:31:30,157][__main__][INFO] - Finished design in 1.43 minutes
[2026-04-19 21:31:30,158][__main__][INFO] - Making design /home/manvi/Team_8_CS598GBL/Assignment/Generate_designs/default/len_096/design_2
[2026-04-19 21:31:30,162][rfdiffusion.inference.model_runners][INFO] - Using contig: ['96-96']
[2026-04-19 21:31:30,179][rfdiffusion.inference.model_runners][INFO] - Sequence init: ------------------------------------------------------------------------------------------------
[2026-04-19 21:31:31,552][rfdiffusion.inference.model_runners][INFO] - Timestep 50, input to next step: ------------------------------------------------------------------------------------------------
[2026-04-19 21:31:33,093][rfdiffusion.inference.model_runners][INFO] - Timestep 49, input to next step: ------------------------------------------------------------------------------------------------
[2026-04-19 21:31:34,701][rfdiffusion.inference.model_runners][INFO] - Timestep 48, input to next step: ------------------------------------------------------------------------------------------------
[2026-04-19 21:31:36,186][rfdiffusion.inference.model_runners][INFO] - Timestep 47, input to next step: ------------------------------------------------------------------------------------------------
[2026-04-19 21:31:37,789][rfdiffusion.inference.model_runners][INFO] - Timestep 46, input to next step: ------------------------------------------------------------------------------------------------
[2026-04-19 21:31:39,477][rfdiffusion.inference.model_runners][INFO] - Timestep 45, input to next step: ------------------------------------------------------------------------------------------------
[2026-04-19 21:31:40,969][rfdiffusion.inference.model_runners][INFO] - Timestep 44, input to next step: ------------------------------------------------------------------------------------------------
[2026-04-19 21:31:42,432][rfdiffusion.inference.model_runners][INFO] - Timestep 43, input to next step: ------------------------------------------------------------------------------------------------
[2026-04-19 21:31:43,924][rfdiffusion.inference.model_runners][INFO] - Timestep 42, input to next step: ------------------------------------------------------------------------------------------------
[2026-04-19 21:31:45,523][rfdiffusion.inference.model_runners][INFO] - Timestep 41, input to next step: ------------------------------------------------------------------------------------------------
[2026-04-19 21:31:47,012][rfdiffusion.inference.model_runners][INFO] - Timestep 40, input to next step: ------------------------------------------------------------------------------------------------
[2026-04-19 21:31:48,508][rfdiffusion.inference.model_runners][INFO] - Timestep 39, input to next step: ------------------------------------------------------------------------------------------------
[2026-04-19 21:31:49,990][rfdiffusion.inference.model_runners][INFO] - Timestep 38, input to next step: ------------------------------------------------------------------------------------------------
[2026-04-19 21:31:51,533][rfdiffusion.inference.model_runners][INFO] - Timestep 37, input to next step: ------------------------------------------------------------------------------------------------
[2026-04-19 21:31:52,965][rfdiffusion.inference.model_runners][INFO] - Timestep 36, input to next step: ------------------------------------------------------------------------------------------------
[2026-04-19 21:31:54,363][rfdiffusion.inference.model_runners][INFO] - Timestep 35, input to next step: ------------------------------------------------------------------------------------------------
[2026-04-19 21:31:55,792][rfdiffusion.inference.model_runners][INFO] - Timestep 34, input to next step: ------------------------------------------------------------------------------------------------
[2026-04-19 21:31:57,297][rfdiffusion.inference.model_runners][INFO] - Timestep 33, input to next step: ------------------------------------------------------------------------------------------------
[2026-04-19 21:31:58,938][rfdiffusion.inference.model_runners][INFO] - Timestep 32, input to next step: ------------------------------------------------------------------------------------------------
[2026-04-19 21:32:00,501][rfdiffusion.inference.model_runners][INFO] - Timestep 31, input to next step: ------------------------------------------------------------------------------------------------
[2026-04-19 21:32:02,094][rfdiffusion.inference.model_runners][INFO] - Timestep 30, input to next step: ------------------------------------------------------------------------------------------------
[2026-04-19 21:32:03,618][rfdiffusion.inference.model_runners][INFO] - Timestep 29, input to next step: ------------------------------------------------------------------------------------------------
[2026-04-19 21:32:05,211][rfdiffusion.inference.model_runners][INFO] - Timestep 28, input to next step: ------------------------------------------------------------------------------------------------
[2026-04-19 21:32:06,799][rfdiffusion.inference.model_runners][INFO] - Timestep 27, input to next step: ------------------------------------------------------------------------------------------------
[2026-04-19 21:32:08,545][rfdiffusion.inference.model_runners][INFO] - Timestep 26, input to next step: ------------------------------------------------------------------------------------------------
[2026-04-19 21:32:10,367][rfdiffusion.inference.model_runners][INFO] - Timestep 25, input to next step: ------------------------------------------------------------------------------------------------
[2026-04-19 21:32:12,015][rfdiffusion.inference.model_runners][INFO] - Timestep 24, input to next step: ------------------------------------------------------------------------------------------------
[2026-04-19 21:32:13,547][rfdiffusion.inference.model_runners][INFO] - Timestep 23, input to next step: ------------------------------------------------------------------------------------------------
[2026-04-19 21:32:15,113][rfdiffusion.inference.model_runners][INFO] - Timestep 22, input to next step: ------------------------------------------------------------------------------------------------
[2026-04-19 21:32:16,691][rfdiffusion.inference.model_runners][INFO] - Timestep 21, input to next step: ------------------------------------------------------------------------------------------------
[2026-04-19 21:32:18,186][rfdiffusion.inference.model_runners][INFO] - Timestep 20, input to next step: ------------------------------------------------------------------------------------------------
[2026-04-19 21:32:19,590][rfdiffusion.inference.model_runners][INFO] - Timestep 19, input to next step: ------------------------------------------------------------------------------------------------
[2026-04-19 21:32:20,950][rfdiffusion.inference.model_runners][INFO] - Timestep 18, input to next step: ------------------------------------------------------------------------------------------------
[2026-04-19 21:32:22,397][rfdiffusion.inference.model_runners][INFO] - Timestep 17, input to next step: ------------------------------------------------------------------------------------------------
[2026-04-19 21:32:23,967][rfdiffusion.inference.model_runners][INFO] - Timestep 16, input to next step: ------------------------------------------------------------------------------------------------
[2026-04-19 21:32:25,475][rfdiffusion.inference.model_runners][INFO] - Timestep 15, input to next step: ------------------------------------------------------------------------------------------------
[2026-04-19 21:32:26,997][rfdiffusion.inference.model_runners][INFO] - Timestep 14, input to next step: ------------------------------------------------------------------------------------------------
[2026-04-19 21:32:28,476][rfdiffusion.inference.model_runners][INFO] - Timestep 13, input to next step: ------------------------------------------------------------------------------------------------
[2026-04-19 21:32:30,023][rfdiffusion.inference.model_runners][INFO] - Timestep 12, input to next step: ------------------------------------------------------------------------------------------------
[2026-04-19 21:32:31,469][rfdiffusion.inference.model_runners][INFO] - Timestep 11, input to next step: ------------------------------------------------------------------------------------------------
[2026-04-19 21:32:32,919][rfdiffusion.inference.model_runners][INFO] - Timestep 10, input to next step: ------------------------------------------------------------------------------------------------
[2026-04-19 21:32:34,370][rfdiffusion.inference.model_runners][INFO] - Timestep 9, input to next step: ------------------------------------------------------------------------------------------------
[2026-04-19 21:32:35,953][rfdiffusion.inference.model_runners][INFO] - Timestep 8, input to next step: ------------------------------------------------------------------------------------------------
[2026-04-19 21:32:37,515][rfdiffusion.inference.model_runners][INFO] - Timestep 7, input to next step: ------------------------------------------------------------------------------------------------
[2026-04-19 21:32:38,984][rfdiffusion.inference.model_runners][INFO] - Timestep 6, input to next step: ------------------------------------------------------------------------------------------------
[2026-04-19 21:32:40,442][rfdiffusion.inference.model_runners][INFO] - Timestep 5, input to next step: ------------------------------------------------------------------------------------------------
[2026-04-19 21:32:41,937][rfdiffusion.inference.model_runners][INFO] - Timestep 4, input to next step: ------------------------------------------------------------------------------------------------
[2026-04-19 21:32:43,364][rfdiffusion.inference.model_runners][INFO] - Timestep 3, input to next step: ------------------------------------------------------------------------------------------------
[2026-04-19 21:32:44,865][rfdiffusion.inference.model_runners][INFO] - Timestep 2, input to next step: ------------------------------------------------------------------------------------------------
[2026-04-19 21:32:47,779][__main__][INFO] - Finished design in 1.29 minutes
[2026-04-19 21:32:47,779][__main__][INFO] - Making design /home/manvi/Team_8_CS598GBL/Assignment/Generate_designs/default/len_096/design_3
[2026-04-19 21:32:47,784][rfdiffusion.inference.model_runners][INFO] - Using contig: ['96-96']
[2026-04-19 21:32:47,800][rfdiffusion.inference.model_runners][INFO] - Sequence init: ------------------------------------------------------------------------------------------------
[2026-04-19 21:32:49,087][rfdiffusion.inference.model_runners][INFO] - Timestep 50, input to next step: ------------------------------------------------------------------------------------------------
[2026-04-19 21:32:50,617][rfdiffusion.inference.model_runners][INFO] - Timestep 49, input to next step: ------------------------------------------------------------------------------------------------
[2026-04-19 21:32:52,130][rfdiffusion.inference.model_runners][INFO] - Timestep 48, input to next step: ------------------------------------------------------------------------------------------------
[2026-04-19 21:32:53,558][rfdiffusion.inference.model_runners][INFO] - Timestep 47, input to next step: ------------------------------------------------------------------------------------------------
[2026-04-19 21:32:55,104][rfdiffusion.inference.model_runners][INFO] - Timestep 46, input to next step: ------------------------------------------------------------------------------------------------
[2026-04-19 21:32:56,650][rfdiffusion.inference.model_runners][INFO] - Timestep 45, input to next step: ------------------------------------------------------------------------------------------------
[2026-04-19 21:32:58,162][rfdiffusion.inference.model_runners][INFO] - Timestep 44, input to next step: ------------------------------------------------------------------------------------------------
[2026-04-19 21:32:59,663][rfdiffusion.inference.model_runners][INFO] - Timestep 43, input to next step: ------------------------------------------------------------------------------------------------
[2026-04-19 21:33:01,243][rfdiffusion.inference.model_runners][INFO] - Timestep 42, input to next step: ------------------------------------------------------------------------------------------------
[2026-04-19 21:33:02,771][rfdiffusion.inference.model_runners][INFO] - Timestep 41, input to next step: ------------------------------------------------------------------------------------------------
[2026-04-19 21:33:04,277][rfdiffusion.inference.model_runners][INFO] - Timestep 40, input to next step: ------------------------------------------------------------------------------------------------
[2026-04-19 21:33:05,739][rfdiffusion.inference.model_runners][INFO] - Timestep 39, input to next step: ------------------------------------------------------------------------------------------------
[2026-04-19 21:33:07,253][rfdiffusion.inference.model_runners][INFO] - Timestep 38, input to next step: ------------------------------------------------------------------------------------------------
[2026-04-19 21:33:08,729][rfdiffusion.inference.model_runners][INFO] - Timestep 37, input to next step: ------------------------------------------------------------------------------------------------
[2026-04-19 21:33:10,202][rfdiffusion.inference.model_runners][INFO] - Timestep 36, input to next step: ------------------------------------------------------------------------------------------------
[2026-04-19 21:33:11,739][rfdiffusion.inference.model_runners][INFO] - Timestep 35, input to next step: ------------------------------------------------------------------------------------------------
[2026-04-19 21:33:13,212][rfdiffusion.inference.model_runners][INFO] - Timestep 34, input to next step: ------------------------------------------------------------------------------------------------
[2026-04-19 21:33:14,762][rfdiffusion.inference.model_runners][INFO] - Timestep 33, input to next step: ------------------------------------------------------------------------------------------------
[2026-04-19 21:33:16,277][rfdiffusion.inference.model_runners][INFO] - Timestep 32, input to next step: ------------------------------------------------------------------------------------------------
[2026-04-19 21:33:17,893][rfdiffusion.inference.model_runners][INFO] - Timestep 31, input to next step: ------------------------------------------------------------------------------------------------
[2026-04-19 21:33:19,627][rfdiffusion.inference.model_runners][INFO] - Timestep 30, input to next step: ------------------------------------------------------------------------------------------------
[2026-04-19 21:33:21,115][rfdiffusion.inference.model_runners][INFO] - Timestep 29, input to next step: ------------------------------------------------------------------------------------------------
[2026-04-19 21:33:22,748][rfdiffusion.inference.model_runners][INFO] - Timestep 28, input to next step: ------------------------------------------------------------------------------------------------
[2026-04-19 21:33:24,412][rfdiffusion.inference.model_runners][INFO] - Timestep 27, input to next step: ------------------------------------------------------------------------------------------------
[2026-04-19 21:33:25,934][rfdiffusion.inference.model_runners][INFO] - Timestep 26, input to next step: ------------------------------------------------------------------------------------------------
[2026-04-19 21:33:27,531][rfdiffusion.inference.model_runners][INFO] - Timestep 25, input to next step: ------------------------------------------------------------------------------------------------
[2026-04-19 21:33:29,010][rfdiffusion.inference.model_runners][INFO] - Timestep 24, input to next step: ------------------------------------------------------------------------------------------------
[2026-04-19 21:33:30,369][rfdiffusion.inference.model_runners][INFO] - Timestep 23, input to next step: ------------------------------------------------------------------------------------------------
[2026-04-19 21:33:31,798][rfdiffusion.inference.model_runners][INFO] - Timestep 22, input to next step: ------------------------------------------------------------------------------------------------
[2026-04-19 21:33:33,367][rfdiffusion.inference.model_runners][INFO] - Timestep 21, input to next step: ------------------------------------------------------------------------------------------------
[2026-04-19 21:33:34,939][rfdiffusion.inference.model_runners][INFO] - Timestep 20, input to next step: ------------------------------------------------------------------------------------------------
[2026-04-19 21:33:36,403][rfdiffusion.inference.model_runners][INFO] - Timestep 19, input to next step: ------------------------------------------------------------------------------------------------
[2026-04-19 21:33:37,889][rfdiffusion.inference.model_runners][INFO] - Timestep 18, input to next step: ------------------------------------------------------------------------------------------------
[2026-04-19 21:33:39,330][rfdiffusion.inference.model_runners][INFO] - Timestep 17, input to next step: ------------------------------------------------------------------------------------------------
[2026-04-19 21:33:40,895][rfdiffusion.inference.model_runners][INFO] - Timestep 16, input to next step: ------------------------------------------------------------------------------------------------
[2026-04-19 21:33:42,438][rfdiffusion.inference.model_runners][INFO] - Timestep 15, input to next step: ------------------------------------------------------------------------------------------------
[2026-04-19 21:33:44,062][rfdiffusion.inference.model_runners][INFO] - Timestep 14, input to next step: ------------------------------------------------------------------------------------------------
[2026-04-19 21:33:45,662][rfdiffusion.inference.model_runners][INFO] - Timestep 13, input to next step: ------------------------------------------------------------------------------------------------
[2026-04-19 21:33:47,155][rfdiffusion.inference.model_runners][INFO] - Timestep 12, input to next step: ------------------------------------------------------------------------------------------------
[2026-04-19 21:33:48,623][rfdiffusion.inference.model_runners][INFO] - Timestep 11, input to next step: ------------------------------------------------------------------------------------------------
[2026-04-19 21:33:50,046][rfdiffusion.inference.model_runners][INFO] - Timestep 10, input to next step: ------------------------------------------------------------------------------------------------
[2026-04-19 21:33:51,429][rfdiffusion.inference.model_runners][INFO] - Timestep 9, input to next step: ------------------------------------------------------------------------------------------------
[2026-04-19 21:33:52,925][rfdiffusion.inference.model_runners][INFO] - Timestep 8, input to next step: ------------------------------------------------------------------------------------------------
[2026-04-19 21:33:54,434][rfdiffusion.inference.model_runners][INFO] - Timestep 7, input to next step: ------------------------------------------------------------------------------------------------
[2026-04-19 21:33:55,893][rfdiffusion.inference.model_runners][INFO] - Timestep 6, input to next step: ------------------------------------------------------------------------------------------------
[2026-04-19 21:33:57,423][rfdiffusion.inference.model_runners][INFO] - Timestep 5, input to next step: ------------------------------------------------------------------------------------------------
[2026-04-19 21:33:58,951][rfdiffusion.inference.model_runners][INFO] - Timestep 4, input to next step: ------------------------------------------------------------------------------------------------
[2026-04-19 21:34:00,509][rfdiffusion.inference.model_runners][INFO] - Timestep 3, input to next step: ------------------------------------------------------------------------------------------------
[2026-04-19 21:34:02,021][rfdiffusion.inference.model_runners][INFO] - Timestep 2, input to next step: ------------------------------------------------------------------------------------------------
[2026-04-19 21:34:04,989][__main__][INFO] - Finished design in 1.29 minutes
[2026-04-19 21:34:04,989][__main__][INFO] - Making design /home/manvi/Team_8_CS598GBL/Assignment/Generate_designs/default/len_096/design_4
[2026-04-19 21:34:04,993][rfdiffusion.inference.model_runners][INFO] - Using contig: ['96-96']
[2026-04-19 21:34:05,009][rfdiffusion.inference.model_runners][INFO] - Sequence init: ------------------------------------------------------------------------------------------------
[2026-04-19 21:34:06,189][rfdiffusion.inference.model_runners][INFO] - Timestep 50, input to next step: ------------------------------------------------------------------------------------------------
[2026-04-19 21:34:07,606][rfdiffusion.inference.model_runners][INFO] - Timestep 49, input to next step: ------------------------------------------------------------------------------------------------
[2026-04-19 21:34:09,157][rfdiffusion.inference.model_runners][INFO] - Timestep 48, input to next step: ------------------------------------------------------------------------------------------------
[2026-04-19 21:34:10,603][rfdiffusion.inference.model_runners][INFO] - Timestep 47, input to next step: ------------------------------------------------------------------------------------------------
[2026-04-19 21:34:12,127][rfdiffusion.inference.model_runners][INFO] - Timestep 46, input to next step: ------------------------------------------------------------------------------------------------
[2026-04-19 21:34:13,597][rfdiffusion.inference.model_runners][INFO] - Timestep 45, input to next step: ------------------------------------------------------------------------------------------------
[2026-04-19 21:34:15,151][rfdiffusion.inference.model_runners][INFO] - Timestep 44, input to next step: ------------------------------------------------------------------------------------------------
[2026-04-19 21:34:16,748][rfdiffusion.inference.model_runners][INFO] - Timestep 43, input to next step: ------------------------------------------------------------------------------------------------
[2026-04-19 21:34:18,287][rfdiffusion.inference.model_runners][INFO] - Timestep 42, input to next step: ------------------------------------------------------------------------------------------------
[2026-04-19 21:34:19,868][rfdiffusion.inference.model_runners][INFO] - Timestep 41, input to next step: ------------------------------------------------------------------------------------------------
[2026-04-19 21:34:21,355][rfdiffusion.inference.model_runners][INFO] - Timestep 40, input to next step: ------------------------------------------------------------------------------------------------
[2026-04-19 21:34:22,761][rfdiffusion.inference.model_runners][INFO] - Timestep 39, input to next step: ------------------------------------------------------------------------------------------------
[2026-04-19 21:34:24,315][rfdiffusion.inference.model_runners][INFO] - Timestep 38, input to next step: ------------------------------------------------------------------------------------------------
[2026-04-19 21:34:25,692][rfdiffusion.inference.model_runners][INFO] - Timestep 37, input to next step: ------------------------------------------------------------------------------------------------
[2026-04-19 21:34:27,130][rfdiffusion.inference.model_runners][INFO] - Timestep 36, input to next step: ------------------------------------------------------------------------------------------------
[2026-04-19 21:34:28,587][rfdiffusion.inference.model_runners][INFO] - Timestep 35, input to next step: ------------------------------------------------------------------------------------------------
[2026-04-19 21:34:30,083][rfdiffusion.inference.model_runners][INFO] - Timestep 34, input to next step: ------------------------------------------------------------------------------------------------
[2026-04-19 21:34:31,599][rfdiffusion.inference.model_runners][INFO] - Timestep 33, input to next step: ------------------------------------------------------------------------------------------------
[2026-04-19 21:34:33,046][rfdiffusion.inference.model_runners][INFO] - Timestep 32, input to next step: ------------------------------------------------------------------------------------------------
[2026-04-19 21:34:34,576][rfdiffusion.inference.model_runners][INFO] - Timestep 31, input to next step: ------------------------------------------------------------------------------------------------
[2026-04-19 21:34:35,993][rfdiffusion.inference.model_runners][INFO] - Timestep 30, input to next step: ------------------------------------------------------------------------------------------------
[2026-04-19 21:34:37,453][rfdiffusion.inference.model_runners][INFO] - Timestep 29, input to next step: ------------------------------------------------------------------------------------------------
[2026-04-19 21:34:38,993][rfdiffusion.inference.model_runners][INFO] - Timestep 28, input to next step: ------------------------------------------------------------------------------------------------
[2026-04-19 21:34:40,435][rfdiffusion.inference.model_runners][INFO] - Timestep 27, input to next step: ------------------------------------------------------------------------------------------------
[2026-04-19 21:34:41,960][rfdiffusion.inference.model_runners][INFO] - Timestep 26, input to next step: ------------------------------------------------------------------------------------------------
[2026-04-19 21:34:43,414][rfdiffusion.inference.model_runners][INFO] - Timestep 25, input to next step: ------------------------------------------------------------------------------------------------
[2026-04-19 21:34:44,881][rfdiffusion.inference.model_runners][INFO] - Timestep 24, input to next step: ------------------------------------------------------------------------------------------------
[2026-04-19 21:34:46,509][rfdiffusion.inference.model_runners][INFO] - Timestep 23, input to next step: ------------------------------------------------------------------------------------------------
[2026-04-19 21:34:48,016][rfdiffusion.inference.model_runners][INFO] - Timestep 22, input to next step: ------------------------------------------------------------------------------------------------
[2026-04-19 21:34:49,478][rfdiffusion.inference.model_runners][INFO] - Timestep 21, input to next step: ------------------------------------------------------------------------------------------------
[2026-04-19 21:34:51,065][rfdiffusion.inference.model_runners][INFO] - Timestep 20, input to next step: ------------------------------------------------------------------------------------------------
[2026-04-19 21:34:52,498][rfdiffusion.inference.model_runners][INFO] - Timestep 19, input to next step: ------------------------------------------------------------------------------------------------
[2026-04-19 21:34:54,001][rfdiffusion.inference.model_runners][INFO] - Timestep 18, input to next step: ------------------------------------------------------------------------------------------------
[2026-04-19 21:34:55,583][rfdiffusion.inference.model_runners][INFO] - Timestep 17, input to next step: ------------------------------------------------------------------------------------------------
[2026-04-19 21:34:57,118][rfdiffusion.inference.model_runners][INFO] - Timestep 16, input to next step: ------------------------------------------------------------------------------------------------
[2026-04-19 21:34:58,561][rfdiffusion.inference.model_runners][INFO] - Timestep 15, input to next step: ------------------------------------------------------------------------------------------------
[2026-04-19 21:35:00,044][rfdiffusion.inference.model_runners][INFO] - Timestep 14, input to next step: ------------------------------------------------------------------------------------------------
[2026-04-19 21:35:01,598][rfdiffusion.inference.model_runners][INFO] - Timestep 13, input to next step: ------------------------------------------------------------------------------------------------
[2026-04-19 21:35:03,090][rfdiffusion.inference.model_runners][INFO] - Timestep 12, input to next step: ------------------------------------------------------------------------------------------------
[2026-04-19 21:35:04,574][rfdiffusion.inference.model_runners][INFO] - Timestep 11, input to next step: ------------------------------------------------------------------------------------------------
[2026-04-19 21:35:06,047][rfdiffusion.inference.model_runners][INFO] - Timestep 10, input to next step: ------------------------------------------------------------------------------------------------
[2026-04-19 21:35:07,544][rfdiffusion.inference.model_runners][INFO] - Timestep 9, input to next step: ------------------------------------------------------------------------------------------------
[2026-04-19 21:35:09,160][rfdiffusion.inference.model_runners][INFO] - Timestep 8, input to next step: ------------------------------------------------------------------------------------------------
[2026-04-19 21:35:10,643][rfdiffusion.inference.model_runners][INFO] - Timestep 7, input to next step: ------------------------------------------------------------------------------------------------
[2026-04-19 21:35:12,167][rfdiffusion.inference.model_runners][INFO] - Timestep 6, input to next step: ------------------------------------------------------------------------------------------------
[2026-04-19 21:35:13,726][rfdiffusion.inference.model_runners][INFO] - Timestep 5, input to next step: ------------------------------------------------------------------------------------------------
[2026-04-19 21:35:15,231][rfdiffusion.inference.model_runners][INFO] - Timestep 4, input to next step: ------------------------------------------------------------------------------------------------
[2026-04-19 21:35:16,765][rfdiffusion.inference.model_runners][INFO] - Timestep 3, input to next step: ------------------------------------------------------------------------------------------------
[2026-04-19 21:35:18,300][rfdiffusion.inference.model_runners][INFO] - Timestep 2, input to next step: ------------------------------------------------------------------------------------------------
[2026-04-19 21:35:21,310][__main__][INFO] - Finished design in 1.27 minutes
[2026-04-19 21:35:21,310][__main__][INFO] - Making design /home/manvi/Team_8_CS598GBL/Assignment/Generate_designs/default/len_096/design_5
[2026-04-19 21:35:21,314][rfdiffusion.inference.model_runners][INFO] - Using contig: ['96-96']
[2026-04-19 21:35:21,330][rfdiffusion.inference.model_runners][INFO] - Sequence init: ------------------------------------------------------------------------------------------------
[2026-04-19 21:35:22,606][rfdiffusion.inference.model_runners][INFO] - Timestep 50, input to next step: ------------------------------------------------------------------------------------------------
[2026-04-19 21:35:24,012][rfdiffusion.inference.model_runners][INFO] - Timestep 49, input to next step: ------------------------------------------------------------------------------------------------
[2026-04-19 21:35:25,578][rfdiffusion.inference.model_runners][INFO] - Timestep 48, input to next step: ------------------------------------------------------------------------------------------------
[2026-04-19 21:35:27,135][rfdiffusion.inference.model_runners][INFO] - Timestep 47, input to next step: ------------------------------------------------------------------------------------------------
[2026-04-19 21:35:28,680][rfdiffusion.inference.model_runners][INFO] - Timestep 46, input to next step: ------------------------------------------------------------------------------------------------
[2026-04-19 21:35:30,164][rfdiffusion.inference.model_runners][INFO] - Timestep 45, input to next step: ------------------------------------------------------------------------------------------------
[2026-04-19 21:35:31,699][rfdiffusion.inference.model_runners][INFO] - Timestep 44, input to next step: ------------------------------------------------------------------------------------------------
[2026-04-19 21:35:33,475][rfdiffusion.inference.model_runners][INFO] - Timestep 43, input to next step: ------------------------------------------------------------------------------------------------
[2026-04-19 21:35:34,997][rfdiffusion.inference.model_runners][INFO] - Timestep 42, input to next step: ------------------------------------------------------------------------------------------------
[2026-04-19 21:35:36,474][rfdiffusion.inference.model_runners][INFO] - Timestep 41, input to next step: ------------------------------------------------------------------------------------------------
[2026-04-19 21:35:37,937][rfdiffusion.inference.model_runners][INFO] - Timestep 40, input to next step: ------------------------------------------------------------------------------------------------
[2026-04-19 21:35:39,507][rfdiffusion.inference.model_runners][INFO] - Timestep 39, input to next step: ------------------------------------------------------------------------------------------------
[2026-04-19 21:35:41,194][rfdiffusion.inference.model_runners][INFO] - Timestep 38, input to next step: ------------------------------------------------------------------------------------------------
[2026-04-19 21:35:42,784][rfdiffusion.inference.model_runners][INFO] - Timestep 37, input to next step: ------------------------------------------------------------------------------------------------
[2026-04-19 21:35:44,295][rfdiffusion.inference.model_runners][INFO] - Timestep 36, input to next step: ------------------------------------------------------------------------------------------------
[2026-04-19 21:35:45,810][rfdiffusion.inference.model_runners][INFO] - Timestep 35, input to next step: ------------------------------------------------------------------------------------------------
[2026-04-19 21:35:47,305][rfdiffusion.inference.model_runners][INFO] - Timestep 34, input to next step: ------------------------------------------------------------------------------------------------
[2026-04-19 21:35:48,886][rfdiffusion.inference.model_runners][INFO] - Timestep 33, input to next step: ------------------------------------------------------------------------------------------------
[2026-04-19 21:35:50,337][rfdiffusion.inference.model_runners][INFO] - Timestep 32, input to next step: ------------------------------------------------------------------------------------------------
[2026-04-19 21:35:51,944][rfdiffusion.inference.model_runners][INFO] - Timestep 31, input to next step: ------------------------------------------------------------------------------------------------
[2026-04-19 21:35:53,274][rfdiffusion.inference.model_runners][INFO] - Timestep 30, input to next step: ------------------------------------------------------------------------------------------------
[2026-04-19 21:35:54,732][rfdiffusion.inference.model_runners][INFO] - Timestep 29, input to next step: ------------------------------------------------------------------------------------------------
[2026-04-19 21:35:56,261][rfdiffusion.inference.model_runners][INFO] - Timestep 28, input to next step: ------------------------------------------------------------------------------------------------
[2026-04-19 21:35:57,760][rfdiffusion.inference.model_runners][INFO] - Timestep 27, input to next step: ------------------------------------------------------------------------------------------------
[2026-04-19 21:35:59,275][rfdiffusion.inference.model_runners][INFO] - Timestep 26, input to next step: ------------------------------------------------------------------------------------------------
[2026-04-19 21:36:00,785][rfdiffusion.inference.model_runners][INFO] - Timestep 25, input to next step: ------------------------------------------------------------------------------------------------
[2026-04-19 21:36:02,391][rfdiffusion.inference.model_runners][INFO] - Timestep 24, input to next step: ------------------------------------------------------------------------------------------------
[2026-04-19 21:36:03,890][rfdiffusion.inference.model_runners][INFO] - Timestep 23, input to next step: ------------------------------------------------------------------------------------------------
[2026-04-19 21:36:05,322][rfdiffusion.inference.model_runners][INFO] - Timestep 22, input to next step: ------------------------------------------------------------------------------------------------
[2026-04-19 21:36:06,779][rfdiffusion.inference.model_runners][INFO] - Timestep 21, input to next step: ------------------------------------------------------------------------------------------------
[2026-04-19 21:36:08,299][rfdiffusion.inference.model_runners][INFO] - Timestep 20, input to next step: ------------------------------------------------------------------------------------------------
[2026-04-19 21:36:09,780][rfdiffusion.inference.model_runners][INFO] - Timestep 19, input to next step: ------------------------------------------------------------------------------------------------
[2026-04-19 21:36:11,263][rfdiffusion.inference.model_runners][INFO] - Timestep 18, input to next step: ------------------------------------------------------------------------------------------------
[2026-04-19 21:36:12,708][rfdiffusion.inference.model_runners][INFO] - Timestep 17, input to next step: ------------------------------------------------------------------------------------------------
[2026-04-19 21:36:14,576][rfdiffusion.inference.model_runners][INFO] - Timestep 16, input to next step: ------------------------------------------------------------------------------------------------
[2026-04-19 21:36:16,083][rfdiffusion.inference.model_runners][INFO] - Timestep 15, input to next step: ------------------------------------------------------------------------------------------------
[2026-04-19 21:36:17,583][rfdiffusion.inference.model_runners][INFO] - Timestep 14, input to next step: ------------------------------------------------------------------------------------------------
[2026-04-19 21:36:19,072][rfdiffusion.inference.model_runners][INFO] - Timestep 13, input to next step: ------------------------------------------------------------------------------------------------
[2026-04-19 21:36:20,663][rfdiffusion.inference.model_runners][INFO] - Timestep 12, input to next step: ------------------------------------------------------------------------------------------------
[2026-04-19 21:36:22,250][rfdiffusion.inference.model_runners][INFO] - Timestep 11, input to next step: ------------------------------------------------------------------------------------------------
[2026-04-19 21:36:23,714][rfdiffusion.inference.model_runners][INFO] - Timestep 10, input to next step: ------------------------------------------------------------------------------------------------
[2026-04-19 21:36:25,185][rfdiffusion.inference.model_runners][INFO] - Timestep 9, input to next step: ------------------------------------------------------------------------------------------------
[2026-04-19 21:36:26,617][rfdiffusion.inference.model_runners][INFO] - Timestep 8, input to next step: ------------------------------------------------------------------------------------------------
[2026-04-19 21:36:28,130][rfdiffusion.inference.model_runners][INFO] - Timestep 7, input to next step: ------------------------------------------------------------------------------------------------
[2026-04-19 21:36:29,506][rfdiffusion.inference.model_runners][INFO] - Timestep 6, input to next step: ------------------------------------------------------------------------------------------------
[2026-04-19 21:36:30,907][rfdiffusion.inference.model_runners][INFO] - Timestep 5, input to next step: ------------------------------------------------------------------------------------------------
[2026-04-19 21:36:32,444][rfdiffusion.inference.model_runners][INFO] - Timestep 4, input to next step: ------------------------------------------------------------------------------------------------
[2026-04-19 21:36:33,946][rfdiffusion.inference.model_runners][INFO] - Timestep 3, input to next step: ------------------------------------------------------------------------------------------------
[2026-04-19 21:36:35,397][rfdiffusion.inference.model_runners][INFO] - Timestep 2, input to next step: ------------------------------------------------------------------------------------------------
[2026-04-19 21:36:38,217][__main__][INFO] - Finished design in 1.28 minutes
[2026-04-19 21:36:38,218][__main__][INFO] - Making design /home/manvi/Team_8_CS598GBL/Assignment/Generate_designs/default/len_096/design_6
[2026-04-19 21:36:38,221][rfdiffusion.inference.model_runners][INFO] - Using contig: ['96-96']
[2026-04-19 21:36:38,236][rfdiffusion.inference.model_runners][INFO] - Sequence init: ------------------------------------------------------------------------------------------------
[2026-04-19 21:36:39,530][rfdiffusion.inference.model_runners][INFO] - Timestep 50, input to next step: ------------------------------------------------------------------------------------------------
[2026-04-19 21:36:40,924][rfdiffusion.inference.model_runners][INFO] - Timestep 49, input to next step: ------------------------------------------------------------------------------------------------
[2026-04-19 21:36:42,355][rfdiffusion.inference.model_runners][INFO] - Timestep 48, input to next step: ------------------------------------------------------------------------------------------------
[2026-04-19 21:36:43,883][rfdiffusion.inference.model_runners][INFO] - Timestep 47, input to next step: ------------------------------------------------------------------------------------------------
[2026-04-19 21:36:45,325][rfdiffusion.inference.model_runners][INFO] - Timestep 46, input to next step: ------------------------------------------------------------------------------------------------
[2026-04-19 21:36:46,706][rfdiffusion.inference.model_runners][INFO] - Timestep 45, input to next step: ------------------------------------------------------------------------------------------------
[2026-04-19 21:36:48,365][rfdiffusion.inference.model_runners][INFO] - Timestep 44, input to next step: ------------------------------------------------------------------------------------------------
[2026-04-19 21:36:50,005][rfdiffusion.inference.model_runners][INFO] - Timestep 43, input to next step: ------------------------------------------------------------------------------------------------
[2026-04-19 21:36:51,601][rfdiffusion.inference.model_runners][INFO] - Timestep 42, input to next step: ------------------------------------------------------------------------------------------------
[2026-04-19 21:36:53,092][rfdiffusion.inference.model_runners][INFO] - Timestep 41, input to next step: ------------------------------------------------------------------------------------------------
[2026-04-19 21:36:54,603][rfdiffusion.inference.model_runners][INFO] - Timestep 40, input to next step: ------------------------------------------------------------------------------------------------
[2026-04-19 21:36:56,095][rfdiffusion.inference.model_runners][INFO] - Timestep 39, input to next step: ------------------------------------------------------------------------------------------------
[2026-04-19 21:36:57,715][rfdiffusion.inference.model_runners][INFO] - Timestep 38, input to next step: ------------------------------------------------------------------------------------------------
[2026-04-19 21:36:59,331][rfdiffusion.inference.model_runners][INFO] - Timestep 37, input to next step: ------------------------------------------------------------------------------------------------
[2026-04-19 21:37:00,792][rfdiffusion.inference.model_runners][INFO] - Timestep 36, input to next step: ------------------------------------------------------------------------------------------------
[2026-04-19 21:37:02,250][rfdiffusion.inference.model_runners][INFO] - Timestep 35, input to next step: ------------------------------------------------------------------------------------------------
[2026-04-19 21:37:03,739][rfdiffusion.inference.model_runners][INFO] - Timestep 34, input to next step: ------------------------------------------------------------------------------------------------
[2026-04-19 21:37:05,193][rfdiffusion.inference.model_runners][INFO] - Timestep 33, input to next step: ------------------------------------------------------------------------------------------------
[2026-04-19 21:37:06,658][rfdiffusion.inference.model_runners][INFO] - Timestep 32, input to next step: ------------------------------------------------------------------------------------------------
[2026-04-19 21:37:08,143][rfdiffusion.inference.model_runners][INFO] - Timestep 31, input to next step: ------------------------------------------------------------------------------------------------
[2026-04-19 21:37:09,604][rfdiffusion.inference.model_runners][INFO] - Timestep 30, input to next step: ------------------------------------------------------------------------------------------------
[2026-04-19 21:37:11,108][rfdiffusion.inference.model_runners][INFO] - Timestep 29, input to next step: ------------------------------------------------------------------------------------------------
[2026-04-19 21:37:12,568][rfdiffusion.inference.model_runners][INFO] - Timestep 28, input to next step: ------------------------------------------------------------------------------------------------
[2026-04-19 21:37:14,111][rfdiffusion.inference.model_runners][INFO] - Timestep 27, input to next step: ------------------------------------------------------------------------------------------------
[2026-04-19 21:37:15,614][rfdiffusion.inference.model_runners][INFO] - Timestep 26, input to next step: ------------------------------------------------------------------------------------------------
[2026-04-19 21:37:17,180][rfdiffusion.inference.model_runners][INFO] - Timestep 25, input to next step: ------------------------------------------------------------------------------------------------
[2026-04-19 21:37:18,684][rfdiffusion.inference.model_runners][INFO] - Timestep 24, input to next step: ------------------------------------------------------------------------------------------------
[2026-04-19 21:37:20,210][rfdiffusion.inference.model_runners][INFO] - Timestep 23, input to next step: ------------------------------------------------------------------------------------------------
[2026-04-19 21:37:21,794][rfdiffusion.inference.model_runners][INFO] - Timestep 22, input to next step: ------------------------------------------------------------------------------------------------
[2026-04-19 21:37:23,361][rfdiffusion.inference.model_runners][INFO] - Timestep 21, input to next step: ------------------------------------------------------------------------------------------------
[2026-04-19 21:37:24,882][rfdiffusion.inference.model_runners][INFO] - Timestep 20, input to next step: ------------------------------------------------------------------------------------------------
[2026-04-19 21:37:27,708][rfdiffusion.inference.model_runners][INFO] - Timestep 19, input to next step: ------------------------------------------------------------------------------------------------
[2026-04-19 21:37:29,269][rfdiffusion.inference.model_runners][INFO] - Timestep 18, input to next step: ------------------------------------------------------------------------------------------------
[2026-04-19 21:37:30,788][rfdiffusion.inference.model_runners][INFO] - Timestep 17, input to next step: ------------------------------------------------------------------------------------------------
[2026-04-19 21:37:32,334][rfdiffusion.inference.model_runners][INFO] - Timestep 16, input to next step: ------------------------------------------------------------------------------------------------
[2026-04-19 21:37:33,990][rfdiffusion.inference.model_runners][INFO] - Timestep 15, input to next step: ------------------------------------------------------------------------------------------------
[2026-04-19 21:37:35,497][rfdiffusion.inference.model_runners][INFO] - Timestep 14, input to next step: ------------------------------------------------------------------------------------------------
[2026-04-19 21:37:37,091][rfdiffusion.inference.model_runners][INFO] - Timestep 13, input to next step: ------------------------------------------------------------------------------------------------
[2026-04-19 21:37:38,702][rfdiffusion.inference.model_runners][INFO] - Timestep 12, input to next step: ------------------------------------------------------------------------------------------------
[2026-04-19 21:37:40,232][rfdiffusion.inference.model_runners][INFO] - Timestep 11, input to next step: ------------------------------------------------------------------------------------------------
[2026-04-19 21:37:41,706][rfdiffusion.inference.model_runners][INFO] - Timestep 10, input to next step: ------------------------------------------------------------------------------------------------
[2026-04-19 21:37:43,172][rfdiffusion.inference.model_runners][INFO] - Timestep 9, input to next step: ------------------------------------------------------------------------------------------------
[2026-04-19 21:37:44,768][rfdiffusion.inference.model_runners][INFO] - Timestep 8, input to next step: ------------------------------------------------------------------------------------------------
[2026-04-19 21:37:46,274][rfdiffusion.inference.model_runners][INFO] - Timestep 7, input to next step: ------------------------------------------------------------------------------------------------
[2026-04-19 21:37:47,745][rfdiffusion.inference.model_runners][INFO] - Timestep 6, input to next step: ------------------------------------------------------------------------------------------------
[2026-04-19 21:37:49,182][rfdiffusion.inference.model_runners][INFO] - Timestep 5, input to next step: ------------------------------------------------------------------------------------------------
[2026-04-19 21:37:50,674][rfdiffusion.inference.model_runners][INFO] - Timestep 4, input to next step: ------------------------------------------------------------------------------------------------
[2026-04-19 21:37:52,001][rfdiffusion.inference.model_runners][INFO] - Timestep 3, input to next step: ------------------------------------------------------------------------------------------------
[2026-04-19 21:37:53,192][rfdiffusion.inference.model_runners][INFO] - Timestep 2, input to next step: ------------------------------------------------------------------------------------------------
[2026-04-19 21:37:55,745][__main__][INFO] - Finished design in 1.29 minutes
[2026-04-19 21:37:55,745][__main__][INFO] - Making design /home/manvi/Team_8_CS598GBL/Assignment/Generate_designs/default/len_096/design_7
[2026-04-19 21:37:55,749][rfdiffusion.inference.model_runners][INFO] - Using contig: ['96-96']
[2026-04-19 21:37:55,765][rfdiffusion.inference.model_runners][INFO] - Sequence init: ------------------------------------------------------------------------------------------------
[2026-04-19 21:37:56,985][rfdiffusion.inference.model_runners][INFO] - Timestep 50, input to next step: ------------------------------------------------------------------------------------------------
[2026-04-19 21:37:58,345][rfdiffusion.inference.model_runners][INFO] - Timestep 49, input to next step: ------------------------------------------------------------------------------------------------
[2026-04-19 21:37:59,903][rfdiffusion.inference.model_runners][INFO] - Timestep 48, input to next step: ------------------------------------------------------------------------------------------------
[2026-04-19 21:38:01,428][rfdiffusion.inference.model_runners][INFO] - Timestep 47, input to next step: ------------------------------------------------------------------------------------------------
[2026-04-19 21:38:02,982][rfdiffusion.inference.model_runners][INFO] - Timestep 46, input to next step: ------------------------------------------------------------------------------------------------
[2026-04-19 21:38:04,466][rfdiffusion.inference.model_runners][INFO] - Timestep 45, input to next step: ------------------------------------------------------------------------------------------------
[2026-04-19 21:38:05,962][rfdiffusion.inference.model_runners][INFO] - Timestep 44, input to next step: ------------------------------------------------------------------------------------------------
[2026-04-19 21:38:07,498][rfdiffusion.inference.model_runners][INFO] - Timestep 43, input to next step: ------------------------------------------------------------------------------------------------
[2026-04-19 21:38:08,956][rfdiffusion.inference.model_runners][INFO] - Timestep 42, input to next step: ------------------------------------------------------------------------------------------------
[2026-04-19 21:38:10,503][rfdiffusion.inference.model_runners][INFO] - Timestep 41, input to next step: ------------------------------------------------------------------------------------------------
[2026-04-19 21:38:12,032][rfdiffusion.inference.model_runners][INFO] - Timestep 40, input to next step: ------------------------------------------------------------------------------------------------
[2026-04-19 21:38:13,539][rfdiffusion.inference.model_runners][INFO] - Timestep 39, input to next step: ------------------------------------------------------------------------------------------------
[2026-04-19 21:38:15,053][rfdiffusion.inference.model_runners][INFO] - Timestep 38, input to next step: ------------------------------------------------------------------------------------------------
[2026-04-19 21:38:16,611][rfdiffusion.inference.model_runners][INFO] - Timestep 37, input to next step: ------------------------------------------------------------------------------------------------
[2026-04-19 21:38:18,286][rfdiffusion.inference.model_runners][INFO] - Timestep 36, input to next step: ------------------------------------------------------------------------------------------------
[2026-04-19 21:38:19,972][rfdiffusion.inference.model_runners][INFO] - Timestep 35, input to next step: ------------------------------------------------------------------------------------------------
[2026-04-19 21:38:21,490][rfdiffusion.inference.model_runners][INFO] - Timestep 34, input to next step: ------------------------------------------------------------------------------------------------
[2026-04-19 21:38:22,980][rfdiffusion.inference.model_runners][INFO] - Timestep 33, input to next step: ------------------------------------------------------------------------------------------------
[2026-04-19 21:38:24,480][rfdiffusion.inference.model_runners][INFO] - Timestep 32, input to next step: ------------------------------------------------------------------------------------------------
[2026-04-19 21:38:26,099][rfdiffusion.inference.model_runners][INFO] - Timestep 31, input to next step: ------------------------------------------------------------------------------------------------
[2026-04-19 21:38:27,557][rfdiffusion.inference.model_runners][INFO] - Timestep 30, input to next step: ------------------------------------------------------------------------------------------------
[2026-04-19 21:38:29,064][rfdiffusion.inference.model_runners][INFO] - Timestep 29, input to next step: ------------------------------------------------------------------------------------------------
[2026-04-19 21:38:30,637][rfdiffusion.inference.model_runners][INFO] - Timestep 28, input to next step: ------------------------------------------------------------------------------------------------
[2026-04-19 21:38:32,191][rfdiffusion.inference.model_runners][INFO] - Timestep 27, input to next step: ------------------------------------------------------------------------------------------------
[2026-04-19 21:38:33,633][rfdiffusion.inference.model_runners][INFO] - Timestep 26, input to next step: ------------------------------------------------------------------------------------------------
[2026-04-19 21:38:35,124][rfdiffusion.inference.model_runners][INFO] - Timestep 25, input to next step: ------------------------------------------------------------------------------------------------
[2026-04-19 21:38:36,650][rfdiffusion.inference.model_runners][INFO] - Timestep 24, input to next step: ------------------------------------------------------------------------------------------------
[2026-04-19 21:38:38,065][rfdiffusion.inference.model_runners][INFO] - Timestep 23, input to next step: ------------------------------------------------------------------------------------------------
[2026-04-19 21:38:39,577][rfdiffusion.inference.model_runners][INFO] - Timestep 22, input to next step: ------------------------------------------------------------------------------------------------
[2026-04-19 21:38:41,102][rfdiffusion.inference.model_runners][INFO] - Timestep 21, input to next step: ------------------------------------------------------------------------------------------------
[2026-04-19 21:38:42,566][rfdiffusion.inference.model_runners][INFO] - Timestep 20, input to next step: ------------------------------------------------------------------------------------------------
[2026-04-19 21:38:44,123][rfdiffusion.inference.model_runners][INFO] - Timestep 19, input to next step: ------------------------------------------------------------------------------------------------
[2026-04-19 21:38:45,640][rfdiffusion.inference.model_runners][INFO] - Timestep 18, input to next step: ------------------------------------------------------------------------------------------------
[2026-04-19 21:38:47,143][rfdiffusion.inference.model_runners][INFO] - Timestep 17, input to next step: ------------------------------------------------------------------------------------------------
[2026-04-19 21:38:48,760][rfdiffusion.inference.model_runners][INFO] - Timestep 16, input to next step: ------------------------------------------------------------------------------------------------
[2026-04-19 21:38:50,264][rfdiffusion.inference.model_runners][INFO] - Timestep 15, input to next step: ------------------------------------------------------------------------------------------------
[2026-04-19 21:38:51,877][rfdiffusion.inference.model_runners][INFO] - Timestep 14, input to next step: ------------------------------------------------------------------------------------------------
[2026-04-19 21:38:53,479][rfdiffusion.inference.model_runners][INFO] - Timestep 13, input to next step: ------------------------------------------------------------------------------------------------
[2026-04-19 21:38:54,996][rfdiffusion.inference.model_runners][INFO] - Timestep 12, input to next step: ------------------------------------------------------------------------------------------------
[2026-04-19 21:38:56,549][rfdiffusion.inference.model_runners][INFO] - Timestep 11, input to next step: ------------------------------------------------------------------------------------------------
[2026-04-19 21:38:58,084][rfdiffusion.inference.model_runners][INFO] - Timestep 10, input to next step: ------------------------------------------------------------------------------------------------
[2026-04-19 21:38:59,641][rfdiffusion.inference.model_runners][INFO] - Timestep 9, input to next step: ------------------------------------------------------------------------------------------------
[2026-04-19 21:39:01,144][rfdiffusion.inference.model_runners][INFO] - Timestep 8, input to next step: ------------------------------------------------------------------------------------------------
[2026-04-19 21:39:02,702][rfdiffusion.inference.model_runners][INFO] - Timestep 7, input to next step: ------------------------------------------------------------------------------------------------
[2026-04-19 21:39:04,245][rfdiffusion.inference.model_runners][INFO] - Timestep 6, input to next step: ------------------------------------------------------------------------------------------------
[2026-04-19 21:39:05,803][rfdiffusion.inference.model_runners][INFO] - Timestep 5, input to next step: ------------------------------------------------------------------------------------------------
[2026-04-19 21:39:07,269][rfdiffusion.inference.model_runners][INFO] - Timestep 4, input to next step: ------------------------------------------------------------------------------------------------
[2026-04-19 21:39:08,819][rfdiffusion.inference.model_runners][INFO] - Timestep 3, input to next step: ------------------------------------------------------------------------------------------------
[2026-04-19 21:39:10,355][rfdiffusion.inference.model_runners][INFO] - Timestep 2, input to next step: ------------------------------------------------------------------------------------------------
[2026-04-19 21:39:13,739][__main__][INFO] - Finished design in 1.30 minutes
[2026-04-19 21:39:13,739][__main__][INFO] - Making design /home/manvi/Team_8_CS598GBL/Assignment/Generate_designs/default/len_096/design_8
[2026-04-19 21:39:13,743][rfdiffusion.inference.model_runners][INFO] - Using contig: ['96-96']
[2026-04-19 21:39:13,761][rfdiffusion.inference.model_runners][INFO] - Sequence init: ------------------------------------------------------------------------------------------------
[2026-04-19 21:39:15,168][rfdiffusion.inference.model_runners][INFO] - Timestep 50, input to next step: ------------------------------------------------------------------------------------------------
[2026-04-19 21:39:16,496][rfdiffusion.inference.model_runners][INFO] - Timestep 49, input to next step: ------------------------------------------------------------------------------------------------
[2026-04-19 21:39:17,987][rfdiffusion.inference.model_runners][INFO] - Timestep 48, input to next step: ------------------------------------------------------------------------------------------------
[2026-04-19 21:39:19,758][rfdiffusion.inference.model_runners][INFO] - Timestep 47, input to next step: ------------------------------------------------------------------------------------------------
[2026-04-19 21:39:21,591][rfdiffusion.inference.model_runners][INFO] - Timestep 46, input to next step: ------------------------------------------------------------------------------------------------
[2026-04-19 21:39:23,634][rfdiffusion.inference.model_runners][INFO] - Timestep 45, input to next step: ------------------------------------------------------------------------------------------------
[2026-04-19 21:39:25,169][rfdiffusion.inference.model_runners][INFO] - Timestep 44, input to next step: ------------------------------------------------------------------------------------------------
[2026-04-19 21:39:26,734][rfdiffusion.inference.model_runners][INFO] - Timestep 43, input to next step: ------------------------------------------------------------------------------------------------
[2026-04-19 21:39:28,602][rfdiffusion.inference.model_runners][INFO] - Timestep 42, input to next step: ------------------------------------------------------------------------------------------------
[2026-04-19 21:39:30,303][rfdiffusion.inference.model_runners][INFO] - Timestep 41, input to next step: ------------------------------------------------------------------------------------------------
[2026-04-19 21:39:32,006][rfdiffusion.inference.model_runners][INFO] - Timestep 40, input to next step: ------------------------------------------------------------------------------------------------
[2026-04-19 21:39:33,605][rfdiffusion.inference.model_runners][INFO] - Timestep 39, input to next step: ------------------------------------------------------------------------------------------------
[2026-04-19 21:39:35,322][rfdiffusion.inference.model_runners][INFO] - Timestep 38, input to next step: ------------------------------------------------------------------------------------------------
[2026-04-19 21:39:36,896][rfdiffusion.inference.model_runners][INFO] - Timestep 37, input to next step: ------------------------------------------------------------------------------------------------
[2026-04-19 21:39:38,532][rfdiffusion.inference.model_runners][INFO] - Timestep 36, input to next step: ------------------------------------------------------------------------------------------------
[2026-04-19 21:39:40,149][rfdiffusion.inference.model_runners][INFO] - Timestep 35, input to next step: ------------------------------------------------------------------------------------------------
[2026-04-19 21:39:41,649][rfdiffusion.inference.model_runners][INFO] - Timestep 34, input to next step: ------------------------------------------------------------------------------------------------
[2026-04-19 21:39:43,221][rfdiffusion.inference.model_runners][INFO] - Timestep 33, input to next step: ------------------------------------------------------------------------------------------------
[2026-04-19 21:39:44,805][rfdiffusion.inference.model_runners][INFO] - Timestep 32, input to next step: ------------------------------------------------------------------------------------------------
[2026-04-19 21:39:46,448][rfdiffusion.inference.model_runners][INFO] - Timestep 31, input to next step: ------------------------------------------------------------------------------------------------
[2026-04-19 21:39:48,049][rfdiffusion.inference.model_runners][INFO] - Timestep 30, input to next step: ------------------------------------------------------------------------------------------------
[2026-04-19 21:39:49,692][rfdiffusion.inference.model_runners][INFO] - Timestep 29, input to next step: ------------------------------------------------------------------------------------------------
[2026-04-19 21:39:51,250][rfdiffusion.inference.model_runners][INFO] - Timestep 28, input to next step: ------------------------------------------------------------------------------------------------
[2026-04-19 21:39:52,797][rfdiffusion.inference.model_runners][INFO] - Timestep 27, input to next step: ------------------------------------------------------------------------------------------------
[2026-04-19 21:39:54,364][rfdiffusion.inference.model_runners][INFO] - Timestep 26, input to next step: ------------------------------------------------------------------------------------------------
[2026-04-19 21:39:55,943][rfdiffusion.inference.model_runners][INFO] - Timestep 25, input to next step: ------------------------------------------------------------------------------------------------
[2026-04-19 21:39:57,476][rfdiffusion.inference.model_runners][INFO] - Timestep 24, input to next step: ------------------------------------------------------------------------------------------------
[2026-04-19 21:39:59,103][rfdiffusion.inference.model_runners][INFO] - Timestep 23, input to next step: ------------------------------------------------------------------------------------------------
[2026-04-19 21:40:00,663][rfdiffusion.inference.model_runners][INFO] - Timestep 22, input to next step: ------------------------------------------------------------------------------------------------
[2026-04-19 21:40:02,255][rfdiffusion.inference.model_runners][INFO] - Timestep 21, input to next step: ------------------------------------------------------------------------------------------------
[2026-04-19 21:40:03,888][rfdiffusion.inference.model_runners][INFO] - Timestep 20, input to next step: ------------------------------------------------------------------------------------------------
[2026-04-19 21:40:05,512][rfdiffusion.inference.model_runners][INFO] - Timestep 19, input to next step: ------------------------------------------------------------------------------------------------
[2026-04-19 21:40:07,153][rfdiffusion.inference.model_runners][INFO] - Timestep 18, input to next step: ------------------------------------------------------------------------------------------------
[2026-04-19 21:40:08,636][rfdiffusion.inference.model_runners][INFO] - Timestep 17, input to next step: ------------------------------------------------------------------------------------------------
[2026-04-19 21:40:10,319][rfdiffusion.inference.model_runners][INFO] - Timestep 16, input to next step: ------------------------------------------------------------------------------------------------
[2026-04-19 21:40:11,859][rfdiffusion.inference.model_runners][INFO] - Timestep 15, input to next step: ------------------------------------------------------------------------------------------------
[2026-04-19 21:40:13,292][rfdiffusion.inference.model_runners][INFO] - Timestep 14, input to next step: ------------------------------------------------------------------------------------------------
[2026-04-19 21:40:14,930][rfdiffusion.inference.model_runners][INFO] - Timestep 13, input to next step: ------------------------------------------------------------------------------------------------
[2026-04-19 21:40:16,475][rfdiffusion.inference.model_runners][INFO] - Timestep 12, input to next step: ------------------------------------------------------------------------------------------------
[2026-04-19 21:40:18,012][rfdiffusion.inference.model_runners][INFO] - Timestep 11, input to next step: ------------------------------------------------------------------------------------------------
[2026-04-19 21:40:19,522][rfdiffusion.inference.model_runners][INFO] - Timestep 10, input to next step: ------------------------------------------------------------------------------------------------
[2026-04-19 21:40:21,047][rfdiffusion.inference.model_runners][INFO] - Timestep 9, input to next step: ------------------------------------------------------------------------------------------------
[2026-04-19 21:40:22,685][rfdiffusion.inference.model_runners][INFO] - Timestep 8, input to next step: ------------------------------------------------------------------------------------------------
[2026-04-19 21:40:24,265][rfdiffusion.inference.model_runners][INFO] - Timestep 7, input to next step: ------------------------------------------------------------------------------------------------
[2026-04-19 21:40:25,874][rfdiffusion.inference.model_runners][INFO] - Timestep 6, input to next step: ------------------------------------------------------------------------------------------------
[2026-04-19 21:40:27,396][rfdiffusion.inference.model_runners][INFO] - Timestep 5, input to next step: ------------------------------------------------------------------------------------------------
[2026-04-19 21:40:28,958][rfdiffusion.inference.model_runners][INFO] - Timestep 4, input to next step: ------------------------------------------------------------------------------------------------
[2026-04-19 21:40:30,518][rfdiffusion.inference.model_runners][INFO] - Timestep 3, input to next step: ------------------------------------------------------------------------------------------------
[2026-04-19 21:40:32,080][rfdiffusion.inference.model_runners][INFO] - Timestep 2, input to next step: ------------------------------------------------------------------------------------------------
[2026-04-19 21:40:35,245][__main__][INFO] - Finished design in 1.36 minutes
[2026-04-19 21:40:35,246][__main__][INFO] - Making design /home/manvi/Team_8_CS598GBL/Assignment/Generate_designs/default/len_096/design_9
[2026-04-19 21:40:35,258][rfdiffusion.inference.model_runners][INFO] - Using contig: ['96-96']
[2026-04-19 21:40:35,283][rfdiffusion.inference.model_runners][INFO] - Sequence init: ------------------------------------------------------------------------------------------------
[2026-04-19 21:40:36,704][rfdiffusion.inference.model_runners][INFO] - Timestep 50, input to next step: ------------------------------------------------------------------------------------------------
[2026-04-19 21:40:38,232][rfdiffusion.inference.model_runners][INFO] - Timestep 49, input to next step: ------------------------------------------------------------------------------------------------
[2026-04-19 21:40:39,756][rfdiffusion.inference.model_runners][INFO] - Timestep 48, input to next step: ------------------------------------------------------------------------------------------------
[2026-04-19 21:40:41,294][rfdiffusion.inference.model_runners][INFO] - Timestep 47, input to next step: ------------------------------------------------------------------------------------------------
[2026-04-19 21:40:42,934][rfdiffusion.inference.model_runners][INFO] - Timestep 46, input to next step: ------------------------------------------------------------------------------------------------
[2026-04-19 21:40:44,498][rfdiffusion.inference.model_runners][INFO] - Timestep 45, input to next step: ------------------------------------------------------------------------------------------------
[2026-04-19 21:40:46,046][rfdiffusion.inference.model_runners][INFO] - Timestep 44, input to next step: ------------------------------------------------------------------------------------------------
[2026-04-19 21:40:47,649][rfdiffusion.inference.model_runners][INFO] - Timestep 43, input to next step: ------------------------------------------------------------------------------------------------
[2026-04-19 21:40:49,255][rfdiffusion.inference.model_runners][INFO] - Timestep 42, input to next step: ------------------------------------------------------------------------------------------------
[2026-04-19 21:40:50,822][rfdiffusion.inference.model_runners][INFO] - Timestep 41, input to next step: ------------------------------------------------------------------------------------------------
[2026-04-19 21:40:52,366][rfdiffusion.inference.model_runners][INFO] - Timestep 40, input to next step: ------------------------------------------------------------------------------------------------
[2026-04-19 21:40:53,984][rfdiffusion.inference.model_runners][INFO] - Timestep 39, input to next step: ------------------------------------------------------------------------------------------------
[2026-04-19 21:40:55,556][rfdiffusion.inference.model_runners][INFO] - Timestep 38, input to next step: ------------------------------------------------------------------------------------------------
[2026-04-19 21:40:57,286][rfdiffusion.inference.model_runners][INFO] - Timestep 37, input to next step: ------------------------------------------------------------------------------------------------
[2026-04-19 21:40:58,844][rfdiffusion.inference.model_runners][INFO] - Timestep 36, input to next step: ------------------------------------------------------------------------------------------------
[2026-04-19 21:41:00,463][rfdiffusion.inference.model_runners][INFO] - Timestep 35, input to next step: ------------------------------------------------------------------------------------------------
[2026-04-19 21:41:02,026][rfdiffusion.inference.model_runners][INFO] - Timestep 34, input to next step: ------------------------------------------------------------------------------------------------
[2026-04-19 21:41:03,750][rfdiffusion.inference.model_runners][INFO] - Timestep 33, input to next step: ------------------------------------------------------------------------------------------------
[2026-04-19 21:41:05,467][rfdiffusion.inference.model_runners][INFO] - Timestep 32, input to next step: ------------------------------------------------------------------------------------------------
[2026-04-19 21:41:07,146][rfdiffusion.inference.model_runners][INFO] - Timestep 31, input to next step: ------------------------------------------------------------------------------------------------
[2026-04-19 21:41:08,826][rfdiffusion.inference.model_runners][INFO] - Timestep 30, input to next step: ------------------------------------------------------------------------------------------------
[2026-04-19 21:41:10,359][rfdiffusion.inference.model_runners][INFO] - Timestep 29, input to next step: ------------------------------------------------------------------------------------------------
[2026-04-19 21:41:11,944][rfdiffusion.inference.model_runners][INFO] - Timestep 28, input to next step: ------------------------------------------------------------------------------------------------
[2026-04-19 21:41:13,515][rfdiffusion.inference.model_runners][INFO] - Timestep 27, input to next step: ------------------------------------------------------------------------------------------------
[2026-04-19 21:41:15,221][rfdiffusion.inference.model_runners][INFO] - Timestep 26, input to next step: ------------------------------------------------------------------------------------------------
[2026-04-19 21:41:16,919][rfdiffusion.inference.model_runners][INFO] - Timestep 25, input to next step: ------------------------------------------------------------------------------------------------
[2026-04-19 21:41:18,592][rfdiffusion.inference.model_runners][INFO] - Timestep 24, input to next step: ------------------------------------------------------------------------------------------------
[2026-04-19 21:41:20,316][rfdiffusion.inference.model_runners][INFO] - Timestep 23, input to next step: ------------------------------------------------------------------------------------------------
[2026-04-19 21:41:22,114][rfdiffusion.inference.model_runners][INFO] - Timestep 22, input to next step: ------------------------------------------------------------------------------------------------
[2026-04-19 21:41:23,897][rfdiffusion.inference.model_runners][INFO] - Timestep 21, input to next step: ------------------------------------------------------------------------------------------------
[2026-04-19 21:41:25,550][rfdiffusion.inference.model_runners][INFO] - Timestep 20, input to next step: ------------------------------------------------------------------------------------------------
[2026-04-19 21:41:27,346][rfdiffusion.inference.model_runners][INFO] - Timestep 19, input to next step: ------------------------------------------------------------------------------------------------
[2026-04-19 21:41:29,212][rfdiffusion.inference.model_runners][INFO] - Timestep 18, input to next step: ------------------------------------------------------------------------------------------------
[2026-04-19 21:41:30,907][rfdiffusion.inference.model_runners][INFO] - Timestep 17, input to next step: ------------------------------------------------------------------------------------------------
[2026-04-19 21:41:32,617][rfdiffusion.inference.model_runners][INFO] - Timestep 16, input to next step: ------------------------------------------------------------------------------------------------
[2026-04-19 21:41:34,150][rfdiffusion.inference.model_runners][INFO] - Timestep 15, input to next step: ------------------------------------------------------------------------------------------------
[2026-04-19 21:41:35,812][rfdiffusion.inference.model_runners][INFO] - Timestep 14, input to next step: ------------------------------------------------------------------------------------------------
[2026-04-19 21:41:37,498][rfdiffusion.inference.model_runners][INFO] - Timestep 13, input to next step: ------------------------------------------------------------------------------------------------
[2026-04-19 21:41:39,205][rfdiffusion.inference.model_runners][INFO] - Timestep 12, input to next step: ------------------------------------------------------------------------------------------------
[2026-04-19 21:41:40,832][rfdiffusion.inference.model_runners][INFO] - Timestep 11, input to next step: ------------------------------------------------------------------------------------------------
[2026-04-19 21:41:42,522][rfdiffusion.inference.model_runners][INFO] - Timestep 10, input to next step: ------------------------------------------------------------------------------------------------
[2026-04-19 21:41:44,195][rfdiffusion.inference.model_runners][INFO] - Timestep 9, input to next step: ------------------------------------------------------------------------------------------------
[2026-04-19 21:41:45,898][rfdiffusion.inference.model_runners][INFO] - Timestep 8, input to next step: ------------------------------------------------------------------------------------------------
[2026-04-19 21:41:47,689][rfdiffusion.inference.model_runners][INFO] - Timestep 7, input to next step: ------------------------------------------------------------------------------------------------
[2026-04-19 21:41:49,420][rfdiffusion.inference.model_runners][INFO] - Timestep 6, input to next step: ------------------------------------------------------------------------------------------------
[2026-04-19 21:41:51,039][rfdiffusion.inference.model_runners][INFO] - Timestep 5, input to next step: ------------------------------------------------------------------------------------------------
[2026-04-19 21:41:52,720][rfdiffusion.inference.model_runners][INFO] - Timestep 4, input to next step: ------------------------------------------------------------------------------------------------
[2026-04-19 21:41:54,466][rfdiffusion.inference.model_runners][INFO] - Timestep 3, input to next step: ------------------------------------------------------------------------------------------------
[2026-04-19 21:41:56,184][rfdiffusion.inference.model_runners][INFO] - Timestep 2, input to next step: ------------------------------------------------------------------------------------------------
[2026-04-19 21:41:59,501][__main__][INFO] - Finished design in 1.40 minutes
