[2026-04-19 23:18:18,578][__main__][INFO] - Found GPU with device_name NVIDIA GeForce RTX 3050 Ti Laptop GPU. Will run RFdiffusion on NVIDIA GeForce RTX 3050 Ti Laptop GPU
[2026-04-19 23:18:18,579][rfdiffusion.inference.model_runners][INFO] - Reading checkpoint from /home/manvi/Team_8_CS598GBL/RFdiffusion/rfdiffusion/inference/../../models/Base_ckpt.pt
[2026-04-19 23:18:42,958][rfdiffusion.inference.model_runners][INFO] - Loading checkpoint.
[2026-04-19 23:18:43,610][rfdiffusion.diffusion][INFO] - Using cached IGSO3.
[2026-04-19 23:18:43,639][__main__][INFO] - Making design /home/manvi/Team_8_CS598GBL/Assignment/Generate_designs/default/len_103/design_0
[2026-04-19 23:18:43,654][rfdiffusion.inference.model_runners][INFO] - Using contig: ['103-103']
[2026-04-19 23:18:43,751][rfdiffusion.inference.model_runners][INFO] - Sequence init: -------------------------------------------------------------------------------------------------------
[2026-04-19 23:18:59,367][rfdiffusion.inference.model_runners][INFO] - Timestep 50, input to next step: -------------------------------------------------------------------------------------------------------
[2026-04-19 23:19:04,793][rfdiffusion.inference.model_runners][INFO] - Timestep 49, input to next step: -------------------------------------------------------------------------------------------------------
[2026-04-19 23:19:07,868][rfdiffusion.inference.model_runners][INFO] - Timestep 48, input to next step: -------------------------------------------------------------------------------------------------------
[2026-04-19 23:19:12,112][rfdiffusion.inference.model_runners][INFO] - Timestep 47, input to next step: -------------------------------------------------------------------------------------------------------
[2026-04-19 23:19:16,391][rfdiffusion.inference.model_runners][INFO] - Timestep 46, input to next step: -------------------------------------------------------------------------------------------------------
[2026-04-19 23:19:19,790][rfdiffusion.inference.model_runners][INFO] - Timestep 45, input to next step: -------------------------------------------------------------------------------------------------------
[2026-04-19 23:19:24,387][rfdiffusion.inference.model_runners][INFO] - Timestep 44, input to next step: -------------------------------------------------------------------------------------------------------
[2026-04-19 23:19:29,721][rfdiffusion.inference.model_runners][INFO] - Timestep 43, input to next step: -------------------------------------------------------------------------------------------------------
[2026-04-19 23:19:32,194][rfdiffusion.inference.model_runners][INFO] - Timestep 42, input to next step: -------------------------------------------------------------------------------------------------------
[2026-04-19 23:19:37,261][rfdiffusion.inference.model_runners][INFO] - Timestep 41, input to next step: -------------------------------------------------------------------------------------------------------
[2026-04-19 23:19:40,903][rfdiffusion.inference.model_runners][INFO] - Timestep 40, input to next step: -------------------------------------------------------------------------------------------------------
[2026-04-19 23:19:44,320][rfdiffusion.inference.model_runners][INFO] - Timestep 39, input to next step: -------------------------------------------------------------------------------------------------------
[2026-04-19 23:19:47,342][rfdiffusion.inference.model_runners][INFO] - Timestep 38, input to next step: -------------------------------------------------------------------------------------------------------
[2026-04-19 23:19:50,890][rfdiffusion.inference.model_runners][INFO] - Timestep 37, input to next step: -------------------------------------------------------------------------------------------------------
[2026-04-19 23:19:55,005][rfdiffusion.inference.model_runners][INFO] - Timestep 36, input to next step: -------------------------------------------------------------------------------------------------------
[2026-04-19 23:20:04,502][rfdiffusion.inference.model_runners][INFO] - Timestep 35, input to next step: -------------------------------------------------------------------------------------------------------
[2026-04-19 23:20:17,707][rfdiffusion.inference.model_runners][INFO] - Timestep 34, input to next step: -------------------------------------------------------------------------------------------------------
[2026-04-19 23:20:28,523][rfdiffusion.inference.model_runners][INFO] - Timestep 33, input to next step: -------------------------------------------------------------------------------------------------------
[2026-04-19 23:20:36,472][rfdiffusion.inference.model_runners][INFO] - Timestep 32, input to next step: -------------------------------------------------------------------------------------------------------
[2026-04-19 23:20:42,225][rfdiffusion.inference.model_runners][INFO] - Timestep 31, input to next step: -------------------------------------------------------------------------------------------------------
[2026-04-19 23:20:50,227][rfdiffusion.inference.model_runners][INFO] - Timestep 30, input to next step: -------------------------------------------------------------------------------------------------------
[2026-04-19 23:20:59,394][rfdiffusion.inference.model_runners][INFO] - Timestep 29, input to next step: -------------------------------------------------------------------------------------------------------
[2026-04-19 23:21:04,327][rfdiffusion.inference.model_runners][INFO] - Timestep 28, input to next step: -------------------------------------------------------------------------------------------------------
[2026-04-19 23:21:10,801][rfdiffusion.inference.model_runners][INFO] - Timestep 27, input to next step: -------------------------------------------------------------------------------------------------------
[2026-04-19 23:21:17,558][rfdiffusion.inference.model_runners][INFO] - Timestep 26, input to next step: -------------------------------------------------------------------------------------------------------
[2026-04-19 23:21:23,989][rfdiffusion.inference.model_runners][INFO] - Timestep 25, input to next step: -------------------------------------------------------------------------------------------------------
[2026-04-19 23:21:34,594][rfdiffusion.inference.model_runners][INFO] - Timestep 24, input to next step: -------------------------------------------------------------------------------------------------------
[2026-04-19 23:21:44,046][rfdiffusion.inference.model_runners][INFO] - Timestep 23, input to next step: -------------------------------------------------------------------------------------------------------
[2026-04-19 23:21:51,719][rfdiffusion.inference.model_runners][INFO] - Timestep 22, input to next step: -------------------------------------------------------------------------------------------------------
[2026-04-19 23:21:57,502][rfdiffusion.inference.model_runners][INFO] - Timestep 21, input to next step: -------------------------------------------------------------------------------------------------------
[2026-04-19 23:22:01,738][rfdiffusion.inference.model_runners][INFO] - Timestep 20, input to next step: -------------------------------------------------------------------------------------------------------
[2026-04-19 23:22:05,039][rfdiffusion.inference.model_runners][INFO] - Timestep 19, input to next step: -------------------------------------------------------------------------------------------------------
[2026-04-19 23:22:07,514][rfdiffusion.inference.model_runners][INFO] - Timestep 18, input to next step: -------------------------------------------------------------------------------------------------------
[2026-04-19 23:22:09,947][rfdiffusion.inference.model_runners][INFO] - Timestep 17, input to next step: -------------------------------------------------------------------------------------------------------
[2026-04-19 23:22:14,040][rfdiffusion.inference.model_runners][INFO] - Timestep 16, input to next step: -------------------------------------------------------------------------------------------------------
[2026-04-19 23:22:16,754][rfdiffusion.inference.model_runners][INFO] - Timestep 15, input to next step: -------------------------------------------------------------------------------------------------------
[2026-04-19 23:22:19,258][rfdiffusion.inference.model_runners][INFO] - Timestep 14, input to next step: -------------------------------------------------------------------------------------------------------
[2026-04-19 23:22:22,342][rfdiffusion.inference.model_runners][INFO] - Timestep 13, input to next step: -------------------------------------------------------------------------------------------------------
[2026-04-19 23:22:24,848][rfdiffusion.inference.model_runners][INFO] - Timestep 12, input to next step: -------------------------------------------------------------------------------------------------------
[2026-04-19 23:22:27,247][rfdiffusion.inference.model_runners][INFO] - Timestep 11, input to next step: -------------------------------------------------------------------------------------------------------
[2026-04-19 23:22:29,673][rfdiffusion.inference.model_runners][INFO] - Timestep 10, input to next step: -------------------------------------------------------------------------------------------------------
[2026-04-19 23:22:32,342][rfdiffusion.inference.model_runners][INFO] - Timestep 9, input to next step: -------------------------------------------------------------------------------------------------------
[2026-04-19 23:22:34,807][rfdiffusion.inference.model_runners][INFO] - Timestep 8, input to next step: -------------------------------------------------------------------------------------------------------
[2026-04-19 23:22:37,184][rfdiffusion.inference.model_runners][INFO] - Timestep 7, input to next step: -------------------------------------------------------------------------------------------------------
[2026-04-19 23:22:39,480][rfdiffusion.inference.model_runners][INFO] - Timestep 6, input to next step: -------------------------------------------------------------------------------------------------------
[2026-04-19 23:22:42,102][rfdiffusion.inference.model_runners][INFO] - Timestep 5, input to next step: -------------------------------------------------------------------------------------------------------
[2026-04-19 23:22:44,659][rfdiffusion.inference.model_runners][INFO] - Timestep 4, input to next step: -------------------------------------------------------------------------------------------------------
[2026-04-19 23:22:47,183][rfdiffusion.inference.model_runners][INFO] - Timestep 3, input to next step: -------------------------------------------------------------------------------------------------------
[2026-04-19 23:22:49,670][rfdiffusion.inference.model_runners][INFO] - Timestep 2, input to next step: -------------------------------------------------------------------------------------------------------
[2026-04-19 23:22:54,934][__main__][INFO] - Finished design in 4.19 minutes
[2026-04-19 23:22:54,935][__main__][INFO] - Making design /home/manvi/Team_8_CS598GBL/Assignment/Generate_designs/default/len_103/design_1
[2026-04-19 23:22:54,943][rfdiffusion.inference.model_runners][INFO] - Using contig: ['103-103']
[2026-04-19 23:22:54,979][rfdiffusion.inference.model_runners][INFO] - Sequence init: -------------------------------------------------------------------------------------------------------
[2026-04-19 23:22:57,197][rfdiffusion.inference.model_runners][INFO] - Timestep 50, input to next step: -------------------------------------------------------------------------------------------------------
[2026-04-19 23:22:59,400][rfdiffusion.inference.model_runners][INFO] - Timestep 49, input to next step: -------------------------------------------------------------------------------------------------------
[2026-04-19 23:23:02,090][rfdiffusion.inference.model_runners][INFO] - Timestep 48, input to next step: -------------------------------------------------------------------------------------------------------
[2026-04-19 23:23:04,585][rfdiffusion.inference.model_runners][INFO] - Timestep 47, input to next step: -------------------------------------------------------------------------------------------------------
[2026-04-19 23:23:06,952][rfdiffusion.inference.model_runners][INFO] - Timestep 46, input to next step: -------------------------------------------------------------------------------------------------------
[2026-04-19 23:23:09,308][rfdiffusion.inference.model_runners][INFO] - Timestep 45, input to next step: -------------------------------------------------------------------------------------------------------
[2026-04-19 23:23:11,950][rfdiffusion.inference.model_runners][INFO] - Timestep 44, input to next step: -------------------------------------------------------------------------------------------------------
[2026-04-19 23:23:14,359][rfdiffusion.inference.model_runners][INFO] - Timestep 43, input to next step: -------------------------------------------------------------------------------------------------------
[2026-04-19 23:23:17,052][rfdiffusion.inference.model_runners][INFO] - Timestep 42, input to next step: -------------------------------------------------------------------------------------------------------
[2026-04-19 23:23:20,992][rfdiffusion.inference.model_runners][INFO] - Timestep 41, input to next step: -------------------------------------------------------------------------------------------------------
[2026-04-19 23:23:23,556][rfdiffusion.inference.model_runners][INFO] - Timestep 40, input to next step: -------------------------------------------------------------------------------------------------------
[2026-04-19 23:23:26,008][rfdiffusion.inference.model_runners][INFO] - Timestep 39, input to next step: -------------------------------------------------------------------------------------------------------
[2026-04-19 23:23:28,540][rfdiffusion.inference.model_runners][INFO] - Timestep 38, input to next step: -------------------------------------------------------------------------------------------------------
[2026-04-19 23:23:30,974][rfdiffusion.inference.model_runners][INFO] - Timestep 37, input to next step: -------------------------------------------------------------------------------------------------------
[2026-04-19 23:23:33,434][rfdiffusion.inference.model_runners][INFO] - Timestep 36, input to next step: -------------------------------------------------------------------------------------------------------
[2026-04-19 23:23:35,881][rfdiffusion.inference.model_runners][INFO] - Timestep 35, input to next step: -------------------------------------------------------------------------------------------------------
[2026-04-19 23:23:38,365][rfdiffusion.inference.model_runners][INFO] - Timestep 34, input to next step: -------------------------------------------------------------------------------------------------------
[2026-04-19 23:23:40,842][rfdiffusion.inference.model_runners][INFO] - Timestep 33, input to next step: -------------------------------------------------------------------------------------------------------
[2026-04-19 23:23:43,511][rfdiffusion.inference.model_runners][INFO] - Timestep 32, input to next step: -------------------------------------------------------------------------------------------------------
[2026-04-19 23:23:45,993][rfdiffusion.inference.model_runners][INFO] - Timestep 31, input to next step: -------------------------------------------------------------------------------------------------------
[2026-04-19 23:23:48,617][rfdiffusion.inference.model_runners][INFO] - Timestep 30, input to next step: -------------------------------------------------------------------------------------------------------
[2026-04-19 23:23:51,291][rfdiffusion.inference.model_runners][INFO] - Timestep 29, input to next step: -------------------------------------------------------------------------------------------------------
[2026-04-19 23:23:53,921][rfdiffusion.inference.model_runners][INFO] - Timestep 28, input to next step: -------------------------------------------------------------------------------------------------------
[2026-04-19 23:23:56,677][rfdiffusion.inference.model_runners][INFO] - Timestep 27, input to next step: -------------------------------------------------------------------------------------------------------
[2026-04-19 23:23:59,296][rfdiffusion.inference.model_runners][INFO] - Timestep 26, input to next step: -------------------------------------------------------------------------------------------------------
[2026-04-19 23:24:02,078][rfdiffusion.inference.model_runners][INFO] - Timestep 25, input to next step: -------------------------------------------------------------------------------------------------------
[2026-04-19 23:24:04,543][rfdiffusion.inference.model_runners][INFO] - Timestep 24, input to next step: -------------------------------------------------------------------------------------------------------
[2026-04-19 23:24:07,055][rfdiffusion.inference.model_runners][INFO] - Timestep 23, input to next step: -------------------------------------------------------------------------------------------------------
[2026-04-19 23:24:09,494][rfdiffusion.inference.model_runners][INFO] - Timestep 22, input to next step: -------------------------------------------------------------------------------------------------------
[2026-04-19 23:24:11,974][rfdiffusion.inference.model_runners][INFO] - Timestep 21, input to next step: -------------------------------------------------------------------------------------------------------
[2026-04-19 23:24:14,568][rfdiffusion.inference.model_runners][INFO] - Timestep 20, input to next step: -------------------------------------------------------------------------------------------------------
[2026-04-19 23:24:17,025][rfdiffusion.inference.model_runners][INFO] - Timestep 19, input to next step: -------------------------------------------------------------------------------------------------------
[2026-04-19 23:24:19,456][rfdiffusion.inference.model_runners][INFO] - Timestep 18, input to next step: -------------------------------------------------------------------------------------------------------
[2026-04-19 23:24:21,916][rfdiffusion.inference.model_runners][INFO] - Timestep 17, input to next step: -------------------------------------------------------------------------------------------------------
[2026-04-19 23:24:24,478][rfdiffusion.inference.model_runners][INFO] - Timestep 16, input to next step: -------------------------------------------------------------------------------------------------------
[2026-04-19 23:24:26,919][rfdiffusion.inference.model_runners][INFO] - Timestep 15, input to next step: -------------------------------------------------------------------------------------------------------
[2026-04-19 23:24:29,399][rfdiffusion.inference.model_runners][INFO] - Timestep 14, input to next step: -------------------------------------------------------------------------------------------------------
[2026-04-19 23:24:32,199][rfdiffusion.inference.model_runners][INFO] - Timestep 13, input to next step: -------------------------------------------------------------------------------------------------------
[2026-04-19 23:24:34,661][rfdiffusion.inference.model_runners][INFO] - Timestep 12, input to next step: -------------------------------------------------------------------------------------------------------
[2026-04-19 23:24:37,807][rfdiffusion.inference.model_runners][INFO] - Timestep 11, input to next step: -------------------------------------------------------------------------------------------------------
[2026-04-19 23:24:40,886][rfdiffusion.inference.model_runners][INFO] - Timestep 10, input to next step: -------------------------------------------------------------------------------------------------------
[2026-04-19 23:24:43,487][rfdiffusion.inference.model_runners][INFO] - Timestep 9, input to next step: -------------------------------------------------------------------------------------------------------
[2026-04-19 23:24:46,371][rfdiffusion.inference.model_runners][INFO] - Timestep 8, input to next step: -------------------------------------------------------------------------------------------------------
[2026-04-19 23:24:50,235][rfdiffusion.inference.model_runners][INFO] - Timestep 7, input to next step: -------------------------------------------------------------------------------------------------------
[2026-04-19 23:24:53,019][rfdiffusion.inference.model_runners][INFO] - Timestep 6, input to next step: -------------------------------------------------------------------------------------------------------
[2026-04-19 23:24:55,522][rfdiffusion.inference.model_runners][INFO] - Timestep 5, input to next step: -------------------------------------------------------------------------------------------------------
[2026-04-19 23:24:58,218][rfdiffusion.inference.model_runners][INFO] - Timestep 4, input to next step: -------------------------------------------------------------------------------------------------------
[2026-04-19 23:25:02,022][rfdiffusion.inference.model_runners][INFO] - Timestep 3, input to next step: -------------------------------------------------------------------------------------------------------
[2026-04-19 23:25:04,711][rfdiffusion.inference.model_runners][INFO] - Timestep 2, input to next step: -------------------------------------------------------------------------------------------------------
[2026-04-19 23:25:09,690][__main__][INFO] - Finished design in 2.25 minutes
[2026-04-19 23:25:09,690][__main__][INFO] - Making design /home/manvi/Team_8_CS598GBL/Assignment/Generate_designs/default/len_103/design_2
[2026-04-19 23:25:09,696][rfdiffusion.inference.model_runners][INFO] - Using contig: ['103-103']
[2026-04-19 23:25:09,722][rfdiffusion.inference.model_runners][INFO] - Sequence init: -------------------------------------------------------------------------------------------------------
[2026-04-19 23:25:11,799][rfdiffusion.inference.model_runners][INFO] - Timestep 50, input to next step: -------------------------------------------------------------------------------------------------------
[2026-04-19 23:25:14,107][rfdiffusion.inference.model_runners][INFO] - Timestep 49, input to next step: -------------------------------------------------------------------------------------------------------
[2026-04-19 23:25:16,550][rfdiffusion.inference.model_runners][INFO] - Timestep 48, input to next step: -------------------------------------------------------------------------------------------------------
[2026-04-19 23:25:18,962][rfdiffusion.inference.model_runners][INFO] - Timestep 47, input to next step: -------------------------------------------------------------------------------------------------------
[2026-04-19 23:25:24,204][rfdiffusion.inference.model_runners][INFO] - Timestep 46, input to next step: -------------------------------------------------------------------------------------------------------
[2026-04-19 23:25:27,266][rfdiffusion.inference.model_runners][INFO] - Timestep 45, input to next step: -------------------------------------------------------------------------------------------------------
[2026-04-19 23:25:29,691][rfdiffusion.inference.model_runners][INFO] - Timestep 44, input to next step: -------------------------------------------------------------------------------------------------------
[2026-04-19 23:25:32,348][rfdiffusion.inference.model_runners][INFO] - Timestep 43, input to next step: -------------------------------------------------------------------------------------------------------
[2026-04-19 23:25:35,874][rfdiffusion.inference.model_runners][INFO] - Timestep 42, input to next step: -------------------------------------------------------------------------------------------------------
[2026-04-19 23:25:41,352][rfdiffusion.inference.model_runners][INFO] - Timestep 41, input to next step: -------------------------------------------------------------------------------------------------------
[2026-04-19 23:25:44,467][rfdiffusion.inference.model_runners][INFO] - Timestep 40, input to next step: -------------------------------------------------------------------------------------------------------
[2026-04-19 23:25:48,587][rfdiffusion.inference.model_runners][INFO] - Timestep 39, input to next step: -------------------------------------------------------------------------------------------------------
[2026-04-19 23:25:54,442][rfdiffusion.inference.model_runners][INFO] - Timestep 38, input to next step: -------------------------------------------------------------------------------------------------------
[2026-04-19 23:26:01,817][rfdiffusion.inference.model_runners][INFO] - Timestep 37, input to next step: -------------------------------------------------------------------------------------------------------
[2026-04-19 23:26:10,269][rfdiffusion.inference.model_runners][INFO] - Timestep 36, input to next step: -------------------------------------------------------------------------------------------------------
[2026-04-19 23:26:20,191][rfdiffusion.inference.model_runners][INFO] - Timestep 35, input to next step: -------------------------------------------------------------------------------------------------------
[2026-04-19 23:26:28,112][rfdiffusion.inference.model_runners][INFO] - Timestep 34, input to next step: -------------------------------------------------------------------------------------------------------
[2026-04-19 23:26:31,652][rfdiffusion.inference.model_runners][INFO] - Timestep 33, input to next step: -------------------------------------------------------------------------------------------------------
[2026-04-19 23:26:35,824][rfdiffusion.inference.model_runners][INFO] - Timestep 32, input to next step: -------------------------------------------------------------------------------------------------------
[2026-04-19 23:26:39,835][rfdiffusion.inference.model_runners][INFO] - Timestep 31, input to next step: -------------------------------------------------------------------------------------------------------
[2026-04-19 23:26:41,914][rfdiffusion.inference.model_runners][INFO] - Timestep 30, input to next step: -------------------------------------------------------------------------------------------------------
[2026-04-19 23:26:44,233][rfdiffusion.inference.model_runners][INFO] - Timestep 29, input to next step: -------------------------------------------------------------------------------------------------------
[2026-04-19 23:26:46,884][rfdiffusion.inference.model_runners][INFO] - Timestep 28, input to next step: -------------------------------------------------------------------------------------------------------
[2026-04-19 23:26:49,225][rfdiffusion.inference.model_runners][INFO] - Timestep 27, input to next step: -------------------------------------------------------------------------------------------------------
[2026-04-19 23:26:51,521][rfdiffusion.inference.model_runners][INFO] - Timestep 26, input to next step: -------------------------------------------------------------------------------------------------------
[2026-04-19 23:26:54,284][rfdiffusion.inference.model_runners][INFO] - Timestep 25, input to next step: -------------------------------------------------------------------------------------------------------
[2026-04-19 23:26:56,577][rfdiffusion.inference.model_runners][INFO] - Timestep 24, input to next step: -------------------------------------------------------------------------------------------------------
[2026-04-19 23:26:58,417][rfdiffusion.inference.model_runners][INFO] - Timestep 23, input to next step: -------------------------------------------------------------------------------------------------------
[2026-04-19 23:27:00,247][rfdiffusion.inference.model_runners][INFO] - Timestep 22, input to next step: -------------------------------------------------------------------------------------------------------
[2026-04-19 23:27:02,211][rfdiffusion.inference.model_runners][INFO] - Timestep 21, input to next step: -------------------------------------------------------------------------------------------------------
[2026-04-19 23:27:04,147][rfdiffusion.inference.model_runners][INFO] - Timestep 20, input to next step: -------------------------------------------------------------------------------------------------------
[2026-04-19 23:27:06,006][rfdiffusion.inference.model_runners][INFO] - Timestep 19, input to next step: -------------------------------------------------------------------------------------------------------
[2026-04-19 23:27:07,931][rfdiffusion.inference.model_runners][INFO] - Timestep 18, input to next step: -------------------------------------------------------------------------------------------------------
[2026-04-19 23:27:10,132][rfdiffusion.inference.model_runners][INFO] - Timestep 17, input to next step: -------------------------------------------------------------------------------------------------------
[2026-04-19 23:27:12,081][rfdiffusion.inference.model_runners][INFO] - Timestep 16, input to next step: -------------------------------------------------------------------------------------------------------
[2026-04-19 23:27:13,955][rfdiffusion.inference.model_runners][INFO] - Timestep 15, input to next step: -------------------------------------------------------------------------------------------------------
[2026-04-19 23:27:15,850][rfdiffusion.inference.model_runners][INFO] - Timestep 14, input to next step: -------------------------------------------------------------------------------------------------------
[2026-04-19 23:27:17,706][rfdiffusion.inference.model_runners][INFO] - Timestep 13, input to next step: -------------------------------------------------------------------------------------------------------
[2026-04-19 23:27:19,553][rfdiffusion.inference.model_runners][INFO] - Timestep 12, input to next step: -------------------------------------------------------------------------------------------------------
[2026-04-19 23:27:21,422][rfdiffusion.inference.model_runners][INFO] - Timestep 11, input to next step: -------------------------------------------------------------------------------------------------------
[2026-04-19 23:27:23,444][rfdiffusion.inference.model_runners][INFO] - Timestep 10, input to next step: -------------------------------------------------------------------------------------------------------
[2026-04-19 23:27:25,819][rfdiffusion.inference.model_runners][INFO] - Timestep 9, input to next step: -------------------------------------------------------------------------------------------------------
[2026-04-19 23:27:29,751][rfdiffusion.inference.model_runners][INFO] - Timestep 8, input to next step: -------------------------------------------------------------------------------------------------------
[2026-04-19 23:27:31,619][rfdiffusion.inference.model_runners][INFO] - Timestep 7, input to next step: -------------------------------------------------------------------------------------------------------
[2026-04-19 23:27:33,817][rfdiffusion.inference.model_runners][INFO] - Timestep 6, input to next step: -------------------------------------------------------------------------------------------------------
[2026-04-19 23:27:36,125][rfdiffusion.inference.model_runners][INFO] - Timestep 5, input to next step: -------------------------------------------------------------------------------------------------------
[2026-04-19 23:27:38,349][rfdiffusion.inference.model_runners][INFO] - Timestep 4, input to next step: -------------------------------------------------------------------------------------------------------
[2026-04-19 23:27:42,064][rfdiffusion.inference.model_runners][INFO] - Timestep 3, input to next step: -------------------------------------------------------------------------------------------------------
[2026-04-19 23:27:44,269][rfdiffusion.inference.model_runners][INFO] - Timestep 2, input to next step: -------------------------------------------------------------------------------------------------------
[2026-04-19 23:27:48,789][__main__][INFO] - Finished design in 2.65 minutes
[2026-04-19 23:27:48,790][__main__][INFO] - Making design /home/manvi/Team_8_CS598GBL/Assignment/Generate_designs/default/len_103/design_3
[2026-04-19 23:27:48,795][rfdiffusion.inference.model_runners][INFO] - Using contig: ['103-103']
[2026-04-19 23:27:48,821][rfdiffusion.inference.model_runners][INFO] - Sequence init: -------------------------------------------------------------------------------------------------------
[2026-04-19 23:27:50,416][rfdiffusion.inference.model_runners][INFO] - Timestep 50, input to next step: -------------------------------------------------------------------------------------------------------
[2026-04-19 23:27:52,456][rfdiffusion.inference.model_runners][INFO] - Timestep 49, input to next step: -------------------------------------------------------------------------------------------------------
[2026-04-19 23:27:56,293][rfdiffusion.inference.model_runners][INFO] - Timestep 48, input to next step: -------------------------------------------------------------------------------------------------------
[2026-04-19 23:27:59,331][rfdiffusion.inference.model_runners][INFO] - Timestep 47, input to next step: -------------------------------------------------------------------------------------------------------
[2026-04-19 23:28:02,746][rfdiffusion.inference.model_runners][INFO] - Timestep 46, input to next step: -------------------------------------------------------------------------------------------------------
[2026-04-19 23:28:05,165][rfdiffusion.inference.model_runners][INFO] - Timestep 45, input to next step: -------------------------------------------------------------------------------------------------------
[2026-04-19 23:28:07,419][rfdiffusion.inference.model_runners][INFO] - Timestep 44, input to next step: -------------------------------------------------------------------------------------------------------
[2026-04-19 23:28:10,191][rfdiffusion.inference.model_runners][INFO] - Timestep 43, input to next step: -------------------------------------------------------------------------------------------------------
[2026-04-19 23:28:14,178][rfdiffusion.inference.model_runners][INFO] - Timestep 42, input to next step: -------------------------------------------------------------------------------------------------------
[2026-04-19 23:28:16,976][rfdiffusion.inference.model_runners][INFO] - Timestep 41, input to next step: -------------------------------------------------------------------------------------------------------
[2026-04-19 23:28:20,336][rfdiffusion.inference.model_runners][INFO] - Timestep 40, input to next step: -------------------------------------------------------------------------------------------------------
[2026-04-19 23:28:23,796][rfdiffusion.inference.model_runners][INFO] - Timestep 39, input to next step: -------------------------------------------------------------------------------------------------------
[2026-04-19 23:28:27,405][rfdiffusion.inference.model_runners][INFO] - Timestep 38, input to next step: -------------------------------------------------------------------------------------------------------
[2026-04-19 23:28:30,545][rfdiffusion.inference.model_runners][INFO] - Timestep 37, input to next step: -------------------------------------------------------------------------------------------------------
[2026-04-19 23:28:33,136][rfdiffusion.inference.model_runners][INFO] - Timestep 36, input to next step: -------------------------------------------------------------------------------------------------------
[2026-04-19 23:28:35,357][rfdiffusion.inference.model_runners][INFO] - Timestep 35, input to next step: -------------------------------------------------------------------------------------------------------
[2026-04-19 23:28:37,421][rfdiffusion.inference.model_runners][INFO] - Timestep 34, input to next step: -------------------------------------------------------------------------------------------------------
[2026-04-19 23:28:39,752][rfdiffusion.inference.model_runners][INFO] - Timestep 33, input to next step: -------------------------------------------------------------------------------------------------------
[2026-04-19 23:28:41,987][rfdiffusion.inference.model_runners][INFO] - Timestep 32, input to next step: -------------------------------------------------------------------------------------------------------
[2026-04-19 23:28:44,312][rfdiffusion.inference.model_runners][INFO] - Timestep 31, input to next step: -------------------------------------------------------------------------------------------------------
[2026-04-19 23:28:46,947][rfdiffusion.inference.model_runners][INFO] - Timestep 30, input to next step: -------------------------------------------------------------------------------------------------------
[2026-04-19 23:28:49,202][rfdiffusion.inference.model_runners][INFO] - Timestep 29, input to next step: -------------------------------------------------------------------------------------------------------
[2026-04-19 23:28:51,338][rfdiffusion.inference.model_runners][INFO] - Timestep 28, input to next step: -------------------------------------------------------------------------------------------------------
[2026-04-19 23:28:53,193][rfdiffusion.inference.model_runners][INFO] - Timestep 27, input to next step: -------------------------------------------------------------------------------------------------------
[2026-04-19 23:28:55,550][rfdiffusion.inference.model_runners][INFO] - Timestep 26, input to next step: -------------------------------------------------------------------------------------------------------
[2026-04-19 23:28:57,654][rfdiffusion.inference.model_runners][INFO] - Timestep 25, input to next step: -------------------------------------------------------------------------------------------------------
[2026-04-19 23:29:01,079][rfdiffusion.inference.model_runners][INFO] - Timestep 24, input to next step: -------------------------------------------------------------------------------------------------------
[2026-04-19 23:29:04,118][rfdiffusion.inference.model_runners][INFO] - Timestep 23, input to next step: -------------------------------------------------------------------------------------------------------
[2026-04-19 23:29:07,275][rfdiffusion.inference.model_runners][INFO] - Timestep 22, input to next step: -------------------------------------------------------------------------------------------------------
[2026-04-19 23:29:09,212][rfdiffusion.inference.model_runners][INFO] - Timestep 21, input to next step: -------------------------------------------------------------------------------------------------------
[2026-04-19 23:29:11,533][rfdiffusion.inference.model_runners][INFO] - Timestep 20, input to next step: -------------------------------------------------------------------------------------------------------
[2026-04-19 23:29:13,692][rfdiffusion.inference.model_runners][INFO] - Timestep 19, input to next step: -------------------------------------------------------------------------------------------------------
[2026-04-19 23:29:16,844][rfdiffusion.inference.model_runners][INFO] - Timestep 18, input to next step: -------------------------------------------------------------------------------------------------------
[2026-04-19 23:29:19,352][rfdiffusion.inference.model_runners][INFO] - Timestep 17, input to next step: -------------------------------------------------------------------------------------------------------
[2026-04-19 23:29:21,363][rfdiffusion.inference.model_runners][INFO] - Timestep 16, input to next step: -------------------------------------------------------------------------------------------------------
[2026-04-19 23:29:25,119][rfdiffusion.inference.model_runners][INFO] - Timestep 15, input to next step: -------------------------------------------------------------------------------------------------------
[2026-04-19 23:29:28,345][rfdiffusion.inference.model_runners][INFO] - Timestep 14, input to next step: -------------------------------------------------------------------------------------------------------
[2026-04-19 23:29:31,088][rfdiffusion.inference.model_runners][INFO] - Timestep 13, input to next step: -------------------------------------------------------------------------------------------------------
[2026-04-19 23:29:33,214][rfdiffusion.inference.model_runners][INFO] - Timestep 12, input to next step: -------------------------------------------------------------------------------------------------------
[2026-04-19 23:29:35,555][rfdiffusion.inference.model_runners][INFO] - Timestep 11, input to next step: -------------------------------------------------------------------------------------------------------
[2026-04-19 23:29:37,809][rfdiffusion.inference.model_runners][INFO] - Timestep 10, input to next step: -------------------------------------------------------------------------------------------------------
[2026-04-19 23:29:40,061][rfdiffusion.inference.model_runners][INFO] - Timestep 9, input to next step: -------------------------------------------------------------------------------------------------------
[2026-04-19 23:29:42,358][rfdiffusion.inference.model_runners][INFO] - Timestep 8, input to next step: -------------------------------------------------------------------------------------------------------
[2026-04-19 23:29:44,778][rfdiffusion.inference.model_runners][INFO] - Timestep 7, input to next step: -------------------------------------------------------------------------------------------------------
[2026-04-19 23:29:46,737][rfdiffusion.inference.model_runners][INFO] - Timestep 6, input to next step: -------------------------------------------------------------------------------------------------------
[2026-04-19 23:29:49,410][rfdiffusion.inference.model_runners][INFO] - Timestep 5, input to next step: -------------------------------------------------------------------------------------------------------
[2026-04-19 23:29:52,489][rfdiffusion.inference.model_runners][INFO] - Timestep 4, input to next step: -------------------------------------------------------------------------------------------------------
[2026-04-19 23:29:55,253][rfdiffusion.inference.model_runners][INFO] - Timestep 3, input to next step: -------------------------------------------------------------------------------------------------------
[2026-04-19 23:29:57,429][rfdiffusion.inference.model_runners][INFO] - Timestep 2, input to next step: -------------------------------------------------------------------------------------------------------
[2026-04-19 23:30:02,136][__main__][INFO] - Finished design in 2.22 minutes
[2026-04-19 23:30:02,136][__main__][INFO] - Making design /home/manvi/Team_8_CS598GBL/Assignment/Generate_designs/default/len_103/design_4
[2026-04-19 23:30:02,142][rfdiffusion.inference.model_runners][INFO] - Using contig: ['103-103']
[2026-04-19 23:30:02,177][rfdiffusion.inference.model_runners][INFO] - Sequence init: -------------------------------------------------------------------------------------------------------
[2026-04-19 23:30:04,034][rfdiffusion.inference.model_runners][INFO] - Timestep 50, input to next step: -------------------------------------------------------------------------------------------------------
[2026-04-19 23:30:06,176][rfdiffusion.inference.model_runners][INFO] - Timestep 49, input to next step: -------------------------------------------------------------------------------------------------------
[2026-04-19 23:30:08,354][rfdiffusion.inference.model_runners][INFO] - Timestep 48, input to next step: -------------------------------------------------------------------------------------------------------
[2026-04-19 23:30:10,510][rfdiffusion.inference.model_runners][INFO] - Timestep 47, input to next step: -------------------------------------------------------------------------------------------------------
[2026-04-19 23:30:12,569][rfdiffusion.inference.model_runners][INFO] - Timestep 46, input to next step: -------------------------------------------------------------------------------------------------------
[2026-04-19 23:30:14,870][rfdiffusion.inference.model_runners][INFO] - Timestep 45, input to next step: -------------------------------------------------------------------------------------------------------
[2026-04-19 23:30:16,761][rfdiffusion.inference.model_runners][INFO] - Timestep 44, input to next step: -------------------------------------------------------------------------------------------------------
[2026-04-19 23:30:18,900][rfdiffusion.inference.model_runners][INFO] - Timestep 43, input to next step: -------------------------------------------------------------------------------------------------------
[2026-04-19 23:30:21,307][rfdiffusion.inference.model_runners][INFO] - Timestep 42, input to next step: -------------------------------------------------------------------------------------------------------
[2026-04-19 23:30:23,682][rfdiffusion.inference.model_runners][INFO] - Timestep 41, input to next step: -------------------------------------------------------------------------------------------------------
[2026-04-19 23:30:25,889][rfdiffusion.inference.model_runners][INFO] - Timestep 40, input to next step: -------------------------------------------------------------------------------------------------------
[2026-04-19 23:30:28,166][rfdiffusion.inference.model_runners][INFO] - Timestep 39, input to next step: -------------------------------------------------------------------------------------------------------
[2026-04-19 23:30:30,510][rfdiffusion.inference.model_runners][INFO] - Timestep 38, input to next step: -------------------------------------------------------------------------------------------------------
[2026-04-19 23:30:33,200][rfdiffusion.inference.model_runners][INFO] - Timestep 37, input to next step: -------------------------------------------------------------------------------------------------------
[2026-04-19 23:30:35,486][rfdiffusion.inference.model_runners][INFO] - Timestep 36, input to next step: -------------------------------------------------------------------------------------------------------
[2026-04-19 23:30:37,666][rfdiffusion.inference.model_runners][INFO] - Timestep 35, input to next step: -------------------------------------------------------------------------------------------------------
[2026-04-19 23:30:39,985][rfdiffusion.inference.model_runners][INFO] - Timestep 34, input to next step: -------------------------------------------------------------------------------------------------------
[2026-04-19 23:30:42,527][rfdiffusion.inference.model_runners][INFO] - Timestep 33, input to next step: -------------------------------------------------------------------------------------------------------
[2026-04-19 23:30:45,365][rfdiffusion.inference.model_runners][INFO] - Timestep 32, input to next step: -------------------------------------------------------------------------------------------------------
[2026-04-19 23:30:47,601][rfdiffusion.inference.model_runners][INFO] - Timestep 31, input to next step: -------------------------------------------------------------------------------------------------------
[2026-04-19 23:30:50,000][rfdiffusion.inference.model_runners][INFO] - Timestep 30, input to next step: -------------------------------------------------------------------------------------------------------
[2026-04-19 23:30:52,034][rfdiffusion.inference.model_runners][INFO] - Timestep 29, input to next step: -------------------------------------------------------------------------------------------------------
[2026-04-19 23:30:54,164][rfdiffusion.inference.model_runners][INFO] - Timestep 28, input to next step: -------------------------------------------------------------------------------------------------------
[2026-04-19 23:30:56,150][rfdiffusion.inference.model_runners][INFO] - Timestep 27, input to next step: -------------------------------------------------------------------------------------------------------
[2026-04-19 23:30:58,396][rfdiffusion.inference.model_runners][INFO] - Timestep 26, input to next step: -------------------------------------------------------------------------------------------------------
[2026-04-19 23:31:00,723][rfdiffusion.inference.model_runners][INFO] - Timestep 25, input to next step: -------------------------------------------------------------------------------------------------------
[2026-04-19 23:31:03,036][rfdiffusion.inference.model_runners][INFO] - Timestep 24, input to next step: -------------------------------------------------------------------------------------------------------
[2026-04-19 23:31:05,434][rfdiffusion.inference.model_runners][INFO] - Timestep 23, input to next step: -------------------------------------------------------------------------------------------------------
[2026-04-19 23:31:07,910][rfdiffusion.inference.model_runners][INFO] - Timestep 22, input to next step: -------------------------------------------------------------------------------------------------------
[2026-04-19 23:31:10,250][rfdiffusion.inference.model_runners][INFO] - Timestep 21, input to next step: -------------------------------------------------------------------------------------------------------
[2026-04-19 23:31:12,433][rfdiffusion.inference.model_runners][INFO] - Timestep 20, input to next step: -------------------------------------------------------------------------------------------------------
[2026-04-19 23:31:15,371][rfdiffusion.inference.model_runners][INFO] - Timestep 19, input to next step: -------------------------------------------------------------------------------------------------------
[2026-04-19 23:31:18,114][rfdiffusion.inference.model_runners][INFO] - Timestep 18, input to next step: -------------------------------------------------------------------------------------------------------
[2026-04-19 23:31:20,857][rfdiffusion.inference.model_runners][INFO] - Timestep 17, input to next step: -------------------------------------------------------------------------------------------------------
[2026-04-19 23:31:23,380][rfdiffusion.inference.model_runners][INFO] - Timestep 16, input to next step: -------------------------------------------------------------------------------------------------------
[2026-04-19 23:31:25,591][rfdiffusion.inference.model_runners][INFO] - Timestep 15, input to next step: -------------------------------------------------------------------------------------------------------
[2026-04-19 23:31:27,800][rfdiffusion.inference.model_runners][INFO] - Timestep 14, input to next step: -------------------------------------------------------------------------------------------------------
[2026-04-19 23:31:30,032][rfdiffusion.inference.model_runners][INFO] - Timestep 13, input to next step: -------------------------------------------------------------------------------------------------------
[2026-04-19 23:31:32,125][rfdiffusion.inference.model_runners][INFO] - Timestep 12, input to next step: -------------------------------------------------------------------------------------------------------
[2026-04-19 23:31:34,495][rfdiffusion.inference.model_runners][INFO] - Timestep 11, input to next step: -------------------------------------------------------------------------------------------------------
[2026-04-19 23:31:36,628][rfdiffusion.inference.model_runners][INFO] - Timestep 10, input to next step: -------------------------------------------------------------------------------------------------------
[2026-04-19 23:31:38,527][rfdiffusion.inference.model_runners][INFO] - Timestep 9, input to next step: -------------------------------------------------------------------------------------------------------
[2026-04-19 23:31:40,547][rfdiffusion.inference.model_runners][INFO] - Timestep 8, input to next step: -------------------------------------------------------------------------------------------------------
[2026-04-19 23:31:42,856][rfdiffusion.inference.model_runners][INFO] - Timestep 7, input to next step: -------------------------------------------------------------------------------------------------------
[2026-04-19 23:31:44,853][rfdiffusion.inference.model_runners][INFO] - Timestep 6, input to next step: -------------------------------------------------------------------------------------------------------
[2026-04-19 23:31:47,059][rfdiffusion.inference.model_runners][INFO] - Timestep 5, input to next step: -------------------------------------------------------------------------------------------------------
[2026-04-19 23:31:49,214][rfdiffusion.inference.model_runners][INFO] - Timestep 4, input to next step: -------------------------------------------------------------------------------------------------------
[2026-04-19 23:31:51,454][rfdiffusion.inference.model_runners][INFO] - Timestep 3, input to next step: -------------------------------------------------------------------------------------------------------
[2026-04-19 23:31:53,565][rfdiffusion.inference.model_runners][INFO] - Timestep 2, input to next step: -------------------------------------------------------------------------------------------------------
[2026-04-19 23:31:59,245][__main__][INFO] - Finished design in 1.95 minutes
[2026-04-19 23:31:59,245][__main__][INFO] - Making design /home/manvi/Team_8_CS598GBL/Assignment/Generate_designs/default/len_103/design_5
[2026-04-19 23:31:59,255][rfdiffusion.inference.model_runners][INFO] - Using contig: ['103-103']
[2026-04-19 23:31:59,309][rfdiffusion.inference.model_runners][INFO] - Sequence init: -------------------------------------------------------------------------------------------------------
[2026-04-19 23:32:01,624][rfdiffusion.inference.model_runners][INFO] - Timestep 50, input to next step: -------------------------------------------------------------------------------------------------------
[2026-04-19 23:32:05,086][rfdiffusion.inference.model_runners][INFO] - Timestep 49, input to next step: -------------------------------------------------------------------------------------------------------
[2026-04-19 23:32:11,287][rfdiffusion.inference.model_runners][INFO] - Timestep 48, input to next step: -------------------------------------------------------------------------------------------------------
[2026-04-19 23:32:14,791][rfdiffusion.inference.model_runners][INFO] - Timestep 47, input to next step: -------------------------------------------------------------------------------------------------------
[2026-04-19 23:32:17,385][rfdiffusion.inference.model_runners][INFO] - Timestep 46, input to next step: -------------------------------------------------------------------------------------------------------
[2026-04-19 23:32:19,842][rfdiffusion.inference.model_runners][INFO] - Timestep 45, input to next step: -------------------------------------------------------------------------------------------------------
[2026-04-19 23:32:22,319][rfdiffusion.inference.model_runners][INFO] - Timestep 44, input to next step: -------------------------------------------------------------------------------------------------------
[2026-04-19 23:32:24,896][rfdiffusion.inference.model_runners][INFO] - Timestep 43, input to next step: -------------------------------------------------------------------------------------------------------
[2026-04-19 23:32:27,439][rfdiffusion.inference.model_runners][INFO] - Timestep 42, input to next step: -------------------------------------------------------------------------------------------------------
[2026-04-19 23:32:30,160][rfdiffusion.inference.model_runners][INFO] - Timestep 41, input to next step: -------------------------------------------------------------------------------------------------------
[2026-04-19 23:32:32,657][rfdiffusion.inference.model_runners][INFO] - Timestep 40, input to next step: -------------------------------------------------------------------------------------------------------
[2026-04-19 23:32:35,688][rfdiffusion.inference.model_runners][INFO] - Timestep 39, input to next step: -------------------------------------------------------------------------------------------------------
[2026-04-19 23:32:38,280][rfdiffusion.inference.model_runners][INFO] - Timestep 38, input to next step: -------------------------------------------------------------------------------------------------------
[2026-04-19 23:32:40,682][rfdiffusion.inference.model_runners][INFO] - Timestep 37, input to next step: -------------------------------------------------------------------------------------------------------
[2026-04-19 23:32:43,217][rfdiffusion.inference.model_runners][INFO] - Timestep 36, input to next step: -------------------------------------------------------------------------------------------------------
[2026-04-19 23:32:45,512][rfdiffusion.inference.model_runners][INFO] - Timestep 35, input to next step: -------------------------------------------------------------------------------------------------------
[2026-04-19 23:32:48,035][rfdiffusion.inference.model_runners][INFO] - Timestep 34, input to next step: -------------------------------------------------------------------------------------------------------
[2026-04-19 23:32:50,895][rfdiffusion.inference.model_runners][INFO] - Timestep 33, input to next step: -------------------------------------------------------------------------------------------------------
[2026-04-19 23:32:53,989][rfdiffusion.inference.model_runners][INFO] - Timestep 32, input to next step: -------------------------------------------------------------------------------------------------------
[2026-04-19 23:32:57,273][rfdiffusion.inference.model_runners][INFO] - Timestep 31, input to next step: -------------------------------------------------------------------------------------------------------
[2026-04-19 23:33:02,351][rfdiffusion.inference.model_runners][INFO] - Timestep 30, input to next step: -------------------------------------------------------------------------------------------------------
[2026-04-19 23:33:07,428][rfdiffusion.inference.model_runners][INFO] - Timestep 29, input to next step: -------------------------------------------------------------------------------------------------------
[2026-04-19 23:33:11,068][rfdiffusion.inference.model_runners][INFO] - Timestep 28, input to next step: -------------------------------------------------------------------------------------------------------
[2026-04-19 23:33:14,914][rfdiffusion.inference.model_runners][INFO] - Timestep 27, input to next step: -------------------------------------------------------------------------------------------------------
[2026-04-19 23:33:20,328][rfdiffusion.inference.model_runners][INFO] - Timestep 26, input to next step: -------------------------------------------------------------------------------------------------------
[2026-04-19 23:33:24,821][rfdiffusion.inference.model_runners][INFO] - Timestep 25, input to next step: -------------------------------------------------------------------------------------------------------
[2026-04-19 23:33:29,604][rfdiffusion.inference.model_runners][INFO] - Timestep 24, input to next step: -------------------------------------------------------------------------------------------------------
[2026-04-19 23:33:33,771][rfdiffusion.inference.model_runners][INFO] - Timestep 23, input to next step: -------------------------------------------------------------------------------------------------------
[2026-04-19 23:33:39,596][rfdiffusion.inference.model_runners][INFO] - Timestep 22, input to next step: -------------------------------------------------------------------------------------------------------
[2026-04-19 23:33:45,309][rfdiffusion.inference.model_runners][INFO] - Timestep 21, input to next step: -------------------------------------------------------------------------------------------------------
[2026-04-19 23:33:49,046][rfdiffusion.inference.model_runners][INFO] - Timestep 20, input to next step: -------------------------------------------------------------------------------------------------------
[2026-04-19 23:33:53,900][rfdiffusion.inference.model_runners][INFO] - Timestep 19, input to next step: -------------------------------------------------------------------------------------------------------
[2026-04-19 23:33:59,423][rfdiffusion.inference.model_runners][INFO] - Timestep 18, input to next step: -------------------------------------------------------------------------------------------------------
[2026-04-19 23:34:05,644][rfdiffusion.inference.model_runners][INFO] - Timestep 17, input to next step: -------------------------------------------------------------------------------------------------------
[2026-04-19 23:34:17,127][rfdiffusion.inference.model_runners][INFO] - Timestep 16, input to next step: -------------------------------------------------------------------------------------------------------
[2026-04-19 23:34:23,735][rfdiffusion.inference.model_runners][INFO] - Timestep 15, input to next step: -------------------------------------------------------------------------------------------------------
[2026-04-19 23:34:28,559][rfdiffusion.inference.model_runners][INFO] - Timestep 14, input to next step: -------------------------------------------------------------------------------------------------------
[2026-04-19 23:34:33,586][rfdiffusion.inference.model_runners][INFO] - Timestep 13, input to next step: -------------------------------------------------------------------------------------------------------
[2026-04-19 23:34:38,073][rfdiffusion.inference.model_runners][INFO] - Timestep 12, input to next step: -------------------------------------------------------------------------------------------------------
[2026-04-19 23:34:40,717][rfdiffusion.inference.model_runners][INFO] - Timestep 11, input to next step: -------------------------------------------------------------------------------------------------------
[2026-04-19 23:34:44,044][rfdiffusion.inference.model_runners][INFO] - Timestep 10, input to next step: -------------------------------------------------------------------------------------------------------
[2026-04-19 23:34:48,224][rfdiffusion.inference.model_runners][INFO] - Timestep 9, input to next step: -------------------------------------------------------------------------------------------------------
[2026-04-19 23:34:52,827][rfdiffusion.inference.model_runners][INFO] - Timestep 8, input to next step: -------------------------------------------------------------------------------------------------------
[2026-04-19 23:34:56,296][rfdiffusion.inference.model_runners][INFO] - Timestep 7, input to next step: -------------------------------------------------------------------------------------------------------
[2026-04-19 23:35:00,302][rfdiffusion.inference.model_runners][INFO] - Timestep 6, input to next step: -------------------------------------------------------------------------------------------------------
[2026-04-19 23:35:03,817][rfdiffusion.inference.model_runners][INFO] - Timestep 5, input to next step: -------------------------------------------------------------------------------------------------------
[2026-04-19 23:35:05,802][rfdiffusion.inference.model_runners][INFO] - Timestep 4, input to next step: -------------------------------------------------------------------------------------------------------
[2026-04-19 23:35:08,098][rfdiffusion.inference.model_runners][INFO] - Timestep 3, input to next step: -------------------------------------------------------------------------------------------------------
[2026-04-19 23:35:10,246][rfdiffusion.inference.model_runners][INFO] - Timestep 2, input to next step: -------------------------------------------------------------------------------------------------------
[2026-04-19 23:35:14,901][__main__][INFO] - Finished design in 3.26 minutes
[2026-04-19 23:35:14,901][__main__][INFO] - Making design /home/manvi/Team_8_CS598GBL/Assignment/Generate_designs/default/len_103/design_6
[2026-04-19 23:35:14,906][rfdiffusion.inference.model_runners][INFO] - Using contig: ['103-103']
[2026-04-19 23:35:14,931][rfdiffusion.inference.model_runners][INFO] - Sequence init: -------------------------------------------------------------------------------------------------------
[2026-04-19 23:35:16,656][rfdiffusion.inference.model_runners][INFO] - Timestep 50, input to next step: -------------------------------------------------------------------------------------------------------
[2026-04-19 23:35:18,619][rfdiffusion.inference.model_runners][INFO] - Timestep 49, input to next step: -------------------------------------------------------------------------------------------------------
[2026-04-19 23:35:20,605][rfdiffusion.inference.model_runners][INFO] - Timestep 48, input to next step: -------------------------------------------------------------------------------------------------------
[2026-04-19 23:35:22,833][rfdiffusion.inference.model_runners][INFO] - Timestep 47, input to next step: -------------------------------------------------------------------------------------------------------
[2026-04-19 23:35:24,845][rfdiffusion.inference.model_runners][INFO] - Timestep 46, input to next step: -------------------------------------------------------------------------------------------------------
[2026-04-19 23:35:26,785][rfdiffusion.inference.model_runners][INFO] - Timestep 45, input to next step: -------------------------------------------------------------------------------------------------------
[2026-04-19 23:35:28,710][rfdiffusion.inference.model_runners][INFO] - Timestep 44, input to next step: -------------------------------------------------------------------------------------------------------
[2026-04-19 23:35:30,739][rfdiffusion.inference.model_runners][INFO] - Timestep 43, input to next step: -------------------------------------------------------------------------------------------------------
[2026-04-19 23:35:33,350][rfdiffusion.inference.model_runners][INFO] - Timestep 42, input to next step: -------------------------------------------------------------------------------------------------------
[2026-04-19 23:35:35,449][rfdiffusion.inference.model_runners][INFO] - Timestep 41, input to next step: -------------------------------------------------------------------------------------------------------
[2026-04-19 23:35:37,366][rfdiffusion.inference.model_runners][INFO] - Timestep 40, input to next step: -------------------------------------------------------------------------------------------------------
[2026-04-19 23:35:39,490][rfdiffusion.inference.model_runners][INFO] - Timestep 39, input to next step: -------------------------------------------------------------------------------------------------------
[2026-04-19 23:35:41,888][rfdiffusion.inference.model_runners][INFO] - Timestep 38, input to next step: -------------------------------------------------------------------------------------------------------
[2026-04-19 23:35:45,852][rfdiffusion.inference.model_runners][INFO] - Timestep 37, input to next step: -------------------------------------------------------------------------------------------------------
[2026-04-19 23:35:48,323][rfdiffusion.inference.model_runners][INFO] - Timestep 36, input to next step: -------------------------------------------------------------------------------------------------------
[2026-04-19 23:35:50,337][rfdiffusion.inference.model_runners][INFO] - Timestep 35, input to next step: -------------------------------------------------------------------------------------------------------
[2026-04-19 23:35:53,601][rfdiffusion.inference.model_runners][INFO] - Timestep 34, input to next step: -------------------------------------------------------------------------------------------------------
[2026-04-19 23:35:56,505][rfdiffusion.inference.model_runners][INFO] - Timestep 33, input to next step: -------------------------------------------------------------------------------------------------------
[2026-04-19 23:35:59,496][rfdiffusion.inference.model_runners][INFO] - Timestep 32, input to next step: -------------------------------------------------------------------------------------------------------
[2026-04-19 23:36:01,967][rfdiffusion.inference.model_runners][INFO] - Timestep 31, input to next step: -------------------------------------------------------------------------------------------------------
[2026-04-19 23:36:05,327][rfdiffusion.inference.model_runners][INFO] - Timestep 30, input to next step: -------------------------------------------------------------------------------------------------------
[2026-04-19 23:36:07,595][rfdiffusion.inference.model_runners][INFO] - Timestep 29, input to next step: -------------------------------------------------------------------------------------------------------
[2026-04-19 23:36:10,932][rfdiffusion.inference.model_runners][INFO] - Timestep 28, input to next step: -------------------------------------------------------------------------------------------------------
[2026-04-19 23:36:13,521][rfdiffusion.inference.model_runners][INFO] - Timestep 27, input to next step: -------------------------------------------------------------------------------------------------------
[2026-04-19 23:36:16,262][rfdiffusion.inference.model_runners][INFO] - Timestep 26, input to next step: -------------------------------------------------------------------------------------------------------
[2026-04-19 23:36:18,830][rfdiffusion.inference.model_runners][INFO] - Timestep 25, input to next step: -------------------------------------------------------------------------------------------------------
[2026-04-19 23:36:22,153][rfdiffusion.inference.model_runners][INFO] - Timestep 24, input to next step: -------------------------------------------------------------------------------------------------------
[2026-04-19 23:36:24,914][rfdiffusion.inference.model_runners][INFO] - Timestep 23, input to next step: -------------------------------------------------------------------------------------------------------
[2026-04-19 23:36:27,375][rfdiffusion.inference.model_runners][INFO] - Timestep 22, input to next step: -------------------------------------------------------------------------------------------------------
[2026-04-19 23:36:29,882][rfdiffusion.inference.model_runners][INFO] - Timestep 21, input to next step: -------------------------------------------------------------------------------------------------------
[2026-04-19 23:36:32,484][rfdiffusion.inference.model_runners][INFO] - Timestep 20, input to next step: -------------------------------------------------------------------------------------------------------
[2026-04-19 23:36:35,035][rfdiffusion.inference.model_runners][INFO] - Timestep 19, input to next step: -------------------------------------------------------------------------------------------------------
[2026-04-19 23:36:38,849][rfdiffusion.inference.model_runners][INFO] - Timestep 18, input to next step: -------------------------------------------------------------------------------------------------------
[2026-04-19 23:36:41,323][rfdiffusion.inference.model_runners][INFO] - Timestep 17, input to next step: -------------------------------------------------------------------------------------------------------
[2026-04-19 23:36:44,052][rfdiffusion.inference.model_runners][INFO] - Timestep 16, input to next step: -------------------------------------------------------------------------------------------------------
[2026-04-19 23:36:46,581][rfdiffusion.inference.model_runners][INFO] - Timestep 15, input to next step: -------------------------------------------------------------------------------------------------------
[2026-04-19 23:36:49,868][rfdiffusion.inference.model_runners][INFO] - Timestep 14, input to next step: -------------------------------------------------------------------------------------------------------
[2026-04-19 23:36:52,840][rfdiffusion.inference.model_runners][INFO] - Timestep 13, input to next step: -------------------------------------------------------------------------------------------------------
[2026-04-19 23:36:55,052][rfdiffusion.inference.model_runners][INFO] - Timestep 12, input to next step: -------------------------------------------------------------------------------------------------------
[2026-04-19 23:36:57,901][rfdiffusion.inference.model_runners][INFO] - Timestep 11, input to next step: -------------------------------------------------------------------------------------------------------
[2026-04-19 23:37:00,282][rfdiffusion.inference.model_runners][INFO] - Timestep 10, input to next step: -------------------------------------------------------------------------------------------------------
[2026-04-19 23:37:02,361][rfdiffusion.inference.model_runners][INFO] - Timestep 9, input to next step: -------------------------------------------------------------------------------------------------------
[2026-04-19 23:37:05,141][rfdiffusion.inference.model_runners][INFO] - Timestep 8, input to next step: -------------------------------------------------------------------------------------------------------
[2026-04-19 23:37:07,259][rfdiffusion.inference.model_runners][INFO] - Timestep 7, input to next step: -------------------------------------------------------------------------------------------------------
[2026-04-19 23:37:10,131][rfdiffusion.inference.model_runners][INFO] - Timestep 6, input to next step: -------------------------------------------------------------------------------------------------------
[2026-04-19 23:37:12,707][rfdiffusion.inference.model_runners][INFO] - Timestep 5, input to next step: -------------------------------------------------------------------------------------------------------
[2026-04-19 23:37:16,266][rfdiffusion.inference.model_runners][INFO] - Timestep 4, input to next step: -------------------------------------------------------------------------------------------------------
[2026-04-19 23:37:18,275][rfdiffusion.inference.model_runners][INFO] - Timestep 3, input to next step: -------------------------------------------------------------------------------------------------------
[2026-04-19 23:37:20,477][rfdiffusion.inference.model_runners][INFO] - Timestep 2, input to next step: -------------------------------------------------------------------------------------------------------
[2026-04-19 23:37:24,663][__main__][INFO] - Finished design in 2.16 minutes
[2026-04-19 23:37:24,664][__main__][INFO] - Making design /home/manvi/Team_8_CS598GBL/Assignment/Generate_designs/default/len_103/design_7
[2026-04-19 23:37:24,669][rfdiffusion.inference.model_runners][INFO] - Using contig: ['103-103']
[2026-04-19 23:37:24,692][rfdiffusion.inference.model_runners][INFO] - Sequence init: -------------------------------------------------------------------------------------------------------
[2026-04-19 23:37:27,795][rfdiffusion.inference.model_runners][INFO] - Timestep 50, input to next step: -------------------------------------------------------------------------------------------------------
[2026-04-19 23:37:29,894][rfdiffusion.inference.model_runners][INFO] - Timestep 49, input to next step: -------------------------------------------------------------------------------------------------------
[2026-04-19 23:37:31,917][rfdiffusion.inference.model_runners][INFO] - Timestep 48, input to next step: -------------------------------------------------------------------------------------------------------
[2026-04-19 23:37:35,587][rfdiffusion.inference.model_runners][INFO] - Timestep 47, input to next step: -------------------------------------------------------------------------------------------------------
[2026-04-19 23:37:37,585][rfdiffusion.inference.model_runners][INFO] - Timestep 46, input to next step: -------------------------------------------------------------------------------------------------------
[2026-04-19 23:37:39,638][rfdiffusion.inference.model_runners][INFO] - Timestep 45, input to next step: -------------------------------------------------------------------------------------------------------
[2026-04-19 23:37:42,870][rfdiffusion.inference.model_runners][INFO] - Timestep 44, input to next step: -------------------------------------------------------------------------------------------------------
[2026-04-19 23:37:44,685][rfdiffusion.inference.model_runners][INFO] - Timestep 43, input to next step: -------------------------------------------------------------------------------------------------------
[2026-04-19 23:37:47,788][rfdiffusion.inference.model_runners][INFO] - Timestep 42, input to next step: -------------------------------------------------------------------------------------------------------
[2026-04-19 23:37:49,551][rfdiffusion.inference.model_runners][INFO] - Timestep 41, input to next step: -------------------------------------------------------------------------------------------------------
[2026-04-19 23:37:51,436][rfdiffusion.inference.model_runners][INFO] - Timestep 40, input to next step: -------------------------------------------------------------------------------------------------------
[2026-04-19 23:37:53,996][rfdiffusion.inference.model_runners][INFO] - Timestep 39, input to next step: -------------------------------------------------------------------------------------------------------
[2026-04-19 23:37:56,768][rfdiffusion.inference.model_runners][INFO] - Timestep 38, input to next step: -------------------------------------------------------------------------------------------------------
[2026-04-19 23:37:58,676][rfdiffusion.inference.model_runners][INFO] - Timestep 37, input to next step: -------------------------------------------------------------------------------------------------------
[2026-04-19 23:38:00,703][rfdiffusion.inference.model_runners][INFO] - Timestep 36, input to next step: -------------------------------------------------------------------------------------------------------
[2026-04-19 23:38:02,624][rfdiffusion.inference.model_runners][INFO] - Timestep 35, input to next step: -------------------------------------------------------------------------------------------------------
[2026-04-19 23:38:04,937][rfdiffusion.inference.model_runners][INFO] - Timestep 34, input to next step: -------------------------------------------------------------------------------------------------------
[2026-04-19 23:38:07,117][rfdiffusion.inference.model_runners][INFO] - Timestep 33, input to next step: -------------------------------------------------------------------------------------------------------
[2026-04-19 23:38:10,687][rfdiffusion.inference.model_runners][INFO] - Timestep 32, input to next step: -------------------------------------------------------------------------------------------------------
[2026-04-19 23:38:12,808][rfdiffusion.inference.model_runners][INFO] - Timestep 31, input to next step: -------------------------------------------------------------------------------------------------------
[2026-04-19 23:38:15,089][rfdiffusion.inference.model_runners][INFO] - Timestep 30, input to next step: -------------------------------------------------------------------------------------------------------
[2026-04-19 23:38:17,177][rfdiffusion.inference.model_runners][INFO] - Timestep 29, input to next step: -------------------------------------------------------------------------------------------------------
[2026-04-19 23:38:19,872][rfdiffusion.inference.model_runners][INFO] - Timestep 28, input to next step: -------------------------------------------------------------------------------------------------------
[2026-04-19 23:38:23,367][rfdiffusion.inference.model_runners][INFO] - Timestep 27, input to next step: -------------------------------------------------------------------------------------------------------
[2026-04-19 23:38:25,634][rfdiffusion.inference.model_runners][INFO] - Timestep 26, input to next step: -------------------------------------------------------------------------------------------------------
[2026-04-19 23:38:28,154][rfdiffusion.inference.model_runners][INFO] - Timestep 25, input to next step: -------------------------------------------------------------------------------------------------------
[2026-04-19 23:38:30,975][rfdiffusion.inference.model_runners][INFO] - Timestep 24, input to next step: -------------------------------------------------------------------------------------------------------
[2026-04-19 23:38:33,908][rfdiffusion.inference.model_runners][INFO] - Timestep 23, input to next step: -------------------------------------------------------------------------------------------------------
[2026-04-19 23:38:36,335][rfdiffusion.inference.model_runners][INFO] - Timestep 22, input to next step: -------------------------------------------------------------------------------------------------------
[2026-04-19 23:38:38,406][rfdiffusion.inference.model_runners][INFO] - Timestep 21, input to next step: -------------------------------------------------------------------------------------------------------
[2026-04-19 23:38:40,490][rfdiffusion.inference.model_runners][INFO] - Timestep 20, input to next step: -------------------------------------------------------------------------------------------------------
[2026-04-19 23:38:42,312][rfdiffusion.inference.model_runners][INFO] - Timestep 19, input to next step: -------------------------------------------------------------------------------------------------------
[2026-04-19 23:38:44,141][rfdiffusion.inference.model_runners][INFO] - Timestep 18, input to next step: -------------------------------------------------------------------------------------------------------
[2026-04-19 23:38:45,922][rfdiffusion.inference.model_runners][INFO] - Timestep 17, input to next step: -------------------------------------------------------------------------------------------------------
[2026-04-19 23:38:48,122][rfdiffusion.inference.model_runners][INFO] - Timestep 16, input to next step: -------------------------------------------------------------------------------------------------------
[2026-04-19 23:38:49,815][rfdiffusion.inference.model_runners][INFO] - Timestep 15, input to next step: -------------------------------------------------------------------------------------------------------
[2026-04-19 23:38:52,064][rfdiffusion.inference.model_runners][INFO] - Timestep 14, input to next step: -------------------------------------------------------------------------------------------------------
[2026-04-19 23:38:53,877][rfdiffusion.inference.model_runners][INFO] - Timestep 13, input to next step: -------------------------------------------------------------------------------------------------------
[2026-04-19 23:38:55,598][rfdiffusion.inference.model_runners][INFO] - Timestep 12, input to next step: -------------------------------------------------------------------------------------------------------
[2026-04-19 23:38:57,353][rfdiffusion.inference.model_runners][INFO] - Timestep 11, input to next step: -------------------------------------------------------------------------------------------------------
[2026-04-19 23:38:59,306][rfdiffusion.inference.model_runners][INFO] - Timestep 10, input to next step: -------------------------------------------------------------------------------------------------------
[2026-04-19 23:39:01,258][rfdiffusion.inference.model_runners][INFO] - Timestep 9, input to next step: -------------------------------------------------------------------------------------------------------
[2026-04-19 23:39:04,049][rfdiffusion.inference.model_runners][INFO] - Timestep 8, input to next step: -------------------------------------------------------------------------------------------------------
[2026-04-19 23:39:06,400][rfdiffusion.inference.model_runners][INFO] - Timestep 7, input to next step: -------------------------------------------------------------------------------------------------------
[2026-04-19 23:39:08,480][rfdiffusion.inference.model_runners][INFO] - Timestep 6, input to next step: -------------------------------------------------------------------------------------------------------
[2026-04-19 23:39:10,294][rfdiffusion.inference.model_runners][INFO] - Timestep 5, input to next step: -------------------------------------------------------------------------------------------------------
[2026-04-19 23:39:11,935][rfdiffusion.inference.model_runners][INFO] - Timestep 4, input to next step: -------------------------------------------------------------------------------------------------------
[2026-04-19 23:39:13,959][rfdiffusion.inference.model_runners][INFO] - Timestep 3, input to next step: -------------------------------------------------------------------------------------------------------
[2026-04-19 23:39:15,741][rfdiffusion.inference.model_runners][INFO] - Timestep 2, input to next step: -------------------------------------------------------------------------------------------------------
[2026-04-19 23:39:19,225][__main__][INFO] - Finished design in 1.91 minutes
[2026-04-19 23:39:19,225][__main__][INFO] - Making design /home/manvi/Team_8_CS598GBL/Assignment/Generate_designs/default/len_103/design_8
[2026-04-19 23:39:19,230][rfdiffusion.inference.model_runners][INFO] - Using contig: ['103-103']
[2026-04-19 23:39:19,254][rfdiffusion.inference.model_runners][INFO] - Sequence init: -------------------------------------------------------------------------------------------------------
[2026-04-19 23:39:20,747][rfdiffusion.inference.model_runners][INFO] - Timestep 50, input to next step: -------------------------------------------------------------------------------------------------------
[2026-04-19 23:39:22,441][rfdiffusion.inference.model_runners][INFO] - Timestep 49, input to next step: -------------------------------------------------------------------------------------------------------
[2026-04-19 23:39:24,163][rfdiffusion.inference.model_runners][INFO] - Timestep 48, input to next step: -------------------------------------------------------------------------------------------------------
[2026-04-19 23:39:26,205][rfdiffusion.inference.model_runners][INFO] - Timestep 47, input to next step: -------------------------------------------------------------------------------------------------------
[2026-04-19 23:39:28,470][rfdiffusion.inference.model_runners][INFO] - Timestep 46, input to next step: -------------------------------------------------------------------------------------------------------
[2026-04-19 23:39:30,591][rfdiffusion.inference.model_runners][INFO] - Timestep 45, input to next step: -------------------------------------------------------------------------------------------------------
[2026-04-19 23:39:32,768][rfdiffusion.inference.model_runners][INFO] - Timestep 44, input to next step: -------------------------------------------------------------------------------------------------------
[2026-04-19 23:39:35,745][rfdiffusion.inference.model_runners][INFO] - Timestep 43, input to next step: -------------------------------------------------------------------------------------------------------
[2026-04-19 23:39:37,981][rfdiffusion.inference.model_runners][INFO] - Timestep 42, input to next step: -------------------------------------------------------------------------------------------------------
[2026-04-19 23:39:39,649][rfdiffusion.inference.model_runners][INFO] - Timestep 41, input to next step: -------------------------------------------------------------------------------------------------------
[2026-04-19 23:39:42,911][rfdiffusion.inference.model_runners][INFO] - Timestep 40, input to next step: -------------------------------------------------------------------------------------------------------
[2026-04-19 23:39:44,920][rfdiffusion.inference.model_runners][INFO] - Timestep 39, input to next step: -------------------------------------------------------------------------------------------------------
[2026-04-19 23:39:48,269][rfdiffusion.inference.model_runners][INFO] - Timestep 38, input to next step: -------------------------------------------------------------------------------------------------------
[2026-04-19 23:39:50,944][rfdiffusion.inference.model_runners][INFO] - Timestep 37, input to next step: -------------------------------------------------------------------------------------------------------
[2026-04-19 23:39:53,988][rfdiffusion.inference.model_runners][INFO] - Timestep 36, input to next step: -------------------------------------------------------------------------------------------------------
[2026-04-19 23:39:55,798][rfdiffusion.inference.model_runners][INFO] - Timestep 35, input to next step: -------------------------------------------------------------------------------------------------------
[2026-04-19 23:39:58,244][rfdiffusion.inference.model_runners][INFO] - Timestep 34, input to next step: -------------------------------------------------------------------------------------------------------
[2026-04-19 23:40:02,530][rfdiffusion.inference.model_runners][INFO] - Timestep 33, input to next step: -------------------------------------------------------------------------------------------------------
[2026-04-19 23:40:05,630][rfdiffusion.inference.model_runners][INFO] - Timestep 32, input to next step: -------------------------------------------------------------------------------------------------------
[2026-04-19 23:40:08,026][rfdiffusion.inference.model_runners][INFO] - Timestep 31, input to next step: -------------------------------------------------------------------------------------------------------
[2026-04-19 23:40:10,378][rfdiffusion.inference.model_runners][INFO] - Timestep 30, input to next step: -------------------------------------------------------------------------------------------------------
[2026-04-19 23:40:12,302][rfdiffusion.inference.model_runners][INFO] - Timestep 29, input to next step: -------------------------------------------------------------------------------------------------------
[2026-04-19 23:40:14,964][rfdiffusion.inference.model_runners][INFO] - Timestep 28, input to next step: -------------------------------------------------------------------------------------------------------
[2026-04-19 23:40:18,047][rfdiffusion.inference.model_runners][INFO] - Timestep 27, input to next step: -------------------------------------------------------------------------------------------------------
[2026-04-19 23:40:22,198][rfdiffusion.inference.model_runners][INFO] - Timestep 26, input to next step: -------------------------------------------------------------------------------------------------------
[2026-04-19 23:40:25,333][rfdiffusion.inference.model_runners][INFO] - Timestep 25, input to next step: -------------------------------------------------------------------------------------------------------
[2026-04-19 23:40:27,319][rfdiffusion.inference.model_runners][INFO] - Timestep 24, input to next step: -------------------------------------------------------------------------------------------------------
[2026-04-19 23:40:29,919][rfdiffusion.inference.model_runners][INFO] - Timestep 23, input to next step: -------------------------------------------------------------------------------------------------------
[2026-04-19 23:40:31,943][rfdiffusion.inference.model_runners][INFO] - Timestep 22, input to next step: -------------------------------------------------------------------------------------------------------
[2026-04-19 23:40:33,864][rfdiffusion.inference.model_runners][INFO] - Timestep 21, input to next step: -------------------------------------------------------------------------------------------------------
[2026-04-19 23:40:35,732][rfdiffusion.inference.model_runners][INFO] - Timestep 20, input to next step: -------------------------------------------------------------------------------------------------------
[2026-04-19 23:40:37,644][rfdiffusion.inference.model_runners][INFO] - Timestep 19, input to next step: -------------------------------------------------------------------------------------------------------
[2026-04-19 23:40:39,432][rfdiffusion.inference.model_runners][INFO] - Timestep 18, input to next step: -------------------------------------------------------------------------------------------------------
[2026-04-19 23:40:41,347][rfdiffusion.inference.model_runners][INFO] - Timestep 17, input to next step: -------------------------------------------------------------------------------------------------------
[2026-04-19 23:40:43,377][rfdiffusion.inference.model_runners][INFO] - Timestep 16, input to next step: -------------------------------------------------------------------------------------------------------
[2026-04-19 23:40:45,764][rfdiffusion.inference.model_runners][INFO] - Timestep 15, input to next step: -------------------------------------------------------------------------------------------------------
[2026-04-19 23:40:48,497][rfdiffusion.inference.model_runners][INFO] - Timestep 14, input to next step: -------------------------------------------------------------------------------------------------------
[2026-04-19 23:40:51,282][rfdiffusion.inference.model_runners][INFO] - Timestep 13, input to next step: -------------------------------------------------------------------------------------------------------
[2026-04-19 23:40:54,288][rfdiffusion.inference.model_runners][INFO] - Timestep 12, input to next step: -------------------------------------------------------------------------------------------------------
[2026-04-19 23:40:56,068][rfdiffusion.inference.model_runners][INFO] - Timestep 11, input to next step: -------------------------------------------------------------------------------------------------------
[2026-04-19 23:40:58,298][rfdiffusion.inference.model_runners][INFO] - Timestep 10, input to next step: -------------------------------------------------------------------------------------------------------
[2026-04-19 23:41:00,058][rfdiffusion.inference.model_runners][INFO] - Timestep 9, input to next step: -------------------------------------------------------------------------------------------------------
[2026-04-19 23:41:02,701][rfdiffusion.inference.model_runners][INFO] - Timestep 8, input to next step: -------------------------------------------------------------------------------------------------------
[2026-04-19 23:41:05,173][rfdiffusion.inference.model_runners][INFO] - Timestep 7, input to next step: -------------------------------------------------------------------------------------------------------
[2026-04-19 23:41:07,724][rfdiffusion.inference.model_runners][INFO] - Timestep 6, input to next step: -------------------------------------------------------------------------------------------------------
[2026-04-19 23:41:10,314][rfdiffusion.inference.model_runners][INFO] - Timestep 5, input to next step: -------------------------------------------------------------------------------------------------------
[2026-04-19 23:41:13,184][rfdiffusion.inference.model_runners][INFO] - Timestep 4, input to next step: -------------------------------------------------------------------------------------------------------
[2026-04-19 23:41:14,940][rfdiffusion.inference.model_runners][INFO] - Timestep 3, input to next step: -------------------------------------------------------------------------------------------------------
[2026-04-19 23:41:17,327][rfdiffusion.inference.model_runners][INFO] - Timestep 2, input to next step: -------------------------------------------------------------------------------------------------------
[2026-04-19 23:41:23,565][__main__][INFO] - Finished design in 2.07 minutes
[2026-04-19 23:41:23,566][__main__][INFO] - Making design /home/manvi/Team_8_CS598GBL/Assignment/Generate_designs/default/len_103/design_9
[2026-04-19 23:41:23,573][rfdiffusion.inference.model_runners][INFO] - Using contig: ['103-103']
[2026-04-19 23:41:23,599][rfdiffusion.inference.model_runners][INFO] - Sequence init: -------------------------------------------------------------------------------------------------------
[2026-04-19 23:41:26,006][rfdiffusion.inference.model_runners][INFO] - Timestep 50, input to next step: -------------------------------------------------------------------------------------------------------
[2026-04-19 23:41:28,923][rfdiffusion.inference.model_runners][INFO] - Timestep 49, input to next step: -------------------------------------------------------------------------------------------------------
[2026-04-19 23:41:31,387][rfdiffusion.inference.model_runners][INFO] - Timestep 48, input to next step: -------------------------------------------------------------------------------------------------------
[2026-04-19 23:41:34,253][rfdiffusion.inference.model_runners][INFO] - Timestep 47, input to next step: -------------------------------------------------------------------------------------------------------
[2026-04-19 23:41:37,452][rfdiffusion.inference.model_runners][INFO] - Timestep 46, input to next step: -------------------------------------------------------------------------------------------------------
[2026-04-19 23:41:40,241][rfdiffusion.inference.model_runners][INFO] - Timestep 45, input to next step: -------------------------------------------------------------------------------------------------------
[2026-04-19 23:41:42,446][rfdiffusion.inference.model_runners][INFO] - Timestep 44, input to next step: -------------------------------------------------------------------------------------------------------
[2026-04-19 23:41:45,081][rfdiffusion.inference.model_runners][INFO] - Timestep 43, input to next step: -------------------------------------------------------------------------------------------------------
[2026-04-19 23:41:47,369][rfdiffusion.inference.model_runners][INFO] - Timestep 42, input to next step: -------------------------------------------------------------------------------------------------------
[2026-04-19 23:41:49,779][rfdiffusion.inference.model_runners][INFO] - Timestep 41, input to next step: -------------------------------------------------------------------------------------------------------
[2026-04-19 23:41:51,960][rfdiffusion.inference.model_runners][INFO] - Timestep 40, input to next step: -------------------------------------------------------------------------------------------------------
[2026-04-19 23:41:54,066][rfdiffusion.inference.model_runners][INFO] - Timestep 39, input to next step: -------------------------------------------------------------------------------------------------------
[2026-04-19 23:41:57,431][rfdiffusion.inference.model_runners][INFO] - Timestep 38, input to next step: -------------------------------------------------------------------------------------------------------
[2026-04-19 23:41:59,760][rfdiffusion.inference.model_runners][INFO] - Timestep 37, input to next step: -------------------------------------------------------------------------------------------------------
[2026-04-19 23:42:02,000][rfdiffusion.inference.model_runners][INFO] - Timestep 36, input to next step: -------------------------------------------------------------------------------------------------------
[2026-04-19 23:42:03,878][rfdiffusion.inference.model_runners][INFO] - Timestep 35, input to next step: -------------------------------------------------------------------------------------------------------
[2026-04-19 23:42:06,111][rfdiffusion.inference.model_runners][INFO] - Timestep 34, input to next step: -------------------------------------------------------------------------------------------------------
[2026-04-19 23:42:07,974][rfdiffusion.inference.model_runners][INFO] - Timestep 33, input to next step: -------------------------------------------------------------------------------------------------------
[2026-04-19 23:42:09,832][rfdiffusion.inference.model_runners][INFO] - Timestep 32, input to next step: -------------------------------------------------------------------------------------------------------
[2026-04-19 23:42:12,169][rfdiffusion.inference.model_runners][INFO] - Timestep 31, input to next step: -------------------------------------------------------------------------------------------------------
[2026-04-19 23:42:14,672][rfdiffusion.inference.model_runners][INFO] - Timestep 30, input to next step: -------------------------------------------------------------------------------------------------------
[2026-04-19 23:42:17,016][rfdiffusion.inference.model_runners][INFO] - Timestep 29, input to next step: -------------------------------------------------------------------------------------------------------
[2026-04-19 23:42:19,919][rfdiffusion.inference.model_runners][INFO] - Timestep 28, input to next step: -------------------------------------------------------------------------------------------------------
[2026-04-19 23:42:22,007][rfdiffusion.inference.model_runners][INFO] - Timestep 27, input to next step: -------------------------------------------------------------------------------------------------------
[2026-04-19 23:42:24,006][rfdiffusion.inference.model_runners][INFO] - Timestep 26, input to next step: -------------------------------------------------------------------------------------------------------
[2026-04-19 23:42:26,013][rfdiffusion.inference.model_runners][INFO] - Timestep 25, input to next step: -------------------------------------------------------------------------------------------------------
[2026-04-19 23:42:28,824][rfdiffusion.inference.model_runners][INFO] - Timestep 24, input to next step: -------------------------------------------------------------------------------------------------------
[2026-04-19 23:42:31,335][rfdiffusion.inference.model_runners][INFO] - Timestep 23, input to next step: -------------------------------------------------------------------------------------------------------
[2026-04-19 23:42:33,480][rfdiffusion.inference.model_runners][INFO] - Timestep 22, input to next step: -------------------------------------------------------------------------------------------------------
[2026-04-19 23:42:35,359][rfdiffusion.inference.model_runners][INFO] - Timestep 21, input to next step: -------------------------------------------------------------------------------------------------------
[2026-04-19 23:42:37,430][rfdiffusion.inference.model_runners][INFO] - Timestep 20, input to next step: -------------------------------------------------------------------------------------------------------
[2026-04-19 23:42:39,755][rfdiffusion.inference.model_runners][INFO] - Timestep 19, input to next step: -------------------------------------------------------------------------------------------------------
[2026-04-19 23:42:41,645][rfdiffusion.inference.model_runners][INFO] - Timestep 18, input to next step: -------------------------------------------------------------------------------------------------------
[2026-04-19 23:42:43,975][rfdiffusion.inference.model_runners][INFO] - Timestep 17, input to next step: -------------------------------------------------------------------------------------------------------
[2026-04-19 23:42:46,061][rfdiffusion.inference.model_runners][INFO] - Timestep 16, input to next step: -------------------------------------------------------------------------------------------------------
[2026-04-19 23:42:48,022][rfdiffusion.inference.model_runners][INFO] - Timestep 15, input to next step: -------------------------------------------------------------------------------------------------------
[2026-04-19 23:42:50,010][rfdiffusion.inference.model_runners][INFO] - Timestep 14, input to next step: -------------------------------------------------------------------------------------------------------
[2026-04-19 23:42:52,224][rfdiffusion.inference.model_runners][INFO] - Timestep 13, input to next step: -------------------------------------------------------------------------------------------------------
[2026-04-19 23:42:54,666][rfdiffusion.inference.model_runners][INFO] - Timestep 12, input to next step: -------------------------------------------------------------------------------------------------------
[2026-04-19 23:42:57,052][rfdiffusion.inference.model_runners][INFO] - Timestep 11, input to next step: -------------------------------------------------------------------------------------------------------
[2026-04-19 23:42:58,858][rfdiffusion.inference.model_runners][INFO] - Timestep 10, input to next step: -------------------------------------------------------------------------------------------------------
[2026-04-19 23:43:01,079][rfdiffusion.inference.model_runners][INFO] - Timestep 9, input to next step: -------------------------------------------------------------------------------------------------------
[2026-04-19 23:43:03,164][rfdiffusion.inference.model_runners][INFO] - Timestep 8, input to next step: -------------------------------------------------------------------------------------------------------
[2026-04-19 23:43:06,176][rfdiffusion.inference.model_runners][INFO] - Timestep 7, input to next step: -------------------------------------------------------------------------------------------------------
[2026-04-19 23:43:08,750][rfdiffusion.inference.model_runners][INFO] - Timestep 6, input to next step: -------------------------------------------------------------------------------------------------------
[2026-04-19 23:43:11,147][rfdiffusion.inference.model_runners][INFO] - Timestep 5, input to next step: -------------------------------------------------------------------------------------------------------
[2026-04-19 23:43:13,416][rfdiffusion.inference.model_runners][INFO] - Timestep 4, input to next step: -------------------------------------------------------------------------------------------------------
[2026-04-19 23:43:16,016][rfdiffusion.inference.model_runners][INFO] - Timestep 3, input to next step: -------------------------------------------------------------------------------------------------------
[2026-04-19 23:43:19,595][rfdiffusion.inference.model_runners][INFO] - Timestep 2, input to next step: -------------------------------------------------------------------------------------------------------
[2026-04-19 23:43:24,458][__main__][INFO] - Finished design in 2.01 minutes
