[2026-04-19 23:43:30,075][__main__][INFO] - Found GPU with device_name NVIDIA GeForce RTX 3050 Ti Laptop GPU. Will run RFdiffusion on NVIDIA GeForce RTX 3050 Ti Laptop GPU
[2026-04-19 23:43:30,076][rfdiffusion.inference.model_runners][INFO] - Reading checkpoint from /home/manvi/Team_8_CS598GBL/RFdiffusion/rfdiffusion/inference/../../models/Base_ckpt.pt
[2026-04-19 23:43:38,671][rfdiffusion.inference.model_runners][INFO] - Loading checkpoint.
[2026-04-19 23:43:38,960][rfdiffusion.diffusion][INFO] - Using cached IGSO3.
[2026-04-19 23:43:38,979][__main__][INFO] - Making design /home/manvi/Team_8_CS598GBL/Assignment/Generate_designs/default/len_104/design_0
[2026-04-19 23:43:38,985][rfdiffusion.inference.model_runners][INFO] - Using contig: ['104-104']
[2026-04-19 23:43:39,055][rfdiffusion.inference.model_runners][INFO] - Sequence init: --------------------------------------------------------------------------------------------------------
[2026-04-19 23:43:45,652][rfdiffusion.inference.model_runners][INFO] - Timestep 50, input to next step: --------------------------------------------------------------------------------------------------------
[2026-04-19 23:43:47,755][rfdiffusion.inference.model_runners][INFO] - Timestep 49, input to next step: --------------------------------------------------------------------------------------------------------
[2026-04-19 23:43:50,073][rfdiffusion.inference.model_runners][INFO] - Timestep 48, input to next step: --------------------------------------------------------------------------------------------------------
[2026-04-19 23:43:51,973][rfdiffusion.inference.model_runners][INFO] - Timestep 47, input to next step: --------------------------------------------------------------------------------------------------------
[2026-04-19 23:43:53,928][rfdiffusion.inference.model_runners][INFO] - Timestep 46, input to next step: --------------------------------------------------------------------------------------------------------
[2026-04-19 23:43:55,731][rfdiffusion.inference.model_runners][INFO] - Timestep 45, input to next step: --------------------------------------------------------------------------------------------------------
[2026-04-19 23:43:57,651][rfdiffusion.inference.model_runners][INFO] - Timestep 44, input to next step: --------------------------------------------------------------------------------------------------------
[2026-04-19 23:43:59,452][rfdiffusion.inference.model_runners][INFO] - Timestep 43, input to next step: --------------------------------------------------------------------------------------------------------
[2026-04-19 23:44:02,501][rfdiffusion.inference.model_runners][INFO] - Timestep 42, input to next step: --------------------------------------------------------------------------------------------------------
[2026-04-19 23:44:04,775][rfdiffusion.inference.model_runners][INFO] - Timestep 41, input to next step: --------------------------------------------------------------------------------------------------------
[2026-04-19 23:44:08,116][rfdiffusion.inference.model_runners][INFO] - Timestep 40, input to next step: --------------------------------------------------------------------------------------------------------
[2026-04-19 23:44:10,080][rfdiffusion.inference.model_runners][INFO] - Timestep 39, input to next step: --------------------------------------------------------------------------------------------------------
[2026-04-19 23:44:11,899][rfdiffusion.inference.model_runners][INFO] - Timestep 38, input to next step: --------------------------------------------------------------------------------------------------------
[2026-04-19 23:44:13,901][rfdiffusion.inference.model_runners][INFO] - Timestep 37, input to next step: --------------------------------------------------------------------------------------------------------
[2026-04-19 23:44:16,060][rfdiffusion.inference.model_runners][INFO] - Timestep 36, input to next step: --------------------------------------------------------------------------------------------------------
[2026-04-19 23:44:18,500][rfdiffusion.inference.model_runners][INFO] - Timestep 35, input to next step: --------------------------------------------------------------------------------------------------------
[2026-04-19 23:44:20,643][rfdiffusion.inference.model_runners][INFO] - Timestep 34, input to next step: --------------------------------------------------------------------------------------------------------
[2026-04-19 23:44:22,776][rfdiffusion.inference.model_runners][INFO] - Timestep 33, input to next step: --------------------------------------------------------------------------------------------------------
[2026-04-19 23:44:25,017][rfdiffusion.inference.model_runners][INFO] - Timestep 32, input to next step: --------------------------------------------------------------------------------------------------------
[2026-04-19 23:44:26,995][rfdiffusion.inference.model_runners][INFO] - Timestep 31, input to next step: --------------------------------------------------------------------------------------------------------
[2026-04-19 23:44:29,242][rfdiffusion.inference.model_runners][INFO] - Timestep 30, input to next step: --------------------------------------------------------------------------------------------------------
[2026-04-19 23:44:31,467][rfdiffusion.inference.model_runners][INFO] - Timestep 29, input to next step: --------------------------------------------------------------------------------------------------------
[2026-04-19 23:44:33,785][rfdiffusion.inference.model_runners][INFO] - Timestep 28, input to next step: --------------------------------------------------------------------------------------------------------
[2026-04-19 23:44:36,023][rfdiffusion.inference.model_runners][INFO] - Timestep 27, input to next step: --------------------------------------------------------------------------------------------------------
[2026-04-19 23:44:39,079][rfdiffusion.inference.model_runners][INFO] - Timestep 26, input to next step: --------------------------------------------------------------------------------------------------------
[2026-04-19 23:44:42,676][rfdiffusion.inference.model_runners][INFO] - Timestep 25, input to next step: --------------------------------------------------------------------------------------------------------
[2026-04-19 23:44:44,727][rfdiffusion.inference.model_runners][INFO] - Timestep 24, input to next step: --------------------------------------------------------------------------------------------------------
[2026-04-19 23:44:47,186][rfdiffusion.inference.model_runners][INFO] - Timestep 23, input to next step: --------------------------------------------------------------------------------------------------------
[2026-04-19 23:44:49,300][rfdiffusion.inference.model_runners][INFO] - Timestep 22, input to next step: --------------------------------------------------------------------------------------------------------
[2026-04-19 23:44:51,402][rfdiffusion.inference.model_runners][INFO] - Timestep 21, input to next step: --------------------------------------------------------------------------------------------------------
[2026-04-19 23:44:54,268][rfdiffusion.inference.model_runners][INFO] - Timestep 20, input to next step: --------------------------------------------------------------------------------------------------------
[2026-04-19 23:44:56,720][rfdiffusion.inference.model_runners][INFO] - Timestep 19, input to next step: --------------------------------------------------------------------------------------------------------
[2026-04-19 23:44:59,051][rfdiffusion.inference.model_runners][INFO] - Timestep 18, input to next step: --------------------------------------------------------------------------------------------------------
[2026-04-19 23:45:01,449][rfdiffusion.inference.model_runners][INFO] - Timestep 17, input to next step: --------------------------------------------------------------------------------------------------------
[2026-04-19 23:45:03,773][rfdiffusion.inference.model_runners][INFO] - Timestep 16, input to next step: --------------------------------------------------------------------------------------------------------
[2026-04-19 23:45:06,323][rfdiffusion.inference.model_runners][INFO] - Timestep 15, input to next step: --------------------------------------------------------------------------------------------------------
[2026-04-19 23:45:08,947][rfdiffusion.inference.model_runners][INFO] - Timestep 14, input to next step: --------------------------------------------------------------------------------------------------------
[2026-04-19 23:45:11,593][rfdiffusion.inference.model_runners][INFO] - Timestep 13, input to next step: --------------------------------------------------------------------------------------------------------
[2026-04-19 23:45:14,196][rfdiffusion.inference.model_runners][INFO] - Timestep 12, input to next step: --------------------------------------------------------------------------------------------------------
[2026-04-19 23:45:17,877][rfdiffusion.inference.model_runners][INFO] - Timestep 11, input to next step: --------------------------------------------------------------------------------------------------------
[2026-04-19 23:45:20,952][rfdiffusion.inference.model_runners][INFO] - Timestep 10, input to next step: --------------------------------------------------------------------------------------------------------
[2026-04-19 23:45:24,093][rfdiffusion.inference.model_runners][INFO] - Timestep 9, input to next step: --------------------------------------------------------------------------------------------------------
[2026-04-19 23:45:27,176][rfdiffusion.inference.model_runners][INFO] - Timestep 8, input to next step: --------------------------------------------------------------------------------------------------------
[2026-04-19 23:45:30,592][rfdiffusion.inference.model_runners][INFO] - Timestep 7, input to next step: --------------------------------------------------------------------------------------------------------
[2026-04-19 23:45:33,475][rfdiffusion.inference.model_runners][INFO] - Timestep 6, input to next step: --------------------------------------------------------------------------------------------------------
[2026-04-19 23:45:36,339][rfdiffusion.inference.model_runners][INFO] - Timestep 5, input to next step: --------------------------------------------------------------------------------------------------------
[2026-04-19 23:45:39,730][rfdiffusion.inference.model_runners][INFO] - Timestep 4, input to next step: --------------------------------------------------------------------------------------------------------
[2026-04-19 23:45:42,933][rfdiffusion.inference.model_runners][INFO] - Timestep 3, input to next step: --------------------------------------------------------------------------------------------------------
[2026-04-19 23:45:46,043][rfdiffusion.inference.model_runners][INFO] - Timestep 2, input to next step: --------------------------------------------------------------------------------------------------------
[2026-04-19 23:45:53,284][__main__][INFO] - Finished design in 2.24 minutes
[2026-04-19 23:45:53,284][__main__][INFO] - Making design /home/manvi/Team_8_CS598GBL/Assignment/Generate_designs/default/len_104/design_1
[2026-04-19 23:45:53,292][rfdiffusion.inference.model_runners][INFO] - Using contig: ['104-104']
[2026-04-19 23:45:53,327][rfdiffusion.inference.model_runners][INFO] - Sequence init: --------------------------------------------------------------------------------------------------------
[2026-04-19 23:45:55,755][rfdiffusion.inference.model_runners][INFO] - Timestep 50, input to next step: --------------------------------------------------------------------------------------------------------
[2026-04-19 23:45:58,737][rfdiffusion.inference.model_runners][INFO] - Timestep 49, input to next step: --------------------------------------------------------------------------------------------------------
[2026-04-19 23:46:01,666][rfdiffusion.inference.model_runners][INFO] - Timestep 48, input to next step: --------------------------------------------------------------------------------------------------------
[2026-04-19 23:46:04,604][rfdiffusion.inference.model_runners][INFO] - Timestep 47, input to next step: --------------------------------------------------------------------------------------------------------
[2026-04-19 23:46:07,528][rfdiffusion.inference.model_runners][INFO] - Timestep 46, input to next step: --------------------------------------------------------------------------------------------------------
[2026-04-19 23:46:12,321][rfdiffusion.inference.model_runners][INFO] - Timestep 45, input to next step: --------------------------------------------------------------------------------------------------------
[2026-04-19 23:46:17,321][rfdiffusion.inference.model_runners][INFO] - Timestep 44, input to next step: --------------------------------------------------------------------------------------------------------
[2026-04-19 23:46:22,966][rfdiffusion.inference.model_runners][INFO] - Timestep 43, input to next step: --------------------------------------------------------------------------------------------------------
[2026-04-19 23:46:29,602][rfdiffusion.inference.model_runners][INFO] - Timestep 42, input to next step: --------------------------------------------------------------------------------------------------------
[2026-04-19 23:46:34,344][rfdiffusion.inference.model_runners][INFO] - Timestep 41, input to next step: --------------------------------------------------------------------------------------------------------
[2026-04-19 23:46:36,741][rfdiffusion.inference.model_runners][INFO] - Timestep 40, input to next step: --------------------------------------------------------------------------------------------------------
[2026-04-19 23:46:38,708][rfdiffusion.inference.model_runners][INFO] - Timestep 39, input to next step: --------------------------------------------------------------------------------------------------------
[2026-04-19 23:46:41,169][rfdiffusion.inference.model_runners][INFO] - Timestep 38, input to next step: --------------------------------------------------------------------------------------------------------
[2026-04-19 23:46:46,019][rfdiffusion.inference.model_runners][INFO] - Timestep 37, input to next step: --------------------------------------------------------------------------------------------------------
[2026-04-19 23:46:51,251][rfdiffusion.inference.model_runners][INFO] - Timestep 36, input to next step: --------------------------------------------------------------------------------------------------------
[2026-04-19 23:46:56,309][rfdiffusion.inference.model_runners][INFO] - Timestep 35, input to next step: --------------------------------------------------------------------------------------------------------
[2026-04-19 23:47:00,119][rfdiffusion.inference.model_runners][INFO] - Timestep 34, input to next step: --------------------------------------------------------------------------------------------------------
[2026-04-19 23:47:04,489][rfdiffusion.inference.model_runners][INFO] - Timestep 33, input to next step: --------------------------------------------------------------------------------------------------------
[2026-04-19 23:47:07,331][rfdiffusion.inference.model_runners][INFO] - Timestep 32, input to next step: --------------------------------------------------------------------------------------------------------
[2026-04-19 23:47:10,205][rfdiffusion.inference.model_runners][INFO] - Timestep 31, input to next step: --------------------------------------------------------------------------------------------------------
[2026-04-19 23:47:13,333][rfdiffusion.inference.model_runners][INFO] - Timestep 30, input to next step: --------------------------------------------------------------------------------------------------------
[2026-04-19 23:47:16,421][rfdiffusion.inference.model_runners][INFO] - Timestep 29, input to next step: --------------------------------------------------------------------------------------------------------
[2026-04-19 23:47:21,729][rfdiffusion.inference.model_runners][INFO] - Timestep 28, input to next step: --------------------------------------------------------------------------------------------------------
[2026-04-19 23:47:27,472][rfdiffusion.inference.model_runners][INFO] - Timestep 27, input to next step: --------------------------------------------------------------------------------------------------------
[2026-04-19 23:47:34,639][rfdiffusion.inference.model_runners][INFO] - Timestep 26, input to next step: --------------------------------------------------------------------------------------------------------
[2026-04-19 23:47:41,328][rfdiffusion.inference.model_runners][INFO] - Timestep 25, input to next step: --------------------------------------------------------------------------------------------------------
[2026-04-19 23:47:46,452][rfdiffusion.inference.model_runners][INFO] - Timestep 24, input to next step: --------------------------------------------------------------------------------------------------------
[2026-04-19 23:47:50,530][rfdiffusion.inference.model_runners][INFO] - Timestep 23, input to next step: --------------------------------------------------------------------------------------------------------
[2026-04-19 23:47:54,280][rfdiffusion.inference.model_runners][INFO] - Timestep 22, input to next step: --------------------------------------------------------------------------------------------------------
[2026-04-19 23:47:56,783][rfdiffusion.inference.model_runners][INFO] - Timestep 21, input to next step: --------------------------------------------------------------------------------------------------------
[2026-04-19 23:47:59,566][rfdiffusion.inference.model_runners][INFO] - Timestep 20, input to next step: --------------------------------------------------------------------------------------------------------
[2026-04-19 23:48:02,368][rfdiffusion.inference.model_runners][INFO] - Timestep 19, input to next step: --------------------------------------------------------------------------------------------------------
[2026-04-19 23:48:05,473][rfdiffusion.inference.model_runners][INFO] - Timestep 18, input to next step: --------------------------------------------------------------------------------------------------------
[2026-04-19 23:48:08,648][rfdiffusion.inference.model_runners][INFO] - Timestep 17, input to next step: --------------------------------------------------------------------------------------------------------
[2026-04-19 23:48:13,106][rfdiffusion.inference.model_runners][INFO] - Timestep 16, input to next step: --------------------------------------------------------------------------------------------------------
[2026-04-19 23:48:15,940][rfdiffusion.inference.model_runners][INFO] - Timestep 15, input to next step: --------------------------------------------------------------------------------------------------------
[2026-04-19 23:48:22,409][rfdiffusion.inference.model_runners][INFO] - Timestep 14, input to next step: --------------------------------------------------------------------------------------------------------
[2026-04-19 23:48:26,632][rfdiffusion.inference.model_runners][INFO] - Timestep 13, input to next step: --------------------------------------------------------------------------------------------------------
[2026-04-19 23:48:29,100][rfdiffusion.inference.model_runners][INFO] - Timestep 12, input to next step: --------------------------------------------------------------------------------------------------------
[2026-04-19 23:48:35,171][rfdiffusion.inference.model_runners][INFO] - Timestep 11, input to next step: --------------------------------------------------------------------------------------------------------
[2026-04-19 23:48:40,541][rfdiffusion.inference.model_runners][INFO] - Timestep 10, input to next step: --------------------------------------------------------------------------------------------------------
[2026-04-19 23:48:44,036][rfdiffusion.inference.model_runners][INFO] - Timestep 9, input to next step: --------------------------------------------------------------------------------------------------------
[2026-04-19 23:48:47,133][rfdiffusion.inference.model_runners][INFO] - Timestep 8, input to next step: --------------------------------------------------------------------------------------------------------
[2026-04-19 23:48:49,549][rfdiffusion.inference.model_runners][INFO] - Timestep 7, input to next step: --------------------------------------------------------------------------------------------------------
[2026-04-19 23:48:51,977][rfdiffusion.inference.model_runners][INFO] - Timestep 6, input to next step: --------------------------------------------------------------------------------------------------------
[2026-04-19 23:48:54,239][rfdiffusion.inference.model_runners][INFO] - Timestep 5, input to next step: --------------------------------------------------------------------------------------------------------
[2026-04-19 23:48:56,626][rfdiffusion.inference.model_runners][INFO] - Timestep 4, input to next step: --------------------------------------------------------------------------------------------------------
[2026-04-19 23:48:59,379][rfdiffusion.inference.model_runners][INFO] - Timestep 3, input to next step: --------------------------------------------------------------------------------------------------------
[2026-04-19 23:49:02,448][rfdiffusion.inference.model_runners][INFO] - Timestep 2, input to next step: --------------------------------------------------------------------------------------------------------
[2026-04-19 23:49:08,865][__main__][INFO] - Finished design in 3.26 minutes
[2026-04-19 23:49:08,865][__main__][INFO] - Making design /home/manvi/Team_8_CS598GBL/Assignment/Generate_designs/default/len_104/design_2
[2026-04-19 23:49:08,873][rfdiffusion.inference.model_runners][INFO] - Using contig: ['104-104']
[2026-04-19 23:49:08,906][rfdiffusion.inference.model_runners][INFO] - Sequence init: --------------------------------------------------------------------------------------------------------
[2026-04-19 23:49:11,291][rfdiffusion.inference.model_runners][INFO] - Timestep 50, input to next step: --------------------------------------------------------------------------------------------------------
[2026-04-19 23:49:14,286][rfdiffusion.inference.model_runners][INFO] - Timestep 49, input to next step: --------------------------------------------------------------------------------------------------------
[2026-04-19 23:49:20,956][rfdiffusion.inference.model_runners][INFO] - Timestep 48, input to next step: --------------------------------------------------------------------------------------------------------
[2026-04-19 23:49:24,545][rfdiffusion.inference.model_runners][INFO] - Timestep 47, input to next step: --------------------------------------------------------------------------------------------------------
[2026-04-19 23:49:28,247][rfdiffusion.inference.model_runners][INFO] - Timestep 46, input to next step: --------------------------------------------------------------------------------------------------------
[2026-04-19 23:49:31,551][rfdiffusion.inference.model_runners][INFO] - Timestep 45, input to next step: --------------------------------------------------------------------------------------------------------
[2026-04-19 23:49:34,941][rfdiffusion.inference.model_runners][INFO] - Timestep 44, input to next step: --------------------------------------------------------------------------------------------------------
[2026-04-19 23:49:37,378][rfdiffusion.inference.model_runners][INFO] - Timestep 43, input to next step: --------------------------------------------------------------------------------------------------------
[2026-04-19 23:49:40,102][rfdiffusion.inference.model_runners][INFO] - Timestep 42, input to next step: --------------------------------------------------------------------------------------------------------
[2026-04-19 23:49:43,996][rfdiffusion.inference.model_runners][INFO] - Timestep 41, input to next step: --------------------------------------------------------------------------------------------------------
[2026-04-19 23:49:46,953][rfdiffusion.inference.model_runners][INFO] - Timestep 40, input to next step: --------------------------------------------------------------------------------------------------------
[2026-04-19 23:49:50,415][rfdiffusion.inference.model_runners][INFO] - Timestep 39, input to next step: --------------------------------------------------------------------------------------------------------
[2026-04-19 23:49:53,277][rfdiffusion.inference.model_runners][INFO] - Timestep 38, input to next step: --------------------------------------------------------------------------------------------------------
[2026-04-19 23:49:56,114][rfdiffusion.inference.model_runners][INFO] - Timestep 37, input to next step: --------------------------------------------------------------------------------------------------------
[2026-04-19 23:50:01,297][rfdiffusion.inference.model_runners][INFO] - Timestep 36, input to next step: --------------------------------------------------------------------------------------------------------
[2026-04-19 23:50:13,624][rfdiffusion.inference.model_runners][INFO] - Timestep 35, input to next step: --------------------------------------------------------------------------------------------------------
[2026-04-19 23:50:19,475][rfdiffusion.inference.model_runners][INFO] - Timestep 34, input to next step: --------------------------------------------------------------------------------------------------------
[2026-04-19 23:50:23,138][rfdiffusion.inference.model_runners][INFO] - Timestep 33, input to next step: --------------------------------------------------------------------------------------------------------
[2026-04-19 23:50:28,488][rfdiffusion.inference.model_runners][INFO] - Timestep 32, input to next step: --------------------------------------------------------------------------------------------------------
[2026-04-19 23:50:31,927][rfdiffusion.inference.model_runners][INFO] - Timestep 31, input to next step: --------------------------------------------------------------------------------------------------------
[2026-04-19 23:50:35,559][rfdiffusion.inference.model_runners][INFO] - Timestep 30, input to next step: --------------------------------------------------------------------------------------------------------
[2026-04-19 23:50:39,233][rfdiffusion.inference.model_runners][INFO] - Timestep 29, input to next step: --------------------------------------------------------------------------------------------------------
[2026-04-19 23:50:42,272][rfdiffusion.inference.model_runners][INFO] - Timestep 28, input to next step: --------------------------------------------------------------------------------------------------------
[2026-04-19 23:50:45,701][rfdiffusion.inference.model_runners][INFO] - Timestep 27, input to next step: --------------------------------------------------------------------------------------------------------
[2026-04-19 23:50:49,193][rfdiffusion.inference.model_runners][INFO] - Timestep 26, input to next step: --------------------------------------------------------------------------------------------------------
[2026-04-19 23:50:53,227][rfdiffusion.inference.model_runners][INFO] - Timestep 25, input to next step: --------------------------------------------------------------------------------------------------------
[2026-04-19 23:50:55,212][rfdiffusion.inference.model_runners][INFO] - Timestep 24, input to next step: --------------------------------------------------------------------------------------------------------
[2026-04-19 23:50:57,557][rfdiffusion.inference.model_runners][INFO] - Timestep 23, input to next step: --------------------------------------------------------------------------------------------------------
[2026-04-19 23:50:59,517][rfdiffusion.inference.model_runners][INFO] - Timestep 22, input to next step: --------------------------------------------------------------------------------------------------------
[2026-04-19 23:51:01,426][rfdiffusion.inference.model_runners][INFO] - Timestep 21, input to next step: --------------------------------------------------------------------------------------------------------
[2026-04-19 23:51:03,296][rfdiffusion.inference.model_runners][INFO] - Timestep 20, input to next step: --------------------------------------------------------------------------------------------------------
[2026-04-19 23:51:05,768][rfdiffusion.inference.model_runners][INFO] - Timestep 19, input to next step: --------------------------------------------------------------------------------------------------------
[2026-04-19 23:51:07,622][rfdiffusion.inference.model_runners][INFO] - Timestep 18, input to next step: --------------------------------------------------------------------------------------------------------
[2026-04-19 23:51:09,518][rfdiffusion.inference.model_runners][INFO] - Timestep 17, input to next step: --------------------------------------------------------------------------------------------------------
[2026-04-19 23:51:11,336][rfdiffusion.inference.model_runners][INFO] - Timestep 16, input to next step: --------------------------------------------------------------------------------------------------------
[2026-04-19 23:51:13,341][rfdiffusion.inference.model_runners][INFO] - Timestep 15, input to next step: --------------------------------------------------------------------------------------------------------
[2026-04-19 23:51:15,381][rfdiffusion.inference.model_runners][INFO] - Timestep 14, input to next step: --------------------------------------------------------------------------------------------------------
[2026-04-19 23:51:17,057][rfdiffusion.inference.model_runners][INFO] - Timestep 13, input to next step: --------------------------------------------------------------------------------------------------------
[2026-04-19 23:51:19,611][rfdiffusion.inference.model_runners][INFO] - Timestep 12, input to next step: --------------------------------------------------------------------------------------------------------
[2026-04-19 23:51:23,927][rfdiffusion.inference.model_runners][INFO] - Timestep 11, input to next step: --------------------------------------------------------------------------------------------------------
[2026-04-19 23:51:27,111][rfdiffusion.inference.model_runners][INFO] - Timestep 10, input to next step: --------------------------------------------------------------------------------------------------------
[2026-04-19 23:51:30,383][rfdiffusion.inference.model_runners][INFO] - Timestep 9, input to next step: --------------------------------------------------------------------------------------------------------
[2026-04-19 23:51:33,378][rfdiffusion.inference.model_runners][INFO] - Timestep 8, input to next step: --------------------------------------------------------------------------------------------------------
[2026-04-19 23:51:35,905][rfdiffusion.inference.model_runners][INFO] - Timestep 7, input to next step: --------------------------------------------------------------------------------------------------------
[2026-04-19 23:51:37,985][rfdiffusion.inference.model_runners][INFO] - Timestep 6, input to next step: --------------------------------------------------------------------------------------------------------
[2026-04-19 23:51:40,120][rfdiffusion.inference.model_runners][INFO] - Timestep 5, input to next step: --------------------------------------------------------------------------------------------------------
[2026-04-19 23:51:42,522][rfdiffusion.inference.model_runners][INFO] - Timestep 4, input to next step: --------------------------------------------------------------------------------------------------------
[2026-04-19 23:51:44,741][rfdiffusion.inference.model_runners][INFO] - Timestep 3, input to next step: --------------------------------------------------------------------------------------------------------
[2026-04-19 23:51:47,236][rfdiffusion.inference.model_runners][INFO] - Timestep 2, input to next step: --------------------------------------------------------------------------------------------------------
[2026-04-19 23:51:54,173][__main__][INFO] - Finished design in 2.76 minutes
[2026-04-19 23:51:54,173][__main__][INFO] - Making design /home/manvi/Team_8_CS598GBL/Assignment/Generate_designs/default/len_104/design_3
[2026-04-19 23:51:54,185][rfdiffusion.inference.model_runners][INFO] - Using contig: ['104-104']
[2026-04-19 23:51:54,235][rfdiffusion.inference.model_runners][INFO] - Sequence init: --------------------------------------------------------------------------------------------------------
[2026-04-19 23:51:56,498][rfdiffusion.inference.model_runners][INFO] - Timestep 50, input to next step: --------------------------------------------------------------------------------------------------------
[2026-04-19 23:51:58,992][rfdiffusion.inference.model_runners][INFO] - Timestep 49, input to next step: --------------------------------------------------------------------------------------------------------
[2026-04-19 23:52:01,104][rfdiffusion.inference.model_runners][INFO] - Timestep 48, input to next step: --------------------------------------------------------------------------------------------------------
[2026-04-19 23:52:03,620][rfdiffusion.inference.model_runners][INFO] - Timestep 47, input to next step: --------------------------------------------------------------------------------------------------------
[2026-04-19 23:52:07,028][rfdiffusion.inference.model_runners][INFO] - Timestep 46, input to next step: --------------------------------------------------------------------------------------------------------
[2026-04-19 23:52:09,860][rfdiffusion.inference.model_runners][INFO] - Timestep 45, input to next step: --------------------------------------------------------------------------------------------------------
[2026-04-19 23:52:12,220][rfdiffusion.inference.model_runners][INFO] - Timestep 44, input to next step: --------------------------------------------------------------------------------------------------------
[2026-04-19 23:52:14,373][rfdiffusion.inference.model_runners][INFO] - Timestep 43, input to next step: --------------------------------------------------------------------------------------------------------
[2026-04-19 23:52:16,473][rfdiffusion.inference.model_runners][INFO] - Timestep 42, input to next step: --------------------------------------------------------------------------------------------------------
[2026-04-19 23:52:18,731][rfdiffusion.inference.model_runners][INFO] - Timestep 41, input to next step: --------------------------------------------------------------------------------------------------------
[2026-04-19 23:52:20,748][rfdiffusion.inference.model_runners][INFO] - Timestep 40, input to next step: --------------------------------------------------------------------------------------------------------
[2026-04-19 23:52:22,763][rfdiffusion.inference.model_runners][INFO] - Timestep 39, input to next step: --------------------------------------------------------------------------------------------------------
[2026-04-19 23:52:25,042][rfdiffusion.inference.model_runners][INFO] - Timestep 38, input to next step: --------------------------------------------------------------------------------------------------------
[2026-04-19 23:52:26,980][rfdiffusion.inference.model_runners][INFO] - Timestep 37, input to next step: --------------------------------------------------------------------------------------------------------
[2026-04-19 23:52:28,943][rfdiffusion.inference.model_runners][INFO] - Timestep 36, input to next step: --------------------------------------------------------------------------------------------------------
[2026-04-19 23:52:30,965][rfdiffusion.inference.model_runners][INFO] - Timestep 35, input to next step: --------------------------------------------------------------------------------------------------------
[2026-04-19 23:52:33,179][rfdiffusion.inference.model_runners][INFO] - Timestep 34, input to next step: --------------------------------------------------------------------------------------------------------
[2026-04-19 23:52:35,293][rfdiffusion.inference.model_runners][INFO] - Timestep 33, input to next step: --------------------------------------------------------------------------------------------------------
[2026-04-19 23:52:37,506][rfdiffusion.inference.model_runners][INFO] - Timestep 32, input to next step: --------------------------------------------------------------------------------------------------------
[2026-04-19 23:52:39,347][rfdiffusion.inference.model_runners][INFO] - Timestep 31, input to next step: --------------------------------------------------------------------------------------------------------
[2026-04-19 23:52:41,360][rfdiffusion.inference.model_runners][INFO] - Timestep 30, input to next step: --------------------------------------------------------------------------------------------------------
[2026-04-19 23:52:43,485][rfdiffusion.inference.model_runners][INFO] - Timestep 29, input to next step: --------------------------------------------------------------------------------------------------------
[2026-04-19 23:52:45,726][rfdiffusion.inference.model_runners][INFO] - Timestep 28, input to next step: --------------------------------------------------------------------------------------------------------
[2026-04-19 23:52:47,954][rfdiffusion.inference.model_runners][INFO] - Timestep 27, input to next step: --------------------------------------------------------------------------------------------------------
[2026-04-19 23:52:50,006][rfdiffusion.inference.model_runners][INFO] - Timestep 26, input to next step: --------------------------------------------------------------------------------------------------------
[2026-04-19 23:52:52,147][rfdiffusion.inference.model_runners][INFO] - Timestep 25, input to next step: --------------------------------------------------------------------------------------------------------
[2026-04-19 23:52:54,307][rfdiffusion.inference.model_runners][INFO] - Timestep 24, input to next step: --------------------------------------------------------------------------------------------------------
[2026-04-19 23:52:56,421][rfdiffusion.inference.model_runners][INFO] - Timestep 23, input to next step: --------------------------------------------------------------------------------------------------------
[2026-04-19 23:52:58,951][rfdiffusion.inference.model_runners][INFO] - Timestep 22, input to next step: --------------------------------------------------------------------------------------------------------
[2026-04-19 23:53:01,121][rfdiffusion.inference.model_runners][INFO] - Timestep 21, input to next step: --------------------------------------------------------------------------------------------------------
[2026-04-19 23:53:03,321][rfdiffusion.inference.model_runners][INFO] - Timestep 20, input to next step: --------------------------------------------------------------------------------------------------------
[2026-04-19 23:53:05,515][rfdiffusion.inference.model_runners][INFO] - Timestep 19, input to next step: --------------------------------------------------------------------------------------------------------
[2026-04-19 23:53:07,914][rfdiffusion.inference.model_runners][INFO] - Timestep 18, input to next step: --------------------------------------------------------------------------------------------------------
[2026-04-19 23:53:10,372][rfdiffusion.inference.model_runners][INFO] - Timestep 17, input to next step: --------------------------------------------------------------------------------------------------------
[2026-04-19 23:53:12,441][rfdiffusion.inference.model_runners][INFO] - Timestep 16, input to next step: --------------------------------------------------------------------------------------------------------
[2026-04-19 23:53:15,628][rfdiffusion.inference.model_runners][INFO] - Timestep 15, input to next step: --------------------------------------------------------------------------------------------------------
[2026-04-19 23:53:18,346][rfdiffusion.inference.model_runners][INFO] - Timestep 14, input to next step: --------------------------------------------------------------------------------------------------------
[2026-04-19 23:53:20,929][rfdiffusion.inference.model_runners][INFO] - Timestep 13, input to next step: --------------------------------------------------------------------------------------------------------
[2026-04-19 23:53:23,166][rfdiffusion.inference.model_runners][INFO] - Timestep 12, input to next step: --------------------------------------------------------------------------------------------------------
[2026-04-19 23:53:25,524][rfdiffusion.inference.model_runners][INFO] - Timestep 11, input to next step: --------------------------------------------------------------------------------------------------------
[2026-04-19 23:53:28,563][rfdiffusion.inference.model_runners][INFO] - Timestep 10, input to next step: --------------------------------------------------------------------------------------------------------
[2026-04-19 23:53:30,897][rfdiffusion.inference.model_runners][INFO] - Timestep 9, input to next step: --------------------------------------------------------------------------------------------------------
[2026-04-19 23:53:33,999][rfdiffusion.inference.model_runners][INFO] - Timestep 8, input to next step: --------------------------------------------------------------------------------------------------------
[2026-04-19 23:53:35,961][rfdiffusion.inference.model_runners][INFO] - Timestep 7, input to next step: --------------------------------------------------------------------------------------------------------
[2026-04-19 23:53:38,290][rfdiffusion.inference.model_runners][INFO] - Timestep 6, input to next step: --------------------------------------------------------------------------------------------------------
[2026-04-19 23:53:41,061][rfdiffusion.inference.model_runners][INFO] - Timestep 5, input to next step: --------------------------------------------------------------------------------------------------------
[2026-04-19 23:53:44,555][rfdiffusion.inference.model_runners][INFO] - Timestep 4, input to next step: --------------------------------------------------------------------------------------------------------
[2026-04-19 23:53:47,507][rfdiffusion.inference.model_runners][INFO] - Timestep 3, input to next step: --------------------------------------------------------------------------------------------------------
[2026-04-19 23:53:51,968][rfdiffusion.inference.model_runners][INFO] - Timestep 2, input to next step: --------------------------------------------------------------------------------------------------------
[2026-04-19 23:53:58,133][__main__][INFO] - Finished design in 2.07 minutes
[2026-04-19 23:53:58,133][__main__][INFO] - Making design /home/manvi/Team_8_CS598GBL/Assignment/Generate_designs/default/len_104/design_4
[2026-04-19 23:53:58,139][rfdiffusion.inference.model_runners][INFO] - Using contig: ['104-104']
[2026-04-19 23:53:58,166][rfdiffusion.inference.model_runners][INFO] - Sequence init: --------------------------------------------------------------------------------------------------------
[2026-04-19 23:54:00,024][rfdiffusion.inference.model_runners][INFO] - Timestep 50, input to next step: --------------------------------------------------------------------------------------------------------
[2026-04-19 23:54:02,403][rfdiffusion.inference.model_runners][INFO] - Timestep 49, input to next step: --------------------------------------------------------------------------------------------------------
[2026-04-19 23:54:04,383][rfdiffusion.inference.model_runners][INFO] - Timestep 48, input to next step: --------------------------------------------------------------------------------------------------------
[2026-04-19 23:54:06,601][rfdiffusion.inference.model_runners][INFO] - Timestep 47, input to next step: --------------------------------------------------------------------------------------------------------
[2026-04-19 23:54:08,770][rfdiffusion.inference.model_runners][INFO] - Timestep 46, input to next step: --------------------------------------------------------------------------------------------------------
[2026-04-19 23:54:10,971][rfdiffusion.inference.model_runners][INFO] - Timestep 45, input to next step: --------------------------------------------------------------------------------------------------------
[2026-04-19 23:54:13,280][rfdiffusion.inference.model_runners][INFO] - Timestep 44, input to next step: --------------------------------------------------------------------------------------------------------
[2026-04-19 23:54:15,302][rfdiffusion.inference.model_runners][INFO] - Timestep 43, input to next step: --------------------------------------------------------------------------------------------------------
[2026-04-19 23:54:17,212][rfdiffusion.inference.model_runners][INFO] - Timestep 42, input to next step: --------------------------------------------------------------------------------------------------------
[2026-04-19 23:54:19,238][rfdiffusion.inference.model_runners][INFO] - Timestep 41, input to next step: --------------------------------------------------------------------------------------------------------
[2026-04-19 23:54:21,426][rfdiffusion.inference.model_runners][INFO] - Timestep 40, input to next step: --------------------------------------------------------------------------------------------------------
[2026-04-19 23:54:23,401][rfdiffusion.inference.model_runners][INFO] - Timestep 39, input to next step: --------------------------------------------------------------------------------------------------------
[2026-04-19 23:54:25,851][rfdiffusion.inference.model_runners][INFO] - Timestep 38, input to next step: --------------------------------------------------------------------------------------------------------
[2026-04-19 23:54:27,983][rfdiffusion.inference.model_runners][INFO] - Timestep 37, input to next step: --------------------------------------------------------------------------------------------------------
[2026-04-19 23:54:30,009][rfdiffusion.inference.model_runners][INFO] - Timestep 36, input to next step: --------------------------------------------------------------------------------------------------------
[2026-04-19 23:54:32,176][rfdiffusion.inference.model_runners][INFO] - Timestep 35, input to next step: --------------------------------------------------------------------------------------------------------
[2026-04-19 23:54:34,978][rfdiffusion.inference.model_runners][INFO] - Timestep 34, input to next step: --------------------------------------------------------------------------------------------------------
[2026-04-19 23:54:37,288][rfdiffusion.inference.model_runners][INFO] - Timestep 33, input to next step: --------------------------------------------------------------------------------------------------------
[2026-04-19 23:54:39,300][rfdiffusion.inference.model_runners][INFO] - Timestep 32, input to next step: --------------------------------------------------------------------------------------------------------
[2026-04-19 23:54:41,768][rfdiffusion.inference.model_runners][INFO] - Timestep 31, input to next step: --------------------------------------------------------------------------------------------------------
[2026-04-19 23:54:43,859][rfdiffusion.inference.model_runners][INFO] - Timestep 30, input to next step: --------------------------------------------------------------------------------------------------------
[2026-04-19 23:54:45,950][rfdiffusion.inference.model_runners][INFO] - Timestep 29, input to next step: --------------------------------------------------------------------------------------------------------
[2026-04-19 23:54:48,262][rfdiffusion.inference.model_runners][INFO] - Timestep 28, input to next step: --------------------------------------------------------------------------------------------------------
[2026-04-19 23:54:50,410][rfdiffusion.inference.model_runners][INFO] - Timestep 27, input to next step: --------------------------------------------------------------------------------------------------------
[2026-04-19 23:54:52,501][rfdiffusion.inference.model_runners][INFO] - Timestep 26, input to next step: --------------------------------------------------------------------------------------------------------
[2026-04-19 23:54:54,592][rfdiffusion.inference.model_runners][INFO] - Timestep 25, input to next step: --------------------------------------------------------------------------------------------------------
[2026-04-19 23:54:56,545][rfdiffusion.inference.model_runners][INFO] - Timestep 24, input to next step: --------------------------------------------------------------------------------------------------------
[2026-04-19 23:54:58,667][rfdiffusion.inference.model_runners][INFO] - Timestep 23, input to next step: --------------------------------------------------------------------------------------------------------
[2026-04-19 23:55:00,843][rfdiffusion.inference.model_runners][INFO] - Timestep 22, input to next step: --------------------------------------------------------------------------------------------------------
[2026-04-19 23:55:02,998][rfdiffusion.inference.model_runners][INFO] - Timestep 21, input to next step: --------------------------------------------------------------------------------------------------------
[2026-04-19 23:55:05,100][rfdiffusion.inference.model_runners][INFO] - Timestep 20, input to next step: --------------------------------------------------------------------------------------------------------
[2026-04-19 23:55:07,389][rfdiffusion.inference.model_runners][INFO] - Timestep 19, input to next step: --------------------------------------------------------------------------------------------------------
[2026-04-19 23:55:09,429][rfdiffusion.inference.model_runners][INFO] - Timestep 18, input to next step: --------------------------------------------------------------------------------------------------------
[2026-04-19 23:55:12,158][rfdiffusion.inference.model_runners][INFO] - Timestep 17, input to next step: --------------------------------------------------------------------------------------------------------
[2026-04-19 23:55:15,100][rfdiffusion.inference.model_runners][INFO] - Timestep 16, input to next step: --------------------------------------------------------------------------------------------------------
[2026-04-19 23:55:18,175][rfdiffusion.inference.model_runners][INFO] - Timestep 15, input to next step: --------------------------------------------------------------------------------------------------------
[2026-04-19 23:55:20,699][rfdiffusion.inference.model_runners][INFO] - Timestep 14, input to next step: --------------------------------------------------------------------------------------------------------
[2026-04-19 23:55:22,842][rfdiffusion.inference.model_runners][INFO] - Timestep 13, input to next step: --------------------------------------------------------------------------------------------------------
[2026-04-19 23:55:24,801][rfdiffusion.inference.model_runners][INFO] - Timestep 12, input to next step: --------------------------------------------------------------------------------------------------------
[2026-04-19 23:55:26,759][rfdiffusion.inference.model_runners][INFO] - Timestep 11, input to next step: --------------------------------------------------------------------------------------------------------
[2026-04-19 23:55:28,902][rfdiffusion.inference.model_runners][INFO] - Timestep 10, input to next step: --------------------------------------------------------------------------------------------------------
[2026-04-19 23:55:30,735][rfdiffusion.inference.model_runners][INFO] - Timestep 9, input to next step: --------------------------------------------------------------------------------------------------------
[2026-04-19 23:55:32,763][rfdiffusion.inference.model_runners][INFO] - Timestep 8, input to next step: --------------------------------------------------------------------------------------------------------
[2026-04-19 23:55:35,031][rfdiffusion.inference.model_runners][INFO] - Timestep 7, input to next step: --------------------------------------------------------------------------------------------------------
[2026-04-19 23:55:37,190][rfdiffusion.inference.model_runners][INFO] - Timestep 6, input to next step: --------------------------------------------------------------------------------------------------------
[2026-04-19 23:55:39,233][rfdiffusion.inference.model_runners][INFO] - Timestep 5, input to next step: --------------------------------------------------------------------------------------------------------
[2026-04-19 23:55:41,250][rfdiffusion.inference.model_runners][INFO] - Timestep 4, input to next step: --------------------------------------------------------------------------------------------------------
[2026-04-19 23:55:43,261][rfdiffusion.inference.model_runners][INFO] - Timestep 3, input to next step: --------------------------------------------------------------------------------------------------------
[2026-04-19 23:55:45,429][rfdiffusion.inference.model_runners][INFO] - Timestep 2, input to next step: --------------------------------------------------------------------------------------------------------
[2026-04-19 23:55:49,792][__main__][INFO] - Finished design in 1.86 minutes
[2026-04-19 23:55:49,792][__main__][INFO] - Making design /home/manvi/Team_8_CS598GBL/Assignment/Generate_designs/default/len_104/design_5
[2026-04-19 23:55:49,797][rfdiffusion.inference.model_runners][INFO] - Using contig: ['104-104']
[2026-04-19 23:55:49,818][rfdiffusion.inference.model_runners][INFO] - Sequence init: --------------------------------------------------------------------------------------------------------
[2026-04-19 23:55:51,515][rfdiffusion.inference.model_runners][INFO] - Timestep 50, input to next step: --------------------------------------------------------------------------------------------------------
[2026-04-19 23:55:53,547][rfdiffusion.inference.model_runners][INFO] - Timestep 49, input to next step: --------------------------------------------------------------------------------------------------------
[2026-04-19 23:55:56,103][rfdiffusion.inference.model_runners][INFO] - Timestep 48, input to next step: --------------------------------------------------------------------------------------------------------
[2026-04-19 23:55:57,800][rfdiffusion.inference.model_runners][INFO] - Timestep 47, input to next step: --------------------------------------------------------------------------------------------------------
[2026-04-19 23:56:00,126][rfdiffusion.inference.model_runners][INFO] - Timestep 46, input to next step: --------------------------------------------------------------------------------------------------------
[2026-04-19 23:56:02,247][rfdiffusion.inference.model_runners][INFO] - Timestep 45, input to next step: --------------------------------------------------------------------------------------------------------
[2026-04-19 23:56:04,094][rfdiffusion.inference.model_runners][INFO] - Timestep 44, input to next step: --------------------------------------------------------------------------------------------------------
[2026-04-19 23:56:05,950][rfdiffusion.inference.model_runners][INFO] - Timestep 43, input to next step: --------------------------------------------------------------------------------------------------------
[2026-04-19 23:56:07,889][rfdiffusion.inference.model_runners][INFO] - Timestep 42, input to next step: --------------------------------------------------------------------------------------------------------
[2026-04-19 23:56:10,094][rfdiffusion.inference.model_runners][INFO] - Timestep 41, input to next step: --------------------------------------------------------------------------------------------------------
[2026-04-19 23:56:11,857][rfdiffusion.inference.model_runners][INFO] - Timestep 40, input to next step: --------------------------------------------------------------------------------------------------------
[2026-04-19 23:56:14,220][rfdiffusion.inference.model_runners][INFO] - Timestep 39, input to next step: --------------------------------------------------------------------------------------------------------
[2026-04-19 23:56:16,283][rfdiffusion.inference.model_runners][INFO] - Timestep 38, input to next step: --------------------------------------------------------------------------------------------------------
[2026-04-19 23:56:18,261][rfdiffusion.inference.model_runners][INFO] - Timestep 37, input to next step: --------------------------------------------------------------------------------------------------------
[2026-04-19 23:56:20,111][rfdiffusion.inference.model_runners][INFO] - Timestep 36, input to next step: --------------------------------------------------------------------------------------------------------
[2026-04-19 23:56:22,494][rfdiffusion.inference.model_runners][INFO] - Timestep 35, input to next step: --------------------------------------------------------------------------------------------------------
[2026-04-19 23:56:24,577][rfdiffusion.inference.model_runners][INFO] - Timestep 34, input to next step: --------------------------------------------------------------------------------------------------------
[2026-04-19 23:56:26,402][rfdiffusion.inference.model_runners][INFO] - Timestep 33, input to next step: --------------------------------------------------------------------------------------------------------
[2026-04-19 23:56:28,232][rfdiffusion.inference.model_runners][INFO] - Timestep 32, input to next step: --------------------------------------------------------------------------------------------------------
[2026-04-19 23:56:30,176][rfdiffusion.inference.model_runners][INFO] - Timestep 31, input to next step: --------------------------------------------------------------------------------------------------------
[2026-04-19 23:56:32,125][rfdiffusion.inference.model_runners][INFO] - Timestep 30, input to next step: --------------------------------------------------------------------------------------------------------
[2026-04-19 23:56:34,343][rfdiffusion.inference.model_runners][INFO] - Timestep 29, input to next step: --------------------------------------------------------------------------------------------------------
[2026-04-19 23:56:36,212][rfdiffusion.inference.model_runners][INFO] - Timestep 28, input to next step: --------------------------------------------------------------------------------------------------------
[2026-04-19 23:56:38,065][rfdiffusion.inference.model_runners][INFO] - Timestep 27, input to next step: --------------------------------------------------------------------------------------------------------
[2026-04-19 23:56:40,168][rfdiffusion.inference.model_runners][INFO] - Timestep 26, input to next step: --------------------------------------------------------------------------------------------------------
[2026-04-19 23:56:42,127][rfdiffusion.inference.model_runners][INFO] - Timestep 25, input to next step: --------------------------------------------------------------------------------------------------------
[2026-04-19 23:56:44,126][rfdiffusion.inference.model_runners][INFO] - Timestep 24, input to next step: --------------------------------------------------------------------------------------------------------
[2026-04-19 23:56:46,411][rfdiffusion.inference.model_runners][INFO] - Timestep 23, input to next step: --------------------------------------------------------------------------------------------------------
[2026-04-19 23:56:48,497][rfdiffusion.inference.model_runners][INFO] - Timestep 22, input to next step: --------------------------------------------------------------------------------------------------------
[2026-04-19 23:56:50,691][rfdiffusion.inference.model_runners][INFO] - Timestep 21, input to next step: --------------------------------------------------------------------------------------------------------
[2026-04-19 23:56:52,795][rfdiffusion.inference.model_runners][INFO] - Timestep 20, input to next step: --------------------------------------------------------------------------------------------------------
[2026-04-19 23:56:54,783][rfdiffusion.inference.model_runners][INFO] - Timestep 19, input to next step: --------------------------------------------------------------------------------------------------------
[2026-04-19 23:56:56,919][rfdiffusion.inference.model_runners][INFO] - Timestep 18, input to next step: --------------------------------------------------------------------------------------------------------
[2026-04-19 23:56:58,871][rfdiffusion.inference.model_runners][INFO] - Timestep 17, input to next step: --------------------------------------------------------------------------------------------------------
[2026-04-19 23:57:00,693][rfdiffusion.inference.model_runners][INFO] - Timestep 16, input to next step: --------------------------------------------------------------------------------------------------------
[2026-04-19 23:57:02,548][rfdiffusion.inference.model_runners][INFO] - Timestep 15, input to next step: --------------------------------------------------------------------------------------------------------
[2026-04-19 23:57:04,312][rfdiffusion.inference.model_runners][INFO] - Timestep 14, input to next step: --------------------------------------------------------------------------------------------------------
[2026-04-19 23:57:06,156][rfdiffusion.inference.model_runners][INFO] - Timestep 13, input to next step: --------------------------------------------------------------------------------------------------------
[2026-04-19 23:57:07,927][rfdiffusion.inference.model_runners][INFO] - Timestep 12, input to next step: --------------------------------------------------------------------------------------------------------
[2026-04-19 23:57:09,782][rfdiffusion.inference.model_runners][INFO] - Timestep 11, input to next step: --------------------------------------------------------------------------------------------------------
[2026-04-19 23:57:11,974][rfdiffusion.inference.model_runners][INFO] - Timestep 10, input to next step: --------------------------------------------------------------------------------------------------------
[2026-04-19 23:57:16,058][rfdiffusion.inference.model_runners][INFO] - Timestep 9, input to next step: --------------------------------------------------------------------------------------------------------
[2026-04-19 23:57:19,394][rfdiffusion.inference.model_runners][INFO] - Timestep 8, input to next step: --------------------------------------------------------------------------------------------------------
[2026-04-19 23:57:21,388][rfdiffusion.inference.model_runners][INFO] - Timestep 7, input to next step: --------------------------------------------------------------------------------------------------------
[2026-04-19 23:57:23,301][rfdiffusion.inference.model_runners][INFO] - Timestep 6, input to next step: --------------------------------------------------------------------------------------------------------
[2026-04-19 23:57:25,145][rfdiffusion.inference.model_runners][INFO] - Timestep 5, input to next step: --------------------------------------------------------------------------------------------------------
[2026-04-19 23:57:28,078][rfdiffusion.inference.model_runners][INFO] - Timestep 4, input to next step: --------------------------------------------------------------------------------------------------------
[2026-04-19 23:57:29,787][rfdiffusion.inference.model_runners][INFO] - Timestep 3, input to next step: --------------------------------------------------------------------------------------------------------
[2026-04-19 23:57:31,523][rfdiffusion.inference.model_runners][INFO] - Timestep 2, input to next step: --------------------------------------------------------------------------------------------------------
[2026-04-19 23:57:35,502][__main__][INFO] - Finished design in 1.76 minutes
[2026-04-19 23:57:35,503][__main__][INFO] - Making design /home/manvi/Team_8_CS598GBL/Assignment/Generate_designs/default/len_104/design_6
[2026-04-19 23:57:35,510][rfdiffusion.inference.model_runners][INFO] - Using contig: ['104-104']
[2026-04-19 23:57:35,534][rfdiffusion.inference.model_runners][INFO] - Sequence init: --------------------------------------------------------------------------------------------------------
[2026-04-19 23:57:37,025][rfdiffusion.inference.model_runners][INFO] - Timestep 50, input to next step: --------------------------------------------------------------------------------------------------------
[2026-04-19 23:57:38,573][rfdiffusion.inference.model_runners][INFO] - Timestep 49, input to next step: --------------------------------------------------------------------------------------------------------
[2026-04-19 23:57:40,198][rfdiffusion.inference.model_runners][INFO] - Timestep 48, input to next step: --------------------------------------------------------------------------------------------------------
[2026-04-19 23:57:41,849][rfdiffusion.inference.model_runners][INFO] - Timestep 47, input to next step: --------------------------------------------------------------------------------------------------------
[2026-04-19 23:57:43,467][rfdiffusion.inference.model_runners][INFO] - Timestep 46, input to next step: --------------------------------------------------------------------------------------------------------
[2026-04-19 23:57:45,122][rfdiffusion.inference.model_runners][INFO] - Timestep 45, input to next step: --------------------------------------------------------------------------------------------------------
[2026-04-19 23:57:46,793][rfdiffusion.inference.model_runners][INFO] - Timestep 44, input to next step: --------------------------------------------------------------------------------------------------------
[2026-04-19 23:57:48,525][rfdiffusion.inference.model_runners][INFO] - Timestep 43, input to next step: --------------------------------------------------------------------------------------------------------
[2026-04-19 23:57:50,291][rfdiffusion.inference.model_runners][INFO] - Timestep 42, input to next step: --------------------------------------------------------------------------------------------------------
[2026-04-19 23:57:51,986][rfdiffusion.inference.model_runners][INFO] - Timestep 41, input to next step: --------------------------------------------------------------------------------------------------------
[2026-04-19 23:57:53,632][rfdiffusion.inference.model_runners][INFO] - Timestep 40, input to next step: --------------------------------------------------------------------------------------------------------
[2026-04-19 23:57:55,309][rfdiffusion.inference.model_runners][INFO] - Timestep 39, input to next step: --------------------------------------------------------------------------------------------------------
[2026-04-19 23:57:56,961][rfdiffusion.inference.model_runners][INFO] - Timestep 38, input to next step: --------------------------------------------------------------------------------------------------------
[2026-04-19 23:57:58,664][rfdiffusion.inference.model_runners][INFO] - Timestep 37, input to next step: --------------------------------------------------------------------------------------------------------
[2026-04-19 23:58:00,324][rfdiffusion.inference.model_runners][INFO] - Timestep 36, input to next step: --------------------------------------------------------------------------------------------------------
[2026-04-19 23:58:02,062][rfdiffusion.inference.model_runners][INFO] - Timestep 35, input to next step: --------------------------------------------------------------------------------------------------------
[2026-04-19 23:58:04,010][rfdiffusion.inference.model_runners][INFO] - Timestep 34, input to next step: --------------------------------------------------------------------------------------------------------
[2026-04-19 23:58:05,784][rfdiffusion.inference.model_runners][INFO] - Timestep 33, input to next step: --------------------------------------------------------------------------------------------------------
[2026-04-19 23:58:07,757][rfdiffusion.inference.model_runners][INFO] - Timestep 32, input to next step: --------------------------------------------------------------------------------------------------------
[2026-04-19 23:58:09,880][rfdiffusion.inference.model_runners][INFO] - Timestep 31, input to next step: --------------------------------------------------------------------------------------------------------
[2026-04-19 23:58:11,769][rfdiffusion.inference.model_runners][INFO] - Timestep 30, input to next step: --------------------------------------------------------------------------------------------------------
[2026-04-19 23:58:14,013][rfdiffusion.inference.model_runners][INFO] - Timestep 29, input to next step: --------------------------------------------------------------------------------------------------------
[2026-04-19 23:58:16,309][rfdiffusion.inference.model_runners][INFO] - Timestep 28, input to next step: --------------------------------------------------------------------------------------------------------
[2026-04-19 23:58:18,819][rfdiffusion.inference.model_runners][INFO] - Timestep 27, input to next step: --------------------------------------------------------------------------------------------------------
[2026-04-19 23:58:21,199][rfdiffusion.inference.model_runners][INFO] - Timestep 26, input to next step: --------------------------------------------------------------------------------------------------------
[2026-04-19 23:58:23,291][rfdiffusion.inference.model_runners][INFO] - Timestep 25, input to next step: --------------------------------------------------------------------------------------------------------
[2026-04-19 23:58:24,900][rfdiffusion.inference.model_runners][INFO] - Timestep 24, input to next step: --------------------------------------------------------------------------------------------------------
[2026-04-19 23:58:26,424][rfdiffusion.inference.model_runners][INFO] - Timestep 23, input to next step: --------------------------------------------------------------------------------------------------------
[2026-04-19 23:58:28,032][rfdiffusion.inference.model_runners][INFO] - Timestep 22, input to next step: --------------------------------------------------------------------------------------------------------
[2026-04-19 23:58:29,636][rfdiffusion.inference.model_runners][INFO] - Timestep 21, input to next step: --------------------------------------------------------------------------------------------------------
[2026-04-19 23:58:31,163][rfdiffusion.inference.model_runners][INFO] - Timestep 20, input to next step: --------------------------------------------------------------------------------------------------------
[2026-04-19 23:58:32,792][rfdiffusion.inference.model_runners][INFO] - Timestep 19, input to next step: --------------------------------------------------------------------------------------------------------
[2026-04-19 23:58:34,401][rfdiffusion.inference.model_runners][INFO] - Timestep 18, input to next step: --------------------------------------------------------------------------------------------------------
[2026-04-19 23:58:35,980][rfdiffusion.inference.model_runners][INFO] - Timestep 17, input to next step: --------------------------------------------------------------------------------------------------------
[2026-04-19 23:58:37,488][rfdiffusion.inference.model_runners][INFO] - Timestep 16, input to next step: --------------------------------------------------------------------------------------------------------
[2026-04-19 23:58:39,168][rfdiffusion.inference.model_runners][INFO] - Timestep 15, input to next step: --------------------------------------------------------------------------------------------------------
[2026-04-19 23:58:40,699][rfdiffusion.inference.model_runners][INFO] - Timestep 14, input to next step: --------------------------------------------------------------------------------------------------------
[2026-04-19 23:58:42,411][rfdiffusion.inference.model_runners][INFO] - Timestep 13, input to next step: --------------------------------------------------------------------------------------------------------
[2026-04-19 23:58:43,952][rfdiffusion.inference.model_runners][INFO] - Timestep 12, input to next step: --------------------------------------------------------------------------------------------------------
[2026-04-19 23:58:45,511][rfdiffusion.inference.model_runners][INFO] - Timestep 11, input to next step: --------------------------------------------------------------------------------------------------------
[2026-04-19 23:58:47,249][rfdiffusion.inference.model_runners][INFO] - Timestep 10, input to next step: --------------------------------------------------------------------------------------------------------
[2026-04-19 23:58:48,891][rfdiffusion.inference.model_runners][INFO] - Timestep 9, input to next step: --------------------------------------------------------------------------------------------------------
[2026-04-19 23:58:50,460][rfdiffusion.inference.model_runners][INFO] - Timestep 8, input to next step: --------------------------------------------------------------------------------------------------------
[2026-04-19 23:58:51,996][rfdiffusion.inference.model_runners][INFO] - Timestep 7, input to next step: --------------------------------------------------------------------------------------------------------
[2026-04-19 23:58:53,576][rfdiffusion.inference.model_runners][INFO] - Timestep 6, input to next step: --------------------------------------------------------------------------------------------------------
[2026-04-19 23:58:55,225][rfdiffusion.inference.model_runners][INFO] - Timestep 5, input to next step: --------------------------------------------------------------------------------------------------------
[2026-04-19 23:58:56,686][rfdiffusion.inference.model_runners][INFO] - Timestep 4, input to next step: --------------------------------------------------------------------------------------------------------
[2026-04-19 23:58:58,252][rfdiffusion.inference.model_runners][INFO] - Timestep 3, input to next step: --------------------------------------------------------------------------------------------------------
[2026-04-19 23:58:59,845][rfdiffusion.inference.model_runners][INFO] - Timestep 2, input to next step: --------------------------------------------------------------------------------------------------------
[2026-04-19 23:59:03,168][__main__][INFO] - Finished design in 1.46 minutes
[2026-04-19 23:59:03,168][__main__][INFO] - Making design /home/manvi/Team_8_CS598GBL/Assignment/Generate_designs/default/len_104/design_7
[2026-04-19 23:59:03,172][rfdiffusion.inference.model_runners][INFO] - Using contig: ['104-104']
[2026-04-19 23:59:03,191][rfdiffusion.inference.model_runners][INFO] - Sequence init: --------------------------------------------------------------------------------------------------------
[2026-04-19 23:59:04,566][rfdiffusion.inference.model_runners][INFO] - Timestep 50, input to next step: --------------------------------------------------------------------------------------------------------
[2026-04-19 23:59:05,969][rfdiffusion.inference.model_runners][INFO] - Timestep 49, input to next step: --------------------------------------------------------------------------------------------------------
[2026-04-19 23:59:07,508][rfdiffusion.inference.model_runners][INFO] - Timestep 48, input to next step: --------------------------------------------------------------------------------------------------------
[2026-04-19 23:59:09,130][rfdiffusion.inference.model_runners][INFO] - Timestep 47, input to next step: --------------------------------------------------------------------------------------------------------
[2026-04-19 23:59:10,699][rfdiffusion.inference.model_runners][INFO] - Timestep 46, input to next step: --------------------------------------------------------------------------------------------------------
[2026-04-19 23:59:12,358][rfdiffusion.inference.model_runners][INFO] - Timestep 45, input to next step: --------------------------------------------------------------------------------------------------------
[2026-04-19 23:59:13,954][rfdiffusion.inference.model_runners][INFO] - Timestep 44, input to next step: --------------------------------------------------------------------------------------------------------
[2026-04-19 23:59:15,720][rfdiffusion.inference.model_runners][INFO] - Timestep 43, input to next step: --------------------------------------------------------------------------------------------------------
[2026-04-19 23:59:17,584][rfdiffusion.inference.model_runners][INFO] - Timestep 42, input to next step: --------------------------------------------------------------------------------------------------------
[2026-04-19 23:59:19,563][rfdiffusion.inference.model_runners][INFO] - Timestep 41, input to next step: --------------------------------------------------------------------------------------------------------
[2026-04-19 23:59:22,474][rfdiffusion.inference.model_runners][INFO] - Timestep 40, input to next step: --------------------------------------------------------------------------------------------------------
[2026-04-19 23:59:24,897][rfdiffusion.inference.model_runners][INFO] - Timestep 39, input to next step: --------------------------------------------------------------------------------------------------------
[2026-04-19 23:59:27,214][rfdiffusion.inference.model_runners][INFO] - Timestep 38, input to next step: --------------------------------------------------------------------------------------------------------
[2026-04-19 23:59:29,496][rfdiffusion.inference.model_runners][INFO] - Timestep 37, input to next step: --------------------------------------------------------------------------------------------------------
[2026-04-19 23:59:32,070][rfdiffusion.inference.model_runners][INFO] - Timestep 36, input to next step: --------------------------------------------------------------------------------------------------------
[2026-04-19 23:59:34,256][rfdiffusion.inference.model_runners][INFO] - Timestep 35, input to next step: --------------------------------------------------------------------------------------------------------
[2026-04-19 23:59:36,860][rfdiffusion.inference.model_runners][INFO] - Timestep 34, input to next step: --------------------------------------------------------------------------------------------------------
[2026-04-19 23:59:38,579][rfdiffusion.inference.model_runners][INFO] - Timestep 33, input to next step: --------------------------------------------------------------------------------------------------------
[2026-04-19 23:59:40,177][rfdiffusion.inference.model_runners][INFO] - Timestep 32, input to next step: --------------------------------------------------------------------------------------------------------
[2026-04-19 23:59:41,947][rfdiffusion.inference.model_runners][INFO] - Timestep 31, input to next step: --------------------------------------------------------------------------------------------------------
[2026-04-19 23:59:43,444][rfdiffusion.inference.model_runners][INFO] - Timestep 30, input to next step: --------------------------------------------------------------------------------------------------------
[2026-04-19 23:59:44,960][rfdiffusion.inference.model_runners][INFO] - Timestep 29, input to next step: --------------------------------------------------------------------------------------------------------
[2026-04-19 23:59:46,439][rfdiffusion.inference.model_runners][INFO] - Timestep 28, input to next step: --------------------------------------------------------------------------------------------------------
[2026-04-19 23:59:47,914][rfdiffusion.inference.model_runners][INFO] - Timestep 27, input to next step: --------------------------------------------------------------------------------------------------------
[2026-04-19 23:59:49,416][rfdiffusion.inference.model_runners][INFO] - Timestep 26, input to next step: --------------------------------------------------------------------------------------------------------
[2026-04-19 23:59:50,951][rfdiffusion.inference.model_runners][INFO] - Timestep 25, input to next step: --------------------------------------------------------------------------------------------------------
[2026-04-19 23:59:52,571][rfdiffusion.inference.model_runners][INFO] - Timestep 24, input to next step: --------------------------------------------------------------------------------------------------------
[2026-04-19 23:59:53,927][rfdiffusion.inference.model_runners][INFO] - Timestep 23, input to next step: --------------------------------------------------------------------------------------------------------
[2026-04-19 23:59:55,441][rfdiffusion.inference.model_runners][INFO] - Timestep 22, input to next step: --------------------------------------------------------------------------------------------------------
[2026-04-19 23:59:56,845][rfdiffusion.inference.model_runners][INFO] - Timestep 21, input to next step: --------------------------------------------------------------------------------------------------------
[2026-04-19 23:59:58,263][rfdiffusion.inference.model_runners][INFO] - Timestep 20, input to next step: --------------------------------------------------------------------------------------------------------
[2026-04-19 23:59:59,676][rfdiffusion.inference.model_runners][INFO] - Timestep 19, input to next step: --------------------------------------------------------------------------------------------------------
[2026-04-20 00:00:01,437][rfdiffusion.inference.model_runners][INFO] - Timestep 18, input to next step: --------------------------------------------------------------------------------------------------------
[2026-04-20 00:00:03,888][rfdiffusion.inference.model_runners][INFO] - Timestep 17, input to next step: --------------------------------------------------------------------------------------------------------
[2026-04-20 00:00:05,831][rfdiffusion.inference.model_runners][INFO] - Timestep 16, input to next step: --------------------------------------------------------------------------------------------------------
[2026-04-20 00:00:07,747][rfdiffusion.inference.model_runners][INFO] - Timestep 15, input to next step: --------------------------------------------------------------------------------------------------------
[2026-04-20 00:00:09,297][rfdiffusion.inference.model_runners][INFO] - Timestep 14, input to next step: --------------------------------------------------------------------------------------------------------
[2026-04-20 00:00:11,076][rfdiffusion.inference.model_runners][INFO] - Timestep 13, input to next step: --------------------------------------------------------------------------------------------------------
[2026-04-20 00:00:12,961][rfdiffusion.inference.model_runners][INFO] - Timestep 12, input to next step: --------------------------------------------------------------------------------------------------------
[2026-04-20 00:00:14,960][rfdiffusion.inference.model_runners][INFO] - Timestep 11, input to next step: --------------------------------------------------------------------------------------------------------
[2026-04-20 00:00:16,763][rfdiffusion.inference.model_runners][INFO] - Timestep 10, input to next step: --------------------------------------------------------------------------------------------------------
[2026-04-20 00:00:18,152][rfdiffusion.inference.model_runners][INFO] - Timestep 9, input to next step: --------------------------------------------------------------------------------------------------------
[2026-04-20 00:00:19,510][rfdiffusion.inference.model_runners][INFO] - Timestep 8, input to next step: --------------------------------------------------------------------------------------------------------
[2026-04-20 00:00:21,062][rfdiffusion.inference.model_runners][INFO] - Timestep 7, input to next step: --------------------------------------------------------------------------------------------------------
[2026-04-20 00:00:22,546][rfdiffusion.inference.model_runners][INFO] - Timestep 6, input to next step: --------------------------------------------------------------------------------------------------------
[2026-04-20 00:00:23,971][rfdiffusion.inference.model_runners][INFO] - Timestep 5, input to next step: --------------------------------------------------------------------------------------------------------
[2026-04-20 00:00:25,422][rfdiffusion.inference.model_runners][INFO] - Timestep 4, input to next step: --------------------------------------------------------------------------------------------------------
[2026-04-20 00:00:26,860][rfdiffusion.inference.model_runners][INFO] - Timestep 3, input to next step: --------------------------------------------------------------------------------------------------------
[2026-04-20 00:00:28,247][rfdiffusion.inference.model_runners][INFO] - Timestep 2, input to next step: --------------------------------------------------------------------------------------------------------
[2026-04-20 00:00:31,172][__main__][INFO] - Finished design in 1.47 minutes
[2026-04-20 00:00:31,172][__main__][INFO] - Making design /home/manvi/Team_8_CS598GBL/Assignment/Generate_designs/default/len_104/design_8
[2026-04-20 00:00:31,176][rfdiffusion.inference.model_runners][INFO] - Using contig: ['104-104']
[2026-04-20 00:00:31,195][rfdiffusion.inference.model_runners][INFO] - Sequence init: --------------------------------------------------------------------------------------------------------
[2026-04-20 00:00:32,458][rfdiffusion.inference.model_runners][INFO] - Timestep 50, input to next step: --------------------------------------------------------------------------------------------------------
[2026-04-20 00:00:33,820][rfdiffusion.inference.model_runners][INFO] - Timestep 49, input to next step: --------------------------------------------------------------------------------------------------------
[2026-04-20 00:00:35,276][rfdiffusion.inference.model_runners][INFO] - Timestep 48, input to next step: --------------------------------------------------------------------------------------------------------
[2026-04-20 00:00:36,756][rfdiffusion.inference.model_runners][INFO] - Timestep 47, input to next step: --------------------------------------------------------------------------------------------------------
[2026-04-20 00:00:38,198][rfdiffusion.inference.model_runners][INFO] - Timestep 46, input to next step: --------------------------------------------------------------------------------------------------------
[2026-04-20 00:00:39,674][rfdiffusion.inference.model_runners][INFO] - Timestep 45, input to next step: --------------------------------------------------------------------------------------------------------
[2026-04-20 00:00:41,089][rfdiffusion.inference.model_runners][INFO] - Timestep 44, input to next step: --------------------------------------------------------------------------------------------------------
[2026-04-20 00:00:42,519][rfdiffusion.inference.model_runners][INFO] - Timestep 43, input to next step: --------------------------------------------------------------------------------------------------------
[2026-04-20 00:00:43,948][rfdiffusion.inference.model_runners][INFO] - Timestep 42, input to next step: --------------------------------------------------------------------------------------------------------
[2026-04-20 00:00:45,262][rfdiffusion.inference.model_runners][INFO] - Timestep 41, input to next step: --------------------------------------------------------------------------------------------------------
[2026-04-20 00:00:46,689][rfdiffusion.inference.model_runners][INFO] - Timestep 40, input to next step: --------------------------------------------------------------------------------------------------------
[2026-04-20 00:00:48,182][rfdiffusion.inference.model_runners][INFO] - Timestep 39, input to next step: --------------------------------------------------------------------------------------------------------
[2026-04-20 00:00:49,639][rfdiffusion.inference.model_runners][INFO] - Timestep 38, input to next step: --------------------------------------------------------------------------------------------------------
[2026-04-20 00:00:51,124][rfdiffusion.inference.model_runners][INFO] - Timestep 37, input to next step: --------------------------------------------------------------------------------------------------------
[2026-04-20 00:00:52,554][rfdiffusion.inference.model_runners][INFO] - Timestep 36, input to next step: --------------------------------------------------------------------------------------------------------
[2026-04-20 00:00:53,977][rfdiffusion.inference.model_runners][INFO] - Timestep 35, input to next step: --------------------------------------------------------------------------------------------------------
[2026-04-20 00:00:55,563][rfdiffusion.inference.model_runners][INFO] - Timestep 34, input to next step: --------------------------------------------------------------------------------------------------------
[2026-04-20 00:00:57,080][rfdiffusion.inference.model_runners][INFO] - Timestep 33, input to next step: --------------------------------------------------------------------------------------------------------
[2026-04-20 00:00:58,481][rfdiffusion.inference.model_runners][INFO] - Timestep 32, input to next step: --------------------------------------------------------------------------------------------------------
[2026-04-20 00:00:59,892][rfdiffusion.inference.model_runners][INFO] - Timestep 31, input to next step: --------------------------------------------------------------------------------------------------------
[2026-04-20 00:01:01,341][rfdiffusion.inference.model_runners][INFO] - Timestep 30, input to next step: --------------------------------------------------------------------------------------------------------
[2026-04-20 00:01:02,794][rfdiffusion.inference.model_runners][INFO] - Timestep 29, input to next step: --------------------------------------------------------------------------------------------------------
[2026-04-20 00:01:04,188][rfdiffusion.inference.model_runners][INFO] - Timestep 28, input to next step: --------------------------------------------------------------------------------------------------------
[2026-04-20 00:01:05,596][rfdiffusion.inference.model_runners][INFO] - Timestep 27, input to next step: --------------------------------------------------------------------------------------------------------
[2026-04-20 00:01:07,025][rfdiffusion.inference.model_runners][INFO] - Timestep 26, input to next step: --------------------------------------------------------------------------------------------------------
[2026-04-20 00:01:08,496][rfdiffusion.inference.model_runners][INFO] - Timestep 25, input to next step: --------------------------------------------------------------------------------------------------------
[2026-04-20 00:01:09,865][rfdiffusion.inference.model_runners][INFO] - Timestep 24, input to next step: --------------------------------------------------------------------------------------------------------
[2026-04-20 00:01:11,283][rfdiffusion.inference.model_runners][INFO] - Timestep 23, input to next step: --------------------------------------------------------------------------------------------------------
[2026-04-20 00:01:12,743][rfdiffusion.inference.model_runners][INFO] - Timestep 22, input to next step: --------------------------------------------------------------------------------------------------------
[2026-04-20 00:01:14,187][rfdiffusion.inference.model_runners][INFO] - Timestep 21, input to next step: --------------------------------------------------------------------------------------------------------
[2026-04-20 00:01:15,608][rfdiffusion.inference.model_runners][INFO] - Timestep 20, input to next step: --------------------------------------------------------------------------------------------------------
[2026-04-20 00:01:17,155][rfdiffusion.inference.model_runners][INFO] - Timestep 19, input to next step: --------------------------------------------------------------------------------------------------------
[2026-04-20 00:01:18,591][rfdiffusion.inference.model_runners][INFO] - Timestep 18, input to next step: --------------------------------------------------------------------------------------------------------
[2026-04-20 00:01:20,078][rfdiffusion.inference.model_runners][INFO] - Timestep 17, input to next step: --------------------------------------------------------------------------------------------------------
[2026-04-20 00:01:21,547][rfdiffusion.inference.model_runners][INFO] - Timestep 16, input to next step: --------------------------------------------------------------------------------------------------------
[2026-04-20 00:01:23,186][rfdiffusion.inference.model_runners][INFO] - Timestep 15, input to next step: --------------------------------------------------------------------------------------------------------
[2026-04-20 00:01:24,598][rfdiffusion.inference.model_runners][INFO] - Timestep 14, input to next step: --------------------------------------------------------------------------------------------------------
[2026-04-20 00:01:25,988][rfdiffusion.inference.model_runners][INFO] - Timestep 13, input to next step: --------------------------------------------------------------------------------------------------------
[2026-04-20 00:01:27,401][rfdiffusion.inference.model_runners][INFO] - Timestep 12, input to next step: --------------------------------------------------------------------------------------------------------
[2026-04-20 00:01:28,814][rfdiffusion.inference.model_runners][INFO] - Timestep 11, input to next step: --------------------------------------------------------------------------------------------------------
[2026-04-20 00:01:30,267][rfdiffusion.inference.model_runners][INFO] - Timestep 10, input to next step: --------------------------------------------------------------------------------------------------------
[2026-04-20 00:01:31,723][rfdiffusion.inference.model_runners][INFO] - Timestep 9, input to next step: --------------------------------------------------------------------------------------------------------
[2026-04-20 00:01:33,190][rfdiffusion.inference.model_runners][INFO] - Timestep 8, input to next step: --------------------------------------------------------------------------------------------------------
[2026-04-20 00:01:34,667][rfdiffusion.inference.model_runners][INFO] - Timestep 7, input to next step: --------------------------------------------------------------------------------------------------------
[2026-04-20 00:01:36,093][rfdiffusion.inference.model_runners][INFO] - Timestep 6, input to next step: --------------------------------------------------------------------------------------------------------
[2026-04-20 00:01:37,560][rfdiffusion.inference.model_runners][INFO] - Timestep 5, input to next step: --------------------------------------------------------------------------------------------------------
[2026-04-20 00:01:39,023][rfdiffusion.inference.model_runners][INFO] - Timestep 4, input to next step: --------------------------------------------------------------------------------------------------------
[2026-04-20 00:01:40,448][rfdiffusion.inference.model_runners][INFO] - Timestep 3, input to next step: --------------------------------------------------------------------------------------------------------
[2026-04-20 00:01:41,839][rfdiffusion.inference.model_runners][INFO] - Timestep 2, input to next step: --------------------------------------------------------------------------------------------------------
[2026-04-20 00:01:44,871][__main__][INFO] - Finished design in 1.23 minutes
[2026-04-20 00:01:44,871][__main__][INFO] - Making design /home/manvi/Team_8_CS598GBL/Assignment/Generate_designs/default/len_104/design_9
[2026-04-20 00:01:44,875][rfdiffusion.inference.model_runners][INFO] - Using contig: ['104-104']
[2026-04-20 00:01:44,890][rfdiffusion.inference.model_runners][INFO] - Sequence init: --------------------------------------------------------------------------------------------------------
[2026-04-20 00:01:46,214][rfdiffusion.inference.model_runners][INFO] - Timestep 50, input to next step: --------------------------------------------------------------------------------------------------------
[2026-04-20 00:01:47,664][rfdiffusion.inference.model_runners][INFO] - Timestep 49, input to next step: --------------------------------------------------------------------------------------------------------
[2026-04-20 00:01:49,129][rfdiffusion.inference.model_runners][INFO] - Timestep 48, input to next step: --------------------------------------------------------------------------------------------------------
[2026-04-20 00:01:50,652][rfdiffusion.inference.model_runners][INFO] - Timestep 47, input to next step: --------------------------------------------------------------------------------------------------------
[2026-04-20 00:01:52,103][rfdiffusion.inference.model_runners][INFO] - Timestep 46, input to next step: --------------------------------------------------------------------------------------------------------
[2026-04-20 00:01:53,598][rfdiffusion.inference.model_runners][INFO] - Timestep 45, input to next step: --------------------------------------------------------------------------------------------------------
[2026-04-20 00:01:55,021][rfdiffusion.inference.model_runners][INFO] - Timestep 44, input to next step: --------------------------------------------------------------------------------------------------------
[2026-04-20 00:01:56,656][rfdiffusion.inference.model_runners][INFO] - Timestep 43, input to next step: --------------------------------------------------------------------------------------------------------
[2026-04-20 00:01:58,111][rfdiffusion.inference.model_runners][INFO] - Timestep 42, input to next step: --------------------------------------------------------------------------------------------------------
[2026-04-20 00:01:59,523][rfdiffusion.inference.model_runners][INFO] - Timestep 41, input to next step: --------------------------------------------------------------------------------------------------------
[2026-04-20 00:02:00,962][rfdiffusion.inference.model_runners][INFO] - Timestep 40, input to next step: --------------------------------------------------------------------------------------------------------
[2026-04-20 00:02:02,441][rfdiffusion.inference.model_runners][INFO] - Timestep 39, input to next step: --------------------------------------------------------------------------------------------------------
[2026-04-20 00:02:03,900][rfdiffusion.inference.model_runners][INFO] - Timestep 38, input to next step: --------------------------------------------------------------------------------------------------------
[2026-04-20 00:02:05,331][rfdiffusion.inference.model_runners][INFO] - Timestep 37, input to next step: --------------------------------------------------------------------------------------------------------
[2026-04-20 00:02:06,733][rfdiffusion.inference.model_runners][INFO] - Timestep 36, input to next step: --------------------------------------------------------------------------------------------------------
[2026-04-20 00:02:08,173][rfdiffusion.inference.model_runners][INFO] - Timestep 35, input to next step: --------------------------------------------------------------------------------------------------------
[2026-04-20 00:02:09,591][rfdiffusion.inference.model_runners][INFO] - Timestep 34, input to next step: --------------------------------------------------------------------------------------------------------
[2026-04-20 00:02:11,077][rfdiffusion.inference.model_runners][INFO] - Timestep 33, input to next step: --------------------------------------------------------------------------------------------------------
[2026-04-20 00:02:12,530][rfdiffusion.inference.model_runners][INFO] - Timestep 32, input to next step: --------------------------------------------------------------------------------------------------------
[2026-04-20 00:02:14,029][rfdiffusion.inference.model_runners][INFO] - Timestep 31, input to next step: --------------------------------------------------------------------------------------------------------
[2026-04-20 00:02:15,438][rfdiffusion.inference.model_runners][INFO] - Timestep 30, input to next step: --------------------------------------------------------------------------------------------------------
[2026-04-20 00:02:16,951][rfdiffusion.inference.model_runners][INFO] - Timestep 29, input to next step: --------------------------------------------------------------------------------------------------------
[2026-04-20 00:02:18,471][rfdiffusion.inference.model_runners][INFO] - Timestep 28, input to next step: --------------------------------------------------------------------------------------------------------
[2026-04-20 00:02:19,905][rfdiffusion.inference.model_runners][INFO] - Timestep 27, input to next step: --------------------------------------------------------------------------------------------------------
[2026-04-20 00:02:21,348][rfdiffusion.inference.model_runners][INFO] - Timestep 26, input to next step: --------------------------------------------------------------------------------------------------------
[2026-04-20 00:02:22,833][rfdiffusion.inference.model_runners][INFO] - Timestep 25, input to next step: --------------------------------------------------------------------------------------------------------
[2026-04-20 00:02:24,271][rfdiffusion.inference.model_runners][INFO] - Timestep 24, input to next step: --------------------------------------------------------------------------------------------------------
[2026-04-20 00:02:25,723][rfdiffusion.inference.model_runners][INFO] - Timestep 23, input to next step: --------------------------------------------------------------------------------------------------------
[2026-04-20 00:02:27,152][rfdiffusion.inference.model_runners][INFO] - Timestep 22, input to next step: --------------------------------------------------------------------------------------------------------
[2026-04-20 00:02:28,631][rfdiffusion.inference.model_runners][INFO] - Timestep 21, input to next step: --------------------------------------------------------------------------------------------------------
[2026-04-20 00:02:29,951][rfdiffusion.inference.model_runners][INFO] - Timestep 20, input to next step: --------------------------------------------------------------------------------------------------------
[2026-04-20 00:02:31,393][rfdiffusion.inference.model_runners][INFO] - Timestep 19, input to next step: --------------------------------------------------------------------------------------------------------
[2026-04-20 00:02:32,787][rfdiffusion.inference.model_runners][INFO] - Timestep 18, input to next step: --------------------------------------------------------------------------------------------------------
[2026-04-20 00:02:34,305][rfdiffusion.inference.model_runners][INFO] - Timestep 17, input to next step: --------------------------------------------------------------------------------------------------------
[2026-04-20 00:02:35,727][rfdiffusion.inference.model_runners][INFO] - Timestep 16, input to next step: --------------------------------------------------------------------------------------------------------
[2026-04-20 00:02:37,154][rfdiffusion.inference.model_runners][INFO] - Timestep 15, input to next step: --------------------------------------------------------------------------------------------------------
[2026-04-20 00:02:38,645][rfdiffusion.inference.model_runners][INFO] - Timestep 14, input to next step: --------------------------------------------------------------------------------------------------------
[2026-04-20 00:02:40,087][rfdiffusion.inference.model_runners][INFO] - Timestep 13, input to next step: --------------------------------------------------------------------------------------------------------
[2026-04-20 00:02:41,475][rfdiffusion.inference.model_runners][INFO] - Timestep 12, input to next step: --------------------------------------------------------------------------------------------------------
[2026-04-20 00:02:42,837][rfdiffusion.inference.model_runners][INFO] - Timestep 11, input to next step: --------------------------------------------------------------------------------------------------------
[2026-04-20 00:02:44,222][rfdiffusion.inference.model_runners][INFO] - Timestep 10, input to next step: --------------------------------------------------------------------------------------------------------
[2026-04-20 00:02:45,661][rfdiffusion.inference.model_runners][INFO] - Timestep 9, input to next step: --------------------------------------------------------------------------------------------------------
[2026-04-20 00:02:47,061][rfdiffusion.inference.model_runners][INFO] - Timestep 8, input to next step: --------------------------------------------------------------------------------------------------------
[2026-04-20 00:02:48,460][rfdiffusion.inference.model_runners][INFO] - Timestep 7, input to next step: --------------------------------------------------------------------------------------------------------
[2026-04-20 00:02:49,897][rfdiffusion.inference.model_runners][INFO] - Timestep 6, input to next step: --------------------------------------------------------------------------------------------------------
[2026-04-20 00:02:51,300][rfdiffusion.inference.model_runners][INFO] - Timestep 5, input to next step: --------------------------------------------------------------------------------------------------------
[2026-04-20 00:02:52,763][rfdiffusion.inference.model_runners][INFO] - Timestep 4, input to next step: --------------------------------------------------------------------------------------------------------
[2026-04-20 00:02:54,209][rfdiffusion.inference.model_runners][INFO] - Timestep 3, input to next step: --------------------------------------------------------------------------------------------------------
[2026-04-20 00:02:55,619][rfdiffusion.inference.model_runners][INFO] - Timestep 2, input to next step: --------------------------------------------------------------------------------------------------------
[2026-04-20 00:02:58,640][__main__][INFO] - Finished design in 1.23 minutes
