[2026-04-19 20:01:56,992][__main__][INFO] - Found GPU with device_name NVIDIA GeForce RTX 3050 Ti Laptop GPU. Will run RFdiffusion on NVIDIA GeForce RTX 3050 Ti Laptop GPU
[2026-04-19 20:01:56,993][rfdiffusion.inference.model_runners][INFO] - Reading checkpoint from /home/manvi/Team_8_CS598GBL/RFdiffusion/rfdiffusion/inference/../../models/Base_ckpt.pt
[2026-04-19 20:02:04,742][rfdiffusion.inference.model_runners][INFO] - Loading checkpoint.
[2026-04-19 20:02:05,090][rfdiffusion.diffusion][INFO] - Using cached IGSO3.
[2026-04-19 20:02:05,110][__main__][INFO] - Making design /home/manvi/Team_8_CS598GBL/Assignment/Generate_designs/default/len_091/design_0
[2026-04-19 20:02:05,115][rfdiffusion.inference.model_runners][INFO] - Using contig: ['91-91']
[2026-04-19 20:02:05,163][rfdiffusion.inference.model_runners][INFO] - Sequence init: -------------------------------------------------------------------------------------------
[2026-04-19 20:02:09,825][rfdiffusion.inference.model_runners][INFO] - Timestep 50, input to next step: -------------------------------------------------------------------------------------------
[2026-04-19 20:02:11,194][rfdiffusion.inference.model_runners][INFO] - Timestep 49, input to next step: -------------------------------------------------------------------------------------------
[2026-04-19 20:02:12,695][rfdiffusion.inference.model_runners][INFO] - Timestep 48, input to next step: -------------------------------------------------------------------------------------------
[2026-04-19 20:02:14,217][rfdiffusion.inference.model_runners][INFO] - Timestep 47, input to next step: -------------------------------------------------------------------------------------------
[2026-04-19 20:02:15,677][rfdiffusion.inference.model_runners][INFO] - Timestep 46, input to next step: -------------------------------------------------------------------------------------------
[2026-04-19 20:02:17,243][rfdiffusion.inference.model_runners][INFO] - Timestep 45, input to next step: -------------------------------------------------------------------------------------------
[2026-04-19 20:02:18,823][rfdiffusion.inference.model_runners][INFO] - Timestep 44, input to next step: -------------------------------------------------------------------------------------------
[2026-04-19 20:02:20,437][rfdiffusion.inference.model_runners][INFO] - Timestep 43, input to next step: -------------------------------------------------------------------------------------------
[2026-04-19 20:02:22,013][rfdiffusion.inference.model_runners][INFO] - Timestep 42, input to next step: -------------------------------------------------------------------------------------------
[2026-04-19 20:02:23,515][rfdiffusion.inference.model_runners][INFO] - Timestep 41, input to next step: -------------------------------------------------------------------------------------------
[2026-04-19 20:02:24,957][rfdiffusion.inference.model_runners][INFO] - Timestep 40, input to next step: -------------------------------------------------------------------------------------------
[2026-04-19 20:02:26,536][rfdiffusion.inference.model_runners][INFO] - Timestep 39, input to next step: -------------------------------------------------------------------------------------------
[2026-04-19 20:02:28,098][rfdiffusion.inference.model_runners][INFO] - Timestep 38, input to next step: -------------------------------------------------------------------------------------------
[2026-04-19 20:02:29,512][rfdiffusion.inference.model_runners][INFO] - Timestep 37, input to next step: -------------------------------------------------------------------------------------------
[2026-04-19 20:02:31,002][rfdiffusion.inference.model_runners][INFO] - Timestep 36, input to next step: -------------------------------------------------------------------------------------------
[2026-04-19 20:02:32,487][rfdiffusion.inference.model_runners][INFO] - Timestep 35, input to next step: -------------------------------------------------------------------------------------------
[2026-04-19 20:02:33,948][rfdiffusion.inference.model_runners][INFO] - Timestep 34, input to next step: -------------------------------------------------------------------------------------------
[2026-04-19 20:02:35,490][rfdiffusion.inference.model_runners][INFO] - Timestep 33, input to next step: -------------------------------------------------------------------------------------------
[2026-04-19 20:02:36,966][rfdiffusion.inference.model_runners][INFO] - Timestep 32, input to next step: -------------------------------------------------------------------------------------------
[2026-04-19 20:02:38,485][rfdiffusion.inference.model_runners][INFO] - Timestep 31, input to next step: -------------------------------------------------------------------------------------------
[2026-04-19 20:02:40,035][rfdiffusion.inference.model_runners][INFO] - Timestep 30, input to next step: -------------------------------------------------------------------------------------------
[2026-04-19 20:02:41,699][rfdiffusion.inference.model_runners][INFO] - Timestep 29, input to next step: -------------------------------------------------------------------------------------------
[2026-04-19 20:02:43,326][rfdiffusion.inference.model_runners][INFO] - Timestep 28, input to next step: -------------------------------------------------------------------------------------------
[2026-04-19 20:02:44,851][rfdiffusion.inference.model_runners][INFO] - Timestep 27, input to next step: -------------------------------------------------------------------------------------------
[2026-04-19 20:02:46,373][rfdiffusion.inference.model_runners][INFO] - Timestep 26, input to next step: -------------------------------------------------------------------------------------------
[2026-04-19 20:02:47,866][rfdiffusion.inference.model_runners][INFO] - Timestep 25, input to next step: -------------------------------------------------------------------------------------------
[2026-04-19 20:02:49,349][rfdiffusion.inference.model_runners][INFO] - Timestep 24, input to next step: -------------------------------------------------------------------------------------------
[2026-04-19 20:02:50,835][rfdiffusion.inference.model_runners][INFO] - Timestep 23, input to next step: -------------------------------------------------------------------------------------------
[2026-04-19 20:02:52,400][rfdiffusion.inference.model_runners][INFO] - Timestep 22, input to next step: -------------------------------------------------------------------------------------------
[2026-04-19 20:02:53,953][rfdiffusion.inference.model_runners][INFO] - Timestep 21, input to next step: -------------------------------------------------------------------------------------------
[2026-04-19 20:02:55,469][rfdiffusion.inference.model_runners][INFO] - Timestep 20, input to next step: -------------------------------------------------------------------------------------------
[2026-04-19 20:02:56,868][rfdiffusion.inference.model_runners][INFO] - Timestep 19, input to next step: -------------------------------------------------------------------------------------------
[2026-04-19 20:02:58,287][rfdiffusion.inference.model_runners][INFO] - Timestep 18, input to next step: -------------------------------------------------------------------------------------------
[2026-04-19 20:02:59,881][rfdiffusion.inference.model_runners][INFO] - Timestep 17, input to next step: -------------------------------------------------------------------------------------------
[2026-04-19 20:03:01,380][rfdiffusion.inference.model_runners][INFO] - Timestep 16, input to next step: -------------------------------------------------------------------------------------------
[2026-04-19 20:03:03,060][rfdiffusion.inference.model_runners][INFO] - Timestep 15, input to next step: -------------------------------------------------------------------------------------------
[2026-04-19 20:03:04,687][rfdiffusion.inference.model_runners][INFO] - Timestep 14, input to next step: -------------------------------------------------------------------------------------------
[2026-04-19 20:03:06,165][rfdiffusion.inference.model_runners][INFO] - Timestep 13, input to next step: -------------------------------------------------------------------------------------------
[2026-04-19 20:03:07,714][rfdiffusion.inference.model_runners][INFO] - Timestep 12, input to next step: -------------------------------------------------------------------------------------------
[2026-04-19 20:03:09,196][rfdiffusion.inference.model_runners][INFO] - Timestep 11, input to next step: -------------------------------------------------------------------------------------------
[2026-04-19 20:03:10,699][rfdiffusion.inference.model_runners][INFO] - Timestep 10, input to next step: -------------------------------------------------------------------------------------------
[2026-04-19 20:03:12,099][rfdiffusion.inference.model_runners][INFO] - Timestep 9, input to next step: -------------------------------------------------------------------------------------------
[2026-04-19 20:03:13,519][rfdiffusion.inference.model_runners][INFO] - Timestep 8, input to next step: -------------------------------------------------------------------------------------------
[2026-04-19 20:03:15,007][rfdiffusion.inference.model_runners][INFO] - Timestep 7, input to next step: -------------------------------------------------------------------------------------------
[2026-04-19 20:03:16,356][rfdiffusion.inference.model_runners][INFO] - Timestep 6, input to next step: -------------------------------------------------------------------------------------------
[2026-04-19 20:03:17,902][rfdiffusion.inference.model_runners][INFO] - Timestep 5, input to next step: -------------------------------------------------------------------------------------------
[2026-04-19 20:03:19,619][rfdiffusion.inference.model_runners][INFO] - Timestep 4, input to next step: -------------------------------------------------------------------------------------------
[2026-04-19 20:03:21,046][rfdiffusion.inference.model_runners][INFO] - Timestep 3, input to next step: -------------------------------------------------------------------------------------------
[2026-04-19 20:03:22,388][rfdiffusion.inference.model_runners][INFO] - Timestep 2, input to next step: -------------------------------------------------------------------------------------------
[2026-04-19 20:03:25,148][__main__][INFO] - Finished design in 1.33 minutes
[2026-04-19 20:03:25,149][__main__][INFO] - Making design /home/manvi/Team_8_CS598GBL/Assignment/Generate_designs/default/len_091/design_1
[2026-04-19 20:03:25,153][rfdiffusion.inference.model_runners][INFO] - Using contig: ['91-91']
[2026-04-19 20:03:25,170][rfdiffusion.inference.model_runners][INFO] - Sequence init: -------------------------------------------------------------------------------------------
[2026-04-19 20:03:26,318][rfdiffusion.inference.model_runners][INFO] - Timestep 50, input to next step: -------------------------------------------------------------------------------------------
[2026-04-19 20:03:27,615][rfdiffusion.inference.model_runners][INFO] - Timestep 49, input to next step: -------------------------------------------------------------------------------------------
[2026-04-19 20:03:29,034][rfdiffusion.inference.model_runners][INFO] - Timestep 48, input to next step: -------------------------------------------------------------------------------------------
[2026-04-19 20:03:30,419][rfdiffusion.inference.model_runners][INFO] - Timestep 47, input to next step: -------------------------------------------------------------------------------------------
[2026-04-19 20:03:31,829][rfdiffusion.inference.model_runners][INFO] - Timestep 46, input to next step: -------------------------------------------------------------------------------------------
[2026-04-19 20:03:33,444][rfdiffusion.inference.model_runners][INFO] - Timestep 45, input to next step: -------------------------------------------------------------------------------------------
[2026-04-19 20:03:34,818][rfdiffusion.inference.model_runners][INFO] - Timestep 44, input to next step: -------------------------------------------------------------------------------------------
[2026-04-19 20:03:36,096][rfdiffusion.inference.model_runners][INFO] - Timestep 43, input to next step: -------------------------------------------------------------------------------------------
[2026-04-19 20:03:37,512][rfdiffusion.inference.model_runners][INFO] - Timestep 42, input to next step: -------------------------------------------------------------------------------------------
[2026-04-19 20:03:38,933][rfdiffusion.inference.model_runners][INFO] - Timestep 41, input to next step: -------------------------------------------------------------------------------------------
[2026-04-19 20:03:40,475][rfdiffusion.inference.model_runners][INFO] - Timestep 40, input to next step: -------------------------------------------------------------------------------------------
[2026-04-19 20:03:41,885][rfdiffusion.inference.model_runners][INFO] - Timestep 39, input to next step: -------------------------------------------------------------------------------------------
[2026-04-19 20:03:43,234][rfdiffusion.inference.model_runners][INFO] - Timestep 38, input to next step: -------------------------------------------------------------------------------------------
[2026-04-19 20:03:44,536][rfdiffusion.inference.model_runners][INFO] - Timestep 37, input to next step: -------------------------------------------------------------------------------------------
[2026-04-19 20:03:45,934][rfdiffusion.inference.model_runners][INFO] - Timestep 36, input to next step: -------------------------------------------------------------------------------------------
[2026-04-19 20:03:47,355][rfdiffusion.inference.model_runners][INFO] - Timestep 35, input to next step: -------------------------------------------------------------------------------------------
[2026-04-19 20:03:48,869][rfdiffusion.inference.model_runners][INFO] - Timestep 34, input to next step: -------------------------------------------------------------------------------------------
[2026-04-19 20:03:50,473][rfdiffusion.inference.model_runners][INFO] - Timestep 33, input to next step: -------------------------------------------------------------------------------------------
[2026-04-19 20:03:51,949][rfdiffusion.inference.model_runners][INFO] - Timestep 32, input to next step: -------------------------------------------------------------------------------------------
[2026-04-19 20:03:53,362][rfdiffusion.inference.model_runners][INFO] - Timestep 31, input to next step: -------------------------------------------------------------------------------------------
[2026-04-19 20:03:54,841][rfdiffusion.inference.model_runners][INFO] - Timestep 30, input to next step: -------------------------------------------------------------------------------------------
[2026-04-19 20:03:56,266][rfdiffusion.inference.model_runners][INFO] - Timestep 29, input to next step: -------------------------------------------------------------------------------------------
[2026-04-19 20:03:57,703][rfdiffusion.inference.model_runners][INFO] - Timestep 28, input to next step: -------------------------------------------------------------------------------------------
[2026-04-19 20:03:59,216][rfdiffusion.inference.model_runners][INFO] - Timestep 27, input to next step: -------------------------------------------------------------------------------------------
[2026-04-19 20:04:00,680][rfdiffusion.inference.model_runners][INFO] - Timestep 26, input to next step: -------------------------------------------------------------------------------------------
[2026-04-19 20:04:02,309][rfdiffusion.inference.model_runners][INFO] - Timestep 25, input to next step: -------------------------------------------------------------------------------------------
[2026-04-19 20:04:03,778][rfdiffusion.inference.model_runners][INFO] - Timestep 24, input to next step: -------------------------------------------------------------------------------------------
[2026-04-19 20:04:05,316][rfdiffusion.inference.model_runners][INFO] - Timestep 23, input to next step: -------------------------------------------------------------------------------------------
[2026-04-19 20:04:06,735][rfdiffusion.inference.model_runners][INFO] - Timestep 22, input to next step: -------------------------------------------------------------------------------------------
[2026-04-19 20:04:08,163][rfdiffusion.inference.model_runners][INFO] - Timestep 21, input to next step: -------------------------------------------------------------------------------------------
[2026-04-19 20:04:09,760][rfdiffusion.inference.model_runners][INFO] - Timestep 20, input to next step: -------------------------------------------------------------------------------------------
[2026-04-19 20:04:11,119][rfdiffusion.inference.model_runners][INFO] - Timestep 19, input to next step: -------------------------------------------------------------------------------------------
[2026-04-19 20:04:12,605][rfdiffusion.inference.model_runners][INFO] - Timestep 18, input to next step: -------------------------------------------------------------------------------------------
[2026-04-19 20:04:14,037][rfdiffusion.inference.model_runners][INFO] - Timestep 17, input to next step: -------------------------------------------------------------------------------------------
[2026-04-19 20:04:15,469][rfdiffusion.inference.model_runners][INFO] - Timestep 16, input to next step: -------------------------------------------------------------------------------------------
[2026-04-19 20:04:16,961][rfdiffusion.inference.model_runners][INFO] - Timestep 15, input to next step: -------------------------------------------------------------------------------------------
[2026-04-19 20:04:18,501][rfdiffusion.inference.model_runners][INFO] - Timestep 14, input to next step: -------------------------------------------------------------------------------------------
[2026-04-19 20:04:20,224][rfdiffusion.inference.model_runners][INFO] - Timestep 13, input to next step: -------------------------------------------------------------------------------------------
[2026-04-19 20:04:21,711][rfdiffusion.inference.model_runners][INFO] - Timestep 12, input to next step: -------------------------------------------------------------------------------------------
[2026-04-19 20:04:23,242][rfdiffusion.inference.model_runners][INFO] - Timestep 11, input to next step: -------------------------------------------------------------------------------------------
[2026-04-19 20:04:24,833][rfdiffusion.inference.model_runners][INFO] - Timestep 10, input to next step: -------------------------------------------------------------------------------------------
[2026-04-19 20:04:26,364][rfdiffusion.inference.model_runners][INFO] - Timestep 9, input to next step: -------------------------------------------------------------------------------------------
[2026-04-19 20:04:27,844][rfdiffusion.inference.model_runners][INFO] - Timestep 8, input to next step: -------------------------------------------------------------------------------------------
[2026-04-19 20:04:29,290][rfdiffusion.inference.model_runners][INFO] - Timestep 7, input to next step: -------------------------------------------------------------------------------------------
[2026-04-19 20:04:30,747][rfdiffusion.inference.model_runners][INFO] - Timestep 6, input to next step: -------------------------------------------------------------------------------------------
[2026-04-19 20:04:32,332][rfdiffusion.inference.model_runners][INFO] - Timestep 5, input to next step: -------------------------------------------------------------------------------------------
[2026-04-19 20:04:33,862][rfdiffusion.inference.model_runners][INFO] - Timestep 4, input to next step: -------------------------------------------------------------------------------------------
[2026-04-19 20:04:35,364][rfdiffusion.inference.model_runners][INFO] - Timestep 3, input to next step: -------------------------------------------------------------------------------------------
[2026-04-19 20:04:36,919][rfdiffusion.inference.model_runners][INFO] - Timestep 2, input to next step: -------------------------------------------------------------------------------------------
[2026-04-19 20:04:39,966][__main__][INFO] - Finished design in 1.25 minutes
[2026-04-19 20:04:39,966][__main__][INFO] - Making design /home/manvi/Team_8_CS598GBL/Assignment/Generate_designs/default/len_091/design_2
[2026-04-19 20:04:39,971][rfdiffusion.inference.model_runners][INFO] - Using contig: ['91-91']
[2026-04-19 20:04:39,989][rfdiffusion.inference.model_runners][INFO] - Sequence init: -------------------------------------------------------------------------------------------
[2026-04-19 20:04:41,230][rfdiffusion.inference.model_runners][INFO] - Timestep 50, input to next step: -------------------------------------------------------------------------------------------
[2026-04-19 20:04:42,709][rfdiffusion.inference.model_runners][INFO] - Timestep 49, input to next step: -------------------------------------------------------------------------------------------
[2026-04-19 20:04:44,333][rfdiffusion.inference.model_runners][INFO] - Timestep 48, input to next step: -------------------------------------------------------------------------------------------
[2026-04-19 20:04:45,965][rfdiffusion.inference.model_runners][INFO] - Timestep 47, input to next step: -------------------------------------------------------------------------------------------
[2026-04-19 20:04:47,568][rfdiffusion.inference.model_runners][INFO] - Timestep 46, input to next step: -------------------------------------------------------------------------------------------
[2026-04-19 20:04:48,968][rfdiffusion.inference.model_runners][INFO] - Timestep 45, input to next step: -------------------------------------------------------------------------------------------
[2026-04-19 20:04:50,541][rfdiffusion.inference.model_runners][INFO] - Timestep 44, input to next step: -------------------------------------------------------------------------------------------
[2026-04-19 20:04:52,149][rfdiffusion.inference.model_runners][INFO] - Timestep 43, input to next step: -------------------------------------------------------------------------------------------
[2026-04-19 20:04:54,109][rfdiffusion.inference.model_runners][INFO] - Timestep 42, input to next step: -------------------------------------------------------------------------------------------
[2026-04-19 20:04:55,793][rfdiffusion.inference.model_runners][INFO] - Timestep 41, input to next step: -------------------------------------------------------------------------------------------
[2026-04-19 20:04:57,311][rfdiffusion.inference.model_runners][INFO] - Timestep 40, input to next step: -------------------------------------------------------------------------------------------
[2026-04-19 20:04:58,844][rfdiffusion.inference.model_runners][INFO] - Timestep 39, input to next step: -------------------------------------------------------------------------------------------
[2026-04-19 20:05:00,626][rfdiffusion.inference.model_runners][INFO] - Timestep 38, input to next step: -------------------------------------------------------------------------------------------
[2026-04-19 20:05:02,077][rfdiffusion.inference.model_runners][INFO] - Timestep 37, input to next step: -------------------------------------------------------------------------------------------
[2026-04-19 20:05:03,721][rfdiffusion.inference.model_runners][INFO] - Timestep 36, input to next step: -------------------------------------------------------------------------------------------
[2026-04-19 20:05:05,751][rfdiffusion.inference.model_runners][INFO] - Timestep 35, input to next step: -------------------------------------------------------------------------------------------
[2026-04-19 20:05:07,814][rfdiffusion.inference.model_runners][INFO] - Timestep 34, input to next step: -------------------------------------------------------------------------------------------
[2026-04-19 20:05:10,051][rfdiffusion.inference.model_runners][INFO] - Timestep 33, input to next step: -------------------------------------------------------------------------------------------
[2026-04-19 20:05:12,333][rfdiffusion.inference.model_runners][INFO] - Timestep 32, input to next step: -------------------------------------------------------------------------------------------
[2026-04-19 20:05:14,234][rfdiffusion.inference.model_runners][INFO] - Timestep 31, input to next step: -------------------------------------------------------------------------------------------
[2026-04-19 20:05:15,910][rfdiffusion.inference.model_runners][INFO] - Timestep 30, input to next step: -------------------------------------------------------------------------------------------
[2026-04-19 20:05:17,601][rfdiffusion.inference.model_runners][INFO] - Timestep 29, input to next step: -------------------------------------------------------------------------------------------
[2026-04-19 20:05:19,355][rfdiffusion.inference.model_runners][INFO] - Timestep 28, input to next step: -------------------------------------------------------------------------------------------
[2026-04-19 20:05:21,099][rfdiffusion.inference.model_runners][INFO] - Timestep 27, input to next step: -------------------------------------------------------------------------------------------
[2026-04-19 20:05:22,826][rfdiffusion.inference.model_runners][INFO] - Timestep 26, input to next step: -------------------------------------------------------------------------------------------
[2026-04-19 20:05:24,510][rfdiffusion.inference.model_runners][INFO] - Timestep 25, input to next step: -------------------------------------------------------------------------------------------
[2026-04-19 20:05:26,198][rfdiffusion.inference.model_runners][INFO] - Timestep 24, input to next step: -------------------------------------------------------------------------------------------
[2026-04-19 20:05:27,918][rfdiffusion.inference.model_runners][INFO] - Timestep 23, input to next step: -------------------------------------------------------------------------------------------
[2026-04-19 20:05:29,596][rfdiffusion.inference.model_runners][INFO] - Timestep 22, input to next step: -------------------------------------------------------------------------------------------
[2026-04-19 20:05:31,374][rfdiffusion.inference.model_runners][INFO] - Timestep 21, input to next step: -------------------------------------------------------------------------------------------
[2026-04-19 20:05:33,090][rfdiffusion.inference.model_runners][INFO] - Timestep 20, input to next step: -------------------------------------------------------------------------------------------
[2026-04-19 20:05:34,780][rfdiffusion.inference.model_runners][INFO] - Timestep 19, input to next step: -------------------------------------------------------------------------------------------
[2026-04-19 20:05:37,227][rfdiffusion.inference.model_runners][INFO] - Timestep 18, input to next step: -------------------------------------------------------------------------------------------
[2026-04-19 20:05:38,850][rfdiffusion.inference.model_runners][INFO] - Timestep 17, input to next step: -------------------------------------------------------------------------------------------
[2026-04-19 20:05:41,040][rfdiffusion.inference.model_runners][INFO] - Timestep 16, input to next step: -------------------------------------------------------------------------------------------
[2026-04-19 20:05:43,047][rfdiffusion.inference.model_runners][INFO] - Timestep 15, input to next step: -------------------------------------------------------------------------------------------
[2026-04-19 20:05:44,789][rfdiffusion.inference.model_runners][INFO] - Timestep 14, input to next step: -------------------------------------------------------------------------------------------
[2026-04-19 20:05:47,418][rfdiffusion.inference.model_runners][INFO] - Timestep 13, input to next step: -------------------------------------------------------------------------------------------
[2026-04-19 20:05:50,323][rfdiffusion.inference.model_runners][INFO] - Timestep 12, input to next step: -------------------------------------------------------------------------------------------
[2026-04-19 20:05:52,721][rfdiffusion.inference.model_runners][INFO] - Timestep 11, input to next step: -------------------------------------------------------------------------------------------
[2026-04-19 20:05:54,515][rfdiffusion.inference.model_runners][INFO] - Timestep 10, input to next step: -------------------------------------------------------------------------------------------
[2026-04-19 20:05:56,199][rfdiffusion.inference.model_runners][INFO] - Timestep 9, input to next step: -------------------------------------------------------------------------------------------
[2026-04-19 20:05:57,945][rfdiffusion.inference.model_runners][INFO] - Timestep 8, input to next step: -------------------------------------------------------------------------------------------
[2026-04-19 20:05:59,580][rfdiffusion.inference.model_runners][INFO] - Timestep 7, input to next step: -------------------------------------------------------------------------------------------
[2026-04-19 20:06:01,212][rfdiffusion.inference.model_runners][INFO] - Timestep 6, input to next step: -------------------------------------------------------------------------------------------
[2026-04-19 20:06:02,882][rfdiffusion.inference.model_runners][INFO] - Timestep 5, input to next step: -------------------------------------------------------------------------------------------
[2026-04-19 20:06:04,521][rfdiffusion.inference.model_runners][INFO] - Timestep 4, input to next step: -------------------------------------------------------------------------------------------
[2026-04-19 20:06:06,123][rfdiffusion.inference.model_runners][INFO] - Timestep 3, input to next step: -------------------------------------------------------------------------------------------
[2026-04-19 20:06:07,863][rfdiffusion.inference.model_runners][INFO] - Timestep 2, input to next step: -------------------------------------------------------------------------------------------
[2026-04-19 20:06:11,211][__main__][INFO] - Finished design in 1.52 minutes
[2026-04-19 20:06:11,211][__main__][INFO] - Making design /home/manvi/Team_8_CS598GBL/Assignment/Generate_designs/default/len_091/design_3
[2026-04-19 20:06:11,216][rfdiffusion.inference.model_runners][INFO] - Using contig: ['91-91']
[2026-04-19 20:06:11,235][rfdiffusion.inference.model_runners][INFO] - Sequence init: -------------------------------------------------------------------------------------------
[2026-04-19 20:06:12,586][rfdiffusion.inference.model_runners][INFO] - Timestep 50, input to next step: -------------------------------------------------------------------------------------------
[2026-04-19 20:06:14,571][rfdiffusion.inference.model_runners][INFO] - Timestep 49, input to next step: -------------------------------------------------------------------------------------------
[2026-04-19 20:06:16,384][rfdiffusion.inference.model_runners][INFO] - Timestep 48, input to next step: -------------------------------------------------------------------------------------------
[2026-04-19 20:06:18,095][rfdiffusion.inference.model_runners][INFO] - Timestep 47, input to next step: -------------------------------------------------------------------------------------------
[2026-04-19 20:06:20,039][rfdiffusion.inference.model_runners][INFO] - Timestep 46, input to next step: -------------------------------------------------------------------------------------------
[2026-04-19 20:06:22,050][rfdiffusion.inference.model_runners][INFO] - Timestep 45, input to next step: -------------------------------------------------------------------------------------------
[2026-04-19 20:06:24,143][rfdiffusion.inference.model_runners][INFO] - Timestep 44, input to next step: -------------------------------------------------------------------------------------------
[2026-04-19 20:06:25,639][rfdiffusion.inference.model_runners][INFO] - Timestep 43, input to next step: -------------------------------------------------------------------------------------------
[2026-04-19 20:06:27,171][rfdiffusion.inference.model_runners][INFO] - Timestep 42, input to next step: -------------------------------------------------------------------------------------------
[2026-04-19 20:06:28,853][rfdiffusion.inference.model_runners][INFO] - Timestep 41, input to next step: -------------------------------------------------------------------------------------------
[2026-04-19 20:06:30,467][rfdiffusion.inference.model_runners][INFO] - Timestep 40, input to next step: -------------------------------------------------------------------------------------------
[2026-04-19 20:06:32,144][rfdiffusion.inference.model_runners][INFO] - Timestep 39, input to next step: -------------------------------------------------------------------------------------------
[2026-04-19 20:06:33,817][rfdiffusion.inference.model_runners][INFO] - Timestep 38, input to next step: -------------------------------------------------------------------------------------------
[2026-04-19 20:06:35,496][rfdiffusion.inference.model_runners][INFO] - Timestep 37, input to next step: -------------------------------------------------------------------------------------------
[2026-04-19 20:06:37,150][rfdiffusion.inference.model_runners][INFO] - Timestep 36, input to next step: -------------------------------------------------------------------------------------------
[2026-04-19 20:06:38,865][rfdiffusion.inference.model_runners][INFO] - Timestep 35, input to next step: -------------------------------------------------------------------------------------------
[2026-04-19 20:06:40,554][rfdiffusion.inference.model_runners][INFO] - Timestep 34, input to next step: -------------------------------------------------------------------------------------------
[2026-04-19 20:06:42,239][rfdiffusion.inference.model_runners][INFO] - Timestep 33, input to next step: -------------------------------------------------------------------------------------------
[2026-04-19 20:06:43,953][rfdiffusion.inference.model_runners][INFO] - Timestep 32, input to next step: -------------------------------------------------------------------------------------------
[2026-04-19 20:06:45,635][rfdiffusion.inference.model_runners][INFO] - Timestep 31, input to next step: -------------------------------------------------------------------------------------------
[2026-04-19 20:06:47,427][rfdiffusion.inference.model_runners][INFO] - Timestep 30, input to next step: -------------------------------------------------------------------------------------------
[2026-04-19 20:06:49,278][rfdiffusion.inference.model_runners][INFO] - Timestep 29, input to next step: -------------------------------------------------------------------------------------------
[2026-04-19 20:06:51,426][rfdiffusion.inference.model_runners][INFO] - Timestep 28, input to next step: -------------------------------------------------------------------------------------------
[2026-04-19 20:06:53,136][rfdiffusion.inference.model_runners][INFO] - Timestep 27, input to next step: -------------------------------------------------------------------------------------------
[2026-04-19 20:06:54,847][rfdiffusion.inference.model_runners][INFO] - Timestep 26, input to next step: -------------------------------------------------------------------------------------------
[2026-04-19 20:06:56,868][rfdiffusion.inference.model_runners][INFO] - Timestep 25, input to next step: -------------------------------------------------------------------------------------------
[2026-04-19 20:06:58,522][rfdiffusion.inference.model_runners][INFO] - Timestep 24, input to next step: -------------------------------------------------------------------------------------------
[2026-04-19 20:07:00,178][rfdiffusion.inference.model_runners][INFO] - Timestep 23, input to next step: -------------------------------------------------------------------------------------------
[2026-04-19 20:07:01,890][rfdiffusion.inference.model_runners][INFO] - Timestep 22, input to next step: -------------------------------------------------------------------------------------------
[2026-04-19 20:07:03,605][rfdiffusion.inference.model_runners][INFO] - Timestep 21, input to next step: -------------------------------------------------------------------------------------------
[2026-04-19 20:07:05,362][rfdiffusion.inference.model_runners][INFO] - Timestep 20, input to next step: -------------------------------------------------------------------------------------------
[2026-04-19 20:07:07,160][rfdiffusion.inference.model_runners][INFO] - Timestep 19, input to next step: -------------------------------------------------------------------------------------------
[2026-04-19 20:07:08,894][rfdiffusion.inference.model_runners][INFO] - Timestep 18, input to next step: -------------------------------------------------------------------------------------------
[2026-04-19 20:07:10,719][rfdiffusion.inference.model_runners][INFO] - Timestep 17, input to next step: -------------------------------------------------------------------------------------------
[2026-04-19 20:07:12,412][rfdiffusion.inference.model_runners][INFO] - Timestep 16, input to next step: -------------------------------------------------------------------------------------------
[2026-04-19 20:07:14,141][rfdiffusion.inference.model_runners][INFO] - Timestep 15, input to next step: -------------------------------------------------------------------------------------------
[2026-04-19 20:07:15,861][rfdiffusion.inference.model_runners][INFO] - Timestep 14, input to next step: -------------------------------------------------------------------------------------------
[2026-04-19 20:07:17,690][rfdiffusion.inference.model_runners][INFO] - Timestep 13, input to next step: -------------------------------------------------------------------------------------------
[2026-04-19 20:07:19,665][rfdiffusion.inference.model_runners][INFO] - Timestep 12, input to next step: -------------------------------------------------------------------------------------------
[2026-04-19 20:07:21,408][rfdiffusion.inference.model_runners][INFO] - Timestep 11, input to next step: -------------------------------------------------------------------------------------------
[2026-04-19 20:07:23,091][rfdiffusion.inference.model_runners][INFO] - Timestep 10, input to next step: -------------------------------------------------------------------------------------------
[2026-04-19 20:07:24,852][rfdiffusion.inference.model_runners][INFO] - Timestep 9, input to next step: -------------------------------------------------------------------------------------------
[2026-04-19 20:07:28,387][rfdiffusion.inference.model_runners][INFO] - Timestep 8, input to next step: -------------------------------------------------------------------------------------------
[2026-04-19 20:07:30,033][rfdiffusion.inference.model_runners][INFO] - Timestep 7, input to next step: -------------------------------------------------------------------------------------------
[2026-04-19 20:07:31,772][rfdiffusion.inference.model_runners][INFO] - Timestep 6, input to next step: -------------------------------------------------------------------------------------------
[2026-04-19 20:07:34,334][rfdiffusion.inference.model_runners][INFO] - Timestep 5, input to next step: -------------------------------------------------------------------------------------------
[2026-04-19 20:07:36,285][rfdiffusion.inference.model_runners][INFO] - Timestep 4, input to next step: -------------------------------------------------------------------------------------------
[2026-04-19 20:07:38,081][rfdiffusion.inference.model_runners][INFO] - Timestep 3, input to next step: -------------------------------------------------------------------------------------------
[2026-04-19 20:07:39,800][rfdiffusion.inference.model_runners][INFO] - Timestep 2, input to next step: -------------------------------------------------------------------------------------------
[2026-04-19 20:07:43,500][__main__][INFO] - Finished design in 1.54 minutes
[2026-04-19 20:07:43,500][__main__][INFO] - Making design /home/manvi/Team_8_CS598GBL/Assignment/Generate_designs/default/len_091/design_4
[2026-04-19 20:07:43,505][rfdiffusion.inference.model_runners][INFO] - Using contig: ['91-91']
[2026-04-19 20:07:43,528][rfdiffusion.inference.model_runners][INFO] - Sequence init: -------------------------------------------------------------------------------------------
[2026-04-19 20:07:45,094][rfdiffusion.inference.model_runners][INFO] - Timestep 50, input to next step: -------------------------------------------------------------------------------------------
[2026-04-19 20:07:46,722][rfdiffusion.inference.model_runners][INFO] - Timestep 49, input to next step: -------------------------------------------------------------------------------------------
[2026-04-19 20:07:48,524][rfdiffusion.inference.model_runners][INFO] - Timestep 48, input to next step: -------------------------------------------------------------------------------------------
[2026-04-19 20:07:50,115][rfdiffusion.inference.model_runners][INFO] - Timestep 47, input to next step: -------------------------------------------------------------------------------------------
[2026-04-19 20:07:51,854][rfdiffusion.inference.model_runners][INFO] - Timestep 46, input to next step: -------------------------------------------------------------------------------------------
[2026-04-19 20:07:53,658][rfdiffusion.inference.model_runners][INFO] - Timestep 45, input to next step: -------------------------------------------------------------------------------------------
[2026-04-19 20:07:55,475][rfdiffusion.inference.model_runners][INFO] - Timestep 44, input to next step: -------------------------------------------------------------------------------------------
[2026-04-19 20:07:57,244][rfdiffusion.inference.model_runners][INFO] - Timestep 43, input to next step: -------------------------------------------------------------------------------------------
[2026-04-19 20:07:58,978][rfdiffusion.inference.model_runners][INFO] - Timestep 42, input to next step: -------------------------------------------------------------------------------------------
[2026-04-19 20:08:00,775][rfdiffusion.inference.model_runners][INFO] - Timestep 41, input to next step: -------------------------------------------------------------------------------------------
[2026-04-19 20:08:02,672][rfdiffusion.inference.model_runners][INFO] - Timestep 40, input to next step: -------------------------------------------------------------------------------------------
[2026-04-19 20:08:04,728][rfdiffusion.inference.model_runners][INFO] - Timestep 39, input to next step: -------------------------------------------------------------------------------------------
[2026-04-19 20:08:06,521][rfdiffusion.inference.model_runners][INFO] - Timestep 38, input to next step: -------------------------------------------------------------------------------------------
[2026-04-19 20:08:08,196][rfdiffusion.inference.model_runners][INFO] - Timestep 37, input to next step: -------------------------------------------------------------------------------------------
[2026-04-19 20:08:10,009][rfdiffusion.inference.model_runners][INFO] - Timestep 36, input to next step: -------------------------------------------------------------------------------------------
[2026-04-19 20:08:11,829][rfdiffusion.inference.model_runners][INFO] - Timestep 35, input to next step: -------------------------------------------------------------------------------------------
[2026-04-19 20:08:13,542][rfdiffusion.inference.model_runners][INFO] - Timestep 34, input to next step: -------------------------------------------------------------------------------------------
[2026-04-19 20:08:15,248][rfdiffusion.inference.model_runners][INFO] - Timestep 33, input to next step: -------------------------------------------------------------------------------------------
[2026-04-19 20:08:17,000][rfdiffusion.inference.model_runners][INFO] - Timestep 32, input to next step: -------------------------------------------------------------------------------------------
[2026-04-19 20:08:19,208][rfdiffusion.inference.model_runners][INFO] - Timestep 31, input to next step: -------------------------------------------------------------------------------------------
[2026-04-19 20:08:20,803][rfdiffusion.inference.model_runners][INFO] - Timestep 30, input to next step: -------------------------------------------------------------------------------------------
[2026-04-19 20:08:22,253][rfdiffusion.inference.model_runners][INFO] - Timestep 29, input to next step: -------------------------------------------------------------------------------------------
[2026-04-19 20:08:23,917][rfdiffusion.inference.model_runners][INFO] - Timestep 28, input to next step: -------------------------------------------------------------------------------------------
[2026-04-19 20:08:25,716][rfdiffusion.inference.model_runners][INFO] - Timestep 27, input to next step: -------------------------------------------------------------------------------------------
[2026-04-19 20:08:27,287][rfdiffusion.inference.model_runners][INFO] - Timestep 26, input to next step: -------------------------------------------------------------------------------------------
[2026-04-19 20:08:28,987][rfdiffusion.inference.model_runners][INFO] - Timestep 25, input to next step: -------------------------------------------------------------------------------------------
[2026-04-19 20:08:30,829][rfdiffusion.inference.model_runners][INFO] - Timestep 24, input to next step: -------------------------------------------------------------------------------------------
[2026-04-19 20:08:32,664][rfdiffusion.inference.model_runners][INFO] - Timestep 23, input to next step: -------------------------------------------------------------------------------------------
[2026-04-19 20:08:34,668][rfdiffusion.inference.model_runners][INFO] - Timestep 22, input to next step: -------------------------------------------------------------------------------------------
[2026-04-19 20:08:36,436][rfdiffusion.inference.model_runners][INFO] - Timestep 21, input to next step: -------------------------------------------------------------------------------------------
[2026-04-19 20:08:38,247][rfdiffusion.inference.model_runners][INFO] - Timestep 20, input to next step: -------------------------------------------------------------------------------------------
[2026-04-19 20:08:40,103][rfdiffusion.inference.model_runners][INFO] - Timestep 19, input to next step: -------------------------------------------------------------------------------------------
[2026-04-19 20:08:41,864][rfdiffusion.inference.model_runners][INFO] - Timestep 18, input to next step: -------------------------------------------------------------------------------------------
[2026-04-19 20:08:43,650][rfdiffusion.inference.model_runners][INFO] - Timestep 17, input to next step: -------------------------------------------------------------------------------------------
[2026-04-19 20:08:45,440][rfdiffusion.inference.model_runners][INFO] - Timestep 16, input to next step: -------------------------------------------------------------------------------------------
[2026-04-19 20:08:47,283][rfdiffusion.inference.model_runners][INFO] - Timestep 15, input to next step: -------------------------------------------------------------------------------------------
[2026-04-19 20:08:49,181][rfdiffusion.inference.model_runners][INFO] - Timestep 14, input to next step: -------------------------------------------------------------------------------------------
[2026-04-19 20:08:51,066][rfdiffusion.inference.model_runners][INFO] - Timestep 13, input to next step: -------------------------------------------------------------------------------------------
[2026-04-19 20:08:52,861][rfdiffusion.inference.model_runners][INFO] - Timestep 12, input to next step: -------------------------------------------------------------------------------------------
[2026-04-19 20:08:54,542][rfdiffusion.inference.model_runners][INFO] - Timestep 11, input to next step: -------------------------------------------------------------------------------------------
[2026-04-19 20:08:56,363][rfdiffusion.inference.model_runners][INFO] - Timestep 10, input to next step: -------------------------------------------------------------------------------------------
[2026-04-19 20:08:58,255][rfdiffusion.inference.model_runners][INFO] - Timestep 9, input to next step: -------------------------------------------------------------------------------------------
[2026-04-19 20:09:00,217][rfdiffusion.inference.model_runners][INFO] - Timestep 8, input to next step: -------------------------------------------------------------------------------------------
[2026-04-19 20:09:02,096][rfdiffusion.inference.model_runners][INFO] - Timestep 7, input to next step: -------------------------------------------------------------------------------------------
[2026-04-19 20:09:03,901][rfdiffusion.inference.model_runners][INFO] - Timestep 6, input to next step: -------------------------------------------------------------------------------------------
[2026-04-19 20:09:05,681][rfdiffusion.inference.model_runners][INFO] - Timestep 5, input to next step: -------------------------------------------------------------------------------------------
[2026-04-19 20:09:07,516][rfdiffusion.inference.model_runners][INFO] - Timestep 4, input to next step: -------------------------------------------------------------------------------------------
[2026-04-19 20:09:09,381][rfdiffusion.inference.model_runners][INFO] - Timestep 3, input to next step: -------------------------------------------------------------------------------------------
[2026-04-19 20:09:11,437][rfdiffusion.inference.model_runners][INFO] - Timestep 2, input to next step: -------------------------------------------------------------------------------------------
[2026-04-19 20:09:15,737][__main__][INFO] - Finished design in 1.54 minutes
[2026-04-19 20:09:15,737][__main__][INFO] - Making design /home/manvi/Team_8_CS598GBL/Assignment/Generate_designs/default/len_091/design_5
[2026-04-19 20:09:15,743][rfdiffusion.inference.model_runners][INFO] - Using contig: ['91-91']
[2026-04-19 20:09:15,771][rfdiffusion.inference.model_runners][INFO] - Sequence init: -------------------------------------------------------------------------------------------
[2026-04-19 20:09:17,309][rfdiffusion.inference.model_runners][INFO] - Timestep 50, input to next step: -------------------------------------------------------------------------------------------
[2026-04-19 20:09:19,067][rfdiffusion.inference.model_runners][INFO] - Timestep 49, input to next step: -------------------------------------------------------------------------------------------
[2026-04-19 20:09:21,133][rfdiffusion.inference.model_runners][INFO] - Timestep 48, input to next step: -------------------------------------------------------------------------------------------
[2026-04-19 20:09:22,893][rfdiffusion.inference.model_runners][INFO] - Timestep 47, input to next step: -------------------------------------------------------------------------------------------
[2026-04-19 20:09:24,675][rfdiffusion.inference.model_runners][INFO] - Timestep 46, input to next step: -------------------------------------------------------------------------------------------
[2026-04-19 20:09:26,471][rfdiffusion.inference.model_runners][INFO] - Timestep 45, input to next step: -------------------------------------------------------------------------------------------
[2026-04-19 20:09:29,513][rfdiffusion.inference.model_runners][INFO] - Timestep 44, input to next step: -------------------------------------------------------------------------------------------
[2026-04-19 20:09:31,814][rfdiffusion.inference.model_runners][INFO] - Timestep 43, input to next step: -------------------------------------------------------------------------------------------
[2026-04-19 20:09:34,113][rfdiffusion.inference.model_runners][INFO] - Timestep 42, input to next step: -------------------------------------------------------------------------------------------
[2026-04-19 20:09:36,017][rfdiffusion.inference.model_runners][INFO] - Timestep 41, input to next step: -------------------------------------------------------------------------------------------
[2026-04-19 20:09:37,650][rfdiffusion.inference.model_runners][INFO] - Timestep 40, input to next step: -------------------------------------------------------------------------------------------
[2026-04-19 20:09:39,470][rfdiffusion.inference.model_runners][INFO] - Timestep 39, input to next step: -------------------------------------------------------------------------------------------
[2026-04-19 20:09:41,210][rfdiffusion.inference.model_runners][INFO] - Timestep 38, input to next step: -------------------------------------------------------------------------------------------
[2026-04-19 20:09:42,783][rfdiffusion.inference.model_runners][INFO] - Timestep 37, input to next step: -------------------------------------------------------------------------------------------
[2026-04-19 20:09:44,522][rfdiffusion.inference.model_runners][INFO] - Timestep 36, input to next step: -------------------------------------------------------------------------------------------
[2026-04-19 20:09:46,293][rfdiffusion.inference.model_runners][INFO] - Timestep 35, input to next step: -------------------------------------------------------------------------------------------
[2026-04-19 20:09:48,011][rfdiffusion.inference.model_runners][INFO] - Timestep 34, input to next step: -------------------------------------------------------------------------------------------
[2026-04-19 20:09:49,885][rfdiffusion.inference.model_runners][INFO] - Timestep 33, input to next step: -------------------------------------------------------------------------------------------
[2026-04-19 20:09:51,692][rfdiffusion.inference.model_runners][INFO] - Timestep 32, input to next step: -------------------------------------------------------------------------------------------
[2026-04-19 20:09:53,524][rfdiffusion.inference.model_runners][INFO] - Timestep 31, input to next step: -------------------------------------------------------------------------------------------
[2026-04-19 20:09:56,117][rfdiffusion.inference.model_runners][INFO] - Timestep 30, input to next step: -------------------------------------------------------------------------------------------
[2026-04-19 20:09:57,825][rfdiffusion.inference.model_runners][INFO] - Timestep 29, input to next step: -------------------------------------------------------------------------------------------
[2026-04-19 20:09:59,570][rfdiffusion.inference.model_runners][INFO] - Timestep 28, input to next step: -------------------------------------------------------------------------------------------
[2026-04-19 20:10:01,269][rfdiffusion.inference.model_runners][INFO] - Timestep 27, input to next step: -------------------------------------------------------------------------------------------
[2026-04-19 20:10:03,097][rfdiffusion.inference.model_runners][INFO] - Timestep 26, input to next step: -------------------------------------------------------------------------------------------
[2026-04-19 20:10:04,974][rfdiffusion.inference.model_runners][INFO] - Timestep 25, input to next step: -------------------------------------------------------------------------------------------
[2026-04-19 20:10:06,658][rfdiffusion.inference.model_runners][INFO] - Timestep 24, input to next step: -------------------------------------------------------------------------------------------
[2026-04-19 20:10:08,384][rfdiffusion.inference.model_runners][INFO] - Timestep 23, input to next step: -------------------------------------------------------------------------------------------
[2026-04-19 20:10:10,170][rfdiffusion.inference.model_runners][INFO] - Timestep 22, input to next step: -------------------------------------------------------------------------------------------
[2026-04-19 20:10:11,883][rfdiffusion.inference.model_runners][INFO] - Timestep 21, input to next step: -------------------------------------------------------------------------------------------
[2026-04-19 20:10:13,661][rfdiffusion.inference.model_runners][INFO] - Timestep 20, input to next step: -------------------------------------------------------------------------------------------
[2026-04-19 20:10:15,398][rfdiffusion.inference.model_runners][INFO] - Timestep 19, input to next step: -------------------------------------------------------------------------------------------
[2026-04-19 20:10:17,143][rfdiffusion.inference.model_runners][INFO] - Timestep 18, input to next step: -------------------------------------------------------------------------------------------
[2026-04-19 20:10:18,842][rfdiffusion.inference.model_runners][INFO] - Timestep 17, input to next step: -------------------------------------------------------------------------------------------
[2026-04-19 20:10:20,932][rfdiffusion.inference.model_runners][INFO] - Timestep 16, input to next step: -------------------------------------------------------------------------------------------
[2026-04-19 20:10:22,815][rfdiffusion.inference.model_runners][INFO] - Timestep 15, input to next step: -------------------------------------------------------------------------------------------
[2026-04-19 20:10:24,391][rfdiffusion.inference.model_runners][INFO] - Timestep 14, input to next step: -------------------------------------------------------------------------------------------
[2026-04-19 20:10:26,173][rfdiffusion.inference.model_runners][INFO] - Timestep 13, input to next step: -------------------------------------------------------------------------------------------
[2026-04-19 20:10:28,023][rfdiffusion.inference.model_runners][INFO] - Timestep 12, input to next step: -------------------------------------------------------------------------------------------
[2026-04-19 20:10:29,804][rfdiffusion.inference.model_runners][INFO] - Timestep 11, input to next step: -------------------------------------------------------------------------------------------
[2026-04-19 20:10:31,641][rfdiffusion.inference.model_runners][INFO] - Timestep 10, input to next step: -------------------------------------------------------------------------------------------
[2026-04-19 20:10:33,362][rfdiffusion.inference.model_runners][INFO] - Timestep 9, input to next step: -------------------------------------------------------------------------------------------
[2026-04-19 20:10:35,125][rfdiffusion.inference.model_runners][INFO] - Timestep 8, input to next step: -------------------------------------------------------------------------------------------
[2026-04-19 20:10:36,949][rfdiffusion.inference.model_runners][INFO] - Timestep 7, input to next step: -------------------------------------------------------------------------------------------
[2026-04-19 20:10:38,682][rfdiffusion.inference.model_runners][INFO] - Timestep 6, input to next step: -------------------------------------------------------------------------------------------
[2026-04-19 20:10:40,493][rfdiffusion.inference.model_runners][INFO] - Timestep 5, input to next step: -------------------------------------------------------------------------------------------
[2026-04-19 20:10:42,416][rfdiffusion.inference.model_runners][INFO] - Timestep 4, input to next step: -------------------------------------------------------------------------------------------
[2026-04-19 20:10:44,563][rfdiffusion.inference.model_runners][INFO] - Timestep 3, input to next step: -------------------------------------------------------------------------------------------
[2026-04-19 20:10:46,439][rfdiffusion.inference.model_runners][INFO] - Timestep 2, input to next step: -------------------------------------------------------------------------------------------
[2026-04-19 20:10:49,952][__main__][INFO] - Finished design in 1.57 minutes
[2026-04-19 20:10:49,952][__main__][INFO] - Making design /home/manvi/Team_8_CS598GBL/Assignment/Generate_designs/default/len_091/design_6
[2026-04-19 20:10:49,957][rfdiffusion.inference.model_runners][INFO] - Using contig: ['91-91']
[2026-04-19 20:10:49,977][rfdiffusion.inference.model_runners][INFO] - Sequence init: -------------------------------------------------------------------------------------------
[2026-04-19 20:10:51,525][rfdiffusion.inference.model_runners][INFO] - Timestep 50, input to next step: -------------------------------------------------------------------------------------------
[2026-04-19 20:10:53,291][rfdiffusion.inference.model_runners][INFO] - Timestep 49, input to next step: -------------------------------------------------------------------------------------------
[2026-04-19 20:10:55,735][rfdiffusion.inference.model_runners][INFO] - Timestep 48, input to next step: -------------------------------------------------------------------------------------------
[2026-04-19 20:10:57,817][rfdiffusion.inference.model_runners][INFO] - Timestep 47, input to next step: -------------------------------------------------------------------------------------------
[2026-04-19 20:10:59,504][rfdiffusion.inference.model_runners][INFO] - Timestep 46, input to next step: -------------------------------------------------------------------------------------------
[2026-04-19 20:11:01,900][rfdiffusion.inference.model_runners][INFO] - Timestep 45, input to next step: -------------------------------------------------------------------------------------------
[2026-04-19 20:11:03,519][rfdiffusion.inference.model_runners][INFO] - Timestep 44, input to next step: -------------------------------------------------------------------------------------------
[2026-04-19 20:11:05,630][rfdiffusion.inference.model_runners][INFO] - Timestep 43, input to next step: -------------------------------------------------------------------------------------------
[2026-04-19 20:11:07,414][rfdiffusion.inference.model_runners][INFO] - Timestep 42, input to next step: -------------------------------------------------------------------------------------------
[2026-04-19 20:11:09,190][rfdiffusion.inference.model_runners][INFO] - Timestep 41, input to next step: -------------------------------------------------------------------------------------------
[2026-04-19 20:11:10,996][rfdiffusion.inference.model_runners][INFO] - Timestep 40, input to next step: -------------------------------------------------------------------------------------------
[2026-04-19 20:11:12,714][rfdiffusion.inference.model_runners][INFO] - Timestep 39, input to next step: -------------------------------------------------------------------------------------------
[2026-04-19 20:11:14,529][rfdiffusion.inference.model_runners][INFO] - Timestep 38, input to next step: -------------------------------------------------------------------------------------------
[2026-04-19 20:11:16,337][rfdiffusion.inference.model_runners][INFO] - Timestep 37, input to next step: -------------------------------------------------------------------------------------------
[2026-04-19 20:11:18,143][rfdiffusion.inference.model_runners][INFO] - Timestep 36, input to next step: -------------------------------------------------------------------------------------------
[2026-04-19 20:11:19,919][rfdiffusion.inference.model_runners][INFO] - Timestep 35, input to next step: -------------------------------------------------------------------------------------------
[2026-04-19 20:11:22,244][rfdiffusion.inference.model_runners][INFO] - Timestep 34, input to next step: -------------------------------------------------------------------------------------------
[2026-04-19 20:11:24,192][rfdiffusion.inference.model_runners][INFO] - Timestep 33, input to next step: -------------------------------------------------------------------------------------------
[2026-04-19 20:11:25,800][rfdiffusion.inference.model_runners][INFO] - Timestep 32, input to next step: -------------------------------------------------------------------------------------------
[2026-04-19 20:11:27,611][rfdiffusion.inference.model_runners][INFO] - Timestep 31, input to next step: -------------------------------------------------------------------------------------------
[2026-04-19 20:11:29,316][rfdiffusion.inference.model_runners][INFO] - Timestep 30, input to next step: -------------------------------------------------------------------------------------------
[2026-04-19 20:11:31,095][rfdiffusion.inference.model_runners][INFO] - Timestep 29, input to next step: -------------------------------------------------------------------------------------------
[2026-04-19 20:11:32,932][rfdiffusion.inference.model_runners][INFO] - Timestep 28, input to next step: -------------------------------------------------------------------------------------------
[2026-04-19 20:11:35,110][rfdiffusion.inference.model_runners][INFO] - Timestep 27, input to next step: -------------------------------------------------------------------------------------------
[2026-04-19 20:11:36,929][rfdiffusion.inference.model_runners][INFO] - Timestep 26, input to next step: -------------------------------------------------------------------------------------------
[2026-04-19 20:11:38,639][rfdiffusion.inference.model_runners][INFO] - Timestep 25, input to next step: -------------------------------------------------------------------------------------------
[2026-04-19 20:11:40,509][rfdiffusion.inference.model_runners][INFO] - Timestep 24, input to next step: -------------------------------------------------------------------------------------------
[2026-04-19 20:11:42,371][rfdiffusion.inference.model_runners][INFO] - Timestep 23, input to next step: -------------------------------------------------------------------------------------------
[2026-04-19 20:11:44,176][rfdiffusion.inference.model_runners][INFO] - Timestep 22, input to next step: -------------------------------------------------------------------------------------------
[2026-04-19 20:11:45,916][rfdiffusion.inference.model_runners][INFO] - Timestep 21, input to next step: -------------------------------------------------------------------------------------------
[2026-04-19 20:11:47,700][rfdiffusion.inference.model_runners][INFO] - Timestep 20, input to next step: -------------------------------------------------------------------------------------------
[2026-04-19 20:11:49,955][rfdiffusion.inference.model_runners][INFO] - Timestep 19, input to next step: -------------------------------------------------------------------------------------------
[2026-04-19 20:11:51,740][rfdiffusion.inference.model_runners][INFO] - Timestep 18, input to next step: -------------------------------------------------------------------------------------------
[2026-04-19 20:11:53,977][rfdiffusion.inference.model_runners][INFO] - Timestep 17, input to next step: -------------------------------------------------------------------------------------------
[2026-04-19 20:11:55,966][rfdiffusion.inference.model_runners][INFO] - Timestep 16, input to next step: -------------------------------------------------------------------------------------------
[2026-04-19 20:11:57,836][rfdiffusion.inference.model_runners][INFO] - Timestep 15, input to next step: -------------------------------------------------------------------------------------------
[2026-04-19 20:11:59,478][rfdiffusion.inference.model_runners][INFO] - Timestep 14, input to next step: -------------------------------------------------------------------------------------------
[2026-04-19 20:12:01,128][rfdiffusion.inference.model_runners][INFO] - Timestep 13, input to next step: -------------------------------------------------------------------------------------------
[2026-04-19 20:12:02,900][rfdiffusion.inference.model_runners][INFO] - Timestep 12, input to next step: -------------------------------------------------------------------------------------------
[2026-04-19 20:12:04,679][rfdiffusion.inference.model_runners][INFO] - Timestep 11, input to next step: -------------------------------------------------------------------------------------------
[2026-04-19 20:12:06,397][rfdiffusion.inference.model_runners][INFO] - Timestep 10, input to next step: -------------------------------------------------------------------------------------------
[2026-04-19 20:12:08,248][rfdiffusion.inference.model_runners][INFO] - Timestep 9, input to next step: -------------------------------------------------------------------------------------------
[2026-04-19 20:12:10,037][rfdiffusion.inference.model_runners][INFO] - Timestep 8, input to next step: -------------------------------------------------------------------------------------------
[2026-04-19 20:12:12,495][rfdiffusion.inference.model_runners][INFO] - Timestep 7, input to next step: -------------------------------------------------------------------------------------------
[2026-04-19 20:12:14,539][rfdiffusion.inference.model_runners][INFO] - Timestep 6, input to next step: -------------------------------------------------------------------------------------------
[2026-04-19 20:12:16,267][rfdiffusion.inference.model_runners][INFO] - Timestep 5, input to next step: -------------------------------------------------------------------------------------------
[2026-04-19 20:12:18,485][rfdiffusion.inference.model_runners][INFO] - Timestep 4, input to next step: -------------------------------------------------------------------------------------------
[2026-04-19 20:12:20,081][rfdiffusion.inference.model_runners][INFO] - Timestep 3, input to next step: -------------------------------------------------------------------------------------------
[2026-04-19 20:12:21,698][rfdiffusion.inference.model_runners][INFO] - Timestep 2, input to next step: -------------------------------------------------------------------------------------------
[2026-04-19 20:12:25,464][__main__][INFO] - Finished design in 1.59 minutes
[2026-04-19 20:12:25,464][__main__][INFO] - Making design /home/manvi/Team_8_CS598GBL/Assignment/Generate_designs/default/len_091/design_7
[2026-04-19 20:12:25,469][rfdiffusion.inference.model_runners][INFO] - Using contig: ['91-91']
[2026-04-19 20:12:25,490][rfdiffusion.inference.model_runners][INFO] - Sequence init: -------------------------------------------------------------------------------------------
[2026-04-19 20:12:26,846][rfdiffusion.inference.model_runners][INFO] - Timestep 50, input to next step: -------------------------------------------------------------------------------------------
[2026-04-19 20:12:28,473][rfdiffusion.inference.model_runners][INFO] - Timestep 49, input to next step: -------------------------------------------------------------------------------------------
[2026-04-19 20:12:30,204][rfdiffusion.inference.model_runners][INFO] - Timestep 48, input to next step: -------------------------------------------------------------------------------------------
[2026-04-19 20:12:32,000][rfdiffusion.inference.model_runners][INFO] - Timestep 47, input to next step: -------------------------------------------------------------------------------------------
[2026-04-19 20:12:33,741][rfdiffusion.inference.model_runners][INFO] - Timestep 46, input to next step: -------------------------------------------------------------------------------------------
[2026-04-19 20:12:35,383][rfdiffusion.inference.model_runners][INFO] - Timestep 45, input to next step: -------------------------------------------------------------------------------------------
[2026-04-19 20:12:37,147][rfdiffusion.inference.model_runners][INFO] - Timestep 44, input to next step: -------------------------------------------------------------------------------------------
[2026-04-19 20:12:38,932][rfdiffusion.inference.model_runners][INFO] - Timestep 43, input to next step: -------------------------------------------------------------------------------------------
[2026-04-19 20:12:40,674][rfdiffusion.inference.model_runners][INFO] - Timestep 42, input to next step: -------------------------------------------------------------------------------------------
[2026-04-19 20:12:42,480][rfdiffusion.inference.model_runners][INFO] - Timestep 41, input to next step: -------------------------------------------------------------------------------------------
[2026-04-19 20:12:44,269][rfdiffusion.inference.model_runners][INFO] - Timestep 40, input to next step: -------------------------------------------------------------------------------------------
[2026-04-19 20:12:46,143][rfdiffusion.inference.model_runners][INFO] - Timestep 39, input to next step: -------------------------------------------------------------------------------------------
[2026-04-19 20:12:48,025][rfdiffusion.inference.model_runners][INFO] - Timestep 38, input to next step: -------------------------------------------------------------------------------------------
[2026-04-19 20:12:50,061][rfdiffusion.inference.model_runners][INFO] - Timestep 37, input to next step: -------------------------------------------------------------------------------------------
[2026-04-19 20:12:51,773][rfdiffusion.inference.model_runners][INFO] - Timestep 36, input to next step: -------------------------------------------------------------------------------------------
[2026-04-19 20:12:53,552][rfdiffusion.inference.model_runners][INFO] - Timestep 35, input to next step: -------------------------------------------------------------------------------------------
[2026-04-19 20:12:55,358][rfdiffusion.inference.model_runners][INFO] - Timestep 34, input to next step: -------------------------------------------------------------------------------------------
[2026-04-19 20:12:57,165][rfdiffusion.inference.model_runners][INFO] - Timestep 33, input to next step: -------------------------------------------------------------------------------------------
[2026-04-19 20:12:58,916][rfdiffusion.inference.model_runners][INFO] - Timestep 32, input to next step: -------------------------------------------------------------------------------------------
[2026-04-19 20:13:00,715][rfdiffusion.inference.model_runners][INFO] - Timestep 31, input to next step: -------------------------------------------------------------------------------------------
[2026-04-19 20:13:02,546][rfdiffusion.inference.model_runners][INFO] - Timestep 30, input to next step: -------------------------------------------------------------------------------------------
[2026-04-19 20:13:04,313][rfdiffusion.inference.model_runners][INFO] - Timestep 29, input to next step: -------------------------------------------------------------------------------------------
[2026-04-19 20:13:06,064][rfdiffusion.inference.model_runners][INFO] - Timestep 28, input to next step: -------------------------------------------------------------------------------------------
[2026-04-19 20:13:07,863][rfdiffusion.inference.model_runners][INFO] - Timestep 27, input to next step: -------------------------------------------------------------------------------------------
[2026-04-19 20:13:09,635][rfdiffusion.inference.model_runners][INFO] - Timestep 26, input to next step: -------------------------------------------------------------------------------------------
[2026-04-19 20:13:11,438][rfdiffusion.inference.model_runners][INFO] - Timestep 25, input to next step: -------------------------------------------------------------------------------------------
[2026-04-19 20:13:13,253][rfdiffusion.inference.model_runners][INFO] - Timestep 24, input to next step: -------------------------------------------------------------------------------------------
[2026-04-19 20:13:15,033][rfdiffusion.inference.model_runners][INFO] - Timestep 23, input to next step: -------------------------------------------------------------------------------------------
[2026-04-19 20:13:16,944][rfdiffusion.inference.model_runners][INFO] - Timestep 22, input to next step: -------------------------------------------------------------------------------------------
[2026-04-19 20:13:19,420][rfdiffusion.inference.model_runners][INFO] - Timestep 21, input to next step: -------------------------------------------------------------------------------------------
[2026-04-19 20:13:21,247][rfdiffusion.inference.model_runners][INFO] - Timestep 20, input to next step: -------------------------------------------------------------------------------------------
[2026-04-19 20:13:23,179][rfdiffusion.inference.model_runners][INFO] - Timestep 19, input to next step: -------------------------------------------------------------------------------------------
[2026-04-19 20:13:24,946][rfdiffusion.inference.model_runners][INFO] - Timestep 18, input to next step: -------------------------------------------------------------------------------------------
[2026-04-19 20:13:26,676][rfdiffusion.inference.model_runners][INFO] - Timestep 17, input to next step: -------------------------------------------------------------------------------------------
[2026-04-19 20:13:28,369][rfdiffusion.inference.model_runners][INFO] - Timestep 16, input to next step: -------------------------------------------------------------------------------------------
[2026-04-19 20:13:30,090][rfdiffusion.inference.model_runners][INFO] - Timestep 15, input to next step: -------------------------------------------------------------------------------------------
[2026-04-19 20:13:31,814][rfdiffusion.inference.model_runners][INFO] - Timestep 14, input to next step: -------------------------------------------------------------------------------------------
[2026-04-19 20:13:33,640][rfdiffusion.inference.model_runners][INFO] - Timestep 13, input to next step: -------------------------------------------------------------------------------------------
[2026-04-19 20:13:35,321][rfdiffusion.inference.model_runners][INFO] - Timestep 12, input to next step: -------------------------------------------------------------------------------------------
[2026-04-19 20:13:37,028][rfdiffusion.inference.model_runners][INFO] - Timestep 11, input to next step: -------------------------------------------------------------------------------------------
[2026-04-19 20:13:38,778][rfdiffusion.inference.model_runners][INFO] - Timestep 10, input to next step: -------------------------------------------------------------------------------------------
[2026-04-19 20:13:40,529][rfdiffusion.inference.model_runners][INFO] - Timestep 9, input to next step: -------------------------------------------------------------------------------------------
[2026-04-19 20:13:42,269][rfdiffusion.inference.model_runners][INFO] - Timestep 8, input to next step: -------------------------------------------------------------------------------------------
[2026-04-19 20:13:44,009][rfdiffusion.inference.model_runners][INFO] - Timestep 7, input to next step: -------------------------------------------------------------------------------------------
[2026-04-19 20:13:45,961][rfdiffusion.inference.model_runners][INFO] - Timestep 6, input to next step: -------------------------------------------------------------------------------------------
[2026-04-19 20:13:47,741][rfdiffusion.inference.model_runners][INFO] - Timestep 5, input to next step: -------------------------------------------------------------------------------------------
[2026-04-19 20:13:49,373][rfdiffusion.inference.model_runners][INFO] - Timestep 4, input to next step: -------------------------------------------------------------------------------------------
[2026-04-19 20:13:51,050][rfdiffusion.inference.model_runners][INFO] - Timestep 3, input to next step: -------------------------------------------------------------------------------------------
[2026-04-19 20:13:52,913][rfdiffusion.inference.model_runners][INFO] - Timestep 2, input to next step: -------------------------------------------------------------------------------------------
[2026-04-19 20:13:56,244][__main__][INFO] - Finished design in 1.51 minutes
[2026-04-19 20:13:56,244][__main__][INFO] - Making design /home/manvi/Team_8_CS598GBL/Assignment/Generate_designs/default/len_091/design_8
[2026-04-19 20:13:56,249][rfdiffusion.inference.model_runners][INFO] - Using contig: ['91-91']
[2026-04-19 20:13:56,270][rfdiffusion.inference.model_runners][INFO] - Sequence init: -------------------------------------------------------------------------------------------
[2026-04-19 20:13:57,732][rfdiffusion.inference.model_runners][INFO] - Timestep 50, input to next step: -------------------------------------------------------------------------------------------
[2026-04-19 20:13:59,395][rfdiffusion.inference.model_runners][INFO] - Timestep 49, input to next step: -------------------------------------------------------------------------------------------
[2026-04-19 20:14:01,185][rfdiffusion.inference.model_runners][INFO] - Timestep 48, input to next step: -------------------------------------------------------------------------------------------
[2026-04-19 20:14:02,925][rfdiffusion.inference.model_runners][INFO] - Timestep 47, input to next step: -------------------------------------------------------------------------------------------
[2026-04-19 20:14:04,577][rfdiffusion.inference.model_runners][INFO] - Timestep 46, input to next step: -------------------------------------------------------------------------------------------
[2026-04-19 20:14:06,323][rfdiffusion.inference.model_runners][INFO] - Timestep 45, input to next step: -------------------------------------------------------------------------------------------
[2026-04-19 20:14:08,009][rfdiffusion.inference.model_runners][INFO] - Timestep 44, input to next step: -------------------------------------------------------------------------------------------
[2026-04-19 20:14:09,685][rfdiffusion.inference.model_runners][INFO] - Timestep 43, input to next step: -------------------------------------------------------------------------------------------
[2026-04-19 20:14:11,427][rfdiffusion.inference.model_runners][INFO] - Timestep 42, input to next step: -------------------------------------------------------------------------------------------
[2026-04-19 20:14:13,157][rfdiffusion.inference.model_runners][INFO] - Timestep 41, input to next step: -------------------------------------------------------------------------------------------
[2026-04-19 20:14:14,918][rfdiffusion.inference.model_runners][INFO] - Timestep 40, input to next step: -------------------------------------------------------------------------------------------
[2026-04-19 20:14:16,685][rfdiffusion.inference.model_runners][INFO] - Timestep 39, input to next step: -------------------------------------------------------------------------------------------
[2026-04-19 20:14:18,409][rfdiffusion.inference.model_runners][INFO] - Timestep 38, input to next step: -------------------------------------------------------------------------------------------
[2026-04-19 20:14:20,134][rfdiffusion.inference.model_runners][INFO] - Timestep 37, input to next step: -------------------------------------------------------------------------------------------
[2026-04-19 20:14:21,892][rfdiffusion.inference.model_runners][INFO] - Timestep 36, input to next step: -------------------------------------------------------------------------------------------
[2026-04-19 20:14:23,902][rfdiffusion.inference.model_runners][INFO] - Timestep 35, input to next step: -------------------------------------------------------------------------------------------
[2026-04-19 20:14:25,614][rfdiffusion.inference.model_runners][INFO] - Timestep 34, input to next step: -------------------------------------------------------------------------------------------
[2026-04-19 20:14:27,314][rfdiffusion.inference.model_runners][INFO] - Timestep 33, input to next step: -------------------------------------------------------------------------------------------
[2026-04-19 20:14:29,010][rfdiffusion.inference.model_runners][INFO] - Timestep 32, input to next step: -------------------------------------------------------------------------------------------
[2026-04-19 20:14:30,798][rfdiffusion.inference.model_runners][INFO] - Timestep 31, input to next step: -------------------------------------------------------------------------------------------
[2026-04-19 20:14:32,628][rfdiffusion.inference.model_runners][INFO] - Timestep 30, input to next step: -------------------------------------------------------------------------------------------
[2026-04-19 20:14:34,340][rfdiffusion.inference.model_runners][INFO] - Timestep 29, input to next step: -------------------------------------------------------------------------------------------
[2026-04-19 20:14:36,523][rfdiffusion.inference.model_runners][INFO] - Timestep 28, input to next step: -------------------------------------------------------------------------------------------
[2026-04-19 20:14:38,388][rfdiffusion.inference.model_runners][INFO] - Timestep 27, input to next step: -------------------------------------------------------------------------------------------
[2026-04-19 20:14:40,108][rfdiffusion.inference.model_runners][INFO] - Timestep 26, input to next step: -------------------------------------------------------------------------------------------
[2026-04-19 20:14:41,927][rfdiffusion.inference.model_runners][INFO] - Timestep 25, input to next step: -------------------------------------------------------------------------------------------
[2026-04-19 20:14:43,645][rfdiffusion.inference.model_runners][INFO] - Timestep 24, input to next step: -------------------------------------------------------------------------------------------
[2026-04-19 20:14:45,430][rfdiffusion.inference.model_runners][INFO] - Timestep 23, input to next step: -------------------------------------------------------------------------------------------
[2026-04-19 20:14:47,193][rfdiffusion.inference.model_runners][INFO] - Timestep 22, input to next step: -------------------------------------------------------------------------------------------
[2026-04-19 20:14:48,968][rfdiffusion.inference.model_runners][INFO] - Timestep 21, input to next step: -------------------------------------------------------------------------------------------
[2026-04-19 20:14:50,695][rfdiffusion.inference.model_runners][INFO] - Timestep 20, input to next step: -------------------------------------------------------------------------------------------
[2026-04-19 20:14:52,446][rfdiffusion.inference.model_runners][INFO] - Timestep 19, input to next step: -------------------------------------------------------------------------------------------
[2026-04-19 20:14:54,262][rfdiffusion.inference.model_runners][INFO] - Timestep 18, input to next step: -------------------------------------------------------------------------------------------
[2026-04-19 20:14:56,348][rfdiffusion.inference.model_runners][INFO] - Timestep 17, input to next step: -------------------------------------------------------------------------------------------
[2026-04-19 20:14:58,447][rfdiffusion.inference.model_runners][INFO] - Timestep 16, input to next step: -------------------------------------------------------------------------------------------
[2026-04-19 20:15:00,187][rfdiffusion.inference.model_runners][INFO] - Timestep 15, input to next step: -------------------------------------------------------------------------------------------
[2026-04-19 20:15:01,987][rfdiffusion.inference.model_runners][INFO] - Timestep 14, input to next step: -------------------------------------------------------------------------------------------
[2026-04-19 20:15:04,311][rfdiffusion.inference.model_runners][INFO] - Timestep 13, input to next step: -------------------------------------------------------------------------------------------
[2026-04-19 20:15:06,270][rfdiffusion.inference.model_runners][INFO] - Timestep 12, input to next step: -------------------------------------------------------------------------------------------
[2026-04-19 20:15:07,960][rfdiffusion.inference.model_runners][INFO] - Timestep 11, input to next step: -------------------------------------------------------------------------------------------
[2026-04-19 20:15:09,639][rfdiffusion.inference.model_runners][INFO] - Timestep 10, input to next step: -------------------------------------------------------------------------------------------
[2026-04-19 20:15:11,333][rfdiffusion.inference.model_runners][INFO] - Timestep 9, input to next step: -------------------------------------------------------------------------------------------
[2026-04-19 20:15:13,128][rfdiffusion.inference.model_runners][INFO] - Timestep 8, input to next step: -------------------------------------------------------------------------------------------
[2026-04-19 20:15:14,898][rfdiffusion.inference.model_runners][INFO] - Timestep 7, input to next step: -------------------------------------------------------------------------------------------
[2026-04-19 20:15:16,544][rfdiffusion.inference.model_runners][INFO] - Timestep 6, input to next step: -------------------------------------------------------------------------------------------
[2026-04-19 20:15:18,409][rfdiffusion.inference.model_runners][INFO] - Timestep 5, input to next step: -------------------------------------------------------------------------------------------
[2026-04-19 20:15:20,245][rfdiffusion.inference.model_runners][INFO] - Timestep 4, input to next step: -------------------------------------------------------------------------------------------
[2026-04-19 20:15:22,186][rfdiffusion.inference.model_runners][INFO] - Timestep 3, input to next step: -------------------------------------------------------------------------------------------
[2026-04-19 20:15:24,221][rfdiffusion.inference.model_runners][INFO] - Timestep 2, input to next step: -------------------------------------------------------------------------------------------
[2026-04-19 20:15:28,017][__main__][INFO] - Finished design in 1.53 minutes
[2026-04-19 20:15:28,018][__main__][INFO] - Making design /home/manvi/Team_8_CS598GBL/Assignment/Generate_designs/default/len_091/design_9
[2026-04-19 20:15:28,023][rfdiffusion.inference.model_runners][INFO] - Using contig: ['91-91']
[2026-04-19 20:15:28,044][rfdiffusion.inference.model_runners][INFO] - Sequence init: -------------------------------------------------------------------------------------------
[2026-04-19 20:15:29,546][rfdiffusion.inference.model_runners][INFO] - Timestep 50, input to next step: -------------------------------------------------------------------------------------------
[2026-04-19 20:15:31,146][rfdiffusion.inference.model_runners][INFO] - Timestep 49, input to next step: -------------------------------------------------------------------------------------------
[2026-04-19 20:15:32,959][rfdiffusion.inference.model_runners][INFO] - Timestep 48, input to next step: -------------------------------------------------------------------------------------------
[2026-04-19 20:15:34,823][rfdiffusion.inference.model_runners][INFO] - Timestep 47, input to next step: -------------------------------------------------------------------------------------------
[2026-04-19 20:15:36,623][rfdiffusion.inference.model_runners][INFO] - Timestep 46, input to next step: -------------------------------------------------------------------------------------------
[2026-04-19 20:15:38,599][rfdiffusion.inference.model_runners][INFO] - Timestep 45, input to next step: -------------------------------------------------------------------------------------------
[2026-04-19 20:15:40,440][rfdiffusion.inference.model_runners][INFO] - Timestep 44, input to next step: -------------------------------------------------------------------------------------------
[2026-04-19 20:15:42,135][rfdiffusion.inference.model_runners][INFO] - Timestep 43, input to next step: -------------------------------------------------------------------------------------------
[2026-04-19 20:15:44,332][rfdiffusion.inference.model_runners][INFO] - Timestep 42, input to next step: -------------------------------------------------------------------------------------------
[2026-04-19 20:15:46,395][rfdiffusion.inference.model_runners][INFO] - Timestep 41, input to next step: -------------------------------------------------------------------------------------------
[2026-04-19 20:15:48,583][rfdiffusion.inference.model_runners][INFO] - Timestep 40, input to next step: -------------------------------------------------------------------------------------------
[2026-04-19 20:15:50,670][rfdiffusion.inference.model_runners][INFO] - Timestep 39, input to next step: -------------------------------------------------------------------------------------------
[2026-04-19 20:15:52,272][rfdiffusion.inference.model_runners][INFO] - Timestep 38, input to next step: -------------------------------------------------------------------------------------------
[2026-04-19 20:15:54,045][rfdiffusion.inference.model_runners][INFO] - Timestep 37, input to next step: -------------------------------------------------------------------------------------------
[2026-04-19 20:15:55,834][rfdiffusion.inference.model_runners][INFO] - Timestep 36, input to next step: -------------------------------------------------------------------------------------------
[2026-04-19 20:15:57,480][rfdiffusion.inference.model_runners][INFO] - Timestep 35, input to next step: -------------------------------------------------------------------------------------------
[2026-04-19 20:15:59,241][rfdiffusion.inference.model_runners][INFO] - Timestep 34, input to next step: -------------------------------------------------------------------------------------------
[2026-04-19 20:16:01,354][rfdiffusion.inference.model_runners][INFO] - Timestep 33, input to next step: -------------------------------------------------------------------------------------------
[2026-04-19 20:16:03,259][rfdiffusion.inference.model_runners][INFO] - Timestep 32, input to next step: -------------------------------------------------------------------------------------------
[2026-04-19 20:16:04,820][rfdiffusion.inference.model_runners][INFO] - Timestep 31, input to next step: -------------------------------------------------------------------------------------------
[2026-04-19 20:16:06,543][rfdiffusion.inference.model_runners][INFO] - Timestep 30, input to next step: -------------------------------------------------------------------------------------------
[2026-04-19 20:16:08,219][rfdiffusion.inference.model_runners][INFO] - Timestep 29, input to next step: -------------------------------------------------------------------------------------------
[2026-04-19 20:16:10,054][rfdiffusion.inference.model_runners][INFO] - Timestep 28, input to next step: -------------------------------------------------------------------------------------------
[2026-04-19 20:16:11,729][rfdiffusion.inference.model_runners][INFO] - Timestep 27, input to next step: -------------------------------------------------------------------------------------------
[2026-04-19 20:16:13,409][rfdiffusion.inference.model_runners][INFO] - Timestep 26, input to next step: -------------------------------------------------------------------------------------------
[2026-04-19 20:16:15,858][rfdiffusion.inference.model_runners][INFO] - Timestep 25, input to next step: -------------------------------------------------------------------------------------------
[2026-04-19 20:16:17,585][rfdiffusion.inference.model_runners][INFO] - Timestep 24, input to next step: -------------------------------------------------------------------------------------------
[2026-04-19 20:16:19,379][rfdiffusion.inference.model_runners][INFO] - Timestep 23, input to next step: -------------------------------------------------------------------------------------------
[2026-04-19 20:16:21,794][rfdiffusion.inference.model_runners][INFO] - Timestep 22, input to next step: -------------------------------------------------------------------------------------------
[2026-04-19 20:16:23,745][rfdiffusion.inference.model_runners][INFO] - Timestep 21, input to next step: -------------------------------------------------------------------------------------------
[2026-04-19 20:16:25,423][rfdiffusion.inference.model_runners][INFO] - Timestep 20, input to next step: -------------------------------------------------------------------------------------------
[2026-04-19 20:16:27,053][rfdiffusion.inference.model_runners][INFO] - Timestep 19, input to next step: -------------------------------------------------------------------------------------------
[2026-04-19 20:16:28,762][rfdiffusion.inference.model_runners][INFO] - Timestep 18, input to next step: -------------------------------------------------------------------------------------------
[2026-04-19 20:16:30,494][rfdiffusion.inference.model_runners][INFO] - Timestep 17, input to next step: -------------------------------------------------------------------------------------------
[2026-04-19 20:16:32,243][rfdiffusion.inference.model_runners][INFO] - Timestep 16, input to next step: -------------------------------------------------------------------------------------------
[2026-04-19 20:16:33,926][rfdiffusion.inference.model_runners][INFO] - Timestep 15, input to next step: -------------------------------------------------------------------------------------------
[2026-04-19 20:16:35,647][rfdiffusion.inference.model_runners][INFO] - Timestep 14, input to next step: -------------------------------------------------------------------------------------------
[2026-04-19 20:16:37,437][rfdiffusion.inference.model_runners][INFO] - Timestep 13, input to next step: -------------------------------------------------------------------------------------------
[2026-04-19 20:16:39,174][rfdiffusion.inference.model_runners][INFO] - Timestep 12, input to next step: -------------------------------------------------------------------------------------------
[2026-04-19 20:16:40,908][rfdiffusion.inference.model_runners][INFO] - Timestep 11, input to next step: -------------------------------------------------------------------------------------------
[2026-04-19 20:16:42,490][rfdiffusion.inference.model_runners][INFO] - Timestep 10, input to next step: -------------------------------------------------------------------------------------------
[2026-04-19 20:16:44,226][rfdiffusion.inference.model_runners][INFO] - Timestep 9, input to next step: -------------------------------------------------------------------------------------------
[2026-04-19 20:16:45,974][rfdiffusion.inference.model_runners][INFO] - Timestep 8, input to next step: -------------------------------------------------------------------------------------------
[2026-04-19 20:16:47,774][rfdiffusion.inference.model_runners][INFO] - Timestep 7, input to next step: -------------------------------------------------------------------------------------------
[2026-04-19 20:16:49,434][rfdiffusion.inference.model_runners][INFO] - Timestep 6, input to next step: -------------------------------------------------------------------------------------------
[2026-04-19 20:16:51,688][rfdiffusion.inference.model_runners][INFO] - Timestep 5, input to next step: -------------------------------------------------------------------------------------------
[2026-04-19 20:16:53,404][rfdiffusion.inference.model_runners][INFO] - Timestep 4, input to next step: -------------------------------------------------------------------------------------------
[2026-04-19 20:16:55,286][rfdiffusion.inference.model_runners][INFO] - Timestep 3, input to next step: -------------------------------------------------------------------------------------------
[2026-04-19 20:16:57,409][rfdiffusion.inference.model_runners][INFO] - Timestep 2, input to next step: -------------------------------------------------------------------------------------------
[2026-04-19 20:17:00,560][__main__][INFO] - Finished design in 1.54 minutes
