[2026-04-20 02:12:33,548][__main__][INFO] - Found GPU with device_name NVIDIA GeForce RTX 3050 Ti Laptop GPU. Will run RFdiffusion on NVIDIA GeForce RTX 3050 Ti Laptop GPU
[2026-04-20 02:12:33,549][rfdiffusion.inference.model_runners][INFO] - Reading checkpoint from /home/manvi/Team_8_CS598GBL/RFdiffusion/rfdiffusion/inference/../../models/Base_ckpt.pt
[2026-04-20 02:12:44,716][rfdiffusion.inference.model_runners][INFO] - Loading checkpoint.
[2026-04-20 02:12:45,215][rfdiffusion.diffusion][INFO] - Using cached IGSO3.
[2026-04-20 02:12:45,235][__main__][INFO] - Making design /home/manvi/Team_8_CS598GBL/Assignment/Generate_designs/default/len_113/design_0
[2026-04-20 02:12:45,243][rfdiffusion.inference.model_runners][INFO] - Using contig: ['113-113']
[2026-04-20 02:12:45,309][rfdiffusion.inference.model_runners][INFO] - Sequence init: -----------------------------------------------------------------------------------------------------------------
[2026-04-20 02:12:53,010][rfdiffusion.inference.model_runners][INFO] - Timestep 50, input to next step: -----------------------------------------------------------------------------------------------------------------
[2026-04-20 02:12:55,872][rfdiffusion.inference.model_runners][INFO] - Timestep 49, input to next step: -----------------------------------------------------------------------------------------------------------------
[2026-04-20 02:12:59,036][rfdiffusion.inference.model_runners][INFO] - Timestep 48, input to next step: -----------------------------------------------------------------------------------------------------------------
[2026-04-20 02:13:02,462][rfdiffusion.inference.model_runners][INFO] - Timestep 47, input to next step: -----------------------------------------------------------------------------------------------------------------
[2026-04-20 02:13:05,554][rfdiffusion.inference.model_runners][INFO] - Timestep 46, input to next step: -----------------------------------------------------------------------------------------------------------------
[2026-04-20 02:13:08,506][rfdiffusion.inference.model_runners][INFO] - Timestep 45, input to next step: -----------------------------------------------------------------------------------------------------------------
[2026-04-20 02:13:11,504][rfdiffusion.inference.model_runners][INFO] - Timestep 44, input to next step: -----------------------------------------------------------------------------------------------------------------
[2026-04-20 02:13:14,503][rfdiffusion.inference.model_runners][INFO] - Timestep 43, input to next step: -----------------------------------------------------------------------------------------------------------------
[2026-04-20 02:13:17,790][rfdiffusion.inference.model_runners][INFO] - Timestep 42, input to next step: -----------------------------------------------------------------------------------------------------------------
[2026-04-20 02:13:20,348][rfdiffusion.inference.model_runners][INFO] - Timestep 41, input to next step: -----------------------------------------------------------------------------------------------------------------
[2026-04-20 02:13:23,337][rfdiffusion.inference.model_runners][INFO] - Timestep 40, input to next step: -----------------------------------------------------------------------------------------------------------------
[2026-04-20 02:13:26,299][rfdiffusion.inference.model_runners][INFO] - Timestep 39, input to next step: -----------------------------------------------------------------------------------------------------------------
[2026-04-20 02:13:29,269][rfdiffusion.inference.model_runners][INFO] - Timestep 38, input to next step: -----------------------------------------------------------------------------------------------------------------
[2026-04-20 02:13:32,338][rfdiffusion.inference.model_runners][INFO] - Timestep 37, input to next step: -----------------------------------------------------------------------------------------------------------------
[2026-04-20 02:13:35,335][rfdiffusion.inference.model_runners][INFO] - Timestep 36, input to next step: -----------------------------------------------------------------------------------------------------------------
[2026-04-20 02:13:38,002][rfdiffusion.inference.model_runners][INFO] - Timestep 35, input to next step: -----------------------------------------------------------------------------------------------------------------
[2026-04-20 02:13:41,042][rfdiffusion.inference.model_runners][INFO] - Timestep 34, input to next step: -----------------------------------------------------------------------------------------------------------------
[2026-04-20 02:13:44,136][rfdiffusion.inference.model_runners][INFO] - Timestep 33, input to next step: -----------------------------------------------------------------------------------------------------------------
[2026-04-20 02:13:47,356][rfdiffusion.inference.model_runners][INFO] - Timestep 32, input to next step: -----------------------------------------------------------------------------------------------------------------
[2026-04-20 02:13:50,834][rfdiffusion.inference.model_runners][INFO] - Timestep 31, input to next step: -----------------------------------------------------------------------------------------------------------------
[2026-04-20 02:13:52,699][rfdiffusion.inference.model_runners][INFO] - Timestep 30, input to next step: -----------------------------------------------------------------------------------------------------------------
[2026-04-20 02:13:54,559][rfdiffusion.inference.model_runners][INFO] - Timestep 29, input to next step: -----------------------------------------------------------------------------------------------------------------
[2026-04-20 02:13:57,116][rfdiffusion.inference.model_runners][INFO] - Timestep 28, input to next step: -----------------------------------------------------------------------------------------------------------------
[2026-04-20 02:13:59,407][rfdiffusion.inference.model_runners][INFO] - Timestep 27, input to next step: -----------------------------------------------------------------------------------------------------------------
[2026-04-20 02:14:02,152][rfdiffusion.inference.model_runners][INFO] - Timestep 26, input to next step: -----------------------------------------------------------------------------------------------------------------
[2026-04-20 02:14:04,000][rfdiffusion.inference.model_runners][INFO] - Timestep 25, input to next step: -----------------------------------------------------------------------------------------------------------------
[2026-04-20 02:14:06,095][rfdiffusion.inference.model_runners][INFO] - Timestep 24, input to next step: -----------------------------------------------------------------------------------------------------------------
[2026-04-20 02:14:08,123][rfdiffusion.inference.model_runners][INFO] - Timestep 23, input to next step: -----------------------------------------------------------------------------------------------------------------
[2026-04-20 02:14:10,066][rfdiffusion.inference.model_runners][INFO] - Timestep 22, input to next step: -----------------------------------------------------------------------------------------------------------------
[2026-04-20 02:14:12,222][rfdiffusion.inference.model_runners][INFO] - Timestep 21, input to next step: -----------------------------------------------------------------------------------------------------------------
[2026-04-20 02:14:15,641][rfdiffusion.inference.model_runners][INFO] - Timestep 20, input to next step: -----------------------------------------------------------------------------------------------------------------
[2026-04-20 02:14:18,658][rfdiffusion.inference.model_runners][INFO] - Timestep 19, input to next step: -----------------------------------------------------------------------------------------------------------------
[2026-04-20 02:14:21,418][rfdiffusion.inference.model_runners][INFO] - Timestep 18, input to next step: -----------------------------------------------------------------------------------------------------------------
[2026-04-20 02:14:23,804][rfdiffusion.inference.model_runners][INFO] - Timestep 17, input to next step: -----------------------------------------------------------------------------------------------------------------
[2026-04-20 02:14:27,333][rfdiffusion.inference.model_runners][INFO] - Timestep 16, input to next step: -----------------------------------------------------------------------------------------------------------------
[2026-04-20 02:14:29,488][rfdiffusion.inference.model_runners][INFO] - Timestep 15, input to next step: -----------------------------------------------------------------------------------------------------------------
[2026-04-20 02:14:31,369][rfdiffusion.inference.model_runners][INFO] - Timestep 14, input to next step: -----------------------------------------------------------------------------------------------------------------
[2026-04-20 02:14:34,151][rfdiffusion.inference.model_runners][INFO] - Timestep 13, input to next step: -----------------------------------------------------------------------------------------------------------------
[2026-04-20 02:14:37,978][rfdiffusion.inference.model_runners][INFO] - Timestep 12, input to next step: -----------------------------------------------------------------------------------------------------------------
[2026-04-20 02:14:40,016][rfdiffusion.inference.model_runners][INFO] - Timestep 11, input to next step: -----------------------------------------------------------------------------------------------------------------
[2026-04-20 02:14:42,240][rfdiffusion.inference.model_runners][INFO] - Timestep 10, input to next step: -----------------------------------------------------------------------------------------------------------------
[2026-04-20 02:14:44,662][rfdiffusion.inference.model_runners][INFO] - Timestep 9, input to next step: -----------------------------------------------------------------------------------------------------------------
[2026-04-20 02:14:47,025][rfdiffusion.inference.model_runners][INFO] - Timestep 8, input to next step: -----------------------------------------------------------------------------------------------------------------
[2026-04-20 02:14:49,543][rfdiffusion.inference.model_runners][INFO] - Timestep 7, input to next step: -----------------------------------------------------------------------------------------------------------------
[2026-04-20 02:14:51,708][rfdiffusion.inference.model_runners][INFO] - Timestep 6, input to next step: -----------------------------------------------------------------------------------------------------------------
[2026-04-20 02:14:53,822][rfdiffusion.inference.model_runners][INFO] - Timestep 5, input to next step: -----------------------------------------------------------------------------------------------------------------
[2026-04-20 02:14:56,180][rfdiffusion.inference.model_runners][INFO] - Timestep 4, input to next step: -----------------------------------------------------------------------------------------------------------------
[2026-04-20 02:14:58,676][rfdiffusion.inference.model_runners][INFO] - Timestep 3, input to next step: -----------------------------------------------------------------------------------------------------------------
[2026-04-20 02:15:01,174][rfdiffusion.inference.model_runners][INFO] - Timestep 2, input to next step: -----------------------------------------------------------------------------------------------------------------
[2026-04-20 02:15:06,430][__main__][INFO] - Finished design in 2.35 minutes
[2026-04-20 02:15:06,430][__main__][INFO] - Making design /home/manvi/Team_8_CS598GBL/Assignment/Generate_designs/default/len_113/design_1
[2026-04-20 02:15:06,436][rfdiffusion.inference.model_runners][INFO] - Using contig: ['113-113']
[2026-04-20 02:15:06,469][rfdiffusion.inference.model_runners][INFO] - Sequence init: -----------------------------------------------------------------------------------------------------------------
[2026-04-20 02:15:08,612][rfdiffusion.inference.model_runners][INFO] - Timestep 50, input to next step: -----------------------------------------------------------------------------------------------------------------
[2026-04-20 02:15:11,069][rfdiffusion.inference.model_runners][INFO] - Timestep 49, input to next step: -----------------------------------------------------------------------------------------------------------------
[2026-04-20 02:15:13,559][rfdiffusion.inference.model_runners][INFO] - Timestep 48, input to next step: -----------------------------------------------------------------------------------------------------------------
[2026-04-20 02:15:16,130][rfdiffusion.inference.model_runners][INFO] - Timestep 47, input to next step: -----------------------------------------------------------------------------------------------------------------
[2026-04-20 02:15:19,145][rfdiffusion.inference.model_runners][INFO] - Timestep 46, input to next step: -----------------------------------------------------------------------------------------------------------------
[2026-04-20 02:15:21,958][rfdiffusion.inference.model_runners][INFO] - Timestep 45, input to next step: -----------------------------------------------------------------------------------------------------------------
[2026-04-20 02:15:24,517][rfdiffusion.inference.model_runners][INFO] - Timestep 44, input to next step: -----------------------------------------------------------------------------------------------------------------
[2026-04-20 02:15:27,255][rfdiffusion.inference.model_runners][INFO] - Timestep 43, input to next step: -----------------------------------------------------------------------------------------------------------------
[2026-04-20 02:15:30,005][rfdiffusion.inference.model_runners][INFO] - Timestep 42, input to next step: -----------------------------------------------------------------------------------------------------------------
[2026-04-20 02:15:32,748][rfdiffusion.inference.model_runners][INFO] - Timestep 41, input to next step: -----------------------------------------------------------------------------------------------------------------
[2026-04-20 02:15:35,625][rfdiffusion.inference.model_runners][INFO] - Timestep 40, input to next step: -----------------------------------------------------------------------------------------------------------------
[2026-04-20 02:15:38,732][rfdiffusion.inference.model_runners][INFO] - Timestep 39, input to next step: -----------------------------------------------------------------------------------------------------------------
[2026-04-20 02:15:41,936][rfdiffusion.inference.model_runners][INFO] - Timestep 38, input to next step: -----------------------------------------------------------------------------------------------------------------
[2026-04-20 02:15:45,755][rfdiffusion.inference.model_runners][INFO] - Timestep 37, input to next step: -----------------------------------------------------------------------------------------------------------------
[2026-04-20 02:15:49,686][rfdiffusion.inference.model_runners][INFO] - Timestep 36, input to next step: -----------------------------------------------------------------------------------------------------------------
[2026-04-20 02:15:52,757][rfdiffusion.inference.model_runners][INFO] - Timestep 35, input to next step: -----------------------------------------------------------------------------------------------------------------
[2026-04-20 02:15:55,917][rfdiffusion.inference.model_runners][INFO] - Timestep 34, input to next step: -----------------------------------------------------------------------------------------------------------------
[2026-04-20 02:15:59,432][rfdiffusion.inference.model_runners][INFO] - Timestep 33, input to next step: -----------------------------------------------------------------------------------------------------------------
[2026-04-20 02:16:02,630][rfdiffusion.inference.model_runners][INFO] - Timestep 32, input to next step: -----------------------------------------------------------------------------------------------------------------
[2026-04-20 02:16:05,793][rfdiffusion.inference.model_runners][INFO] - Timestep 31, input to next step: -----------------------------------------------------------------------------------------------------------------
[2026-04-20 02:16:09,012][rfdiffusion.inference.model_runners][INFO] - Timestep 30, input to next step: -----------------------------------------------------------------------------------------------------------------
[2026-04-20 02:16:11,721][rfdiffusion.inference.model_runners][INFO] - Timestep 29, input to next step: -----------------------------------------------------------------------------------------------------------------
[2026-04-20 02:16:15,533][rfdiffusion.inference.model_runners][INFO] - Timestep 28, input to next step: -----------------------------------------------------------------------------------------------------------------
[2026-04-20 02:16:18,857][rfdiffusion.inference.model_runners][INFO] - Timestep 27, input to next step: -----------------------------------------------------------------------------------------------------------------
[2026-04-20 02:16:22,467][rfdiffusion.inference.model_runners][INFO] - Timestep 26, input to next step: -----------------------------------------------------------------------------------------------------------------
[2026-04-20 02:16:26,344][rfdiffusion.inference.model_runners][INFO] - Timestep 25, input to next step: -----------------------------------------------------------------------------------------------------------------
[2026-04-20 02:16:29,713][rfdiffusion.inference.model_runners][INFO] - Timestep 24, input to next step: -----------------------------------------------------------------------------------------------------------------
[2026-04-20 02:16:32,888][rfdiffusion.inference.model_runners][INFO] - Timestep 23, input to next step: -----------------------------------------------------------------------------------------------------------------
[2026-04-20 02:16:36,156][rfdiffusion.inference.model_runners][INFO] - Timestep 22, input to next step: -----------------------------------------------------------------------------------------------------------------
[2026-04-20 02:16:39,354][rfdiffusion.inference.model_runners][INFO] - Timestep 21, input to next step: -----------------------------------------------------------------------------------------------------------------
[2026-04-20 02:16:42,657][rfdiffusion.inference.model_runners][INFO] - Timestep 20, input to next step: -----------------------------------------------------------------------------------------------------------------
[2026-04-20 02:16:46,002][rfdiffusion.inference.model_runners][INFO] - Timestep 19, input to next step: -----------------------------------------------------------------------------------------------------------------
[2026-04-20 02:16:49,086][rfdiffusion.inference.model_runners][INFO] - Timestep 18, input to next step: -----------------------------------------------------------------------------------------------------------------
[2026-04-20 02:16:52,494][rfdiffusion.inference.model_runners][INFO] - Timestep 17, input to next step: -----------------------------------------------------------------------------------------------------------------
[2026-04-20 02:16:55,634][rfdiffusion.inference.model_runners][INFO] - Timestep 16, input to next step: -----------------------------------------------------------------------------------------------------------------
[2026-04-20 02:16:58,751][rfdiffusion.inference.model_runners][INFO] - Timestep 15, input to next step: -----------------------------------------------------------------------------------------------------------------
[2026-04-20 02:17:01,630][rfdiffusion.inference.model_runners][INFO] - Timestep 14, input to next step: -----------------------------------------------------------------------------------------------------------------
[2026-04-20 02:17:04,428][rfdiffusion.inference.model_runners][INFO] - Timestep 13, input to next step: -----------------------------------------------------------------------------------------------------------------
[2026-04-20 02:17:07,052][rfdiffusion.inference.model_runners][INFO] - Timestep 12, input to next step: -----------------------------------------------------------------------------------------------------------------
[2026-04-20 02:17:09,949][rfdiffusion.inference.model_runners][INFO] - Timestep 11, input to next step: -----------------------------------------------------------------------------------------------------------------
[2026-04-20 02:17:12,746][rfdiffusion.inference.model_runners][INFO] - Timestep 10, input to next step: -----------------------------------------------------------------------------------------------------------------
[2026-04-20 02:17:15,687][rfdiffusion.inference.model_runners][INFO] - Timestep 9, input to next step: -----------------------------------------------------------------------------------------------------------------
[2026-04-20 02:17:18,539][rfdiffusion.inference.model_runners][INFO] - Timestep 8, input to next step: -----------------------------------------------------------------------------------------------------------------
[2026-04-20 02:17:21,180][rfdiffusion.inference.model_runners][INFO] - Timestep 7, input to next step: -----------------------------------------------------------------------------------------------------------------
[2026-04-20 02:17:24,002][rfdiffusion.inference.model_runners][INFO] - Timestep 6, input to next step: -----------------------------------------------------------------------------------------------------------------
[2026-04-20 02:17:27,945][rfdiffusion.inference.model_runners][INFO] - Timestep 5, input to next step: -----------------------------------------------------------------------------------------------------------------
[2026-04-20 02:17:31,183][rfdiffusion.inference.model_runners][INFO] - Timestep 4, input to next step: -----------------------------------------------------------------------------------------------------------------
[2026-04-20 02:17:34,976][rfdiffusion.inference.model_runners][INFO] - Timestep 3, input to next step: -----------------------------------------------------------------------------------------------------------------
[2026-04-20 02:17:38,444][rfdiffusion.inference.model_runners][INFO] - Timestep 2, input to next step: -----------------------------------------------------------------------------------------------------------------
[2026-04-20 02:17:44,784][__main__][INFO] - Finished design in 2.64 minutes
[2026-04-20 02:17:44,785][__main__][INFO] - Making design /home/manvi/Team_8_CS598GBL/Assignment/Generate_designs/default/len_113/design_2
[2026-04-20 02:17:44,795][rfdiffusion.inference.model_runners][INFO] - Using contig: ['113-113']
[2026-04-20 02:17:44,846][rfdiffusion.inference.model_runners][INFO] - Sequence init: -----------------------------------------------------------------------------------------------------------------
[2026-04-20 02:17:48,014][rfdiffusion.inference.model_runners][INFO] - Timestep 50, input to next step: -----------------------------------------------------------------------------------------------------------------
[2026-04-20 02:17:50,419][rfdiffusion.inference.model_runners][INFO] - Timestep 49, input to next step: -----------------------------------------------------------------------------------------------------------------
[2026-04-20 02:17:53,179][rfdiffusion.inference.model_runners][INFO] - Timestep 48, input to next step: -----------------------------------------------------------------------------------------------------------------
[2026-04-20 02:17:56,570][rfdiffusion.inference.model_runners][INFO] - Timestep 47, input to next step: -----------------------------------------------------------------------------------------------------------------
[2026-04-20 02:17:59,623][rfdiffusion.inference.model_runners][INFO] - Timestep 46, input to next step: -----------------------------------------------------------------------------------------------------------------
[2026-04-20 02:18:02,675][rfdiffusion.inference.model_runners][INFO] - Timestep 45, input to next step: -----------------------------------------------------------------------------------------------------------------
[2026-04-20 02:18:06,069][rfdiffusion.inference.model_runners][INFO] - Timestep 44, input to next step: -----------------------------------------------------------------------------------------------------------------
[2026-04-20 02:18:09,382][rfdiffusion.inference.model_runners][INFO] - Timestep 43, input to next step: -----------------------------------------------------------------------------------------------------------------
[2026-04-20 02:18:12,784][rfdiffusion.inference.model_runners][INFO] - Timestep 42, input to next step: -----------------------------------------------------------------------------------------------------------------
[2026-04-20 02:18:15,633][rfdiffusion.inference.model_runners][INFO] - Timestep 41, input to next step: -----------------------------------------------------------------------------------------------------------------
[2026-04-20 02:18:19,864][rfdiffusion.inference.model_runners][INFO] - Timestep 40, input to next step: -----------------------------------------------------------------------------------------------------------------
[2026-04-20 02:18:22,969][rfdiffusion.inference.model_runners][INFO] - Timestep 39, input to next step: -----------------------------------------------------------------------------------------------------------------
[2026-04-20 02:18:25,273][rfdiffusion.inference.model_runners][INFO] - Timestep 38, input to next step: -----------------------------------------------------------------------------------------------------------------
[2026-04-20 02:18:27,555][rfdiffusion.inference.model_runners][INFO] - Timestep 37, input to next step: -----------------------------------------------------------------------------------------------------------------
[2026-04-20 02:18:30,443][rfdiffusion.inference.model_runners][INFO] - Timestep 36, input to next step: -----------------------------------------------------------------------------------------------------------------
[2026-04-20 02:18:33,427][rfdiffusion.inference.model_runners][INFO] - Timestep 35, input to next step: -----------------------------------------------------------------------------------------------------------------
[2026-04-20 02:18:35,971][rfdiffusion.inference.model_runners][INFO] - Timestep 34, input to next step: -----------------------------------------------------------------------------------------------------------------
[2026-04-20 02:18:38,931][rfdiffusion.inference.model_runners][INFO] - Timestep 33, input to next step: -----------------------------------------------------------------------------------------------------------------
[2026-04-20 02:18:41,795][rfdiffusion.inference.model_runners][INFO] - Timestep 32, input to next step: -----------------------------------------------------------------------------------------------------------------
[2026-04-20 02:18:44,523][rfdiffusion.inference.model_runners][INFO] - Timestep 31, input to next step: -----------------------------------------------------------------------------------------------------------------
[2026-04-20 02:18:46,906][rfdiffusion.inference.model_runners][INFO] - Timestep 30, input to next step: -----------------------------------------------------------------------------------------------------------------
[2026-04-20 02:18:49,521][rfdiffusion.inference.model_runners][INFO] - Timestep 29, input to next step: -----------------------------------------------------------------------------------------------------------------
[2026-04-20 02:18:51,782][rfdiffusion.inference.model_runners][INFO] - Timestep 28, input to next step: -----------------------------------------------------------------------------------------------------------------
[2026-04-20 02:18:54,316][rfdiffusion.inference.model_runners][INFO] - Timestep 27, input to next step: -----------------------------------------------------------------------------------------------------------------
[2026-04-20 02:18:57,050][rfdiffusion.inference.model_runners][INFO] - Timestep 26, input to next step: -----------------------------------------------------------------------------------------------------------------
[2026-04-20 02:18:59,974][rfdiffusion.inference.model_runners][INFO] - Timestep 25, input to next step: -----------------------------------------------------------------------------------------------------------------
[2026-04-20 02:19:02,660][rfdiffusion.inference.model_runners][INFO] - Timestep 24, input to next step: -----------------------------------------------------------------------------------------------------------------
[2026-04-20 02:19:05,174][rfdiffusion.inference.model_runners][INFO] - Timestep 23, input to next step: -----------------------------------------------------------------------------------------------------------------
[2026-04-20 02:19:07,749][rfdiffusion.inference.model_runners][INFO] - Timestep 22, input to next step: -----------------------------------------------------------------------------------------------------------------
[2026-04-20 02:19:10,427][rfdiffusion.inference.model_runners][INFO] - Timestep 21, input to next step: -----------------------------------------------------------------------------------------------------------------
[2026-04-20 02:19:13,041][rfdiffusion.inference.model_runners][INFO] - Timestep 20, input to next step: -----------------------------------------------------------------------------------------------------------------
[2026-04-20 02:19:15,716][rfdiffusion.inference.model_runners][INFO] - Timestep 19, input to next step: -----------------------------------------------------------------------------------------------------------------
[2026-04-20 02:19:18,350][rfdiffusion.inference.model_runners][INFO] - Timestep 18, input to next step: -----------------------------------------------------------------------------------------------------------------
[2026-04-20 02:19:20,798][rfdiffusion.inference.model_runners][INFO] - Timestep 17, input to next step: -----------------------------------------------------------------------------------------------------------------
[2026-04-20 02:19:23,451][rfdiffusion.inference.model_runners][INFO] - Timestep 16, input to next step: -----------------------------------------------------------------------------------------------------------------
[2026-04-20 02:19:26,837][rfdiffusion.inference.model_runners][INFO] - Timestep 15, input to next step: -----------------------------------------------------------------------------------------------------------------
[2026-04-20 02:19:30,509][rfdiffusion.inference.model_runners][INFO] - Timestep 14, input to next step: -----------------------------------------------------------------------------------------------------------------
[2026-04-20 02:19:33,682][rfdiffusion.inference.model_runners][INFO] - Timestep 13, input to next step: -----------------------------------------------------------------------------------------------------------------
[2026-04-20 02:19:36,205][rfdiffusion.inference.model_runners][INFO] - Timestep 12, input to next step: -----------------------------------------------------------------------------------------------------------------
[2026-04-20 02:19:38,683][rfdiffusion.inference.model_runners][INFO] - Timestep 11, input to next step: -----------------------------------------------------------------------------------------------------------------
[2026-04-20 02:19:41,348][rfdiffusion.inference.model_runners][INFO] - Timestep 10, input to next step: -----------------------------------------------------------------------------------------------------------------
[2026-04-20 02:19:43,899][rfdiffusion.inference.model_runners][INFO] - Timestep 9, input to next step: -----------------------------------------------------------------------------------------------------------------
[2026-04-20 02:19:46,472][rfdiffusion.inference.model_runners][INFO] - Timestep 8, input to next step: -----------------------------------------------------------------------------------------------------------------
[2026-04-20 02:19:49,592][rfdiffusion.inference.model_runners][INFO] - Timestep 7, input to next step: -----------------------------------------------------------------------------------------------------------------
[2026-04-20 02:19:52,061][rfdiffusion.inference.model_runners][INFO] - Timestep 6, input to next step: -----------------------------------------------------------------------------------------------------------------
[2026-04-20 02:19:54,641][rfdiffusion.inference.model_runners][INFO] - Timestep 5, input to next step: -----------------------------------------------------------------------------------------------------------------
[2026-04-20 02:19:57,566][rfdiffusion.inference.model_runners][INFO] - Timestep 4, input to next step: -----------------------------------------------------------------------------------------------------------------
[2026-04-20 02:20:00,314][rfdiffusion.inference.model_runners][INFO] - Timestep 3, input to next step: -----------------------------------------------------------------------------------------------------------------
[2026-04-20 02:20:02,862][rfdiffusion.inference.model_runners][INFO] - Timestep 2, input to next step: -----------------------------------------------------------------------------------------------------------------
[2026-04-20 02:20:08,814][__main__][INFO] - Finished design in 2.40 minutes
[2026-04-20 02:20:08,814][__main__][INFO] - Making design /home/manvi/Team_8_CS598GBL/Assignment/Generate_designs/default/len_113/design_3
[2026-04-20 02:20:08,822][rfdiffusion.inference.model_runners][INFO] - Using contig: ['113-113']
[2026-04-20 02:20:08,887][rfdiffusion.inference.model_runners][INFO] - Sequence init: -----------------------------------------------------------------------------------------------------------------
[2026-04-20 02:20:12,728][rfdiffusion.inference.model_runners][INFO] - Timestep 50, input to next step: -----------------------------------------------------------------------------------------------------------------
[2026-04-20 02:20:18,143][rfdiffusion.inference.model_runners][INFO] - Timestep 49, input to next step: -----------------------------------------------------------------------------------------------------------------
[2026-04-20 02:20:22,531][rfdiffusion.inference.model_runners][INFO] - Timestep 48, input to next step: -----------------------------------------------------------------------------------------------------------------
[2026-04-20 02:20:25,266][rfdiffusion.inference.model_runners][INFO] - Timestep 47, input to next step: -----------------------------------------------------------------------------------------------------------------
[2026-04-20 02:20:28,178][rfdiffusion.inference.model_runners][INFO] - Timestep 46, input to next step: -----------------------------------------------------------------------------------------------------------------
[2026-04-20 02:20:30,928][rfdiffusion.inference.model_runners][INFO] - Timestep 45, input to next step: -----------------------------------------------------------------------------------------------------------------
[2026-04-20 02:20:34,166][rfdiffusion.inference.model_runners][INFO] - Timestep 44, input to next step: -----------------------------------------------------------------------------------------------------------------
[2026-04-20 02:20:37,268][rfdiffusion.inference.model_runners][INFO] - Timestep 43, input to next step: -----------------------------------------------------------------------------------------------------------------
[2026-04-20 02:20:40,138][rfdiffusion.inference.model_runners][INFO] - Timestep 42, input to next step: -----------------------------------------------------------------------------------------------------------------
[2026-04-20 02:20:43,831][rfdiffusion.inference.model_runners][INFO] - Timestep 41, input to next step: -----------------------------------------------------------------------------------------------------------------
[2026-04-20 02:20:47,764][rfdiffusion.inference.model_runners][INFO] - Timestep 40, input to next step: -----------------------------------------------------------------------------------------------------------------
[2026-04-20 02:20:51,371][rfdiffusion.inference.model_runners][INFO] - Timestep 39, input to next step: -----------------------------------------------------------------------------------------------------------------
[2026-04-20 02:20:55,369][rfdiffusion.inference.model_runners][INFO] - Timestep 38, input to next step: -----------------------------------------------------------------------------------------------------------------
[2026-04-20 02:20:58,672][rfdiffusion.inference.model_runners][INFO] - Timestep 37, input to next step: -----------------------------------------------------------------------------------------------------------------
[2026-04-20 02:21:01,898][rfdiffusion.inference.model_runners][INFO] - Timestep 36, input to next step: -----------------------------------------------------------------------------------------------------------------
[2026-04-20 02:21:04,875][rfdiffusion.inference.model_runners][INFO] - Timestep 35, input to next step: -----------------------------------------------------------------------------------------------------------------
[2026-04-20 02:21:07,577][rfdiffusion.inference.model_runners][INFO] - Timestep 34, input to next step: -----------------------------------------------------------------------------------------------------------------
[2026-04-20 02:21:10,635][rfdiffusion.inference.model_runners][INFO] - Timestep 33, input to next step: -----------------------------------------------------------------------------------------------------------------
[2026-04-20 02:21:13,234][rfdiffusion.inference.model_runners][INFO] - Timestep 32, input to next step: -----------------------------------------------------------------------------------------------------------------
[2026-04-20 02:21:17,077][rfdiffusion.inference.model_runners][INFO] - Timestep 31, input to next step: -----------------------------------------------------------------------------------------------------------------
[2026-04-20 02:21:21,250][rfdiffusion.inference.model_runners][INFO] - Timestep 30, input to next step: -----------------------------------------------------------------------------------------------------------------
[2026-04-20 02:21:24,720][rfdiffusion.inference.model_runners][INFO] - Timestep 29, input to next step: -----------------------------------------------------------------------------------------------------------------
[2026-04-20 02:21:27,983][rfdiffusion.inference.model_runners][INFO] - Timestep 28, input to next step: -----------------------------------------------------------------------------------------------------------------
[2026-04-20 02:21:31,414][rfdiffusion.inference.model_runners][INFO] - Timestep 27, input to next step: -----------------------------------------------------------------------------------------------------------------
[2026-04-20 02:21:35,210][rfdiffusion.inference.model_runners][INFO] - Timestep 26, input to next step: -----------------------------------------------------------------------------------------------------------------
[2026-04-20 02:21:38,482][rfdiffusion.inference.model_runners][INFO] - Timestep 25, input to next step: -----------------------------------------------------------------------------------------------------------------
[2026-04-20 02:21:41,614][rfdiffusion.inference.model_runners][INFO] - Timestep 24, input to next step: -----------------------------------------------------------------------------------------------------------------
[2026-04-20 02:21:44,631][rfdiffusion.inference.model_runners][INFO] - Timestep 23, input to next step: -----------------------------------------------------------------------------------------------------------------
[2026-04-20 02:21:47,764][rfdiffusion.inference.model_runners][INFO] - Timestep 22, input to next step: -----------------------------------------------------------------------------------------------------------------
[2026-04-20 02:21:50,469][rfdiffusion.inference.model_runners][INFO] - Timestep 21, input to next step: -----------------------------------------------------------------------------------------------------------------
[2026-04-20 02:21:53,805][rfdiffusion.inference.model_runners][INFO] - Timestep 20, input to next step: -----------------------------------------------------------------------------------------------------------------
[2026-04-20 02:21:57,344][rfdiffusion.inference.model_runners][INFO] - Timestep 19, input to next step: -----------------------------------------------------------------------------------------------------------------
[2026-04-20 02:22:00,244][rfdiffusion.inference.model_runners][INFO] - Timestep 18, input to next step: -----------------------------------------------------------------------------------------------------------------
[2026-04-20 02:22:02,970][rfdiffusion.inference.model_runners][INFO] - Timestep 17, input to next step: -----------------------------------------------------------------------------------------------------------------
[2026-04-20 02:22:05,517][rfdiffusion.inference.model_runners][INFO] - Timestep 16, input to next step: -----------------------------------------------------------------------------------------------------------------
[2026-04-20 02:22:08,256][rfdiffusion.inference.model_runners][INFO] - Timestep 15, input to next step: -----------------------------------------------------------------------------------------------------------------
[2026-04-20 02:22:11,898][rfdiffusion.inference.model_runners][INFO] - Timestep 14, input to next step: -----------------------------------------------------------------------------------------------------------------
[2026-04-20 02:22:15,849][rfdiffusion.inference.model_runners][INFO] - Timestep 13, input to next step: -----------------------------------------------------------------------------------------------------------------
[2026-04-20 02:22:18,654][rfdiffusion.inference.model_runners][INFO] - Timestep 12, input to next step: -----------------------------------------------------------------------------------------------------------------
[2026-04-20 02:22:21,234][rfdiffusion.inference.model_runners][INFO] - Timestep 11, input to next step: -----------------------------------------------------------------------------------------------------------------
[2026-04-20 02:22:23,877][rfdiffusion.inference.model_runners][INFO] - Timestep 10, input to next step: -----------------------------------------------------------------------------------------------------------------
[2026-04-20 02:22:26,298][rfdiffusion.inference.model_runners][INFO] - Timestep 9, input to next step: -----------------------------------------------------------------------------------------------------------------
[2026-04-20 02:22:29,466][rfdiffusion.inference.model_runners][INFO] - Timestep 8, input to next step: -----------------------------------------------------------------------------------------------------------------
[2026-04-20 02:22:32,397][rfdiffusion.inference.model_runners][INFO] - Timestep 7, input to next step: -----------------------------------------------------------------------------------------------------------------
[2026-04-20 02:22:35,411][rfdiffusion.inference.model_runners][INFO] - Timestep 6, input to next step: -----------------------------------------------------------------------------------------------------------------
[2026-04-20 02:22:38,917][rfdiffusion.inference.model_runners][INFO] - Timestep 5, input to next step: -----------------------------------------------------------------------------------------------------------------
[2026-04-20 02:22:41,449][rfdiffusion.inference.model_runners][INFO] - Timestep 4, input to next step: -----------------------------------------------------------------------------------------------------------------
[2026-04-20 02:22:44,359][rfdiffusion.inference.model_runners][INFO] - Timestep 3, input to next step: -----------------------------------------------------------------------------------------------------------------
[2026-04-20 02:22:46,885][rfdiffusion.inference.model_runners][INFO] - Timestep 2, input to next step: -----------------------------------------------------------------------------------------------------------------
[2026-04-20 02:22:53,135][__main__][INFO] - Finished design in 2.74 minutes
[2026-04-20 02:22:53,136][__main__][INFO] - Making design /home/manvi/Team_8_CS598GBL/Assignment/Generate_designs/default/len_113/design_4
[2026-04-20 02:22:53,144][rfdiffusion.inference.model_runners][INFO] - Using contig: ['113-113']
[2026-04-20 02:22:53,198][rfdiffusion.inference.model_runners][INFO] - Sequence init: -----------------------------------------------------------------------------------------------------------------
[2026-04-20 02:22:55,401][rfdiffusion.inference.model_runners][INFO] - Timestep 50, input to next step: -----------------------------------------------------------------------------------------------------------------
[2026-04-20 02:22:57,662][rfdiffusion.inference.model_runners][INFO] - Timestep 49, input to next step: -----------------------------------------------------------------------------------------------------------------
[2026-04-20 02:23:00,398][rfdiffusion.inference.model_runners][INFO] - Timestep 48, input to next step: -----------------------------------------------------------------------------------------------------------------
[2026-04-20 02:23:02,995][rfdiffusion.inference.model_runners][INFO] - Timestep 47, input to next step: -----------------------------------------------------------------------------------------------------------------
[2026-04-20 02:23:05,777][rfdiffusion.inference.model_runners][INFO] - Timestep 46, input to next step: -----------------------------------------------------------------------------------------------------------------
[2026-04-20 02:23:08,715][rfdiffusion.inference.model_runners][INFO] - Timestep 45, input to next step: -----------------------------------------------------------------------------------------------------------------
[2026-04-20 02:23:12,011][rfdiffusion.inference.model_runners][INFO] - Timestep 44, input to next step: -----------------------------------------------------------------------------------------------------------------
[2026-04-20 02:23:15,040][rfdiffusion.inference.model_runners][INFO] - Timestep 43, input to next step: -----------------------------------------------------------------------------------------------------------------
[2026-04-20 02:23:18,460][rfdiffusion.inference.model_runners][INFO] - Timestep 42, input to next step: -----------------------------------------------------------------------------------------------------------------
[2026-04-20 02:23:21,398][rfdiffusion.inference.model_runners][INFO] - Timestep 41, input to next step: -----------------------------------------------------------------------------------------------------------------
[2026-04-20 02:23:25,135][rfdiffusion.inference.model_runners][INFO] - Timestep 40, input to next step: -----------------------------------------------------------------------------------------------------------------
[2026-04-20 02:23:28,510][rfdiffusion.inference.model_runners][INFO] - Timestep 39, input to next step: -----------------------------------------------------------------------------------------------------------------
[2026-04-20 02:23:31,718][rfdiffusion.inference.model_runners][INFO] - Timestep 38, input to next step: -----------------------------------------------------------------------------------------------------------------
[2026-04-20 02:23:35,135][rfdiffusion.inference.model_runners][INFO] - Timestep 37, input to next step: -----------------------------------------------------------------------------------------------------------------
[2026-04-20 02:23:37,789][rfdiffusion.inference.model_runners][INFO] - Timestep 36, input to next step: -----------------------------------------------------------------------------------------------------------------
[2026-04-20 02:23:41,265][rfdiffusion.inference.model_runners][INFO] - Timestep 35, input to next step: -----------------------------------------------------------------------------------------------------------------
[2026-04-20 02:23:44,456][rfdiffusion.inference.model_runners][INFO] - Timestep 34, input to next step: -----------------------------------------------------------------------------------------------------------------
[2026-04-20 02:23:47,691][rfdiffusion.inference.model_runners][INFO] - Timestep 33, input to next step: -----------------------------------------------------------------------------------------------------------------
[2026-04-20 02:23:50,777][rfdiffusion.inference.model_runners][INFO] - Timestep 32, input to next step: -----------------------------------------------------------------------------------------------------------------
[2026-04-20 02:23:53,761][rfdiffusion.inference.model_runners][INFO] - Timestep 31, input to next step: -----------------------------------------------------------------------------------------------------------------
[2026-04-20 02:23:56,812][rfdiffusion.inference.model_runners][INFO] - Timestep 30, input to next step: -----------------------------------------------------------------------------------------------------------------
[2026-04-20 02:23:59,893][rfdiffusion.inference.model_runners][INFO] - Timestep 29, input to next step: -----------------------------------------------------------------------------------------------------------------
[2026-04-20 02:24:02,909][rfdiffusion.inference.model_runners][INFO] - Timestep 28, input to next step: -----------------------------------------------------------------------------------------------------------------
[2026-04-20 02:24:05,814][rfdiffusion.inference.model_runners][INFO] - Timestep 27, input to next step: -----------------------------------------------------------------------------------------------------------------
[2026-04-20 02:24:08,842][rfdiffusion.inference.model_runners][INFO] - Timestep 26, input to next step: -----------------------------------------------------------------------------------------------------------------
[2026-04-20 02:24:12,109][rfdiffusion.inference.model_runners][INFO] - Timestep 25, input to next step: -----------------------------------------------------------------------------------------------------------------
[2026-04-20 02:24:14,934][rfdiffusion.inference.model_runners][INFO] - Timestep 24, input to next step: -----------------------------------------------------------------------------------------------------------------
[2026-04-20 02:24:17,805][rfdiffusion.inference.model_runners][INFO] - Timestep 23, input to next step: -----------------------------------------------------------------------------------------------------------------
[2026-04-20 02:24:20,452][rfdiffusion.inference.model_runners][INFO] - Timestep 22, input to next step: -----------------------------------------------------------------------------------------------------------------
[2026-04-20 02:24:23,996][rfdiffusion.inference.model_runners][INFO] - Timestep 21, input to next step: -----------------------------------------------------------------------------------------------------------------
[2026-04-20 02:24:27,220][rfdiffusion.inference.model_runners][INFO] - Timestep 20, input to next step: -----------------------------------------------------------------------------------------------------------------
[2026-04-20 02:24:30,174][rfdiffusion.inference.model_runners][INFO] - Timestep 19, input to next step: -----------------------------------------------------------------------------------------------------------------
[2026-04-20 02:24:33,480][rfdiffusion.inference.model_runners][INFO] - Timestep 18, input to next step: -----------------------------------------------------------------------------------------------------------------
[2026-04-20 02:24:36,345][rfdiffusion.inference.model_runners][INFO] - Timestep 17, input to next step: -----------------------------------------------------------------------------------------------------------------
[2026-04-20 02:24:39,358][rfdiffusion.inference.model_runners][INFO] - Timestep 16, input to next step: -----------------------------------------------------------------------------------------------------------------
[2026-04-20 02:24:42,518][rfdiffusion.inference.model_runners][INFO] - Timestep 15, input to next step: -----------------------------------------------------------------------------------------------------------------
[2026-04-20 02:24:44,708][rfdiffusion.inference.model_runners][INFO] - Timestep 14, input to next step: -----------------------------------------------------------------------------------------------------------------
[2026-04-20 02:24:47,164][rfdiffusion.inference.model_runners][INFO] - Timestep 13, input to next step: -----------------------------------------------------------------------------------------------------------------
[2026-04-20 02:24:50,231][rfdiffusion.inference.model_runners][INFO] - Timestep 12, input to next step: -----------------------------------------------------------------------------------------------------------------
[2026-04-20 02:24:52,746][rfdiffusion.inference.model_runners][INFO] - Timestep 11, input to next step: -----------------------------------------------------------------------------------------------------------------
[2026-04-20 02:24:55,123][rfdiffusion.inference.model_runners][INFO] - Timestep 10, input to next step: -----------------------------------------------------------------------------------------------------------------
[2026-04-20 02:24:57,875][rfdiffusion.inference.model_runners][INFO] - Timestep 9, input to next step: -----------------------------------------------------------------------------------------------------------------
[2026-04-20 02:25:01,449][rfdiffusion.inference.model_runners][INFO] - Timestep 8, input to next step: -----------------------------------------------------------------------------------------------------------------
[2026-04-20 02:25:04,135][rfdiffusion.inference.model_runners][INFO] - Timestep 7, input to next step: -----------------------------------------------------------------------------------------------------------------
[2026-04-20 02:25:06,755][rfdiffusion.inference.model_runners][INFO] - Timestep 6, input to next step: -----------------------------------------------------------------------------------------------------------------
[2026-04-20 02:25:09,874][rfdiffusion.inference.model_runners][INFO] - Timestep 5, input to next step: -----------------------------------------------------------------------------------------------------------------
[2026-04-20 02:25:12,773][rfdiffusion.inference.model_runners][INFO] - Timestep 4, input to next step: -----------------------------------------------------------------------------------------------------------------
[2026-04-20 02:25:15,243][rfdiffusion.inference.model_runners][INFO] - Timestep 3, input to next step: -----------------------------------------------------------------------------------------------------------------
[2026-04-20 02:25:17,766][rfdiffusion.inference.model_runners][INFO] - Timestep 2, input to next step: -----------------------------------------------------------------------------------------------------------------
[2026-04-20 02:25:23,704][__main__][INFO] - Finished design in 2.51 minutes
[2026-04-20 02:25:23,705][__main__][INFO] - Making design /home/manvi/Team_8_CS598GBL/Assignment/Generate_designs/default/len_113/design_5
[2026-04-20 02:25:23,722][rfdiffusion.inference.model_runners][INFO] - Using contig: ['113-113']
[2026-04-20 02:25:23,781][rfdiffusion.inference.model_runners][INFO] - Sequence init: -----------------------------------------------------------------------------------------------------------------
[2026-04-20 02:25:26,351][rfdiffusion.inference.model_runners][INFO] - Timestep 50, input to next step: -----------------------------------------------------------------------------------------------------------------
[2026-04-20 02:25:28,557][rfdiffusion.inference.model_runners][INFO] - Timestep 49, input to next step: -----------------------------------------------------------------------------------------------------------------
[2026-04-20 02:25:31,004][rfdiffusion.inference.model_runners][INFO] - Timestep 48, input to next step: -----------------------------------------------------------------------------------------------------------------
[2026-04-20 02:25:33,482][rfdiffusion.inference.model_runners][INFO] - Timestep 47, input to next step: -----------------------------------------------------------------------------------------------------------------
[2026-04-20 02:25:36,163][rfdiffusion.inference.model_runners][INFO] - Timestep 46, input to next step: -----------------------------------------------------------------------------------------------------------------
[2026-04-20 02:25:38,783][rfdiffusion.inference.model_runners][INFO] - Timestep 45, input to next step: -----------------------------------------------------------------------------------------------------------------
[2026-04-20 02:25:41,273][rfdiffusion.inference.model_runners][INFO] - Timestep 44, input to next step: -----------------------------------------------------------------------------------------------------------------
[2026-04-20 02:25:43,968][rfdiffusion.inference.model_runners][INFO] - Timestep 43, input to next step: -----------------------------------------------------------------------------------------------------------------
[2026-04-20 02:25:46,752][rfdiffusion.inference.model_runners][INFO] - Timestep 42, input to next step: -----------------------------------------------------------------------------------------------------------------
[2026-04-20 02:25:50,051][rfdiffusion.inference.model_runners][INFO] - Timestep 41, input to next step: -----------------------------------------------------------------------------------------------------------------
[2026-04-20 02:25:52,987][rfdiffusion.inference.model_runners][INFO] - Timestep 40, input to next step: -----------------------------------------------------------------------------------------------------------------
[2026-04-20 02:25:56,093][rfdiffusion.inference.model_runners][INFO] - Timestep 39, input to next step: -----------------------------------------------------------------------------------------------------------------
[2026-04-20 02:25:59,585][rfdiffusion.inference.model_runners][INFO] - Timestep 38, input to next step: -----------------------------------------------------------------------------------------------------------------
[2026-04-20 02:26:03,292][rfdiffusion.inference.model_runners][INFO] - Timestep 37, input to next step: -----------------------------------------------------------------------------------------------------------------
[2026-04-20 02:26:06,986][rfdiffusion.inference.model_runners][INFO] - Timestep 36, input to next step: -----------------------------------------------------------------------------------------------------------------
[2026-04-20 02:26:10,932][rfdiffusion.inference.model_runners][INFO] - Timestep 35, input to next step: -----------------------------------------------------------------------------------------------------------------
[2026-04-20 02:26:15,101][rfdiffusion.inference.model_runners][INFO] - Timestep 34, input to next step: -----------------------------------------------------------------------------------------------------------------
[2026-04-20 02:26:18,803][rfdiffusion.inference.model_runners][INFO] - Timestep 33, input to next step: -----------------------------------------------------------------------------------------------------------------
[2026-04-20 02:26:23,060][rfdiffusion.inference.model_runners][INFO] - Timestep 32, input to next step: -----------------------------------------------------------------------------------------------------------------
[2026-04-20 02:26:27,578][rfdiffusion.inference.model_runners][INFO] - Timestep 31, input to next step: -----------------------------------------------------------------------------------------------------------------
[2026-04-20 02:26:30,935][rfdiffusion.inference.model_runners][INFO] - Timestep 30, input to next step: -----------------------------------------------------------------------------------------------------------------
[2026-04-20 02:26:34,429][rfdiffusion.inference.model_runners][INFO] - Timestep 29, input to next step: -----------------------------------------------------------------------------------------------------------------
[2026-04-20 02:26:37,807][rfdiffusion.inference.model_runners][INFO] - Timestep 28, input to next step: -----------------------------------------------------------------------------------------------------------------
[2026-04-20 02:26:41,284][rfdiffusion.inference.model_runners][INFO] - Timestep 27, input to next step: -----------------------------------------------------------------------------------------------------------------
[2026-04-20 02:26:44,501][rfdiffusion.inference.model_runners][INFO] - Timestep 26, input to next step: -----------------------------------------------------------------------------------------------------------------
[2026-04-20 02:26:47,430][rfdiffusion.inference.model_runners][INFO] - Timestep 25, input to next step: -----------------------------------------------------------------------------------------------------------------
[2026-04-20 02:26:50,517][rfdiffusion.inference.model_runners][INFO] - Timestep 24, input to next step: -----------------------------------------------------------------------------------------------------------------
[2026-04-20 02:26:55,307][rfdiffusion.inference.model_runners][INFO] - Timestep 23, input to next step: -----------------------------------------------------------------------------------------------------------------
[2026-04-20 02:26:59,993][rfdiffusion.inference.model_runners][INFO] - Timestep 22, input to next step: -----------------------------------------------------------------------------------------------------------------
[2026-04-20 02:27:04,556][rfdiffusion.inference.model_runners][INFO] - Timestep 21, input to next step: -----------------------------------------------------------------------------------------------------------------
[2026-04-20 02:27:07,756][rfdiffusion.inference.model_runners][INFO] - Timestep 20, input to next step: -----------------------------------------------------------------------------------------------------------------
[2026-04-20 02:27:12,292][rfdiffusion.inference.model_runners][INFO] - Timestep 19, input to next step: -----------------------------------------------------------------------------------------------------------------
[2026-04-20 02:27:14,877][rfdiffusion.inference.model_runners][INFO] - Timestep 18, input to next step: -----------------------------------------------------------------------------------------------------------------
[2026-04-20 02:27:17,835][rfdiffusion.inference.model_runners][INFO] - Timestep 17, input to next step: -----------------------------------------------------------------------------------------------------------------
[2026-04-20 02:27:24,025][rfdiffusion.inference.model_runners][INFO] - Timestep 16, input to next step: -----------------------------------------------------------------------------------------------------------------
[2026-04-20 02:27:30,724][rfdiffusion.inference.model_runners][INFO] - Timestep 15, input to next step: -----------------------------------------------------------------------------------------------------------------
[2026-04-20 02:27:34,637][rfdiffusion.inference.model_runners][INFO] - Timestep 14, input to next step: -----------------------------------------------------------------------------------------------------------------
[2026-04-20 02:27:39,036][rfdiffusion.inference.model_runners][INFO] - Timestep 13, input to next step: -----------------------------------------------------------------------------------------------------------------
[2026-04-20 02:27:42,725][rfdiffusion.inference.model_runners][INFO] - Timestep 12, input to next step: -----------------------------------------------------------------------------------------------------------------
[2026-04-20 02:27:46,072][rfdiffusion.inference.model_runners][INFO] - Timestep 11, input to next step: -----------------------------------------------------------------------------------------------------------------
[2026-04-20 02:27:48,775][rfdiffusion.inference.model_runners][INFO] - Timestep 10, input to next step: -----------------------------------------------------------------------------------------------------------------
[2026-04-20 02:27:51,416][rfdiffusion.inference.model_runners][INFO] - Timestep 9, input to next step: -----------------------------------------------------------------------------------------------------------------
[2026-04-20 02:27:54,474][rfdiffusion.inference.model_runners][INFO] - Timestep 8, input to next step: -----------------------------------------------------------------------------------------------------------------
[2026-04-20 02:27:57,203][rfdiffusion.inference.model_runners][INFO] - Timestep 7, input to next step: -----------------------------------------------------------------------------------------------------------------
[2026-04-20 02:28:00,166][rfdiffusion.inference.model_runners][INFO] - Timestep 6, input to next step: -----------------------------------------------------------------------------------------------------------------
[2026-04-20 02:28:02,962][rfdiffusion.inference.model_runners][INFO] - Timestep 5, input to next step: -----------------------------------------------------------------------------------------------------------------
[2026-04-20 02:28:05,646][rfdiffusion.inference.model_runners][INFO] - Timestep 4, input to next step: -----------------------------------------------------------------------------------------------------------------
[2026-04-20 02:28:08,301][rfdiffusion.inference.model_runners][INFO] - Timestep 3, input to next step: -----------------------------------------------------------------------------------------------------------------
[2026-04-20 02:28:10,818][rfdiffusion.inference.model_runners][INFO] - Timestep 2, input to next step: -----------------------------------------------------------------------------------------------------------------
[2026-04-20 02:28:17,134][__main__][INFO] - Finished design in 2.89 minutes
[2026-04-20 02:28:17,134][__main__][INFO] - Making design /home/manvi/Team_8_CS598GBL/Assignment/Generate_designs/default/len_113/design_6
[2026-04-20 02:28:17,145][rfdiffusion.inference.model_runners][INFO] - Using contig: ['113-113']
[2026-04-20 02:28:17,192][rfdiffusion.inference.model_runners][INFO] - Sequence init: -----------------------------------------------------------------------------------------------------------------
[2026-04-20 02:28:19,884][rfdiffusion.inference.model_runners][INFO] - Timestep 50, input to next step: -----------------------------------------------------------------------------------------------------------------
[2026-04-20 02:28:22,583][rfdiffusion.inference.model_runners][INFO] - Timestep 49, input to next step: -----------------------------------------------------------------------------------------------------------------
[2026-04-20 02:28:25,107][rfdiffusion.inference.model_runners][INFO] - Timestep 48, input to next step: -----------------------------------------------------------------------------------------------------------------
[2026-04-20 02:28:27,673][rfdiffusion.inference.model_runners][INFO] - Timestep 47, input to next step: -----------------------------------------------------------------------------------------------------------------
[2026-04-20 02:28:30,737][rfdiffusion.inference.model_runners][INFO] - Timestep 46, input to next step: -----------------------------------------------------------------------------------------------------------------
[2026-04-20 02:28:33,742][rfdiffusion.inference.model_runners][INFO] - Timestep 45, input to next step: -----------------------------------------------------------------------------------------------------------------
[2026-04-20 02:28:36,497][rfdiffusion.inference.model_runners][INFO] - Timestep 44, input to next step: -----------------------------------------------------------------------------------------------------------------
[2026-04-20 02:28:39,176][rfdiffusion.inference.model_runners][INFO] - Timestep 43, input to next step: -----------------------------------------------------------------------------------------------------------------
[2026-04-20 02:28:42,018][rfdiffusion.inference.model_runners][INFO] - Timestep 42, input to next step: -----------------------------------------------------------------------------------------------------------------
[2026-04-20 02:28:45,551][rfdiffusion.inference.model_runners][INFO] - Timestep 41, input to next step: -----------------------------------------------------------------------------------------------------------------
[2026-04-20 02:28:48,624][rfdiffusion.inference.model_runners][INFO] - Timestep 40, input to next step: -----------------------------------------------------------------------------------------------------------------
[2026-04-20 02:28:51,509][rfdiffusion.inference.model_runners][INFO] - Timestep 39, input to next step: -----------------------------------------------------------------------------------------------------------------
[2026-04-20 02:28:54,341][rfdiffusion.inference.model_runners][INFO] - Timestep 38, input to next step: -----------------------------------------------------------------------------------------------------------------
[2026-04-20 02:28:57,359][rfdiffusion.inference.model_runners][INFO] - Timestep 37, input to next step: -----------------------------------------------------------------------------------------------------------------
[2026-04-20 02:29:00,254][rfdiffusion.inference.model_runners][INFO] - Timestep 36, input to next step: -----------------------------------------------------------------------------------------------------------------
[2026-04-20 02:29:02,610][rfdiffusion.inference.model_runners][INFO] - Timestep 35, input to next step: -----------------------------------------------------------------------------------------------------------------
[2026-04-20 02:29:04,855][rfdiffusion.inference.model_runners][INFO] - Timestep 34, input to next step: -----------------------------------------------------------------------------------------------------------------
[2026-04-20 02:29:07,096][rfdiffusion.inference.model_runners][INFO] - Timestep 33, input to next step: -----------------------------------------------------------------------------------------------------------------
[2026-04-20 02:29:09,693][rfdiffusion.inference.model_runners][INFO] - Timestep 32, input to next step: -----------------------------------------------------------------------------------------------------------------
[2026-04-20 02:29:12,023][rfdiffusion.inference.model_runners][INFO] - Timestep 31, input to next step: -----------------------------------------------------------------------------------------------------------------
[2026-04-20 02:29:14,498][rfdiffusion.inference.model_runners][INFO] - Timestep 30, input to next step: -----------------------------------------------------------------------------------------------------------------
[2026-04-20 02:29:16,776][rfdiffusion.inference.model_runners][INFO] - Timestep 29, input to next step: -----------------------------------------------------------------------------------------------------------------
[2026-04-20 02:29:19,203][rfdiffusion.inference.model_runners][INFO] - Timestep 28, input to next step: -----------------------------------------------------------------------------------------------------------------
[2026-04-20 02:29:21,577][rfdiffusion.inference.model_runners][INFO] - Timestep 27, input to next step: -----------------------------------------------------------------------------------------------------------------
[2026-04-20 02:29:23,875][rfdiffusion.inference.model_runners][INFO] - Timestep 26, input to next step: -----------------------------------------------------------------------------------------------------------------
[2026-04-20 02:29:26,641][rfdiffusion.inference.model_runners][INFO] - Timestep 25, input to next step: -----------------------------------------------------------------------------------------------------------------
[2026-04-20 02:29:29,703][rfdiffusion.inference.model_runners][INFO] - Timestep 24, input to next step: -----------------------------------------------------------------------------------------------------------------
[2026-04-20 02:29:32,499][rfdiffusion.inference.model_runners][INFO] - Timestep 23, input to next step: -----------------------------------------------------------------------------------------------------------------
[2026-04-20 02:29:35,192][rfdiffusion.inference.model_runners][INFO] - Timestep 22, input to next step: -----------------------------------------------------------------------------------------------------------------
[2026-04-20 02:29:37,861][rfdiffusion.inference.model_runners][INFO] - Timestep 21, input to next step: -----------------------------------------------------------------------------------------------------------------
[2026-04-20 02:29:40,817][rfdiffusion.inference.model_runners][INFO] - Timestep 20, input to next step: -----------------------------------------------------------------------------------------------------------------
[2026-04-20 02:29:43,939][rfdiffusion.inference.model_runners][INFO] - Timestep 19, input to next step: -----------------------------------------------------------------------------------------------------------------
[2026-04-20 02:29:46,124][rfdiffusion.inference.model_runners][INFO] - Timestep 18, input to next step: -----------------------------------------------------------------------------------------------------------------
[2026-04-20 02:29:48,315][rfdiffusion.inference.model_runners][INFO] - Timestep 17, input to next step: -----------------------------------------------------------------------------------------------------------------
[2026-04-20 02:29:50,986][rfdiffusion.inference.model_runners][INFO] - Timestep 16, input to next step: -----------------------------------------------------------------------------------------------------------------
[2026-04-20 02:29:53,315][rfdiffusion.inference.model_runners][INFO] - Timestep 15, input to next step: -----------------------------------------------------------------------------------------------------------------
[2026-04-20 02:29:56,528][rfdiffusion.inference.model_runners][INFO] - Timestep 14, input to next step: -----------------------------------------------------------------------------------------------------------------
[2026-04-20 02:29:59,034][rfdiffusion.inference.model_runners][INFO] - Timestep 13, input to next step: -----------------------------------------------------------------------------------------------------------------
[2026-04-20 02:30:01,926][rfdiffusion.inference.model_runners][INFO] - Timestep 12, input to next step: -----------------------------------------------------------------------------------------------------------------
[2026-04-20 02:30:04,662][rfdiffusion.inference.model_runners][INFO] - Timestep 11, input to next step: -----------------------------------------------------------------------------------------------------------------
[2026-04-20 02:30:07,536][rfdiffusion.inference.model_runners][INFO] - Timestep 10, input to next step: -----------------------------------------------------------------------------------------------------------------
[2026-04-20 02:30:10,554][rfdiffusion.inference.model_runners][INFO] - Timestep 9, input to next step: -----------------------------------------------------------------------------------------------------------------
[2026-04-20 02:30:13,315][rfdiffusion.inference.model_runners][INFO] - Timestep 8, input to next step: -----------------------------------------------------------------------------------------------------------------
[2026-04-20 02:30:15,982][rfdiffusion.inference.model_runners][INFO] - Timestep 7, input to next step: -----------------------------------------------------------------------------------------------------------------
[2026-04-20 02:30:18,706][rfdiffusion.inference.model_runners][INFO] - Timestep 6, input to next step: -----------------------------------------------------------------------------------------------------------------
[2026-04-20 02:30:21,200][rfdiffusion.inference.model_runners][INFO] - Timestep 5, input to next step: -----------------------------------------------------------------------------------------------------------------
[2026-04-20 02:30:24,416][rfdiffusion.inference.model_runners][INFO] - Timestep 4, input to next step: -----------------------------------------------------------------------------------------------------------------
[2026-04-20 02:30:28,559][rfdiffusion.inference.model_runners][INFO] - Timestep 3, input to next step: -----------------------------------------------------------------------------------------------------------------
[2026-04-20 02:30:31,921][rfdiffusion.inference.model_runners][INFO] - Timestep 2, input to next step: -----------------------------------------------------------------------------------------------------------------
[2026-04-20 02:30:38,136][__main__][INFO] - Finished design in 2.35 minutes
[2026-04-20 02:30:38,137][__main__][INFO] - Making design /home/manvi/Team_8_CS598GBL/Assignment/Generate_designs/default/len_113/design_7
[2026-04-20 02:30:38,144][rfdiffusion.inference.model_runners][INFO] - Using contig: ['113-113']
[2026-04-20 02:30:38,173][rfdiffusion.inference.model_runners][INFO] - Sequence init: -----------------------------------------------------------------------------------------------------------------
[2026-04-20 02:30:40,731][rfdiffusion.inference.model_runners][INFO] - Timestep 50, input to next step: -----------------------------------------------------------------------------------------------------------------
[2026-04-20 02:30:43,184][rfdiffusion.inference.model_runners][INFO] - Timestep 49, input to next step: -----------------------------------------------------------------------------------------------------------------
[2026-04-20 02:30:46,419][rfdiffusion.inference.model_runners][INFO] - Timestep 48, input to next step: -----------------------------------------------------------------------------------------------------------------
[2026-04-20 02:30:49,412][rfdiffusion.inference.model_runners][INFO] - Timestep 47, input to next step: -----------------------------------------------------------------------------------------------------------------
[2026-04-20 02:30:51,807][rfdiffusion.inference.model_runners][INFO] - Timestep 46, input to next step: -----------------------------------------------------------------------------------------------------------------
[2026-04-20 02:30:54,455][rfdiffusion.inference.model_runners][INFO] - Timestep 45, input to next step: -----------------------------------------------------------------------------------------------------------------
[2026-04-20 02:30:56,592][rfdiffusion.inference.model_runners][INFO] - Timestep 44, input to next step: -----------------------------------------------------------------------------------------------------------------
[2026-04-20 02:30:58,872][rfdiffusion.inference.model_runners][INFO] - Timestep 43, input to next step: -----------------------------------------------------------------------------------------------------------------
[2026-04-20 02:31:01,399][rfdiffusion.inference.model_runners][INFO] - Timestep 42, input to next step: -----------------------------------------------------------------------------------------------------------------
[2026-04-20 02:31:04,198][rfdiffusion.inference.model_runners][INFO] - Timestep 41, input to next step: -----------------------------------------------------------------------------------------------------------------
[2026-04-20 02:31:06,526][rfdiffusion.inference.model_runners][INFO] - Timestep 40, input to next step: -----------------------------------------------------------------------------------------------------------------
[2026-04-20 02:31:09,154][rfdiffusion.inference.model_runners][INFO] - Timestep 39, input to next step: -----------------------------------------------------------------------------------------------------------------
[2026-04-20 02:31:11,428][rfdiffusion.inference.model_runners][INFO] - Timestep 38, input to next step: -----------------------------------------------------------------------------------------------------------------
[2026-04-20 02:31:13,756][rfdiffusion.inference.model_runners][INFO] - Timestep 37, input to next step: -----------------------------------------------------------------------------------------------------------------
[2026-04-20 02:31:16,035][rfdiffusion.inference.model_runners][INFO] - Timestep 36, input to next step: -----------------------------------------------------------------------------------------------------------------
[2026-04-20 02:31:18,411][rfdiffusion.inference.model_runners][INFO] - Timestep 35, input to next step: -----------------------------------------------------------------------------------------------------------------
[2026-04-20 02:31:20,919][rfdiffusion.inference.model_runners][INFO] - Timestep 34, input to next step: -----------------------------------------------------------------------------------------------------------------
[2026-04-20 02:31:23,730][rfdiffusion.inference.model_runners][INFO] - Timestep 33, input to next step: -----------------------------------------------------------------------------------------------------------------
[2026-04-20 02:31:26,295][rfdiffusion.inference.model_runners][INFO] - Timestep 32, input to next step: -----------------------------------------------------------------------------------------------------------------
[2026-04-20 02:31:28,898][rfdiffusion.inference.model_runners][INFO] - Timestep 31, input to next step: -----------------------------------------------------------------------------------------------------------------
[2026-04-20 02:31:32,998][rfdiffusion.inference.model_runners][INFO] - Timestep 30, input to next step: -----------------------------------------------------------------------------------------------------------------
[2026-04-20 02:31:36,817][rfdiffusion.inference.model_runners][INFO] - Timestep 29, input to next step: -----------------------------------------------------------------------------------------------------------------
[2026-04-20 02:31:40,768][rfdiffusion.inference.model_runners][INFO] - Timestep 28, input to next step: -----------------------------------------------------------------------------------------------------------------
[2026-04-20 02:31:45,015][rfdiffusion.inference.model_runners][INFO] - Timestep 27, input to next step: -----------------------------------------------------------------------------------------------------------------
[2026-04-20 02:31:50,171][rfdiffusion.inference.model_runners][INFO] - Timestep 26, input to next step: -----------------------------------------------------------------------------------------------------------------
[2026-04-20 02:31:53,728][rfdiffusion.inference.model_runners][INFO] - Timestep 25, input to next step: -----------------------------------------------------------------------------------------------------------------
[2026-04-20 02:31:56,559][rfdiffusion.inference.model_runners][INFO] - Timestep 24, input to next step: -----------------------------------------------------------------------------------------------------------------
[2026-04-20 02:31:59,203][rfdiffusion.inference.model_runners][INFO] - Timestep 23, input to next step: -----------------------------------------------------------------------------------------------------------------
[2026-04-20 02:32:01,940][rfdiffusion.inference.model_runners][INFO] - Timestep 22, input to next step: -----------------------------------------------------------------------------------------------------------------
[2026-04-20 02:32:04,669][rfdiffusion.inference.model_runners][INFO] - Timestep 21, input to next step: -----------------------------------------------------------------------------------------------------------------
[2026-04-20 02:32:07,268][rfdiffusion.inference.model_runners][INFO] - Timestep 20, input to next step: -----------------------------------------------------------------------------------------------------------------
[2026-04-20 02:32:10,907][rfdiffusion.inference.model_runners][INFO] - Timestep 19, input to next step: -----------------------------------------------------------------------------------------------------------------
[2026-04-20 02:32:14,345][rfdiffusion.inference.model_runners][INFO] - Timestep 18, input to next step: -----------------------------------------------------------------------------------------------------------------
[2026-04-20 02:32:17,662][rfdiffusion.inference.model_runners][INFO] - Timestep 17, input to next step: -----------------------------------------------------------------------------------------------------------------
[2026-04-20 02:32:21,009][rfdiffusion.inference.model_runners][INFO] - Timestep 16, input to next step: -----------------------------------------------------------------------------------------------------------------
[2026-04-20 02:32:24,475][rfdiffusion.inference.model_runners][INFO] - Timestep 15, input to next step: -----------------------------------------------------------------------------------------------------------------
[2026-04-20 02:32:27,983][rfdiffusion.inference.model_runners][INFO] - Timestep 14, input to next step: -----------------------------------------------------------------------------------------------------------------
[2026-04-20 02:32:31,221][rfdiffusion.inference.model_runners][INFO] - Timestep 13, input to next step: -----------------------------------------------------------------------------------------------------------------
[2026-04-20 02:32:33,872][rfdiffusion.inference.model_runners][INFO] - Timestep 12, input to next step: -----------------------------------------------------------------------------------------------------------------
[2026-04-20 02:32:36,268][rfdiffusion.inference.model_runners][INFO] - Timestep 11, input to next step: -----------------------------------------------------------------------------------------------------------------
[2026-04-20 02:32:39,225][rfdiffusion.inference.model_runners][INFO] - Timestep 10, input to next step: -----------------------------------------------------------------------------------------------------------------
[2026-04-20 02:32:41,517][rfdiffusion.inference.model_runners][INFO] - Timestep 9, input to next step: -----------------------------------------------------------------------------------------------------------------
[2026-04-20 02:32:43,822][rfdiffusion.inference.model_runners][INFO] - Timestep 8, input to next step: -----------------------------------------------------------------------------------------------------------------
[2026-04-20 02:32:46,484][rfdiffusion.inference.model_runners][INFO] - Timestep 7, input to next step: -----------------------------------------------------------------------------------------------------------------
[2026-04-20 02:32:49,376][rfdiffusion.inference.model_runners][INFO] - Timestep 6, input to next step: -----------------------------------------------------------------------------------------------------------------
[2026-04-20 02:32:52,143][rfdiffusion.inference.model_runners][INFO] - Timestep 5, input to next step: -----------------------------------------------------------------------------------------------------------------
[2026-04-20 02:32:55,126][rfdiffusion.inference.model_runners][INFO] - Timestep 4, input to next step: -----------------------------------------------------------------------------------------------------------------
[2026-04-20 02:32:57,833][rfdiffusion.inference.model_runners][INFO] - Timestep 3, input to next step: -----------------------------------------------------------------------------------------------------------------
[2026-04-20 02:33:00,124][rfdiffusion.inference.model_runners][INFO] - Timestep 2, input to next step: -----------------------------------------------------------------------------------------------------------------
[2026-04-20 02:33:05,035][__main__][INFO] - Finished design in 2.45 minutes
[2026-04-20 02:33:05,035][__main__][INFO] - Making design /home/manvi/Team_8_CS598GBL/Assignment/Generate_designs/default/len_113/design_8
[2026-04-20 02:33:05,048][rfdiffusion.inference.model_runners][INFO] - Using contig: ['113-113']
[2026-04-20 02:33:05,100][rfdiffusion.inference.model_runners][INFO] - Sequence init: -----------------------------------------------------------------------------------------------------------------
[2026-04-20 02:33:07,201][rfdiffusion.inference.model_runners][INFO] - Timestep 50, input to next step: -----------------------------------------------------------------------------------------------------------------
[2026-04-20 02:33:09,256][rfdiffusion.inference.model_runners][INFO] - Timestep 49, input to next step: -----------------------------------------------------------------------------------------------------------------
[2026-04-20 02:33:11,360][rfdiffusion.inference.model_runners][INFO] - Timestep 48, input to next step: -----------------------------------------------------------------------------------------------------------------
[2026-04-20 02:33:14,572][rfdiffusion.inference.model_runners][INFO] - Timestep 47, input to next step: -----------------------------------------------------------------------------------------------------------------
[2026-04-20 02:33:17,163][rfdiffusion.inference.model_runners][INFO] - Timestep 46, input to next step: -----------------------------------------------------------------------------------------------------------------
[2026-04-20 02:33:20,082][rfdiffusion.inference.model_runners][INFO] - Timestep 45, input to next step: -----------------------------------------------------------------------------------------------------------------
[2026-04-20 02:33:22,770][rfdiffusion.inference.model_runners][INFO] - Timestep 44, input to next step: -----------------------------------------------------------------------------------------------------------------
[2026-04-20 02:33:25,544][rfdiffusion.inference.model_runners][INFO] - Timestep 43, input to next step: -----------------------------------------------------------------------------------------------------------------
[2026-04-20 02:33:28,082][rfdiffusion.inference.model_runners][INFO] - Timestep 42, input to next step: -----------------------------------------------------------------------------------------------------------------
[2026-04-20 02:33:32,165][rfdiffusion.inference.model_runners][INFO] - Timestep 41, input to next step: -----------------------------------------------------------------------------------------------------------------
[2026-04-20 02:33:35,082][rfdiffusion.inference.model_runners][INFO] - Timestep 40, input to next step: -----------------------------------------------------------------------------------------------------------------
[2026-04-20 02:33:38,374][rfdiffusion.inference.model_runners][INFO] - Timestep 39, input to next step: -----------------------------------------------------------------------------------------------------------------
[2026-04-20 02:33:41,687][rfdiffusion.inference.model_runners][INFO] - Timestep 38, input to next step: -----------------------------------------------------------------------------------------------------------------
[2026-04-20 02:33:44,966][rfdiffusion.inference.model_runners][INFO] - Timestep 37, input to next step: -----------------------------------------------------------------------------------------------------------------
[2026-04-20 02:33:48,749][rfdiffusion.inference.model_runners][INFO] - Timestep 36, input to next step: -----------------------------------------------------------------------------------------------------------------
[2026-04-20 02:33:51,634][rfdiffusion.inference.model_runners][INFO] - Timestep 35, input to next step: -----------------------------------------------------------------------------------------------------------------
[2026-04-20 02:33:54,275][rfdiffusion.inference.model_runners][INFO] - Timestep 34, input to next step: -----------------------------------------------------------------------------------------------------------------
[2026-04-20 02:33:57,454][rfdiffusion.inference.model_runners][INFO] - Timestep 33, input to next step: -----------------------------------------------------------------------------------------------------------------
[2026-04-20 02:34:01,353][rfdiffusion.inference.model_runners][INFO] - Timestep 32, input to next step: -----------------------------------------------------------------------------------------------------------------
[2026-04-20 02:34:04,474][rfdiffusion.inference.model_runners][INFO] - Timestep 31, input to next step: -----------------------------------------------------------------------------------------------------------------
[2026-04-20 02:34:06,933][rfdiffusion.inference.model_runners][INFO] - Timestep 30, input to next step: -----------------------------------------------------------------------------------------------------------------
[2026-04-20 02:34:09,929][rfdiffusion.inference.model_runners][INFO] - Timestep 29, input to next step: -----------------------------------------------------------------------------------------------------------------
[2026-04-20 02:34:12,726][rfdiffusion.inference.model_runners][INFO] - Timestep 28, input to next step: -----------------------------------------------------------------------------------------------------------------
[2026-04-20 02:34:15,470][rfdiffusion.inference.model_runners][INFO] - Timestep 27, input to next step: -----------------------------------------------------------------------------------------------------------------
[2026-04-20 02:34:18,888][rfdiffusion.inference.model_runners][INFO] - Timestep 26, input to next step: -----------------------------------------------------------------------------------------------------------------
[2026-04-20 02:34:21,488][rfdiffusion.inference.model_runners][INFO] - Timestep 25, input to next step: -----------------------------------------------------------------------------------------------------------------
[2026-04-20 02:34:24,614][rfdiffusion.inference.model_runners][INFO] - Timestep 24, input to next step: -----------------------------------------------------------------------------------------------------------------
[2026-04-20 02:34:27,430][rfdiffusion.inference.model_runners][INFO] - Timestep 23, input to next step: -----------------------------------------------------------------------------------------------------------------
[2026-04-20 02:34:30,253][rfdiffusion.inference.model_runners][INFO] - Timestep 22, input to next step: -----------------------------------------------------------------------------------------------------------------
[2026-04-20 02:34:33,497][rfdiffusion.inference.model_runners][INFO] - Timestep 21, input to next step: -----------------------------------------------------------------------------------------------------------------
[2026-04-20 02:34:36,479][rfdiffusion.inference.model_runners][INFO] - Timestep 20, input to next step: -----------------------------------------------------------------------------------------------------------------
[2026-04-20 02:34:39,140][rfdiffusion.inference.model_runners][INFO] - Timestep 19, input to next step: -----------------------------------------------------------------------------------------------------------------
[2026-04-20 02:34:42,077][rfdiffusion.inference.model_runners][INFO] - Timestep 18, input to next step: -----------------------------------------------------------------------------------------------------------------
[2026-04-20 02:34:45,140][rfdiffusion.inference.model_runners][INFO] - Timestep 17, input to next step: -----------------------------------------------------------------------------------------------------------------
[2026-04-20 02:34:47,500][rfdiffusion.inference.model_runners][INFO] - Timestep 16, input to next step: -----------------------------------------------------------------------------------------------------------------
[2026-04-20 02:34:50,058][rfdiffusion.inference.model_runners][INFO] - Timestep 15, input to next step: -----------------------------------------------------------------------------------------------------------------
[2026-04-20 02:34:52,956][rfdiffusion.inference.model_runners][INFO] - Timestep 14, input to next step: -----------------------------------------------------------------------------------------------------------------
[2026-04-20 02:34:55,744][rfdiffusion.inference.model_runners][INFO] - Timestep 13, input to next step: -----------------------------------------------------------------------------------------------------------------
[2026-04-20 02:34:58,108][rfdiffusion.inference.model_runners][INFO] - Timestep 12, input to next step: -----------------------------------------------------------------------------------------------------------------
[2026-04-20 02:35:01,171][rfdiffusion.inference.model_runners][INFO] - Timestep 11, input to next step: -----------------------------------------------------------------------------------------------------------------
[2026-04-20 02:35:03,539][rfdiffusion.inference.model_runners][INFO] - Timestep 10, input to next step: -----------------------------------------------------------------------------------------------------------------
[2026-04-20 02:35:06,251][rfdiffusion.inference.model_runners][INFO] - Timestep 9, input to next step: -----------------------------------------------------------------------------------------------------------------
[2026-04-20 02:35:09,504][rfdiffusion.inference.model_runners][INFO] - Timestep 8, input to next step: -----------------------------------------------------------------------------------------------------------------
[2026-04-20 02:35:12,836][rfdiffusion.inference.model_runners][INFO] - Timestep 7, input to next step: -----------------------------------------------------------------------------------------------------------------
[2026-04-20 02:35:15,517][rfdiffusion.inference.model_runners][INFO] - Timestep 6, input to next step: -----------------------------------------------------------------------------------------------------------------
[2026-04-20 02:35:18,101][rfdiffusion.inference.model_runners][INFO] - Timestep 5, input to next step: -----------------------------------------------------------------------------------------------------------------
[2026-04-20 02:35:20,474][rfdiffusion.inference.model_runners][INFO] - Timestep 4, input to next step: -----------------------------------------------------------------------------------------------------------------
[2026-04-20 02:35:23,163][rfdiffusion.inference.model_runners][INFO] - Timestep 3, input to next step: -----------------------------------------------------------------------------------------------------------------
[2026-04-20 02:35:25,571][rfdiffusion.inference.model_runners][INFO] - Timestep 2, input to next step: -----------------------------------------------------------------------------------------------------------------
[2026-04-20 02:35:31,114][__main__][INFO] - Finished design in 2.43 minutes
[2026-04-20 02:35:31,117][__main__][INFO] - Making design /home/manvi/Team_8_CS598GBL/Assignment/Generate_designs/default/len_113/design_9
[2026-04-20 02:35:31,130][rfdiffusion.inference.model_runners][INFO] - Using contig: ['113-113']
[2026-04-20 02:35:31,169][rfdiffusion.inference.model_runners][INFO] - Sequence init: -----------------------------------------------------------------------------------------------------------------
[2026-04-20 02:35:34,279][rfdiffusion.inference.model_runners][INFO] - Timestep 50, input to next step: -----------------------------------------------------------------------------------------------------------------
[2026-04-20 02:35:36,701][rfdiffusion.inference.model_runners][INFO] - Timestep 49, input to next step: -----------------------------------------------------------------------------------------------------------------
[2026-04-20 02:35:39,317][rfdiffusion.inference.model_runners][INFO] - Timestep 48, input to next step: -----------------------------------------------------------------------------------------------------------------
[2026-04-20 02:35:41,978][rfdiffusion.inference.model_runners][INFO] - Timestep 47, input to next step: -----------------------------------------------------------------------------------------------------------------
[2026-04-20 02:35:44,689][rfdiffusion.inference.model_runners][INFO] - Timestep 46, input to next step: -----------------------------------------------------------------------------------------------------------------
[2026-04-20 02:35:47,633][rfdiffusion.inference.model_runners][INFO] - Timestep 45, input to next step: -----------------------------------------------------------------------------------------------------------------
[2026-04-20 02:35:50,382][rfdiffusion.inference.model_runners][INFO] - Timestep 44, input to next step: -----------------------------------------------------------------------------------------------------------------
[2026-04-20 02:35:54,737][rfdiffusion.inference.model_runners][INFO] - Timestep 43, input to next step: -----------------------------------------------------------------------------------------------------------------
[2026-04-20 02:35:56,950][rfdiffusion.inference.model_runners][INFO] - Timestep 42, input to next step: -----------------------------------------------------------------------------------------------------------------
[2026-04-20 02:35:59,695][rfdiffusion.inference.model_runners][INFO] - Timestep 41, input to next step: -----------------------------------------------------------------------------------------------------------------
[2026-04-20 02:36:02,697][rfdiffusion.inference.model_runners][INFO] - Timestep 40, input to next step: -----------------------------------------------------------------------------------------------------------------
[2026-04-20 02:36:05,458][rfdiffusion.inference.model_runners][INFO] - Timestep 39, input to next step: -----------------------------------------------------------------------------------------------------------------
[2026-04-20 02:36:08,161][rfdiffusion.inference.model_runners][INFO] - Timestep 38, input to next step: -----------------------------------------------------------------------------------------------------------------
[2026-04-20 02:36:10,752][rfdiffusion.inference.model_runners][INFO] - Timestep 37, input to next step: -----------------------------------------------------------------------------------------------------------------
[2026-04-20 02:36:14,496][rfdiffusion.inference.model_runners][INFO] - Timestep 36, input to next step: -----------------------------------------------------------------------------------------------------------------
[2026-04-20 02:36:17,809][rfdiffusion.inference.model_runners][INFO] - Timestep 35, input to next step: -----------------------------------------------------------------------------------------------------------------
[2026-04-20 02:36:20,512][rfdiffusion.inference.model_runners][INFO] - Timestep 34, input to next step: -----------------------------------------------------------------------------------------------------------------
[2026-04-20 02:36:23,292][rfdiffusion.inference.model_runners][INFO] - Timestep 33, input to next step: -----------------------------------------------------------------------------------------------------------------
[2026-04-20 02:36:26,051][rfdiffusion.inference.model_runners][INFO] - Timestep 32, input to next step: -----------------------------------------------------------------------------------------------------------------
[2026-04-20 02:36:28,621][rfdiffusion.inference.model_runners][INFO] - Timestep 31, input to next step: -----------------------------------------------------------------------------------------------------------------
[2026-04-20 02:36:33,721][rfdiffusion.inference.model_runners][INFO] - Timestep 30, input to next step: -----------------------------------------------------------------------------------------------------------------
[2026-04-20 02:36:38,090][rfdiffusion.inference.model_runners][INFO] - Timestep 29, input to next step: -----------------------------------------------------------------------------------------------------------------
[2026-04-20 02:36:40,916][rfdiffusion.inference.model_runners][INFO] - Timestep 28, input to next step: -----------------------------------------------------------------------------------------------------------------
[2026-04-20 02:36:43,785][rfdiffusion.inference.model_runners][INFO] - Timestep 27, input to next step: -----------------------------------------------------------------------------------------------------------------
[2026-04-20 02:36:46,305][rfdiffusion.inference.model_runners][INFO] - Timestep 26, input to next step: -----------------------------------------------------------------------------------------------------------------
[2026-04-20 02:36:49,088][rfdiffusion.inference.model_runners][INFO] - Timestep 25, input to next step: -----------------------------------------------------------------------------------------------------------------
[2026-04-20 02:36:52,227][rfdiffusion.inference.model_runners][INFO] - Timestep 24, input to next step: -----------------------------------------------------------------------------------------------------------------
[2026-04-20 02:36:54,966][rfdiffusion.inference.model_runners][INFO] - Timestep 23, input to next step: -----------------------------------------------------------------------------------------------------------------
[2026-04-20 02:36:57,395][rfdiffusion.inference.model_runners][INFO] - Timestep 22, input to next step: -----------------------------------------------------------------------------------------------------------------
[2026-04-20 02:36:59,887][rfdiffusion.inference.model_runners][INFO] - Timestep 21, input to next step: -----------------------------------------------------------------------------------------------------------------
[2026-04-20 02:37:02,325][rfdiffusion.inference.model_runners][INFO] - Timestep 20, input to next step: -----------------------------------------------------------------------------------------------------------------
[2026-04-20 02:37:04,676][rfdiffusion.inference.model_runners][INFO] - Timestep 19, input to next step: -----------------------------------------------------------------------------------------------------------------
[2026-04-20 02:37:06,927][rfdiffusion.inference.model_runners][INFO] - Timestep 18, input to next step: -----------------------------------------------------------------------------------------------------------------
[2026-04-20 02:37:09,155][rfdiffusion.inference.model_runners][INFO] - Timestep 17, input to next step: -----------------------------------------------------------------------------------------------------------------
[2026-04-20 02:37:11,312][rfdiffusion.inference.model_runners][INFO] - Timestep 16, input to next step: -----------------------------------------------------------------------------------------------------------------
[2026-04-20 02:37:13,526][rfdiffusion.inference.model_runners][INFO] - Timestep 15, input to next step: -----------------------------------------------------------------------------------------------------------------
[2026-04-20 02:37:15,717][rfdiffusion.inference.model_runners][INFO] - Timestep 14, input to next step: -----------------------------------------------------------------------------------------------------------------
[2026-04-20 02:37:18,175][rfdiffusion.inference.model_runners][INFO] - Timestep 13, input to next step: -----------------------------------------------------------------------------------------------------------------
[2026-04-20 02:37:20,750][rfdiffusion.inference.model_runners][INFO] - Timestep 12, input to next step: -----------------------------------------------------------------------------------------------------------------
[2026-04-20 02:37:23,026][rfdiffusion.inference.model_runners][INFO] - Timestep 11, input to next step: -----------------------------------------------------------------------------------------------------------------
[2026-04-20 02:37:25,432][rfdiffusion.inference.model_runners][INFO] - Timestep 10, input to next step: -----------------------------------------------------------------------------------------------------------------
[2026-04-20 02:37:29,482][rfdiffusion.inference.model_runners][INFO] - Timestep 9, input to next step: -----------------------------------------------------------------------------------------------------------------
[2026-04-20 02:37:31,686][rfdiffusion.inference.model_runners][INFO] - Timestep 8, input to next step: -----------------------------------------------------------------------------------------------------------------
[2026-04-20 02:37:34,358][rfdiffusion.inference.model_runners][INFO] - Timestep 7, input to next step: -----------------------------------------------------------------------------------------------------------------
[2026-04-20 02:37:37,021][rfdiffusion.inference.model_runners][INFO] - Timestep 6, input to next step: -----------------------------------------------------------------------------------------------------------------
[2026-04-20 02:37:39,457][rfdiffusion.inference.model_runners][INFO] - Timestep 5, input to next step: -----------------------------------------------------------------------------------------------------------------
[2026-04-20 02:37:41,670][rfdiffusion.inference.model_runners][INFO] - Timestep 4, input to next step: -----------------------------------------------------------------------------------------------------------------
[2026-04-20 02:37:43,891][rfdiffusion.inference.model_runners][INFO] - Timestep 3, input to next step: -----------------------------------------------------------------------------------------------------------------
[2026-04-20 02:37:46,221][rfdiffusion.inference.model_runners][INFO] - Timestep 2, input to next step: -----------------------------------------------------------------------------------------------------------------
[2026-04-20 02:37:51,497][__main__][INFO] - Finished design in 2.34 minutes
