[2026-04-19 21:09:55,254][__main__][INFO] - Found GPU with device_name NVIDIA GeForce RTX 3050 Ti Laptop GPU. Will run RFdiffusion on NVIDIA GeForce RTX 3050 Ti Laptop GPU
[2026-04-19 21:09:55,255][rfdiffusion.inference.model_runners][INFO] - Reading checkpoint from /home/manvi/Team_8_CS598GBL/RFdiffusion/rfdiffusion/inference/../../models/Base_ckpt.pt
[2026-04-19 21:10:02,985][rfdiffusion.inference.model_runners][INFO] - Loading checkpoint.
[2026-04-19 21:10:03,422][rfdiffusion.diffusion][INFO] - Using cached IGSO3.
[2026-04-19 21:10:03,443][__main__][INFO] - Making design /home/manvi/Team_8_CS598GBL/Assignment/Generate_designs/default/len_095/design_0
[2026-04-19 21:10:03,453][rfdiffusion.inference.model_runners][INFO] - Using contig: ['95-95']
[2026-04-19 21:10:03,535][rfdiffusion.inference.model_runners][INFO] - Sequence init: -----------------------------------------------------------------------------------------------
[2026-04-19 21:10:07,998][rfdiffusion.inference.model_runners][INFO] - Timestep 50, input to next step: -----------------------------------------------------------------------------------------------
[2026-04-19 21:10:10,550][rfdiffusion.inference.model_runners][INFO] - Timestep 49, input to next step: -----------------------------------------------------------------------------------------------
[2026-04-19 21:10:12,293][rfdiffusion.inference.model_runners][INFO] - Timestep 48, input to next step: -----------------------------------------------------------------------------------------------
[2026-04-19 21:10:13,976][rfdiffusion.inference.model_runners][INFO] - Timestep 47, input to next step: -----------------------------------------------------------------------------------------------
[2026-04-19 21:10:15,703][rfdiffusion.inference.model_runners][INFO] - Timestep 46, input to next step: -----------------------------------------------------------------------------------------------
[2026-04-19 21:10:17,482][rfdiffusion.inference.model_runners][INFO] - Timestep 45, input to next step: -----------------------------------------------------------------------------------------------
[2026-04-19 21:10:19,371][rfdiffusion.inference.model_runners][INFO] - Timestep 44, input to next step: -----------------------------------------------------------------------------------------------
[2026-04-19 21:10:21,163][rfdiffusion.inference.model_runners][INFO] - Timestep 43, input to next step: -----------------------------------------------------------------------------------------------
[2026-04-19 21:10:22,960][rfdiffusion.inference.model_runners][INFO] - Timestep 42, input to next step: -----------------------------------------------------------------------------------------------
[2026-04-19 21:10:24,823][rfdiffusion.inference.model_runners][INFO] - Timestep 41, input to next step: -----------------------------------------------------------------------------------------------
[2026-04-19 21:10:26,697][rfdiffusion.inference.model_runners][INFO] - Timestep 40, input to next step: -----------------------------------------------------------------------------------------------
[2026-04-19 21:10:28,609][rfdiffusion.inference.model_runners][INFO] - Timestep 39, input to next step: -----------------------------------------------------------------------------------------------
[2026-04-19 21:10:30,567][rfdiffusion.inference.model_runners][INFO] - Timestep 38, input to next step: -----------------------------------------------------------------------------------------------
[2026-04-19 21:10:32,365][rfdiffusion.inference.model_runners][INFO] - Timestep 37, input to next step: -----------------------------------------------------------------------------------------------
[2026-04-19 21:10:34,206][rfdiffusion.inference.model_runners][INFO] - Timestep 36, input to next step: -----------------------------------------------------------------------------------------------
[2026-04-19 21:10:36,050][rfdiffusion.inference.model_runners][INFO] - Timestep 35, input to next step: -----------------------------------------------------------------------------------------------
[2026-04-19 21:10:37,890][rfdiffusion.inference.model_runners][INFO] - Timestep 34, input to next step: -----------------------------------------------------------------------------------------------
[2026-04-19 21:10:39,839][rfdiffusion.inference.model_runners][INFO] - Timestep 33, input to next step: -----------------------------------------------------------------------------------------------
[2026-04-19 21:10:41,722][rfdiffusion.inference.model_runners][INFO] - Timestep 32, input to next step: -----------------------------------------------------------------------------------------------
[2026-04-19 21:10:43,591][rfdiffusion.inference.model_runners][INFO] - Timestep 31, input to next step: -----------------------------------------------------------------------------------------------
[2026-04-19 21:10:45,390][rfdiffusion.inference.model_runners][INFO] - Timestep 30, input to next step: -----------------------------------------------------------------------------------------------
[2026-04-19 21:10:47,215][rfdiffusion.inference.model_runners][INFO] - Timestep 29, input to next step: -----------------------------------------------------------------------------------------------
[2026-04-19 21:10:49,164][rfdiffusion.inference.model_runners][INFO] - Timestep 28, input to next step: -----------------------------------------------------------------------------------------------
[2026-04-19 21:10:51,093][rfdiffusion.inference.model_runners][INFO] - Timestep 27, input to next step: -----------------------------------------------------------------------------------------------
[2026-04-19 21:10:52,945][rfdiffusion.inference.model_runners][INFO] - Timestep 26, input to next step: -----------------------------------------------------------------------------------------------
[2026-04-19 21:10:54,770][rfdiffusion.inference.model_runners][INFO] - Timestep 25, input to next step: -----------------------------------------------------------------------------------------------
[2026-04-19 21:10:56,985][rfdiffusion.inference.model_runners][INFO] - Timestep 24, input to next step: -----------------------------------------------------------------------------------------------
[2026-04-19 21:10:59,747][rfdiffusion.inference.model_runners][INFO] - Timestep 23, input to next step: -----------------------------------------------------------------------------------------------
[2026-04-19 21:11:01,716][rfdiffusion.inference.model_runners][INFO] - Timestep 22, input to next step: -----------------------------------------------------------------------------------------------
[2026-04-19 21:11:04,408][rfdiffusion.inference.model_runners][INFO] - Timestep 21, input to next step: -----------------------------------------------------------------------------------------------
[2026-04-19 21:11:06,854][rfdiffusion.inference.model_runners][INFO] - Timestep 20, input to next step: -----------------------------------------------------------------------------------------------
[2026-04-19 21:11:09,682][rfdiffusion.inference.model_runners][INFO] - Timestep 19, input to next step: -----------------------------------------------------------------------------------------------
[2026-04-19 21:11:12,700][rfdiffusion.inference.model_runners][INFO] - Timestep 18, input to next step: -----------------------------------------------------------------------------------------------
[2026-04-19 21:11:14,701][rfdiffusion.inference.model_runners][INFO] - Timestep 17, input to next step: -----------------------------------------------------------------------------------------------
[2026-04-19 21:11:16,614][rfdiffusion.inference.model_runners][INFO] - Timestep 16, input to next step: -----------------------------------------------------------------------------------------------
[2026-04-19 21:11:18,650][rfdiffusion.inference.model_runners][INFO] - Timestep 15, input to next step: -----------------------------------------------------------------------------------------------
[2026-04-19 21:11:21,674][rfdiffusion.inference.model_runners][INFO] - Timestep 14, input to next step: -----------------------------------------------------------------------------------------------
[2026-04-19 21:11:24,355][rfdiffusion.inference.model_runners][INFO] - Timestep 13, input to next step: -----------------------------------------------------------------------------------------------
[2026-04-19 21:11:26,969][rfdiffusion.inference.model_runners][INFO] - Timestep 12, input to next step: -----------------------------------------------------------------------------------------------
[2026-04-19 21:11:28,813][rfdiffusion.inference.model_runners][INFO] - Timestep 11, input to next step: -----------------------------------------------------------------------------------------------
[2026-04-19 21:11:30,878][rfdiffusion.inference.model_runners][INFO] - Timestep 10, input to next step: -----------------------------------------------------------------------------------------------
[2026-04-19 21:11:33,256][rfdiffusion.inference.model_runners][INFO] - Timestep 9, input to next step: -----------------------------------------------------------------------------------------------
[2026-04-19 21:11:35,176][rfdiffusion.inference.model_runners][INFO] - Timestep 8, input to next step: -----------------------------------------------------------------------------------------------
[2026-04-19 21:11:36,841][rfdiffusion.inference.model_runners][INFO] - Timestep 7, input to next step: -----------------------------------------------------------------------------------------------
[2026-04-19 21:11:38,612][rfdiffusion.inference.model_runners][INFO] - Timestep 6, input to next step: -----------------------------------------------------------------------------------------------
[2026-04-19 21:11:40,465][rfdiffusion.inference.model_runners][INFO] - Timestep 5, input to next step: -----------------------------------------------------------------------------------------------
[2026-04-19 21:11:42,403][rfdiffusion.inference.model_runners][INFO] - Timestep 4, input to next step: -----------------------------------------------------------------------------------------------
[2026-04-19 21:11:44,149][rfdiffusion.inference.model_runners][INFO] - Timestep 3, input to next step: -----------------------------------------------------------------------------------------------
[2026-04-19 21:11:45,860][rfdiffusion.inference.model_runners][INFO] - Timestep 2, input to next step: -----------------------------------------------------------------------------------------------
[2026-04-19 21:11:49,743][__main__][INFO] - Finished design in 1.77 minutes
[2026-04-19 21:11:49,743][__main__][INFO] - Making design /home/manvi/Team_8_CS598GBL/Assignment/Generate_designs/default/len_095/design_1
[2026-04-19 21:11:49,749][rfdiffusion.inference.model_runners][INFO] - Using contig: ['95-95']
[2026-04-19 21:11:49,774][rfdiffusion.inference.model_runners][INFO] - Sequence init: -----------------------------------------------------------------------------------------------
[2026-04-19 21:11:51,382][rfdiffusion.inference.model_runners][INFO] - Timestep 50, input to next step: -----------------------------------------------------------------------------------------------
[2026-04-19 21:11:53,052][rfdiffusion.inference.model_runners][INFO] - Timestep 49, input to next step: -----------------------------------------------------------------------------------------------
[2026-04-19 21:11:54,952][rfdiffusion.inference.model_runners][INFO] - Timestep 48, input to next step: -----------------------------------------------------------------------------------------------
[2026-04-19 21:11:57,024][rfdiffusion.inference.model_runners][INFO] - Timestep 47, input to next step: -----------------------------------------------------------------------------------------------
[2026-04-19 21:11:58,937][rfdiffusion.inference.model_runners][INFO] - Timestep 46, input to next step: -----------------------------------------------------------------------------------------------
[2026-04-19 21:12:00,714][rfdiffusion.inference.model_runners][INFO] - Timestep 45, input to next step: -----------------------------------------------------------------------------------------------
[2026-04-19 21:12:02,454][rfdiffusion.inference.model_runners][INFO] - Timestep 44, input to next step: -----------------------------------------------------------------------------------------------
[2026-04-19 21:12:04,249][rfdiffusion.inference.model_runners][INFO] - Timestep 43, input to next step: -----------------------------------------------------------------------------------------------
[2026-04-19 21:12:06,034][rfdiffusion.inference.model_runners][INFO] - Timestep 42, input to next step: -----------------------------------------------------------------------------------------------
[2026-04-19 21:12:07,783][rfdiffusion.inference.model_runners][INFO] - Timestep 41, input to next step: -----------------------------------------------------------------------------------------------
[2026-04-19 21:12:09,558][rfdiffusion.inference.model_runners][INFO] - Timestep 40, input to next step: -----------------------------------------------------------------------------------------------
[2026-04-19 21:12:11,673][rfdiffusion.inference.model_runners][INFO] - Timestep 39, input to next step: -----------------------------------------------------------------------------------------------
[2026-04-19 21:12:14,019][rfdiffusion.inference.model_runners][INFO] - Timestep 38, input to next step: -----------------------------------------------------------------------------------------------
[2026-04-19 21:12:16,256][rfdiffusion.inference.model_runners][INFO] - Timestep 37, input to next step: -----------------------------------------------------------------------------------------------
[2026-04-19 21:12:18,245][rfdiffusion.inference.model_runners][INFO] - Timestep 36, input to next step: -----------------------------------------------------------------------------------------------
[2026-04-19 21:12:20,676][rfdiffusion.inference.model_runners][INFO] - Timestep 35, input to next step: -----------------------------------------------------------------------------------------------
[2026-04-19 21:12:22,565][rfdiffusion.inference.model_runners][INFO] - Timestep 34, input to next step: -----------------------------------------------------------------------------------------------
[2026-04-19 21:12:24,250][rfdiffusion.inference.model_runners][INFO] - Timestep 33, input to next step: -----------------------------------------------------------------------------------------------
[2026-04-19 21:12:26,072][rfdiffusion.inference.model_runners][INFO] - Timestep 32, input to next step: -----------------------------------------------------------------------------------------------
[2026-04-19 21:12:27,917][rfdiffusion.inference.model_runners][INFO] - Timestep 31, input to next step: -----------------------------------------------------------------------------------------------
[2026-04-19 21:12:29,741][rfdiffusion.inference.model_runners][INFO] - Timestep 30, input to next step: -----------------------------------------------------------------------------------------------
[2026-04-19 21:12:31,561][rfdiffusion.inference.model_runners][INFO] - Timestep 29, input to next step: -----------------------------------------------------------------------------------------------
[2026-04-19 21:12:33,303][rfdiffusion.inference.model_runners][INFO] - Timestep 28, input to next step: -----------------------------------------------------------------------------------------------
[2026-04-19 21:12:35,090][rfdiffusion.inference.model_runners][INFO] - Timestep 27, input to next step: -----------------------------------------------------------------------------------------------
[2026-04-19 21:12:36,788][rfdiffusion.inference.model_runners][INFO] - Timestep 26, input to next step: -----------------------------------------------------------------------------------------------
[2026-04-19 21:12:38,605][rfdiffusion.inference.model_runners][INFO] - Timestep 25, input to next step: -----------------------------------------------------------------------------------------------
[2026-04-19 21:12:40,456][rfdiffusion.inference.model_runners][INFO] - Timestep 24, input to next step: -----------------------------------------------------------------------------------------------
[2026-04-19 21:12:42,295][rfdiffusion.inference.model_runners][INFO] - Timestep 23, input to next step: -----------------------------------------------------------------------------------------------
[2026-04-19 21:12:44,206][rfdiffusion.inference.model_runners][INFO] - Timestep 22, input to next step: -----------------------------------------------------------------------------------------------
[2026-04-19 21:12:46,104][rfdiffusion.inference.model_runners][INFO] - Timestep 21, input to next step: -----------------------------------------------------------------------------------------------
[2026-04-19 21:12:47,940][rfdiffusion.inference.model_runners][INFO] - Timestep 20, input to next step: -----------------------------------------------------------------------------------------------
[2026-04-19 21:12:49,792][rfdiffusion.inference.model_runners][INFO] - Timestep 19, input to next step: -----------------------------------------------------------------------------------------------
[2026-04-19 21:12:51,513][rfdiffusion.inference.model_runners][INFO] - Timestep 18, input to next step: -----------------------------------------------------------------------------------------------
[2026-04-19 21:12:53,325][rfdiffusion.inference.model_runners][INFO] - Timestep 17, input to next step: -----------------------------------------------------------------------------------------------
[2026-04-19 21:12:55,088][rfdiffusion.inference.model_runners][INFO] - Timestep 16, input to next step: -----------------------------------------------------------------------------------------------
[2026-04-19 21:12:56,930][rfdiffusion.inference.model_runners][INFO] - Timestep 15, input to next step: -----------------------------------------------------------------------------------------------
[2026-04-19 21:12:58,712][rfdiffusion.inference.model_runners][INFO] - Timestep 14, input to next step: -----------------------------------------------------------------------------------------------
[2026-04-19 21:13:00,486][rfdiffusion.inference.model_runners][INFO] - Timestep 13, input to next step: -----------------------------------------------------------------------------------------------
[2026-04-19 21:13:02,323][rfdiffusion.inference.model_runners][INFO] - Timestep 12, input to next step: -----------------------------------------------------------------------------------------------
[2026-04-19 21:13:04,034][rfdiffusion.inference.model_runners][INFO] - Timestep 11, input to next step: -----------------------------------------------------------------------------------------------
[2026-04-19 21:13:05,828][rfdiffusion.inference.model_runners][INFO] - Timestep 10, input to next step: -----------------------------------------------------------------------------------------------
[2026-04-19 21:13:07,623][rfdiffusion.inference.model_runners][INFO] - Timestep 9, input to next step: -----------------------------------------------------------------------------------------------
[2026-04-19 21:13:09,451][rfdiffusion.inference.model_runners][INFO] - Timestep 8, input to next step: -----------------------------------------------------------------------------------------------
[2026-04-19 21:13:11,492][rfdiffusion.inference.model_runners][INFO] - Timestep 7, input to next step: -----------------------------------------------------------------------------------------------
[2026-04-19 21:13:13,738][rfdiffusion.inference.model_runners][INFO] - Timestep 6, input to next step: -----------------------------------------------------------------------------------------------
[2026-04-19 21:13:15,647][rfdiffusion.inference.model_runners][INFO] - Timestep 5, input to next step: -----------------------------------------------------------------------------------------------
[2026-04-19 21:13:18,478][rfdiffusion.inference.model_runners][INFO] - Timestep 4, input to next step: -----------------------------------------------------------------------------------------------
[2026-04-19 21:13:20,265][rfdiffusion.inference.model_runners][INFO] - Timestep 3, input to next step: -----------------------------------------------------------------------------------------------
[2026-04-19 21:13:22,259][rfdiffusion.inference.model_runners][INFO] - Timestep 2, input to next step: -----------------------------------------------------------------------------------------------
[2026-04-19 21:13:26,646][__main__][INFO] - Finished design in 1.62 minutes
[2026-04-19 21:13:26,647][__main__][INFO] - Making design /home/manvi/Team_8_CS598GBL/Assignment/Generate_designs/default/len_095/design_2
[2026-04-19 21:13:26,652][rfdiffusion.inference.model_runners][INFO] - Using contig: ['95-95']
[2026-04-19 21:13:26,679][rfdiffusion.inference.model_runners][INFO] - Sequence init: -----------------------------------------------------------------------------------------------
[2026-04-19 21:13:29,968][rfdiffusion.inference.model_runners][INFO] - Timestep 50, input to next step: -----------------------------------------------------------------------------------------------
[2026-04-19 21:13:33,768][rfdiffusion.inference.model_runners][INFO] - Timestep 49, input to next step: -----------------------------------------------------------------------------------------------
[2026-04-19 21:13:37,707][rfdiffusion.inference.model_runners][INFO] - Timestep 48, input to next step: -----------------------------------------------------------------------------------------------
[2026-04-19 21:13:41,340][rfdiffusion.inference.model_runners][INFO] - Timestep 47, input to next step: -----------------------------------------------------------------------------------------------
[2026-04-19 21:13:43,602][rfdiffusion.inference.model_runners][INFO] - Timestep 46, input to next step: -----------------------------------------------------------------------------------------------
[2026-04-19 21:13:45,969][rfdiffusion.inference.model_runners][INFO] - Timestep 45, input to next step: -----------------------------------------------------------------------------------------------
[2026-04-19 21:13:48,507][rfdiffusion.inference.model_runners][INFO] - Timestep 44, input to next step: -----------------------------------------------------------------------------------------------
[2026-04-19 21:13:51,366][rfdiffusion.inference.model_runners][INFO] - Timestep 43, input to next step: -----------------------------------------------------------------------------------------------
[2026-04-19 21:13:53,690][rfdiffusion.inference.model_runners][INFO] - Timestep 42, input to next step: -----------------------------------------------------------------------------------------------
[2026-04-19 21:13:56,042][rfdiffusion.inference.model_runners][INFO] - Timestep 41, input to next step: -----------------------------------------------------------------------------------------------
[2026-04-19 21:13:58,807][rfdiffusion.inference.model_runners][INFO] - Timestep 40, input to next step: -----------------------------------------------------------------------------------------------
[2026-04-19 21:14:01,056][rfdiffusion.inference.model_runners][INFO] - Timestep 39, input to next step: -----------------------------------------------------------------------------------------------
[2026-04-19 21:14:03,731][rfdiffusion.inference.model_runners][INFO] - Timestep 38, input to next step: -----------------------------------------------------------------------------------------------
[2026-04-19 21:14:06,103][rfdiffusion.inference.model_runners][INFO] - Timestep 37, input to next step: -----------------------------------------------------------------------------------------------
[2026-04-19 21:14:08,747][rfdiffusion.inference.model_runners][INFO] - Timestep 36, input to next step: -----------------------------------------------------------------------------------------------
[2026-04-19 21:14:10,825][rfdiffusion.inference.model_runners][INFO] - Timestep 35, input to next step: -----------------------------------------------------------------------------------------------
[2026-04-19 21:14:13,951][rfdiffusion.inference.model_runners][INFO] - Timestep 34, input to next step: -----------------------------------------------------------------------------------------------
[2026-04-19 21:14:16,959][rfdiffusion.inference.model_runners][INFO] - Timestep 33, input to next step: -----------------------------------------------------------------------------------------------
[2026-04-19 21:14:19,873][rfdiffusion.inference.model_runners][INFO] - Timestep 32, input to next step: -----------------------------------------------------------------------------------------------
[2026-04-19 21:14:24,256][rfdiffusion.inference.model_runners][INFO] - Timestep 31, input to next step: -----------------------------------------------------------------------------------------------
[2026-04-19 21:14:30,228][rfdiffusion.inference.model_runners][INFO] - Timestep 30, input to next step: -----------------------------------------------------------------------------------------------
[2026-04-19 21:14:33,939][rfdiffusion.inference.model_runners][INFO] - Timestep 29, input to next step: -----------------------------------------------------------------------------------------------
[2026-04-19 21:14:36,612][rfdiffusion.inference.model_runners][INFO] - Timestep 28, input to next step: -----------------------------------------------------------------------------------------------
[2026-04-19 21:14:39,519][rfdiffusion.inference.model_runners][INFO] - Timestep 27, input to next step: -----------------------------------------------------------------------------------------------
[2026-04-19 21:14:42,278][rfdiffusion.inference.model_runners][INFO] - Timestep 26, input to next step: -----------------------------------------------------------------------------------------------
[2026-04-19 21:14:44,904][rfdiffusion.inference.model_runners][INFO] - Timestep 25, input to next step: -----------------------------------------------------------------------------------------------
[2026-04-19 21:14:47,510][rfdiffusion.inference.model_runners][INFO] - Timestep 24, input to next step: -----------------------------------------------------------------------------------------------
[2026-04-19 21:14:50,128][rfdiffusion.inference.model_runners][INFO] - Timestep 23, input to next step: -----------------------------------------------------------------------------------------------
[2026-04-19 21:14:53,293][rfdiffusion.inference.model_runners][INFO] - Timestep 22, input to next step: -----------------------------------------------------------------------------------------------
[2026-04-19 21:14:55,949][rfdiffusion.inference.model_runners][INFO] - Timestep 21, input to next step: -----------------------------------------------------------------------------------------------
[2026-04-19 21:14:58,660][rfdiffusion.inference.model_runners][INFO] - Timestep 20, input to next step: -----------------------------------------------------------------------------------------------
[2026-04-19 21:15:01,037][rfdiffusion.inference.model_runners][INFO] - Timestep 19, input to next step: -----------------------------------------------------------------------------------------------
[2026-04-19 21:15:03,468][rfdiffusion.inference.model_runners][INFO] - Timestep 18, input to next step: -----------------------------------------------------------------------------------------------
[2026-04-19 21:15:05,905][rfdiffusion.inference.model_runners][INFO] - Timestep 17, input to next step: -----------------------------------------------------------------------------------------------
[2026-04-19 21:15:08,211][rfdiffusion.inference.model_runners][INFO] - Timestep 16, input to next step: -----------------------------------------------------------------------------------------------
[2026-04-19 21:15:11,252][rfdiffusion.inference.model_runners][INFO] - Timestep 15, input to next step: -----------------------------------------------------------------------------------------------
[2026-04-19 21:15:13,942][rfdiffusion.inference.model_runners][INFO] - Timestep 14, input to next step: -----------------------------------------------------------------------------------------------
[2026-04-19 21:15:16,578][rfdiffusion.inference.model_runners][INFO] - Timestep 13, input to next step: -----------------------------------------------------------------------------------------------
[2026-04-19 21:15:19,208][rfdiffusion.inference.model_runners][INFO] - Timestep 12, input to next step: -----------------------------------------------------------------------------------------------
[2026-04-19 21:15:21,898][rfdiffusion.inference.model_runners][INFO] - Timestep 11, input to next step: -----------------------------------------------------------------------------------------------
[2026-04-19 21:15:24,677][rfdiffusion.inference.model_runners][INFO] - Timestep 10, input to next step: -----------------------------------------------------------------------------------------------
[2026-04-19 21:15:27,504][rfdiffusion.inference.model_runners][INFO] - Timestep 9, input to next step: -----------------------------------------------------------------------------------------------
[2026-04-19 21:15:31,090][rfdiffusion.inference.model_runners][INFO] - Timestep 8, input to next step: -----------------------------------------------------------------------------------------------
[2026-04-19 21:15:34,782][rfdiffusion.inference.model_runners][INFO] - Timestep 7, input to next step: -----------------------------------------------------------------------------------------------
[2026-04-19 21:15:37,980][rfdiffusion.inference.model_runners][INFO] - Timestep 6, input to next step: -----------------------------------------------------------------------------------------------
[2026-04-19 21:15:41,696][rfdiffusion.inference.model_runners][INFO] - Timestep 5, input to next step: -----------------------------------------------------------------------------------------------
[2026-04-19 21:15:44,795][rfdiffusion.inference.model_runners][INFO] - Timestep 4, input to next step: -----------------------------------------------------------------------------------------------
[2026-04-19 21:15:47,876][rfdiffusion.inference.model_runners][INFO] - Timestep 3, input to next step: -----------------------------------------------------------------------------------------------
[2026-04-19 21:15:50,679][rfdiffusion.inference.model_runners][INFO] - Timestep 2, input to next step: -----------------------------------------------------------------------------------------------
[2026-04-19 21:15:56,124][__main__][INFO] - Finished design in 2.49 minutes
[2026-04-19 21:15:56,124][__main__][INFO] - Making design /home/manvi/Team_8_CS598GBL/Assignment/Generate_designs/default/len_095/design_3
[2026-04-19 21:15:56,132][rfdiffusion.inference.model_runners][INFO] - Using contig: ['95-95']
[2026-04-19 21:15:56,173][rfdiffusion.inference.model_runners][INFO] - Sequence init: -----------------------------------------------------------------------------------------------
[2026-04-19 21:15:58,424][rfdiffusion.inference.model_runners][INFO] - Timestep 50, input to next step: -----------------------------------------------------------------------------------------------
[2026-04-19 21:16:00,364][rfdiffusion.inference.model_runners][INFO] - Timestep 49, input to next step: -----------------------------------------------------------------------------------------------
[2026-04-19 21:16:02,423][rfdiffusion.inference.model_runners][INFO] - Timestep 48, input to next step: -----------------------------------------------------------------------------------------------
[2026-04-19 21:16:04,992][rfdiffusion.inference.model_runners][INFO] - Timestep 47, input to next step: -----------------------------------------------------------------------------------------------
[2026-04-19 21:16:07,050][rfdiffusion.inference.model_runners][INFO] - Timestep 46, input to next step: -----------------------------------------------------------------------------------------------
[2026-04-19 21:16:09,164][rfdiffusion.inference.model_runners][INFO] - Timestep 45, input to next step: -----------------------------------------------------------------------------------------------
[2026-04-19 21:16:11,291][rfdiffusion.inference.model_runners][INFO] - Timestep 44, input to next step: -----------------------------------------------------------------------------------------------
[2026-04-19 21:16:13,283][rfdiffusion.inference.model_runners][INFO] - Timestep 43, input to next step: -----------------------------------------------------------------------------------------------
[2026-04-19 21:16:16,289][rfdiffusion.inference.model_runners][INFO] - Timestep 42, input to next step: -----------------------------------------------------------------------------------------------
[2026-04-19 21:16:19,051][rfdiffusion.inference.model_runners][INFO] - Timestep 41, input to next step: -----------------------------------------------------------------------------------------------
[2026-04-19 21:16:22,695][rfdiffusion.inference.model_runners][INFO] - Timestep 40, input to next step: -----------------------------------------------------------------------------------------------
[2026-04-19 21:16:25,653][rfdiffusion.inference.model_runners][INFO] - Timestep 39, input to next step: -----------------------------------------------------------------------------------------------
[2026-04-19 21:16:28,930][rfdiffusion.inference.model_runners][INFO] - Timestep 38, input to next step: -----------------------------------------------------------------------------------------------
[2026-04-19 21:16:31,734][rfdiffusion.inference.model_runners][INFO] - Timestep 37, input to next step: -----------------------------------------------------------------------------------------------
[2026-04-19 21:16:34,499][rfdiffusion.inference.model_runners][INFO] - Timestep 36, input to next step: -----------------------------------------------------------------------------------------------
[2026-04-19 21:16:37,010][rfdiffusion.inference.model_runners][INFO] - Timestep 35, input to next step: -----------------------------------------------------------------------------------------------
[2026-04-19 21:16:39,316][rfdiffusion.inference.model_runners][INFO] - Timestep 34, input to next step: -----------------------------------------------------------------------------------------------
[2026-04-19 21:16:43,058][rfdiffusion.inference.model_runners][INFO] - Timestep 33, input to next step: -----------------------------------------------------------------------------------------------
[2026-04-19 21:16:45,787][rfdiffusion.inference.model_runners][INFO] - Timestep 32, input to next step: -----------------------------------------------------------------------------------------------
[2026-04-19 21:16:48,466][rfdiffusion.inference.model_runners][INFO] - Timestep 31, input to next step: -----------------------------------------------------------------------------------------------
[2026-04-19 21:16:51,000][rfdiffusion.inference.model_runners][INFO] - Timestep 30, input to next step: -----------------------------------------------------------------------------------------------
[2026-04-19 21:16:53,606][rfdiffusion.inference.model_runners][INFO] - Timestep 29, input to next step: -----------------------------------------------------------------------------------------------
[2026-04-19 21:16:56,724][rfdiffusion.inference.model_runners][INFO] - Timestep 28, input to next step: -----------------------------------------------------------------------------------------------
[2026-04-19 21:16:59,169][rfdiffusion.inference.model_runners][INFO] - Timestep 27, input to next step: -----------------------------------------------------------------------------------------------
[2026-04-19 21:17:01,523][rfdiffusion.inference.model_runners][INFO] - Timestep 26, input to next step: -----------------------------------------------------------------------------------------------
[2026-04-19 21:17:04,243][rfdiffusion.inference.model_runners][INFO] - Timestep 25, input to next step: -----------------------------------------------------------------------------------------------
[2026-04-19 21:17:06,800][rfdiffusion.inference.model_runners][INFO] - Timestep 24, input to next step: -----------------------------------------------------------------------------------------------
[2026-04-19 21:17:09,731][rfdiffusion.inference.model_runners][INFO] - Timestep 23, input to next step: -----------------------------------------------------------------------------------------------
[2026-04-19 21:17:12,724][rfdiffusion.inference.model_runners][INFO] - Timestep 22, input to next step: -----------------------------------------------------------------------------------------------
[2026-04-19 21:17:15,803][rfdiffusion.inference.model_runners][INFO] - Timestep 21, input to next step: -----------------------------------------------------------------------------------------------
[2026-04-19 21:17:18,608][rfdiffusion.inference.model_runners][INFO] - Timestep 20, input to next step: -----------------------------------------------------------------------------------------------
[2026-04-19 21:17:21,184][rfdiffusion.inference.model_runners][INFO] - Timestep 19, input to next step: -----------------------------------------------------------------------------------------------
[2026-04-19 21:17:23,673][rfdiffusion.inference.model_runners][INFO] - Timestep 18, input to next step: -----------------------------------------------------------------------------------------------
[2026-04-19 21:17:30,187][rfdiffusion.inference.model_runners][INFO] - Timestep 17, input to next step: -----------------------------------------------------------------------------------------------
[2026-04-19 21:17:39,405][rfdiffusion.inference.model_runners][INFO] - Timestep 16, input to next step: -----------------------------------------------------------------------------------------------
[2026-04-19 21:17:47,848][rfdiffusion.inference.model_runners][INFO] - Timestep 15, input to next step: -----------------------------------------------------------------------------------------------
[2026-04-19 21:17:53,887][rfdiffusion.inference.model_runners][INFO] - Timestep 14, input to next step: -----------------------------------------------------------------------------------------------
[2026-04-19 21:17:59,896][rfdiffusion.inference.model_runners][INFO] - Timestep 13, input to next step: -----------------------------------------------------------------------------------------------
[2026-04-19 21:18:05,709][rfdiffusion.inference.model_runners][INFO] - Timestep 12, input to next step: -----------------------------------------------------------------------------------------------
[2026-04-19 21:18:10,054][rfdiffusion.inference.model_runners][INFO] - Timestep 11, input to next step: -----------------------------------------------------------------------------------------------
[2026-04-19 21:18:14,302][rfdiffusion.inference.model_runners][INFO] - Timestep 10, input to next step: -----------------------------------------------------------------------------------------------
[2026-04-19 21:18:18,527][rfdiffusion.inference.model_runners][INFO] - Timestep 9, input to next step: -----------------------------------------------------------------------------------------------
[2026-04-19 21:18:26,421][rfdiffusion.inference.model_runners][INFO] - Timestep 8, input to next step: -----------------------------------------------------------------------------------------------
[2026-04-19 21:18:33,664][rfdiffusion.inference.model_runners][INFO] - Timestep 7, input to next step: -----------------------------------------------------------------------------------------------
[2026-04-19 21:18:36,912][rfdiffusion.inference.model_runners][INFO] - Timestep 6, input to next step: -----------------------------------------------------------------------------------------------
[2026-04-19 21:18:39,941][rfdiffusion.inference.model_runners][INFO] - Timestep 5, input to next step: -----------------------------------------------------------------------------------------------
[2026-04-19 21:18:42,636][rfdiffusion.inference.model_runners][INFO] - Timestep 4, input to next step: -----------------------------------------------------------------------------------------------
[2026-04-19 21:18:45,175][rfdiffusion.inference.model_runners][INFO] - Timestep 3, input to next step: -----------------------------------------------------------------------------------------------
[2026-04-19 21:18:47,985][rfdiffusion.inference.model_runners][INFO] - Timestep 2, input to next step: -----------------------------------------------------------------------------------------------
[2026-04-19 21:18:53,394][__main__][INFO] - Finished design in 2.95 minutes
[2026-04-19 21:18:53,395][__main__][INFO] - Making design /home/manvi/Team_8_CS598GBL/Assignment/Generate_designs/default/len_095/design_4
[2026-04-19 21:18:53,411][rfdiffusion.inference.model_runners][INFO] - Using contig: ['95-95']
[2026-04-19 21:18:53,471][rfdiffusion.inference.model_runners][INFO] - Sequence init: -----------------------------------------------------------------------------------------------
[2026-04-19 21:18:55,965][rfdiffusion.inference.model_runners][INFO] - Timestep 50, input to next step: -----------------------------------------------------------------------------------------------
[2026-04-19 21:18:58,482][rfdiffusion.inference.model_runners][INFO] - Timestep 49, input to next step: -----------------------------------------------------------------------------------------------
[2026-04-19 21:19:01,359][rfdiffusion.inference.model_runners][INFO] - Timestep 48, input to next step: -----------------------------------------------------------------------------------------------
[2026-04-19 21:19:03,995][rfdiffusion.inference.model_runners][INFO] - Timestep 47, input to next step: -----------------------------------------------------------------------------------------------
[2026-04-19 21:19:08,058][rfdiffusion.inference.model_runners][INFO] - Timestep 46, input to next step: -----------------------------------------------------------------------------------------------
[2026-04-19 21:19:15,448][rfdiffusion.inference.model_runners][INFO] - Timestep 45, input to next step: -----------------------------------------------------------------------------------------------
[2026-04-19 21:19:18,123][rfdiffusion.inference.model_runners][INFO] - Timestep 44, input to next step: -----------------------------------------------------------------------------------------------
[2026-04-19 21:19:21,172][rfdiffusion.inference.model_runners][INFO] - Timestep 43, input to next step: -----------------------------------------------------------------------------------------------
[2026-04-19 21:19:24,391][rfdiffusion.inference.model_runners][INFO] - Timestep 42, input to next step: -----------------------------------------------------------------------------------------------
[2026-04-19 21:19:27,251][rfdiffusion.inference.model_runners][INFO] - Timestep 41, input to next step: -----------------------------------------------------------------------------------------------
[2026-04-19 21:19:32,530][rfdiffusion.inference.model_runners][INFO] - Timestep 40, input to next step: -----------------------------------------------------------------------------------------------
[2026-04-19 21:19:41,386][rfdiffusion.inference.model_runners][INFO] - Timestep 39, input to next step: -----------------------------------------------------------------------------------------------
[2026-04-19 21:19:48,141][rfdiffusion.inference.model_runners][INFO] - Timestep 38, input to next step: -----------------------------------------------------------------------------------------------
[2026-04-19 21:19:52,653][rfdiffusion.inference.model_runners][INFO] - Timestep 37, input to next step: -----------------------------------------------------------------------------------------------
[2026-04-19 21:19:59,248][rfdiffusion.inference.model_runners][INFO] - Timestep 36, input to next step: -----------------------------------------------------------------------------------------------
[2026-04-19 21:20:04,577][rfdiffusion.inference.model_runners][INFO] - Timestep 35, input to next step: -----------------------------------------------------------------------------------------------
[2026-04-19 21:20:07,731][rfdiffusion.inference.model_runners][INFO] - Timestep 34, input to next step: -----------------------------------------------------------------------------------------------
[2026-04-19 21:20:10,237][rfdiffusion.inference.model_runners][INFO] - Timestep 33, input to next step: -----------------------------------------------------------------------------------------------
[2026-04-19 21:20:12,813][rfdiffusion.inference.model_runners][INFO] - Timestep 32, input to next step: -----------------------------------------------------------------------------------------------
[2026-04-19 21:20:15,746][rfdiffusion.inference.model_runners][INFO] - Timestep 31, input to next step: -----------------------------------------------------------------------------------------------
[2026-04-19 21:20:20,081][rfdiffusion.inference.model_runners][INFO] - Timestep 30, input to next step: -----------------------------------------------------------------------------------------------
[2026-04-19 21:20:24,875][rfdiffusion.inference.model_runners][INFO] - Timestep 29, input to next step: -----------------------------------------------------------------------------------------------
[2026-04-19 21:20:31,967][rfdiffusion.inference.model_runners][INFO] - Timestep 28, input to next step: -----------------------------------------------------------------------------------------------
[2026-04-19 21:20:38,390][rfdiffusion.inference.model_runners][INFO] - Timestep 27, input to next step: -----------------------------------------------------------------------------------------------
[2026-04-19 21:20:42,569][rfdiffusion.inference.model_runners][INFO] - Timestep 26, input to next step: -----------------------------------------------------------------------------------------------
[2026-04-19 21:20:45,891][rfdiffusion.inference.model_runners][INFO] - Timestep 25, input to next step: -----------------------------------------------------------------------------------------------
[2026-04-19 21:20:48,138][rfdiffusion.inference.model_runners][INFO] - Timestep 24, input to next step: -----------------------------------------------------------------------------------------------
[2026-04-19 21:20:50,188][rfdiffusion.inference.model_runners][INFO] - Timestep 23, input to next step: -----------------------------------------------------------------------------------------------
[2026-04-19 21:20:52,325][rfdiffusion.inference.model_runners][INFO] - Timestep 22, input to next step: -----------------------------------------------------------------------------------------------
[2026-04-19 21:20:54,639][rfdiffusion.inference.model_runners][INFO] - Timestep 21, input to next step: -----------------------------------------------------------------------------------------------
[2026-04-19 21:20:56,924][rfdiffusion.inference.model_runners][INFO] - Timestep 20, input to next step: -----------------------------------------------------------------------------------------------
[2026-04-19 21:20:58,824][rfdiffusion.inference.model_runners][INFO] - Timestep 19, input to next step: -----------------------------------------------------------------------------------------------
[2026-04-19 21:21:00,854][rfdiffusion.inference.model_runners][INFO] - Timestep 18, input to next step: -----------------------------------------------------------------------------------------------
[2026-04-19 21:21:02,918][rfdiffusion.inference.model_runners][INFO] - Timestep 17, input to next step: -----------------------------------------------------------------------------------------------
[2026-04-19 21:21:05,760][rfdiffusion.inference.model_runners][INFO] - Timestep 16, input to next step: -----------------------------------------------------------------------------------------------
[2026-04-19 21:21:07,505][rfdiffusion.inference.model_runners][INFO] - Timestep 15, input to next step: -----------------------------------------------------------------------------------------------
[2026-04-19 21:21:09,116][rfdiffusion.inference.model_runners][INFO] - Timestep 14, input to next step: -----------------------------------------------------------------------------------------------
[2026-04-19 21:21:10,856][rfdiffusion.inference.model_runners][INFO] - Timestep 13, input to next step: -----------------------------------------------------------------------------------------------
[2026-04-19 21:21:12,597][rfdiffusion.inference.model_runners][INFO] - Timestep 12, input to next step: -----------------------------------------------------------------------------------------------
[2026-04-19 21:21:14,294][rfdiffusion.inference.model_runners][INFO] - Timestep 11, input to next step: -----------------------------------------------------------------------------------------------
[2026-04-19 21:21:16,012][rfdiffusion.inference.model_runners][INFO] - Timestep 10, input to next step: -----------------------------------------------------------------------------------------------
[2026-04-19 21:21:17,829][rfdiffusion.inference.model_runners][INFO] - Timestep 9, input to next step: -----------------------------------------------------------------------------------------------
[2026-04-19 21:21:19,464][rfdiffusion.inference.model_runners][INFO] - Timestep 8, input to next step: -----------------------------------------------------------------------------------------------
[2026-04-19 21:21:21,180][rfdiffusion.inference.model_runners][INFO] - Timestep 7, input to next step: -----------------------------------------------------------------------------------------------
[2026-04-19 21:21:23,169][rfdiffusion.inference.model_runners][INFO] - Timestep 6, input to next step: -----------------------------------------------------------------------------------------------
[2026-04-19 21:21:24,989][rfdiffusion.inference.model_runners][INFO] - Timestep 5, input to next step: -----------------------------------------------------------------------------------------------
[2026-04-19 21:21:26,514][rfdiffusion.inference.model_runners][INFO] - Timestep 4, input to next step: -----------------------------------------------------------------------------------------------
[2026-04-19 21:21:29,364][rfdiffusion.inference.model_runners][INFO] - Timestep 3, input to next step: -----------------------------------------------------------------------------------------------
[2026-04-19 21:21:31,169][rfdiffusion.inference.model_runners][INFO] - Timestep 2, input to next step: -----------------------------------------------------------------------------------------------
[2026-04-19 21:21:35,199][__main__][INFO] - Finished design in 2.70 minutes
[2026-04-19 21:21:35,199][__main__][INFO] - Making design /home/manvi/Team_8_CS598GBL/Assignment/Generate_designs/default/len_095/design_5
[2026-04-19 21:21:35,206][rfdiffusion.inference.model_runners][INFO] - Using contig: ['95-95']
[2026-04-19 21:21:35,242][rfdiffusion.inference.model_runners][INFO] - Sequence init: -----------------------------------------------------------------------------------------------
[2026-04-19 21:21:37,127][rfdiffusion.inference.model_runners][INFO] - Timestep 50, input to next step: -----------------------------------------------------------------------------------------------
[2026-04-19 21:21:39,079][rfdiffusion.inference.model_runners][INFO] - Timestep 49, input to next step: -----------------------------------------------------------------------------------------------
[2026-04-19 21:21:40,706][rfdiffusion.inference.model_runners][INFO] - Timestep 48, input to next step: -----------------------------------------------------------------------------------------------
[2026-04-19 21:21:42,398][rfdiffusion.inference.model_runners][INFO] - Timestep 47, input to next step: -----------------------------------------------------------------------------------------------
[2026-04-19 21:21:43,991][rfdiffusion.inference.model_runners][INFO] - Timestep 46, input to next step: -----------------------------------------------------------------------------------------------
[2026-04-19 21:21:45,566][rfdiffusion.inference.model_runners][INFO] - Timestep 45, input to next step: -----------------------------------------------------------------------------------------------
[2026-04-19 21:21:47,249][rfdiffusion.inference.model_runners][INFO] - Timestep 44, input to next step: -----------------------------------------------------------------------------------------------
[2026-04-19 21:21:48,914][rfdiffusion.inference.model_runners][INFO] - Timestep 43, input to next step: -----------------------------------------------------------------------------------------------
[2026-04-19 21:21:50,487][rfdiffusion.inference.model_runners][INFO] - Timestep 42, input to next step: -----------------------------------------------------------------------------------------------
[2026-04-19 21:21:52,094][rfdiffusion.inference.model_runners][INFO] - Timestep 41, input to next step: -----------------------------------------------------------------------------------------------
[2026-04-19 21:21:53,734][rfdiffusion.inference.model_runners][INFO] - Timestep 40, input to next step: -----------------------------------------------------------------------------------------------
[2026-04-19 21:21:55,434][rfdiffusion.inference.model_runners][INFO] - Timestep 39, input to next step: -----------------------------------------------------------------------------------------------
[2026-04-19 21:21:57,471][rfdiffusion.inference.model_runners][INFO] - Timestep 38, input to next step: -----------------------------------------------------------------------------------------------
[2026-04-19 21:21:59,324][rfdiffusion.inference.model_runners][INFO] - Timestep 37, input to next step: -----------------------------------------------------------------------------------------------
[2026-04-19 21:22:00,950][rfdiffusion.inference.model_runners][INFO] - Timestep 36, input to next step: -----------------------------------------------------------------------------------------------
[2026-04-19 21:22:02,502][rfdiffusion.inference.model_runners][INFO] - Timestep 35, input to next step: -----------------------------------------------------------------------------------------------
[2026-04-19 21:22:04,207][rfdiffusion.inference.model_runners][INFO] - Timestep 34, input to next step: -----------------------------------------------------------------------------------------------
[2026-04-19 21:22:05,789][rfdiffusion.inference.model_runners][INFO] - Timestep 33, input to next step: -----------------------------------------------------------------------------------------------
[2026-04-19 21:22:07,286][rfdiffusion.inference.model_runners][INFO] - Timestep 32, input to next step: -----------------------------------------------------------------------------------------------
[2026-04-19 21:22:08,848][rfdiffusion.inference.model_runners][INFO] - Timestep 31, input to next step: -----------------------------------------------------------------------------------------------
[2026-04-19 21:22:10,476][rfdiffusion.inference.model_runners][INFO] - Timestep 30, input to next step: -----------------------------------------------------------------------------------------------
[2026-04-19 21:22:12,937][rfdiffusion.inference.model_runners][INFO] - Timestep 29, input to next step: -----------------------------------------------------------------------------------------------
[2026-04-19 21:22:14,825][rfdiffusion.inference.model_runners][INFO] - Timestep 28, input to next step: -----------------------------------------------------------------------------------------------
[2026-04-19 21:22:16,397][rfdiffusion.inference.model_runners][INFO] - Timestep 27, input to next step: -----------------------------------------------------------------------------------------------
[2026-04-19 21:22:17,948][rfdiffusion.inference.model_runners][INFO] - Timestep 26, input to next step: -----------------------------------------------------------------------------------------------
[2026-04-19 21:22:19,576][rfdiffusion.inference.model_runners][INFO] - Timestep 25, input to next step: -----------------------------------------------------------------------------------------------
[2026-04-19 21:22:21,067][rfdiffusion.inference.model_runners][INFO] - Timestep 24, input to next step: -----------------------------------------------------------------------------------------------
[2026-04-19 21:22:22,693][rfdiffusion.inference.model_runners][INFO] - Timestep 23, input to next step: -----------------------------------------------------------------------------------------------
[2026-04-19 21:22:24,260][rfdiffusion.inference.model_runners][INFO] - Timestep 22, input to next step: -----------------------------------------------------------------------------------------------
[2026-04-19 21:22:25,846][rfdiffusion.inference.model_runners][INFO] - Timestep 21, input to next step: -----------------------------------------------------------------------------------------------
[2026-04-19 21:22:27,312][rfdiffusion.inference.model_runners][INFO] - Timestep 20, input to next step: -----------------------------------------------------------------------------------------------
[2026-04-19 21:22:28,771][rfdiffusion.inference.model_runners][INFO] - Timestep 19, input to next step: -----------------------------------------------------------------------------------------------
[2026-04-19 21:22:30,413][rfdiffusion.inference.model_runners][INFO] - Timestep 18, input to next step: -----------------------------------------------------------------------------------------------
[2026-04-19 21:22:31,986][rfdiffusion.inference.model_runners][INFO] - Timestep 17, input to next step: -----------------------------------------------------------------------------------------------
[2026-04-19 21:22:33,649][rfdiffusion.inference.model_runners][INFO] - Timestep 16, input to next step: -----------------------------------------------------------------------------------------------
[2026-04-19 21:22:35,248][rfdiffusion.inference.model_runners][INFO] - Timestep 15, input to next step: -----------------------------------------------------------------------------------------------
[2026-04-19 21:22:36,963][rfdiffusion.inference.model_runners][INFO] - Timestep 14, input to next step: -----------------------------------------------------------------------------------------------
[2026-04-19 21:22:38,747][rfdiffusion.inference.model_runners][INFO] - Timestep 13, input to next step: -----------------------------------------------------------------------------------------------
[2026-04-19 21:22:40,617][rfdiffusion.inference.model_runners][INFO] - Timestep 12, input to next step: -----------------------------------------------------------------------------------------------
[2026-04-19 21:22:42,648][rfdiffusion.inference.model_runners][INFO] - Timestep 11, input to next step: -----------------------------------------------------------------------------------------------
[2026-04-19 21:22:44,486][rfdiffusion.inference.model_runners][INFO] - Timestep 10, input to next step: -----------------------------------------------------------------------------------------------
[2026-04-19 21:22:46,083][rfdiffusion.inference.model_runners][INFO] - Timestep 9, input to next step: -----------------------------------------------------------------------------------------------
[2026-04-19 21:22:47,817][rfdiffusion.inference.model_runners][INFO] - Timestep 8, input to next step: -----------------------------------------------------------------------------------------------
[2026-04-19 21:22:49,564][rfdiffusion.inference.model_runners][INFO] - Timestep 7, input to next step: -----------------------------------------------------------------------------------------------
[2026-04-19 21:22:51,243][rfdiffusion.inference.model_runners][INFO] - Timestep 6, input to next step: -----------------------------------------------------------------------------------------------
[2026-04-19 21:22:53,079][rfdiffusion.inference.model_runners][INFO] - Timestep 5, input to next step: -----------------------------------------------------------------------------------------------
[2026-04-19 21:22:54,861][rfdiffusion.inference.model_runners][INFO] - Timestep 4, input to next step: -----------------------------------------------------------------------------------------------
[2026-04-19 21:22:56,842][rfdiffusion.inference.model_runners][INFO] - Timestep 3, input to next step: -----------------------------------------------------------------------------------------------
[2026-04-19 21:22:58,637][rfdiffusion.inference.model_runners][INFO] - Timestep 2, input to next step: -----------------------------------------------------------------------------------------------
[2026-04-19 21:23:02,331][__main__][INFO] - Finished design in 1.45 minutes
[2026-04-19 21:23:02,331][__main__][INFO] - Making design /home/manvi/Team_8_CS598GBL/Assignment/Generate_designs/default/len_095/design_6
[2026-04-19 21:23:02,336][rfdiffusion.inference.model_runners][INFO] - Using contig: ['95-95']
[2026-04-19 21:23:02,355][rfdiffusion.inference.model_runners][INFO] - Sequence init: -----------------------------------------------------------------------------------------------
[2026-04-19 21:23:03,821][rfdiffusion.inference.model_runners][INFO] - Timestep 50, input to next step: -----------------------------------------------------------------------------------------------
[2026-04-19 21:23:05,449][rfdiffusion.inference.model_runners][INFO] - Timestep 49, input to next step: -----------------------------------------------------------------------------------------------
[2026-04-19 21:23:07,168][rfdiffusion.inference.model_runners][INFO] - Timestep 48, input to next step: -----------------------------------------------------------------------------------------------
[2026-04-19 21:23:08,860][rfdiffusion.inference.model_runners][INFO] - Timestep 47, input to next step: -----------------------------------------------------------------------------------------------
[2026-04-19 21:23:10,651][rfdiffusion.inference.model_runners][INFO] - Timestep 46, input to next step: -----------------------------------------------------------------------------------------------
[2026-04-19 21:23:12,421][rfdiffusion.inference.model_runners][INFO] - Timestep 45, input to next step: -----------------------------------------------------------------------------------------------
[2026-04-19 21:23:14,110][rfdiffusion.inference.model_runners][INFO] - Timestep 44, input to next step: -----------------------------------------------------------------------------------------------
[2026-04-19 21:23:15,860][rfdiffusion.inference.model_runners][INFO] - Timestep 43, input to next step: -----------------------------------------------------------------------------------------------
[2026-04-19 21:23:17,658][rfdiffusion.inference.model_runners][INFO] - Timestep 42, input to next step: -----------------------------------------------------------------------------------------------
[2026-04-19 21:23:19,651][rfdiffusion.inference.model_runners][INFO] - Timestep 41, input to next step: -----------------------------------------------------------------------------------------------
[2026-04-19 21:23:21,420][rfdiffusion.inference.model_runners][INFO] - Timestep 40, input to next step: -----------------------------------------------------------------------------------------------
[2026-04-19 21:23:23,124][rfdiffusion.inference.model_runners][INFO] - Timestep 39, input to next step: -----------------------------------------------------------------------------------------------
[2026-04-19 21:23:24,770][rfdiffusion.inference.model_runners][INFO] - Timestep 38, input to next step: -----------------------------------------------------------------------------------------------
[2026-04-19 21:23:26,434][rfdiffusion.inference.model_runners][INFO] - Timestep 37, input to next step: -----------------------------------------------------------------------------------------------
[2026-04-19 21:23:28,139][rfdiffusion.inference.model_runners][INFO] - Timestep 36, input to next step: -----------------------------------------------------------------------------------------------
[2026-04-19 21:23:29,683][rfdiffusion.inference.model_runners][INFO] - Timestep 35, input to next step: -----------------------------------------------------------------------------------------------
[2026-04-19 21:23:31,266][rfdiffusion.inference.model_runners][INFO] - Timestep 34, input to next step: -----------------------------------------------------------------------------------------------
[2026-04-19 21:23:32,865][rfdiffusion.inference.model_runners][INFO] - Timestep 33, input to next step: -----------------------------------------------------------------------------------------------
[2026-04-19 21:23:34,439][rfdiffusion.inference.model_runners][INFO] - Timestep 32, input to next step: -----------------------------------------------------------------------------------------------
[2026-04-19 21:23:36,079][rfdiffusion.inference.model_runners][INFO] - Timestep 31, input to next step: -----------------------------------------------------------------------------------------------
[2026-04-19 21:23:37,709][rfdiffusion.inference.model_runners][INFO] - Timestep 30, input to next step: -----------------------------------------------------------------------------------------------
[2026-04-19 21:23:39,336][rfdiffusion.inference.model_runners][INFO] - Timestep 29, input to next step: -----------------------------------------------------------------------------------------------
[2026-04-19 21:23:40,911][rfdiffusion.inference.model_runners][INFO] - Timestep 28, input to next step: -----------------------------------------------------------------------------------------------
[2026-04-19 21:23:42,503][rfdiffusion.inference.model_runners][INFO] - Timestep 27, input to next step: -----------------------------------------------------------------------------------------------
[2026-04-19 21:23:44,100][rfdiffusion.inference.model_runners][INFO] - Timestep 26, input to next step: -----------------------------------------------------------------------------------------------
[2026-04-19 21:23:45,721][rfdiffusion.inference.model_runners][INFO] - Timestep 25, input to next step: -----------------------------------------------------------------------------------------------
[2026-04-19 21:23:47,506][rfdiffusion.inference.model_runners][INFO] - Timestep 24, input to next step: -----------------------------------------------------------------------------------------------
[2026-04-19 21:23:49,109][rfdiffusion.inference.model_runners][INFO] - Timestep 23, input to next step: -----------------------------------------------------------------------------------------------
[2026-04-19 21:23:50,704][rfdiffusion.inference.model_runners][INFO] - Timestep 22, input to next step: -----------------------------------------------------------------------------------------------
[2026-04-19 21:23:52,291][rfdiffusion.inference.model_runners][INFO] - Timestep 21, input to next step: -----------------------------------------------------------------------------------------------
[2026-04-19 21:23:53,997][rfdiffusion.inference.model_runners][INFO] - Timestep 20, input to next step: -----------------------------------------------------------------------------------------------
[2026-04-19 21:23:55,620][rfdiffusion.inference.model_runners][INFO] - Timestep 19, input to next step: -----------------------------------------------------------------------------------------------
[2026-04-19 21:23:57,430][rfdiffusion.inference.model_runners][INFO] - Timestep 18, input to next step: -----------------------------------------------------------------------------------------------
[2026-04-19 21:23:59,107][rfdiffusion.inference.model_runners][INFO] - Timestep 17, input to next step: -----------------------------------------------------------------------------------------------
[2026-04-19 21:24:00,808][rfdiffusion.inference.model_runners][INFO] - Timestep 16, input to next step: -----------------------------------------------------------------------------------------------
[2026-04-19 21:24:02,538][rfdiffusion.inference.model_runners][INFO] - Timestep 15, input to next step: -----------------------------------------------------------------------------------------------
[2026-04-19 21:24:04,267][rfdiffusion.inference.model_runners][INFO] - Timestep 14, input to next step: -----------------------------------------------------------------------------------------------
[2026-04-19 21:24:06,557][rfdiffusion.inference.model_runners][INFO] - Timestep 13, input to next step: -----------------------------------------------------------------------------------------------
[2026-04-19 21:24:09,073][rfdiffusion.inference.model_runners][INFO] - Timestep 12, input to next step: -----------------------------------------------------------------------------------------------
[2026-04-19 21:24:11,329][rfdiffusion.inference.model_runners][INFO] - Timestep 11, input to next step: -----------------------------------------------------------------------------------------------
[2026-04-19 21:24:13,782][rfdiffusion.inference.model_runners][INFO] - Timestep 10, input to next step: -----------------------------------------------------------------------------------------------
[2026-04-19 21:24:16,253][rfdiffusion.inference.model_runners][INFO] - Timestep 9, input to next step: -----------------------------------------------------------------------------------------------
[2026-04-19 21:24:18,624][rfdiffusion.inference.model_runners][INFO] - Timestep 8, input to next step: -----------------------------------------------------------------------------------------------
[2026-04-19 21:24:20,430][rfdiffusion.inference.model_runners][INFO] - Timestep 7, input to next step: -----------------------------------------------------------------------------------------------
[2026-04-19 21:24:22,051][rfdiffusion.inference.model_runners][INFO] - Timestep 6, input to next step: -----------------------------------------------------------------------------------------------
[2026-04-19 21:24:23,649][rfdiffusion.inference.model_runners][INFO] - Timestep 5, input to next step: -----------------------------------------------------------------------------------------------
[2026-04-19 21:24:25,174][rfdiffusion.inference.model_runners][INFO] - Timestep 4, input to next step: -----------------------------------------------------------------------------------------------
[2026-04-19 21:24:26,721][rfdiffusion.inference.model_runners][INFO] - Timestep 3, input to next step: -----------------------------------------------------------------------------------------------
[2026-04-19 21:24:28,330][rfdiffusion.inference.model_runners][INFO] - Timestep 2, input to next step: -----------------------------------------------------------------------------------------------
[2026-04-19 21:24:31,536][__main__][INFO] - Finished design in 1.49 minutes
[2026-04-19 21:24:31,536][__main__][INFO] - Making design /home/manvi/Team_8_CS598GBL/Assignment/Generate_designs/default/len_095/design_7
[2026-04-19 21:24:31,540][rfdiffusion.inference.model_runners][INFO] - Using contig: ['95-95']
[2026-04-19 21:24:31,561][rfdiffusion.inference.model_runners][INFO] - Sequence init: -----------------------------------------------------------------------------------------------
[2026-04-19 21:24:32,844][rfdiffusion.inference.model_runners][INFO] - Timestep 50, input to next step: -----------------------------------------------------------------------------------------------
[2026-04-19 21:24:34,323][rfdiffusion.inference.model_runners][INFO] - Timestep 49, input to next step: -----------------------------------------------------------------------------------------------
[2026-04-19 21:24:35,937][rfdiffusion.inference.model_runners][INFO] - Timestep 48, input to next step: -----------------------------------------------------------------------------------------------
[2026-04-19 21:24:37,535][rfdiffusion.inference.model_runners][INFO] - Timestep 47, input to next step: -----------------------------------------------------------------------------------------------
[2026-04-19 21:24:39,130][rfdiffusion.inference.model_runners][INFO] - Timestep 46, input to next step: -----------------------------------------------------------------------------------------------
[2026-04-19 21:24:40,809][rfdiffusion.inference.model_runners][INFO] - Timestep 45, input to next step: -----------------------------------------------------------------------------------------------
[2026-04-19 21:24:42,412][rfdiffusion.inference.model_runners][INFO] - Timestep 44, input to next step: -----------------------------------------------------------------------------------------------
[2026-04-19 21:24:44,030][rfdiffusion.inference.model_runners][INFO] - Timestep 43, input to next step: -----------------------------------------------------------------------------------------------
[2026-04-19 21:24:45,673][rfdiffusion.inference.model_runners][INFO] - Timestep 42, input to next step: -----------------------------------------------------------------------------------------------
[2026-04-19 21:24:47,088][rfdiffusion.inference.model_runners][INFO] - Timestep 41, input to next step: -----------------------------------------------------------------------------------------------
[2026-04-19 21:24:48,576][rfdiffusion.inference.model_runners][INFO] - Timestep 40, input to next step: -----------------------------------------------------------------------------------------------
[2026-04-19 21:24:50,433][rfdiffusion.inference.model_runners][INFO] - Timestep 39, input to next step: -----------------------------------------------------------------------------------------------
[2026-04-19 21:24:52,331][rfdiffusion.inference.model_runners][INFO] - Timestep 38, input to next step: -----------------------------------------------------------------------------------------------
[2026-04-19 21:24:54,016][rfdiffusion.inference.model_runners][INFO] - Timestep 37, input to next step: -----------------------------------------------------------------------------------------------
[2026-04-19 21:24:55,538][rfdiffusion.inference.model_runners][INFO] - Timestep 36, input to next step: -----------------------------------------------------------------------------------------------
[2026-04-19 21:24:57,089][rfdiffusion.inference.model_runners][INFO] - Timestep 35, input to next step: -----------------------------------------------------------------------------------------------
[2026-04-19 21:24:58,789][rfdiffusion.inference.model_runners][INFO] - Timestep 34, input to next step: -----------------------------------------------------------------------------------------------
[2026-04-19 21:25:00,374][rfdiffusion.inference.model_runners][INFO] - Timestep 33, input to next step: -----------------------------------------------------------------------------------------------
[2026-04-19 21:25:02,049][rfdiffusion.inference.model_runners][INFO] - Timestep 32, input to next step: -----------------------------------------------------------------------------------------------
[2026-04-19 21:25:03,682][rfdiffusion.inference.model_runners][INFO] - Timestep 31, input to next step: -----------------------------------------------------------------------------------------------
[2026-04-19 21:25:05,194][rfdiffusion.inference.model_runners][INFO] - Timestep 30, input to next step: -----------------------------------------------------------------------------------------------
[2026-04-19 21:25:06,904][rfdiffusion.inference.model_runners][INFO] - Timestep 29, input to next step: -----------------------------------------------------------------------------------------------
[2026-04-19 21:25:08,567][rfdiffusion.inference.model_runners][INFO] - Timestep 28, input to next step: -----------------------------------------------------------------------------------------------
[2026-04-19 21:25:10,441][rfdiffusion.inference.model_runners][INFO] - Timestep 27, input to next step: -----------------------------------------------------------------------------------------------
[2026-04-19 21:25:12,274][rfdiffusion.inference.model_runners][INFO] - Timestep 26, input to next step: -----------------------------------------------------------------------------------------------
[2026-04-19 21:25:14,129][rfdiffusion.inference.model_runners][INFO] - Timestep 25, input to next step: -----------------------------------------------------------------------------------------------
[2026-04-19 21:25:15,754][rfdiffusion.inference.model_runners][INFO] - Timestep 24, input to next step: -----------------------------------------------------------------------------------------------
[2026-04-19 21:25:17,517][rfdiffusion.inference.model_runners][INFO] - Timestep 23, input to next step: -----------------------------------------------------------------------------------------------
[2026-04-19 21:25:19,123][rfdiffusion.inference.model_runners][INFO] - Timestep 22, input to next step: -----------------------------------------------------------------------------------------------
[2026-04-19 21:25:20,715][rfdiffusion.inference.model_runners][INFO] - Timestep 21, input to next step: -----------------------------------------------------------------------------------------------
[2026-04-19 21:25:22,264][rfdiffusion.inference.model_runners][INFO] - Timestep 20, input to next step: -----------------------------------------------------------------------------------------------
[2026-04-19 21:25:23,865][rfdiffusion.inference.model_runners][INFO] - Timestep 19, input to next step: -----------------------------------------------------------------------------------------------
[2026-04-19 21:25:25,675][rfdiffusion.inference.model_runners][INFO] - Timestep 18, input to next step: -----------------------------------------------------------------------------------------------
[2026-04-19 21:25:27,764][rfdiffusion.inference.model_runners][INFO] - Timestep 17, input to next step: -----------------------------------------------------------------------------------------------
[2026-04-19 21:25:29,407][rfdiffusion.inference.model_runners][INFO] - Timestep 16, input to next step: -----------------------------------------------------------------------------------------------
[2026-04-19 21:25:30,929][rfdiffusion.inference.model_runners][INFO] - Timestep 15, input to next step: -----------------------------------------------------------------------------------------------
[2026-04-19 21:25:32,347][rfdiffusion.inference.model_runners][INFO] - Timestep 14, input to next step: -----------------------------------------------------------------------------------------------
[2026-04-19 21:25:33,852][rfdiffusion.inference.model_runners][INFO] - Timestep 13, input to next step: -----------------------------------------------------------------------------------------------
[2026-04-19 21:25:35,296][rfdiffusion.inference.model_runners][INFO] - Timestep 12, input to next step: -----------------------------------------------------------------------------------------------
[2026-04-19 21:25:36,810][rfdiffusion.inference.model_runners][INFO] - Timestep 11, input to next step: -----------------------------------------------------------------------------------------------
[2026-04-19 21:25:38,484][rfdiffusion.inference.model_runners][INFO] - Timestep 10, input to next step: -----------------------------------------------------------------------------------------------
[2026-04-19 21:25:40,017][rfdiffusion.inference.model_runners][INFO] - Timestep 9, input to next step: -----------------------------------------------------------------------------------------------
[2026-04-19 21:25:41,528][rfdiffusion.inference.model_runners][INFO] - Timestep 8, input to next step: -----------------------------------------------------------------------------------------------
[2026-04-19 21:25:43,044][rfdiffusion.inference.model_runners][INFO] - Timestep 7, input to next step: -----------------------------------------------------------------------------------------------
[2026-04-19 21:25:44,396][rfdiffusion.inference.model_runners][INFO] - Timestep 6, input to next step: -----------------------------------------------------------------------------------------------
[2026-04-19 21:25:45,988][rfdiffusion.inference.model_runners][INFO] - Timestep 5, input to next step: -----------------------------------------------------------------------------------------------
[2026-04-19 21:25:47,526][rfdiffusion.inference.model_runners][INFO] - Timestep 4, input to next step: -----------------------------------------------------------------------------------------------
[2026-04-19 21:25:48,999][rfdiffusion.inference.model_runners][INFO] - Timestep 3, input to next step: -----------------------------------------------------------------------------------------------
[2026-04-19 21:25:50,531][rfdiffusion.inference.model_runners][INFO] - Timestep 2, input to next step: -----------------------------------------------------------------------------------------------
[2026-04-19 21:25:53,476][__main__][INFO] - Finished design in 1.37 minutes
[2026-04-19 21:25:53,476][__main__][INFO] - Making design /home/manvi/Team_8_CS598GBL/Assignment/Generate_designs/default/len_095/design_8
[2026-04-19 21:25:53,482][rfdiffusion.inference.model_runners][INFO] - Using contig: ['95-95']
[2026-04-19 21:25:53,501][rfdiffusion.inference.model_runners][INFO] - Sequence init: -----------------------------------------------------------------------------------------------
[2026-04-19 21:25:54,753][rfdiffusion.inference.model_runners][INFO] - Timestep 50, input to next step: -----------------------------------------------------------------------------------------------
[2026-04-19 21:25:56,193][rfdiffusion.inference.model_runners][INFO] - Timestep 49, input to next step: -----------------------------------------------------------------------------------------------
[2026-04-19 21:25:57,782][rfdiffusion.inference.model_runners][INFO] - Timestep 48, input to next step: -----------------------------------------------------------------------------------------------
[2026-04-19 21:25:59,405][rfdiffusion.inference.model_runners][INFO] - Timestep 47, input to next step: -----------------------------------------------------------------------------------------------
[2026-04-19 21:26:00,940][rfdiffusion.inference.model_runners][INFO] - Timestep 46, input to next step: -----------------------------------------------------------------------------------------------
[2026-04-19 21:26:02,553][rfdiffusion.inference.model_runners][INFO] - Timestep 45, input to next step: -----------------------------------------------------------------------------------------------
[2026-04-19 21:26:04,056][rfdiffusion.inference.model_runners][INFO] - Timestep 44, input to next step: -----------------------------------------------------------------------------------------------
[2026-04-19 21:26:05,534][rfdiffusion.inference.model_runners][INFO] - Timestep 43, input to next step: -----------------------------------------------------------------------------------------------
[2026-04-19 21:26:07,055][rfdiffusion.inference.model_runners][INFO] - Timestep 42, input to next step: -----------------------------------------------------------------------------------------------
[2026-04-19 21:26:08,574][rfdiffusion.inference.model_runners][INFO] - Timestep 41, input to next step: -----------------------------------------------------------------------------------------------
[2026-04-19 21:26:10,094][rfdiffusion.inference.model_runners][INFO] - Timestep 40, input to next step: -----------------------------------------------------------------------------------------------
[2026-04-19 21:26:11,631][rfdiffusion.inference.model_runners][INFO] - Timestep 39, input to next step: -----------------------------------------------------------------------------------------------
[2026-04-19 21:26:13,177][rfdiffusion.inference.model_runners][INFO] - Timestep 38, input to next step: -----------------------------------------------------------------------------------------------
[2026-04-19 21:26:14,981][rfdiffusion.inference.model_runners][INFO] - Timestep 37, input to next step: -----------------------------------------------------------------------------------------------
[2026-04-19 21:26:16,514][rfdiffusion.inference.model_runners][INFO] - Timestep 36, input to next step: -----------------------------------------------------------------------------------------------
[2026-04-19 21:26:18,031][rfdiffusion.inference.model_runners][INFO] - Timestep 35, input to next step: -----------------------------------------------------------------------------------------------
[2026-04-19 21:26:19,500][rfdiffusion.inference.model_runners][INFO] - Timestep 34, input to next step: -----------------------------------------------------------------------------------------------
[2026-04-19 21:26:21,276][rfdiffusion.inference.model_runners][INFO] - Timestep 33, input to next step: -----------------------------------------------------------------------------------------------
[2026-04-19 21:26:22,934][rfdiffusion.inference.model_runners][INFO] - Timestep 32, input to next step: -----------------------------------------------------------------------------------------------
[2026-04-19 21:26:24,457][rfdiffusion.inference.model_runners][INFO] - Timestep 31, input to next step: -----------------------------------------------------------------------------------------------
[2026-04-19 21:26:26,074][rfdiffusion.inference.model_runners][INFO] - Timestep 30, input to next step: -----------------------------------------------------------------------------------------------
[2026-04-19 21:26:27,714][rfdiffusion.inference.model_runners][INFO] - Timestep 29, input to next step: -----------------------------------------------------------------------------------------------
[2026-04-19 21:26:29,264][rfdiffusion.inference.model_runners][INFO] - Timestep 28, input to next step: -----------------------------------------------------------------------------------------------
[2026-04-19 21:26:30,702][rfdiffusion.inference.model_runners][INFO] - Timestep 27, input to next step: -----------------------------------------------------------------------------------------------
[2026-04-19 21:26:32,284][rfdiffusion.inference.model_runners][INFO] - Timestep 26, input to next step: -----------------------------------------------------------------------------------------------
[2026-04-19 21:26:33,782][rfdiffusion.inference.model_runners][INFO] - Timestep 25, input to next step: -----------------------------------------------------------------------------------------------
[2026-04-19 21:26:35,288][rfdiffusion.inference.model_runners][INFO] - Timestep 24, input to next step: -----------------------------------------------------------------------------------------------
[2026-04-19 21:26:36,949][rfdiffusion.inference.model_runners][INFO] - Timestep 23, input to next step: -----------------------------------------------------------------------------------------------
[2026-04-19 21:26:38,446][rfdiffusion.inference.model_runners][INFO] - Timestep 22, input to next step: -----------------------------------------------------------------------------------------------
[2026-04-19 21:26:39,914][rfdiffusion.inference.model_runners][INFO] - Timestep 21, input to next step: -----------------------------------------------------------------------------------------------
[2026-04-19 21:26:41,395][rfdiffusion.inference.model_runners][INFO] - Timestep 20, input to next step: -----------------------------------------------------------------------------------------------
[2026-04-19 21:26:42,961][rfdiffusion.inference.model_runners][INFO] - Timestep 19, input to next step: -----------------------------------------------------------------------------------------------
[2026-04-19 21:26:44,463][rfdiffusion.inference.model_runners][INFO] - Timestep 18, input to next step: -----------------------------------------------------------------------------------------------
[2026-04-19 21:26:45,897][rfdiffusion.inference.model_runners][INFO] - Timestep 17, input to next step: -----------------------------------------------------------------------------------------------
[2026-04-19 21:26:47,437][rfdiffusion.inference.model_runners][INFO] - Timestep 16, input to next step: -----------------------------------------------------------------------------------------------
[2026-04-19 21:26:48,926][rfdiffusion.inference.model_runners][INFO] - Timestep 15, input to next step: -----------------------------------------------------------------------------------------------
[2026-04-19 21:26:50,480][rfdiffusion.inference.model_runners][INFO] - Timestep 14, input to next step: -----------------------------------------------------------------------------------------------
[2026-04-19 21:26:52,322][rfdiffusion.inference.model_runners][INFO] - Timestep 13, input to next step: -----------------------------------------------------------------------------------------------
[2026-04-19 21:26:53,787][rfdiffusion.inference.model_runners][INFO] - Timestep 12, input to next step: -----------------------------------------------------------------------------------------------
[2026-04-19 21:26:55,323][rfdiffusion.inference.model_runners][INFO] - Timestep 11, input to next step: -----------------------------------------------------------------------------------------------
[2026-04-19 21:26:56,959][rfdiffusion.inference.model_runners][INFO] - Timestep 10, input to next step: -----------------------------------------------------------------------------------------------
[2026-04-19 21:26:58,449][rfdiffusion.inference.model_runners][INFO] - Timestep 9, input to next step: -----------------------------------------------------------------------------------------------
[2026-04-19 21:26:59,908][rfdiffusion.inference.model_runners][INFO] - Timestep 8, input to next step: -----------------------------------------------------------------------------------------------
[2026-04-19 21:27:01,353][rfdiffusion.inference.model_runners][INFO] - Timestep 7, input to next step: -----------------------------------------------------------------------------------------------
[2026-04-19 21:27:02,810][rfdiffusion.inference.model_runners][INFO] - Timestep 6, input to next step: -----------------------------------------------------------------------------------------------
[2026-04-19 21:27:04,271][rfdiffusion.inference.model_runners][INFO] - Timestep 5, input to next step: -----------------------------------------------------------------------------------------------
[2026-04-19 21:27:05,746][rfdiffusion.inference.model_runners][INFO] - Timestep 4, input to next step: -----------------------------------------------------------------------------------------------
[2026-04-19 21:27:07,200][rfdiffusion.inference.model_runners][INFO] - Timestep 3, input to next step: -----------------------------------------------------------------------------------------------
[2026-04-19 21:27:08,749][rfdiffusion.inference.model_runners][INFO] - Timestep 2, input to next step: -----------------------------------------------------------------------------------------------
[2026-04-19 21:27:11,776][__main__][INFO] - Finished design in 1.30 minutes
[2026-04-19 21:27:11,777][__main__][INFO] - Making design /home/manvi/Team_8_CS598GBL/Assignment/Generate_designs/default/len_095/design_9
[2026-04-19 21:27:11,781][rfdiffusion.inference.model_runners][INFO] - Using contig: ['95-95']
[2026-04-19 21:27:11,800][rfdiffusion.inference.model_runners][INFO] - Sequence init: -----------------------------------------------------------------------------------------------
[2026-04-19 21:27:12,987][rfdiffusion.inference.model_runners][INFO] - Timestep 50, input to next step: -----------------------------------------------------------------------------------------------
[2026-04-19 21:27:14,378][rfdiffusion.inference.model_runners][INFO] - Timestep 49, input to next step: -----------------------------------------------------------------------------------------------
[2026-04-19 21:27:15,841][rfdiffusion.inference.model_runners][INFO] - Timestep 48, input to next step: -----------------------------------------------------------------------------------------------
[2026-04-19 21:27:17,263][rfdiffusion.inference.model_runners][INFO] - Timestep 47, input to next step: -----------------------------------------------------------------------------------------------
[2026-04-19 21:27:18,844][rfdiffusion.inference.model_runners][INFO] - Timestep 46, input to next step: -----------------------------------------------------------------------------------------------
[2026-04-19 21:27:20,307][rfdiffusion.inference.model_runners][INFO] - Timestep 45, input to next step: -----------------------------------------------------------------------------------------------
[2026-04-19 21:27:21,775][rfdiffusion.inference.model_runners][INFO] - Timestep 44, input to next step: -----------------------------------------------------------------------------------------------
[2026-04-19 21:27:23,378][rfdiffusion.inference.model_runners][INFO] - Timestep 43, input to next step: -----------------------------------------------------------------------------------------------
[2026-04-19 21:27:24,930][rfdiffusion.inference.model_runners][INFO] - Timestep 42, input to next step: -----------------------------------------------------------------------------------------------
[2026-04-19 21:27:27,744][rfdiffusion.inference.model_runners][INFO] - Timestep 41, input to next step: -----------------------------------------------------------------------------------------------
[2026-04-19 21:27:29,123][rfdiffusion.inference.model_runners][INFO] - Timestep 40, input to next step: -----------------------------------------------------------------------------------------------
[2026-04-19 21:27:30,489][rfdiffusion.inference.model_runners][INFO] - Timestep 39, input to next step: -----------------------------------------------------------------------------------------------
[2026-04-19 21:27:31,949][rfdiffusion.inference.model_runners][INFO] - Timestep 38, input to next step: -----------------------------------------------------------------------------------------------
[2026-04-19 21:27:33,794][rfdiffusion.inference.model_runners][INFO] - Timestep 37, input to next step: -----------------------------------------------------------------------------------------------
[2026-04-19 21:27:35,340][rfdiffusion.inference.model_runners][INFO] - Timestep 36, input to next step: -----------------------------------------------------------------------------------------------
[2026-04-19 21:27:36,848][rfdiffusion.inference.model_runners][INFO] - Timestep 35, input to next step: -----------------------------------------------------------------------------------------------
[2026-04-19 21:27:38,347][rfdiffusion.inference.model_runners][INFO] - Timestep 34, input to next step: -----------------------------------------------------------------------------------------------
[2026-04-19 21:27:39,771][rfdiffusion.inference.model_runners][INFO] - Timestep 33, input to next step: -----------------------------------------------------------------------------------------------
[2026-04-19 21:27:41,256][rfdiffusion.inference.model_runners][INFO] - Timestep 32, input to next step: -----------------------------------------------------------------------------------------------
[2026-04-19 21:27:42,648][rfdiffusion.inference.model_runners][INFO] - Timestep 31, input to next step: -----------------------------------------------------------------------------------------------
[2026-04-19 21:27:44,143][rfdiffusion.inference.model_runners][INFO] - Timestep 30, input to next step: -----------------------------------------------------------------------------------------------
[2026-04-19 21:27:45,554][rfdiffusion.inference.model_runners][INFO] - Timestep 29, input to next step: -----------------------------------------------------------------------------------------------
[2026-04-19 21:27:47,128][rfdiffusion.inference.model_runners][INFO] - Timestep 28, input to next step: -----------------------------------------------------------------------------------------------
[2026-04-19 21:27:48,533][rfdiffusion.inference.model_runners][INFO] - Timestep 27, input to next step: -----------------------------------------------------------------------------------------------
[2026-04-19 21:27:49,990][rfdiffusion.inference.model_runners][INFO] - Timestep 26, input to next step: -----------------------------------------------------------------------------------------------
[2026-04-19 21:27:51,314][rfdiffusion.inference.model_runners][INFO] - Timestep 25, input to next step: -----------------------------------------------------------------------------------------------
[2026-04-19 21:27:52,650][rfdiffusion.inference.model_runners][INFO] - Timestep 24, input to next step: -----------------------------------------------------------------------------------------------
[2026-04-19 21:27:54,090][rfdiffusion.inference.model_runners][INFO] - Timestep 23, input to next step: -----------------------------------------------------------------------------------------------
[2026-04-19 21:27:55,483][rfdiffusion.inference.model_runners][INFO] - Timestep 22, input to next step: -----------------------------------------------------------------------------------------------
[2026-04-19 21:27:56,907][rfdiffusion.inference.model_runners][INFO] - Timestep 21, input to next step: -----------------------------------------------------------------------------------------------
[2026-04-19 21:27:58,379][rfdiffusion.inference.model_runners][INFO] - Timestep 20, input to next step: -----------------------------------------------------------------------------------------------
[2026-04-19 21:27:59,835][rfdiffusion.inference.model_runners][INFO] - Timestep 19, input to next step: -----------------------------------------------------------------------------------------------
[2026-04-19 21:28:01,249][rfdiffusion.inference.model_runners][INFO] - Timestep 18, input to next step: -----------------------------------------------------------------------------------------------
[2026-04-19 21:28:02,772][rfdiffusion.inference.model_runners][INFO] - Timestep 17, input to next step: -----------------------------------------------------------------------------------------------
[2026-04-19 21:28:04,320][rfdiffusion.inference.model_runners][INFO] - Timestep 16, input to next step: -----------------------------------------------------------------------------------------------
[2026-04-19 21:28:05,711][rfdiffusion.inference.model_runners][INFO] - Timestep 15, input to next step: -----------------------------------------------------------------------------------------------
[2026-04-19 21:28:07,128][rfdiffusion.inference.model_runners][INFO] - Timestep 14, input to next step: -----------------------------------------------------------------------------------------------
[2026-04-19 21:28:08,562][rfdiffusion.inference.model_runners][INFO] - Timestep 13, input to next step: -----------------------------------------------------------------------------------------------
[2026-04-19 21:28:10,052][rfdiffusion.inference.model_runners][INFO] - Timestep 12, input to next step: -----------------------------------------------------------------------------------------------
[2026-04-19 21:28:11,511][rfdiffusion.inference.model_runners][INFO] - Timestep 11, input to next step: -----------------------------------------------------------------------------------------------
[2026-04-19 21:28:12,934][rfdiffusion.inference.model_runners][INFO] - Timestep 10, input to next step: -----------------------------------------------------------------------------------------------
[2026-04-19 21:28:14,403][rfdiffusion.inference.model_runners][INFO] - Timestep 9, input to next step: -----------------------------------------------------------------------------------------------
[2026-04-19 21:28:15,796][rfdiffusion.inference.model_runners][INFO] - Timestep 8, input to next step: -----------------------------------------------------------------------------------------------
[2026-04-19 21:28:17,270][rfdiffusion.inference.model_runners][INFO] - Timestep 7, input to next step: -----------------------------------------------------------------------------------------------
[2026-04-19 21:28:18,919][rfdiffusion.inference.model_runners][INFO] - Timestep 6, input to next step: -----------------------------------------------------------------------------------------------
[2026-04-19 21:28:20,401][rfdiffusion.inference.model_runners][INFO] - Timestep 5, input to next step: -----------------------------------------------------------------------------------------------
[2026-04-19 21:28:21,794][rfdiffusion.inference.model_runners][INFO] - Timestep 4, input to next step: -----------------------------------------------------------------------------------------------
[2026-04-19 21:28:23,207][rfdiffusion.inference.model_runners][INFO] - Timestep 3, input to next step: -----------------------------------------------------------------------------------------------
[2026-04-19 21:28:24,712][rfdiffusion.inference.model_runners][INFO] - Timestep 2, input to next step: -----------------------------------------------------------------------------------------------
[2026-04-19 21:28:27,522][__main__][INFO] - Finished design in 1.26 minutes
