[2026-04-19 21:57:02,134][__main__][INFO] - Found GPU with device_name NVIDIA GeForce RTX 3050 Ti Laptop GPU. Will run RFdiffusion on NVIDIA GeForce RTX 3050 Ti Laptop GPU
[2026-04-19 21:57:02,136][rfdiffusion.inference.model_runners][INFO] - Reading checkpoint from /home/manvi/Team_8_CS598GBL/RFdiffusion/rfdiffusion/inference/../../models/Base_ckpt.pt
[2026-04-19 21:57:09,455][rfdiffusion.inference.model_runners][INFO] - Loading checkpoint.
[2026-04-19 21:57:09,769][rfdiffusion.diffusion][INFO] - Using cached IGSO3.
[2026-04-19 21:57:09,783][__main__][INFO] - Making design /home/manvi/Team_8_CS598GBL/Assignment/Generate_designs/default/len_098/design_0
[2026-04-19 21:57:09,788][rfdiffusion.inference.model_runners][INFO] - Using contig: ['98-98']
[2026-04-19 21:57:09,836][rfdiffusion.inference.model_runners][INFO] - Sequence init: --------------------------------------------------------------------------------------------------
[2026-04-19 21:57:14,360][rfdiffusion.inference.model_runners][INFO] - Timestep 50, input to next step: --------------------------------------------------------------------------------------------------
[2026-04-19 21:57:15,780][rfdiffusion.inference.model_runners][INFO] - Timestep 49, input to next step: --------------------------------------------------------------------------------------------------
[2026-04-19 21:57:17,381][rfdiffusion.inference.model_runners][INFO] - Timestep 48, input to next step: --------------------------------------------------------------------------------------------------
[2026-04-19 21:57:18,990][rfdiffusion.inference.model_runners][INFO] - Timestep 47, input to next step: --------------------------------------------------------------------------------------------------
[2026-04-19 21:57:20,641][rfdiffusion.inference.model_runners][INFO] - Timestep 46, input to next step: --------------------------------------------------------------------------------------------------
[2026-04-19 21:57:22,241][rfdiffusion.inference.model_runners][INFO] - Timestep 45, input to next step: --------------------------------------------------------------------------------------------------
[2026-04-19 21:57:23,897][rfdiffusion.inference.model_runners][INFO] - Timestep 44, input to next step: --------------------------------------------------------------------------------------------------
[2026-04-19 21:57:26,499][rfdiffusion.inference.model_runners][INFO] - Timestep 43, input to next step: --------------------------------------------------------------------------------------------------
[2026-04-19 21:57:28,757][rfdiffusion.inference.model_runners][INFO] - Timestep 42, input to next step: --------------------------------------------------------------------------------------------------
[2026-04-19 21:57:30,347][rfdiffusion.inference.model_runners][INFO] - Timestep 41, input to next step: --------------------------------------------------------------------------------------------------
[2026-04-19 21:57:31,991][rfdiffusion.inference.model_runners][INFO] - Timestep 40, input to next step: --------------------------------------------------------------------------------------------------
[2026-04-19 21:57:33,663][rfdiffusion.inference.model_runners][INFO] - Timestep 39, input to next step: --------------------------------------------------------------------------------------------------
[2026-04-19 21:57:35,513][rfdiffusion.inference.model_runners][INFO] - Timestep 38, input to next step: --------------------------------------------------------------------------------------------------
[2026-04-19 21:57:37,101][rfdiffusion.inference.model_runners][INFO] - Timestep 37, input to next step: --------------------------------------------------------------------------------------------------
[2026-04-19 21:57:38,619][rfdiffusion.inference.model_runners][INFO] - Timestep 36, input to next step: --------------------------------------------------------------------------------------------------
[2026-04-19 21:57:40,293][rfdiffusion.inference.model_runners][INFO] - Timestep 35, input to next step: --------------------------------------------------------------------------------------------------
[2026-04-19 21:57:41,814][rfdiffusion.inference.model_runners][INFO] - Timestep 34, input to next step: --------------------------------------------------------------------------------------------------
[2026-04-19 21:57:43,355][rfdiffusion.inference.model_runners][INFO] - Timestep 33, input to next step: --------------------------------------------------------------------------------------------------
[2026-04-19 21:57:44,897][rfdiffusion.inference.model_runners][INFO] - Timestep 32, input to next step: --------------------------------------------------------------------------------------------------
[2026-04-19 21:57:46,520][rfdiffusion.inference.model_runners][INFO] - Timestep 31, input to next step: --------------------------------------------------------------------------------------------------
[2026-04-19 21:57:48,050][rfdiffusion.inference.model_runners][INFO] - Timestep 30, input to next step: --------------------------------------------------------------------------------------------------
[2026-04-19 21:57:49,611][rfdiffusion.inference.model_runners][INFO] - Timestep 29, input to next step: --------------------------------------------------------------------------------------------------
[2026-04-19 21:57:51,278][rfdiffusion.inference.model_runners][INFO] - Timestep 28, input to next step: --------------------------------------------------------------------------------------------------
[2026-04-19 21:57:52,941][rfdiffusion.inference.model_runners][INFO] - Timestep 27, input to next step: --------------------------------------------------------------------------------------------------
[2026-04-19 21:57:54,553][rfdiffusion.inference.model_runners][INFO] - Timestep 26, input to next step: --------------------------------------------------------------------------------------------------
[2026-04-19 21:57:56,169][rfdiffusion.inference.model_runners][INFO] - Timestep 25, input to next step: --------------------------------------------------------------------------------------------------
[2026-04-19 21:57:57,697][rfdiffusion.inference.model_runners][INFO] - Timestep 24, input to next step: --------------------------------------------------------------------------------------------------
[2026-04-19 21:57:59,346][rfdiffusion.inference.model_runners][INFO] - Timestep 23, input to next step: --------------------------------------------------------------------------------------------------
[2026-04-19 21:58:00,975][rfdiffusion.inference.model_runners][INFO] - Timestep 22, input to next step: --------------------------------------------------------------------------------------------------
[2026-04-19 21:58:02,652][rfdiffusion.inference.model_runners][INFO] - Timestep 21, input to next step: --------------------------------------------------------------------------------------------------
[2026-04-19 21:58:04,309][rfdiffusion.inference.model_runners][INFO] - Timestep 20, input to next step: --------------------------------------------------------------------------------------------------
[2026-04-19 21:58:05,927][rfdiffusion.inference.model_runners][INFO] - Timestep 19, input to next step: --------------------------------------------------------------------------------------------------
[2026-04-19 21:58:07,499][rfdiffusion.inference.model_runners][INFO] - Timestep 18, input to next step: --------------------------------------------------------------------------------------------------
[2026-04-19 21:58:09,038][rfdiffusion.inference.model_runners][INFO] - Timestep 17, input to next step: --------------------------------------------------------------------------------------------------
[2026-04-19 21:58:10,615][rfdiffusion.inference.model_runners][INFO] - Timestep 16, input to next step: --------------------------------------------------------------------------------------------------
[2026-04-19 21:58:12,176][rfdiffusion.inference.model_runners][INFO] - Timestep 15, input to next step: --------------------------------------------------------------------------------------------------
[2026-04-19 21:58:13,799][rfdiffusion.inference.model_runners][INFO] - Timestep 14, input to next step: --------------------------------------------------------------------------------------------------
[2026-04-19 21:58:15,309][rfdiffusion.inference.model_runners][INFO] - Timestep 13, input to next step: --------------------------------------------------------------------------------------------------
[2026-04-19 21:58:16,892][rfdiffusion.inference.model_runners][INFO] - Timestep 12, input to next step: --------------------------------------------------------------------------------------------------
[2026-04-19 21:58:18,782][rfdiffusion.inference.model_runners][INFO] - Timestep 11, input to next step: --------------------------------------------------------------------------------------------------
[2026-04-19 21:58:20,323][rfdiffusion.inference.model_runners][INFO] - Timestep 10, input to next step: --------------------------------------------------------------------------------------------------
[2026-04-19 21:58:21,913][rfdiffusion.inference.model_runners][INFO] - Timestep 9, input to next step: --------------------------------------------------------------------------------------------------
[2026-04-19 21:58:23,498][rfdiffusion.inference.model_runners][INFO] - Timestep 8, input to next step: --------------------------------------------------------------------------------------------------
[2026-04-19 21:58:25,127][rfdiffusion.inference.model_runners][INFO] - Timestep 7, input to next step: --------------------------------------------------------------------------------------------------
[2026-04-19 21:58:26,735][rfdiffusion.inference.model_runners][INFO] - Timestep 6, input to next step: --------------------------------------------------------------------------------------------------
[2026-04-19 21:58:28,231][rfdiffusion.inference.model_runners][INFO] - Timestep 5, input to next step: --------------------------------------------------------------------------------------------------
[2026-04-19 21:58:29,805][rfdiffusion.inference.model_runners][INFO] - Timestep 4, input to next step: --------------------------------------------------------------------------------------------------
[2026-04-19 21:58:31,501][rfdiffusion.inference.model_runners][INFO] - Timestep 3, input to next step: --------------------------------------------------------------------------------------------------
[2026-04-19 21:58:33,148][rfdiffusion.inference.model_runners][INFO] - Timestep 2, input to next step: --------------------------------------------------------------------------------------------------
[2026-04-19 21:58:36,330][__main__][INFO] - Finished design in 1.44 minutes
[2026-04-19 21:58:36,330][__main__][INFO] - Making design /home/manvi/Team_8_CS598GBL/Assignment/Generate_designs/default/len_098/design_1
[2026-04-19 21:58:36,335][rfdiffusion.inference.model_runners][INFO] - Using contig: ['98-98']
[2026-04-19 21:58:36,355][rfdiffusion.inference.model_runners][INFO] - Sequence init: --------------------------------------------------------------------------------------------------
[2026-04-19 21:58:37,678][rfdiffusion.inference.model_runners][INFO] - Timestep 50, input to next step: --------------------------------------------------------------------------------------------------
[2026-04-19 21:58:39,197][rfdiffusion.inference.model_runners][INFO] - Timestep 49, input to next step: --------------------------------------------------------------------------------------------------
[2026-04-19 21:58:40,735][rfdiffusion.inference.model_runners][INFO] - Timestep 48, input to next step: --------------------------------------------------------------------------------------------------
[2026-04-19 21:58:42,336][rfdiffusion.inference.model_runners][INFO] - Timestep 47, input to next step: --------------------------------------------------------------------------------------------------
[2026-04-19 21:58:43,972][rfdiffusion.inference.model_runners][INFO] - Timestep 46, input to next step: --------------------------------------------------------------------------------------------------
[2026-04-19 21:58:45,608][rfdiffusion.inference.model_runners][INFO] - Timestep 45, input to next step: --------------------------------------------------------------------------------------------------
[2026-04-19 21:58:47,176][rfdiffusion.inference.model_runners][INFO] - Timestep 44, input to next step: --------------------------------------------------------------------------------------------------
[2026-04-19 21:58:48,614][rfdiffusion.inference.model_runners][INFO] - Timestep 43, input to next step: --------------------------------------------------------------------------------------------------
[2026-04-19 21:58:50,137][rfdiffusion.inference.model_runners][INFO] - Timestep 42, input to next step: --------------------------------------------------------------------------------------------------
[2026-04-19 21:58:51,706][rfdiffusion.inference.model_runners][INFO] - Timestep 41, input to next step: --------------------------------------------------------------------------------------------------
[2026-04-19 21:58:53,236][rfdiffusion.inference.model_runners][INFO] - Timestep 40, input to next step: --------------------------------------------------------------------------------------------------
[2026-04-19 21:58:54,977][rfdiffusion.inference.model_runners][INFO] - Timestep 39, input to next step: --------------------------------------------------------------------------------------------------
[2026-04-19 21:58:56,596][rfdiffusion.inference.model_runners][INFO] - Timestep 38, input to next step: --------------------------------------------------------------------------------------------------
[2026-04-19 21:58:58,178][rfdiffusion.inference.model_runners][INFO] - Timestep 37, input to next step: --------------------------------------------------------------------------------------------------
[2026-04-19 21:58:59,831][rfdiffusion.inference.model_runners][INFO] - Timestep 36, input to next step: --------------------------------------------------------------------------------------------------
[2026-04-19 21:59:01,476][rfdiffusion.inference.model_runners][INFO] - Timestep 35, input to next step: --------------------------------------------------------------------------------------------------
[2026-04-19 21:59:03,137][rfdiffusion.inference.model_runners][INFO] - Timestep 34, input to next step: --------------------------------------------------------------------------------------------------
[2026-04-19 21:59:04,736][rfdiffusion.inference.model_runners][INFO] - Timestep 33, input to next step: --------------------------------------------------------------------------------------------------
[2026-04-19 21:59:06,318][rfdiffusion.inference.model_runners][INFO] - Timestep 32, input to next step: --------------------------------------------------------------------------------------------------
[2026-04-19 21:59:07,699][rfdiffusion.inference.model_runners][INFO] - Timestep 31, input to next step: --------------------------------------------------------------------------------------------------
[2026-04-19 21:59:09,192][rfdiffusion.inference.model_runners][INFO] - Timestep 30, input to next step: --------------------------------------------------------------------------------------------------
[2026-04-19 21:59:10,875][rfdiffusion.inference.model_runners][INFO] - Timestep 29, input to next step: --------------------------------------------------------------------------------------------------
[2026-04-19 21:59:12,518][rfdiffusion.inference.model_runners][INFO] - Timestep 28, input to next step: --------------------------------------------------------------------------------------------------
[2026-04-19 21:59:14,197][rfdiffusion.inference.model_runners][INFO] - Timestep 27, input to next step: --------------------------------------------------------------------------------------------------
[2026-04-19 21:59:15,755][rfdiffusion.inference.model_runners][INFO] - Timestep 26, input to next step: --------------------------------------------------------------------------------------------------
[2026-04-19 21:59:17,331][rfdiffusion.inference.model_runners][INFO] - Timestep 25, input to next step: --------------------------------------------------------------------------------------------------
[2026-04-19 21:59:18,868][rfdiffusion.inference.model_runners][INFO] - Timestep 24, input to next step: --------------------------------------------------------------------------------------------------
[2026-04-19 21:59:20,409][rfdiffusion.inference.model_runners][INFO] - Timestep 23, input to next step: --------------------------------------------------------------------------------------------------
[2026-04-19 21:59:21,827][rfdiffusion.inference.model_runners][INFO] - Timestep 22, input to next step: --------------------------------------------------------------------------------------------------
[2026-04-19 21:59:23,318][rfdiffusion.inference.model_runners][INFO] - Timestep 21, input to next step: --------------------------------------------------------------------------------------------------
[2026-04-19 21:59:24,924][rfdiffusion.inference.model_runners][INFO] - Timestep 20, input to next step: --------------------------------------------------------------------------------------------------
[2026-04-19 21:59:26,539][rfdiffusion.inference.model_runners][INFO] - Timestep 19, input to next step: --------------------------------------------------------------------------------------------------
[2026-04-19 21:59:28,130][rfdiffusion.inference.model_runners][INFO] - Timestep 18, input to next step: --------------------------------------------------------------------------------------------------
[2026-04-19 21:59:29,725][rfdiffusion.inference.model_runners][INFO] - Timestep 17, input to next step: --------------------------------------------------------------------------------------------------
[2026-04-19 21:59:31,314][rfdiffusion.inference.model_runners][INFO] - Timestep 16, input to next step: --------------------------------------------------------------------------------------------------
[2026-04-19 21:59:32,887][rfdiffusion.inference.model_runners][INFO] - Timestep 15, input to next step: --------------------------------------------------------------------------------------------------
[2026-04-19 21:59:34,425][rfdiffusion.inference.model_runners][INFO] - Timestep 14, input to next step: --------------------------------------------------------------------------------------------------
[2026-04-19 21:59:36,012][rfdiffusion.inference.model_runners][INFO] - Timestep 13, input to next step: --------------------------------------------------------------------------------------------------
[2026-04-19 21:59:37,525][rfdiffusion.inference.model_runners][INFO] - Timestep 12, input to next step: --------------------------------------------------------------------------------------------------
[2026-04-19 21:59:38,901][rfdiffusion.inference.model_runners][INFO] - Timestep 11, input to next step: --------------------------------------------------------------------------------------------------
[2026-04-19 21:59:40,327][rfdiffusion.inference.model_runners][INFO] - Timestep 10, input to next step: --------------------------------------------------------------------------------------------------
[2026-04-19 21:59:41,920][rfdiffusion.inference.model_runners][INFO] - Timestep 9, input to next step: --------------------------------------------------------------------------------------------------
[2026-04-19 21:59:43,503][rfdiffusion.inference.model_runners][INFO] - Timestep 8, input to next step: --------------------------------------------------------------------------------------------------
[2026-04-19 21:59:45,142][rfdiffusion.inference.model_runners][INFO] - Timestep 7, input to next step: --------------------------------------------------------------------------------------------------
[2026-04-19 21:59:46,696][rfdiffusion.inference.model_runners][INFO] - Timestep 6, input to next step: --------------------------------------------------------------------------------------------------
[2026-04-19 21:59:48,249][rfdiffusion.inference.model_runners][INFO] - Timestep 5, input to next step: --------------------------------------------------------------------------------------------------
[2026-04-19 21:59:49,846][rfdiffusion.inference.model_runners][INFO] - Timestep 4, input to next step: --------------------------------------------------------------------------------------------------
[2026-04-19 21:59:51,490][rfdiffusion.inference.model_runners][INFO] - Timestep 3, input to next step: --------------------------------------------------------------------------------------------------
[2026-04-19 21:59:53,078][rfdiffusion.inference.model_runners][INFO] - Timestep 2, input to next step: --------------------------------------------------------------------------------------------------
[2026-04-19 21:59:56,545][__main__][INFO] - Finished design in 1.34 minutes
[2026-04-19 21:59:56,545][__main__][INFO] - Making design /home/manvi/Team_8_CS598GBL/Assignment/Generate_designs/default/len_098/design_2
[2026-04-19 21:59:56,555][rfdiffusion.inference.model_runners][INFO] - Using contig: ['98-98']
[2026-04-19 21:59:56,585][rfdiffusion.inference.model_runners][INFO] - Sequence init: --------------------------------------------------------------------------------------------------
[2026-04-19 21:59:57,968][rfdiffusion.inference.model_runners][INFO] - Timestep 50, input to next step: --------------------------------------------------------------------------------------------------
[2026-04-19 21:59:59,479][rfdiffusion.inference.model_runners][INFO] - Timestep 49, input to next step: --------------------------------------------------------------------------------------------------
[2026-04-19 22:00:00,970][rfdiffusion.inference.model_runners][INFO] - Timestep 48, input to next step: --------------------------------------------------------------------------------------------------
[2026-04-19 22:00:02,565][rfdiffusion.inference.model_runners][INFO] - Timestep 47, input to next step: --------------------------------------------------------------------------------------------------
[2026-04-19 22:00:04,195][rfdiffusion.inference.model_runners][INFO] - Timestep 46, input to next step: --------------------------------------------------------------------------------------------------
[2026-04-19 22:00:05,895][rfdiffusion.inference.model_runners][INFO] - Timestep 45, input to next step: --------------------------------------------------------------------------------------------------
[2026-04-19 22:00:07,427][rfdiffusion.inference.model_runners][INFO] - Timestep 44, input to next step: --------------------------------------------------------------------------------------------------
[2026-04-19 22:00:09,036][rfdiffusion.inference.model_runners][INFO] - Timestep 43, input to next step: --------------------------------------------------------------------------------------------------
[2026-04-19 22:00:10,621][rfdiffusion.inference.model_runners][INFO] - Timestep 42, input to next step: --------------------------------------------------------------------------------------------------
[2026-04-19 22:00:12,295][rfdiffusion.inference.model_runners][INFO] - Timestep 41, input to next step: --------------------------------------------------------------------------------------------------
[2026-04-19 22:00:14,049][rfdiffusion.inference.model_runners][INFO] - Timestep 40, input to next step: --------------------------------------------------------------------------------------------------
[2026-04-19 22:00:15,678][rfdiffusion.inference.model_runners][INFO] - Timestep 39, input to next step: --------------------------------------------------------------------------------------------------
[2026-04-19 22:00:17,243][rfdiffusion.inference.model_runners][INFO] - Timestep 38, input to next step: --------------------------------------------------------------------------------------------------
[2026-04-19 22:00:18,847][rfdiffusion.inference.model_runners][INFO] - Timestep 37, input to next step: --------------------------------------------------------------------------------------------------
[2026-04-19 22:00:20,470][rfdiffusion.inference.model_runners][INFO] - Timestep 36, input to next step: --------------------------------------------------------------------------------------------------
[2026-04-19 22:00:22,410][rfdiffusion.inference.model_runners][INFO] - Timestep 35, input to next step: --------------------------------------------------------------------------------------------------
[2026-04-19 22:00:24,083][rfdiffusion.inference.model_runners][INFO] - Timestep 34, input to next step: --------------------------------------------------------------------------------------------------
[2026-04-19 22:00:25,675][rfdiffusion.inference.model_runners][INFO] - Timestep 33, input to next step: --------------------------------------------------------------------------------------------------
[2026-04-19 22:00:27,361][rfdiffusion.inference.model_runners][INFO] - Timestep 32, input to next step: --------------------------------------------------------------------------------------------------
[2026-04-19 22:00:28,995][rfdiffusion.inference.model_runners][INFO] - Timestep 31, input to next step: --------------------------------------------------------------------------------------------------
[2026-04-19 22:00:30,586][rfdiffusion.inference.model_runners][INFO] - Timestep 30, input to next step: --------------------------------------------------------------------------------------------------
[2026-04-19 22:00:32,210][rfdiffusion.inference.model_runners][INFO] - Timestep 29, input to next step: --------------------------------------------------------------------------------------------------
[2026-04-19 22:00:33,900][rfdiffusion.inference.model_runners][INFO] - Timestep 28, input to next step: --------------------------------------------------------------------------------------------------
[2026-04-19 22:00:35,319][rfdiffusion.inference.model_runners][INFO] - Timestep 27, input to next step: --------------------------------------------------------------------------------------------------
[2026-04-19 22:00:36,796][rfdiffusion.inference.model_runners][INFO] - Timestep 26, input to next step: --------------------------------------------------------------------------------------------------
[2026-04-19 22:00:38,374][rfdiffusion.inference.model_runners][INFO] - Timestep 25, input to next step: --------------------------------------------------------------------------------------------------
[2026-04-19 22:00:40,020][rfdiffusion.inference.model_runners][INFO] - Timestep 24, input to next step: --------------------------------------------------------------------------------------------------
[2026-04-19 22:00:41,556][rfdiffusion.inference.model_runners][INFO] - Timestep 23, input to next step: --------------------------------------------------------------------------------------------------
[2026-04-19 22:00:43,087][rfdiffusion.inference.model_runners][INFO] - Timestep 22, input to next step: --------------------------------------------------------------------------------------------------
[2026-04-19 22:00:44,706][rfdiffusion.inference.model_runners][INFO] - Timestep 21, input to next step: --------------------------------------------------------------------------------------------------
[2026-04-19 22:00:46,295][rfdiffusion.inference.model_runners][INFO] - Timestep 20, input to next step: --------------------------------------------------------------------------------------------------
[2026-04-19 22:00:47,878][rfdiffusion.inference.model_runners][INFO] - Timestep 19, input to next step: --------------------------------------------------------------------------------------------------
[2026-04-19 22:00:49,490][rfdiffusion.inference.model_runners][INFO] - Timestep 18, input to next step: --------------------------------------------------------------------------------------------------
[2026-04-19 22:00:51,187][rfdiffusion.inference.model_runners][INFO] - Timestep 17, input to next step: --------------------------------------------------------------------------------------------------
[2026-04-19 22:00:52,802][rfdiffusion.inference.model_runners][INFO] - Timestep 16, input to next step: --------------------------------------------------------------------------------------------------
[2026-04-19 22:00:54,429][rfdiffusion.inference.model_runners][INFO] - Timestep 15, input to next step: --------------------------------------------------------------------------------------------------
[2026-04-19 22:00:56,120][rfdiffusion.inference.model_runners][INFO] - Timestep 14, input to next step: --------------------------------------------------------------------------------------------------
[2026-04-19 22:00:57,809][rfdiffusion.inference.model_runners][INFO] - Timestep 13, input to next step: --------------------------------------------------------------------------------------------------
[2026-04-19 22:00:59,469][rfdiffusion.inference.model_runners][INFO] - Timestep 12, input to next step: --------------------------------------------------------------------------------------------------
[2026-04-19 22:01:01,206][rfdiffusion.inference.model_runners][INFO] - Timestep 11, input to next step: --------------------------------------------------------------------------------------------------
[2026-04-19 22:01:03,029][rfdiffusion.inference.model_runners][INFO] - Timestep 10, input to next step: --------------------------------------------------------------------------------------------------
[2026-04-19 22:01:04,757][rfdiffusion.inference.model_runners][INFO] - Timestep 9, input to next step: --------------------------------------------------------------------------------------------------
[2026-04-19 22:01:06,521][rfdiffusion.inference.model_runners][INFO] - Timestep 8, input to next step: --------------------------------------------------------------------------------------------------
[2026-04-19 22:01:08,210][rfdiffusion.inference.model_runners][INFO] - Timestep 7, input to next step: --------------------------------------------------------------------------------------------------
[2026-04-19 22:01:09,884][rfdiffusion.inference.model_runners][INFO] - Timestep 6, input to next step: --------------------------------------------------------------------------------------------------
[2026-04-19 22:01:11,520][rfdiffusion.inference.model_runners][INFO] - Timestep 5, input to next step: --------------------------------------------------------------------------------------------------
[2026-04-19 22:01:13,229][rfdiffusion.inference.model_runners][INFO] - Timestep 4, input to next step: --------------------------------------------------------------------------------------------------
[2026-04-19 22:01:14,795][rfdiffusion.inference.model_runners][INFO] - Timestep 3, input to next step: --------------------------------------------------------------------------------------------------
[2026-04-19 22:01:16,462][rfdiffusion.inference.model_runners][INFO] - Timestep 2, input to next step: --------------------------------------------------------------------------------------------------
[2026-04-19 22:01:19,710][__main__][INFO] - Finished design in 1.39 minutes
[2026-04-19 22:01:19,710][__main__][INFO] - Making design /home/manvi/Team_8_CS598GBL/Assignment/Generate_designs/default/len_098/design_3
[2026-04-19 22:01:19,715][rfdiffusion.inference.model_runners][INFO] - Using contig: ['98-98']
[2026-04-19 22:01:19,737][rfdiffusion.inference.model_runners][INFO] - Sequence init: --------------------------------------------------------------------------------------------------
[2026-04-19 22:01:21,250][rfdiffusion.inference.model_runners][INFO] - Timestep 50, input to next step: --------------------------------------------------------------------------------------------------
[2026-04-19 22:01:22,819][rfdiffusion.inference.model_runners][INFO] - Timestep 49, input to next step: --------------------------------------------------------------------------------------------------
[2026-04-19 22:01:24,440][rfdiffusion.inference.model_runners][INFO] - Timestep 48, input to next step: --------------------------------------------------------------------------------------------------
[2026-04-19 22:01:26,093][rfdiffusion.inference.model_runners][INFO] - Timestep 47, input to next step: --------------------------------------------------------------------------------------------------
[2026-04-19 22:01:27,697][rfdiffusion.inference.model_runners][INFO] - Timestep 46, input to next step: --------------------------------------------------------------------------------------------------
[2026-04-19 22:01:29,341][rfdiffusion.inference.model_runners][INFO] - Timestep 45, input to next step: --------------------------------------------------------------------------------------------------
[2026-04-19 22:01:30,927][rfdiffusion.inference.model_runners][INFO] - Timestep 44, input to next step: --------------------------------------------------------------------------------------------------
[2026-04-19 22:01:32,442][rfdiffusion.inference.model_runners][INFO] - Timestep 43, input to next step: --------------------------------------------------------------------------------------------------
[2026-04-19 22:01:34,041][rfdiffusion.inference.model_runners][INFO] - Timestep 42, input to next step: --------------------------------------------------------------------------------------------------
[2026-04-19 22:01:35,664][rfdiffusion.inference.model_runners][INFO] - Timestep 41, input to next step: --------------------------------------------------------------------------------------------------
[2026-04-19 22:01:37,254][rfdiffusion.inference.model_runners][INFO] - Timestep 40, input to next step: --------------------------------------------------------------------------------------------------
[2026-04-19 22:01:38,809][rfdiffusion.inference.model_runners][INFO] - Timestep 39, input to next step: --------------------------------------------------------------------------------------------------
[2026-04-19 22:01:40,441][rfdiffusion.inference.model_runners][INFO] - Timestep 38, input to next step: --------------------------------------------------------------------------------------------------
[2026-04-19 22:01:42,107][rfdiffusion.inference.model_runners][INFO] - Timestep 37, input to next step: --------------------------------------------------------------------------------------------------
[2026-04-19 22:01:43,726][rfdiffusion.inference.model_runners][INFO] - Timestep 36, input to next step: --------------------------------------------------------------------------------------------------
[2026-04-19 22:01:45,395][rfdiffusion.inference.model_runners][INFO] - Timestep 35, input to next step: --------------------------------------------------------------------------------------------------
[2026-04-19 22:01:47,046][rfdiffusion.inference.model_runners][INFO] - Timestep 34, input to next step: --------------------------------------------------------------------------------------------------
[2026-04-19 22:01:48,669][rfdiffusion.inference.model_runners][INFO] - Timestep 33, input to next step: --------------------------------------------------------------------------------------------------
[2026-04-19 22:01:50,265][rfdiffusion.inference.model_runners][INFO] - Timestep 32, input to next step: --------------------------------------------------------------------------------------------------
[2026-04-19 22:01:51,889][rfdiffusion.inference.model_runners][INFO] - Timestep 31, input to next step: --------------------------------------------------------------------------------------------------
[2026-04-19 22:01:53,516][rfdiffusion.inference.model_runners][INFO] - Timestep 30, input to next step: --------------------------------------------------------------------------------------------------
[2026-04-19 22:01:55,156][rfdiffusion.inference.model_runners][INFO] - Timestep 29, input to next step: --------------------------------------------------------------------------------------------------
[2026-04-19 22:01:56,721][rfdiffusion.inference.model_runners][INFO] - Timestep 28, input to next step: --------------------------------------------------------------------------------------------------
[2026-04-19 22:01:58,375][rfdiffusion.inference.model_runners][INFO] - Timestep 27, input to next step: --------------------------------------------------------------------------------------------------
[2026-04-19 22:02:00,218][rfdiffusion.inference.model_runners][INFO] - Timestep 26, input to next step: --------------------------------------------------------------------------------------------------
[2026-04-19 22:02:01,902][rfdiffusion.inference.model_runners][INFO] - Timestep 25, input to next step: --------------------------------------------------------------------------------------------------
[2026-04-19 22:02:03,563][rfdiffusion.inference.model_runners][INFO] - Timestep 24, input to next step: --------------------------------------------------------------------------------------------------
[2026-04-19 22:02:05,194][rfdiffusion.inference.model_runners][INFO] - Timestep 23, input to next step: --------------------------------------------------------------------------------------------------
[2026-04-19 22:02:06,798][rfdiffusion.inference.model_runners][INFO] - Timestep 22, input to next step: --------------------------------------------------------------------------------------------------
[2026-04-19 22:02:08,424][rfdiffusion.inference.model_runners][INFO] - Timestep 21, input to next step: --------------------------------------------------------------------------------------------------
[2026-04-19 22:02:10,161][rfdiffusion.inference.model_runners][INFO] - Timestep 20, input to next step: --------------------------------------------------------------------------------------------------
[2026-04-19 22:02:11,885][rfdiffusion.inference.model_runners][INFO] - Timestep 19, input to next step: --------------------------------------------------------------------------------------------------
[2026-04-19 22:02:13,612][rfdiffusion.inference.model_runners][INFO] - Timestep 18, input to next step: --------------------------------------------------------------------------------------------------
[2026-04-19 22:02:15,207][rfdiffusion.inference.model_runners][INFO] - Timestep 17, input to next step: --------------------------------------------------------------------------------------------------
[2026-04-19 22:02:16,792][rfdiffusion.inference.model_runners][INFO] - Timestep 16, input to next step: --------------------------------------------------------------------------------------------------
[2026-04-19 22:02:18,442][rfdiffusion.inference.model_runners][INFO] - Timestep 15, input to next step: --------------------------------------------------------------------------------------------------
[2026-04-19 22:02:20,090][rfdiffusion.inference.model_runners][INFO] - Timestep 14, input to next step: --------------------------------------------------------------------------------------------------
[2026-04-19 22:02:21,725][rfdiffusion.inference.model_runners][INFO] - Timestep 13, input to next step: --------------------------------------------------------------------------------------------------
[2026-04-19 22:02:23,383][rfdiffusion.inference.model_runners][INFO] - Timestep 12, input to next step: --------------------------------------------------------------------------------------------------
[2026-04-19 22:02:25,027][rfdiffusion.inference.model_runners][INFO] - Timestep 11, input to next step: --------------------------------------------------------------------------------------------------
[2026-04-19 22:02:26,635][rfdiffusion.inference.model_runners][INFO] - Timestep 10, input to next step: --------------------------------------------------------------------------------------------------
[2026-04-19 22:02:28,400][rfdiffusion.inference.model_runners][INFO] - Timestep 9, input to next step: --------------------------------------------------------------------------------------------------
[2026-04-19 22:02:30,150][rfdiffusion.inference.model_runners][INFO] - Timestep 8, input to next step: --------------------------------------------------------------------------------------------------
[2026-04-19 22:02:31,843][rfdiffusion.inference.model_runners][INFO] - Timestep 7, input to next step: --------------------------------------------------------------------------------------------------
[2026-04-19 22:02:33,462][rfdiffusion.inference.model_runners][INFO] - Timestep 6, input to next step: --------------------------------------------------------------------------------------------------
[2026-04-19 22:02:35,046][rfdiffusion.inference.model_runners][INFO] - Timestep 5, input to next step: --------------------------------------------------------------------------------------------------
[2026-04-19 22:02:36,674][rfdiffusion.inference.model_runners][INFO] - Timestep 4, input to next step: --------------------------------------------------------------------------------------------------
[2026-04-19 22:02:38,340][rfdiffusion.inference.model_runners][INFO] - Timestep 3, input to next step: --------------------------------------------------------------------------------------------------
[2026-04-19 22:02:39,946][rfdiffusion.inference.model_runners][INFO] - Timestep 2, input to next step: --------------------------------------------------------------------------------------------------
[2026-04-19 22:02:43,107][__main__][INFO] - Finished design in 1.39 minutes
[2026-04-19 22:02:43,107][__main__][INFO] - Making design /home/manvi/Team_8_CS598GBL/Assignment/Generate_designs/default/len_098/design_4
[2026-04-19 22:02:43,112][rfdiffusion.inference.model_runners][INFO] - Using contig: ['98-98']
[2026-04-19 22:02:43,135][rfdiffusion.inference.model_runners][INFO] - Sequence init: --------------------------------------------------------------------------------------------------
[2026-04-19 22:02:44,545][rfdiffusion.inference.model_runners][INFO] - Timestep 50, input to next step: --------------------------------------------------------------------------------------------------
[2026-04-19 22:02:46,051][rfdiffusion.inference.model_runners][INFO] - Timestep 49, input to next step: --------------------------------------------------------------------------------------------------
[2026-04-19 22:02:47,692][rfdiffusion.inference.model_runners][INFO] - Timestep 48, input to next step: --------------------------------------------------------------------------------------------------
[2026-04-19 22:02:49,366][rfdiffusion.inference.model_runners][INFO] - Timestep 47, input to next step: --------------------------------------------------------------------------------------------------
[2026-04-19 22:02:51,195][rfdiffusion.inference.model_runners][INFO] - Timestep 46, input to next step: --------------------------------------------------------------------------------------------------
[2026-04-19 22:02:53,250][rfdiffusion.inference.model_runners][INFO] - Timestep 45, input to next step: --------------------------------------------------------------------------------------------------
[2026-04-19 22:02:54,851][rfdiffusion.inference.model_runners][INFO] - Timestep 44, input to next step: --------------------------------------------------------------------------------------------------
[2026-04-19 22:02:56,481][rfdiffusion.inference.model_runners][INFO] - Timestep 43, input to next step: --------------------------------------------------------------------------------------------------
[2026-04-19 22:02:58,116][rfdiffusion.inference.model_runners][INFO] - Timestep 42, input to next step: --------------------------------------------------------------------------------------------------
[2026-04-19 22:02:59,750][rfdiffusion.inference.model_runners][INFO] - Timestep 41, input to next step: --------------------------------------------------------------------------------------------------
[2026-04-19 22:03:01,489][rfdiffusion.inference.model_runners][INFO] - Timestep 40, input to next step: --------------------------------------------------------------------------------------------------
[2026-04-19 22:03:03,172][rfdiffusion.inference.model_runners][INFO] - Timestep 39, input to next step: --------------------------------------------------------------------------------------------------
[2026-04-19 22:03:04,783][rfdiffusion.inference.model_runners][INFO] - Timestep 38, input to next step: --------------------------------------------------------------------------------------------------
[2026-04-19 22:03:06,447][rfdiffusion.inference.model_runners][INFO] - Timestep 37, input to next step: --------------------------------------------------------------------------------------------------
[2026-04-19 22:03:08,107][rfdiffusion.inference.model_runners][INFO] - Timestep 36, input to next step: --------------------------------------------------------------------------------------------------
[2026-04-19 22:03:09,744][rfdiffusion.inference.model_runners][INFO] - Timestep 35, input to next step: --------------------------------------------------------------------------------------------------
[2026-04-19 22:03:11,467][rfdiffusion.inference.model_runners][INFO] - Timestep 34, input to next step: --------------------------------------------------------------------------------------------------
[2026-04-19 22:03:13,231][rfdiffusion.inference.model_runners][INFO] - Timestep 33, input to next step: --------------------------------------------------------------------------------------------------
[2026-04-19 22:03:14,982][rfdiffusion.inference.model_runners][INFO] - Timestep 32, input to next step: --------------------------------------------------------------------------------------------------
[2026-04-19 22:03:16,623][rfdiffusion.inference.model_runners][INFO] - Timestep 31, input to next step: --------------------------------------------------------------------------------------------------
[2026-04-19 22:03:18,600][rfdiffusion.inference.model_runners][INFO] - Timestep 30, input to next step: --------------------------------------------------------------------------------------------------
[2026-04-19 22:03:20,389][rfdiffusion.inference.model_runners][INFO] - Timestep 29, input to next step: --------------------------------------------------------------------------------------------------
[2026-04-19 22:03:22,047][rfdiffusion.inference.model_runners][INFO] - Timestep 28, input to next step: --------------------------------------------------------------------------------------------------
[2026-04-19 22:03:23,774][rfdiffusion.inference.model_runners][INFO] - Timestep 27, input to next step: --------------------------------------------------------------------------------------------------
[2026-04-19 22:03:25,553][rfdiffusion.inference.model_runners][INFO] - Timestep 26, input to next step: --------------------------------------------------------------------------------------------------
[2026-04-19 22:03:27,315][rfdiffusion.inference.model_runners][INFO] - Timestep 25, input to next step: --------------------------------------------------------------------------------------------------
[2026-04-19 22:03:29,060][rfdiffusion.inference.model_runners][INFO] - Timestep 24, input to next step: --------------------------------------------------------------------------------------------------
[2026-04-19 22:03:30,814][rfdiffusion.inference.model_runners][INFO] - Timestep 23, input to next step: --------------------------------------------------------------------------------------------------
[2026-04-19 22:03:32,618][rfdiffusion.inference.model_runners][INFO] - Timestep 22, input to next step: --------------------------------------------------------------------------------------------------
[2026-04-19 22:03:34,400][rfdiffusion.inference.model_runners][INFO] - Timestep 21, input to next step: --------------------------------------------------------------------------------------------------
[2026-04-19 22:03:36,099][rfdiffusion.inference.model_runners][INFO] - Timestep 20, input to next step: --------------------------------------------------------------------------------------------------
[2026-04-19 22:03:37,785][rfdiffusion.inference.model_runners][INFO] - Timestep 19, input to next step: --------------------------------------------------------------------------------------------------
[2026-04-19 22:03:39,584][rfdiffusion.inference.model_runners][INFO] - Timestep 18, input to next step: --------------------------------------------------------------------------------------------------
[2026-04-19 22:03:41,391][rfdiffusion.inference.model_runners][INFO] - Timestep 17, input to next step: --------------------------------------------------------------------------------------------------
[2026-04-19 22:03:43,111][rfdiffusion.inference.model_runners][INFO] - Timestep 16, input to next step: --------------------------------------------------------------------------------------------------
[2026-04-19 22:03:44,937][rfdiffusion.inference.model_runners][INFO] - Timestep 15, input to next step: --------------------------------------------------------------------------------------------------
[2026-04-19 22:03:46,922][rfdiffusion.inference.model_runners][INFO] - Timestep 14, input to next step: --------------------------------------------------------------------------------------------------
[2026-04-19 22:03:48,752][rfdiffusion.inference.model_runners][INFO] - Timestep 13, input to next step: --------------------------------------------------------------------------------------------------
[2026-04-19 22:03:50,569][rfdiffusion.inference.model_runners][INFO] - Timestep 12, input to next step: --------------------------------------------------------------------------------------------------
[2026-04-19 22:03:52,944][rfdiffusion.inference.model_runners][INFO] - Timestep 11, input to next step: --------------------------------------------------------------------------------------------------
[2026-04-19 22:03:54,641][rfdiffusion.inference.model_runners][INFO] - Timestep 10, input to next step: --------------------------------------------------------------------------------------------------
[2026-04-19 22:03:56,461][rfdiffusion.inference.model_runners][INFO] - Timestep 9, input to next step: --------------------------------------------------------------------------------------------------
[2026-04-19 22:03:58,343][rfdiffusion.inference.model_runners][INFO] - Timestep 8, input to next step: --------------------------------------------------------------------------------------------------
[2026-04-19 22:04:00,220][rfdiffusion.inference.model_runners][INFO] - Timestep 7, input to next step: --------------------------------------------------------------------------------------------------
[2026-04-19 22:04:01,991][rfdiffusion.inference.model_runners][INFO] - Timestep 6, input to next step: --------------------------------------------------------------------------------------------------
[2026-04-19 22:04:03,828][rfdiffusion.inference.model_runners][INFO] - Timestep 5, input to next step: --------------------------------------------------------------------------------------------------
[2026-04-19 22:04:05,636][rfdiffusion.inference.model_runners][INFO] - Timestep 4, input to next step: --------------------------------------------------------------------------------------------------
[2026-04-19 22:04:07,418][rfdiffusion.inference.model_runners][INFO] - Timestep 3, input to next step: --------------------------------------------------------------------------------------------------
[2026-04-19 22:04:09,200][rfdiffusion.inference.model_runners][INFO] - Timestep 2, input to next step: --------------------------------------------------------------------------------------------------
[2026-04-19 22:04:12,956][__main__][INFO] - Finished design in 1.50 minutes
[2026-04-19 22:04:12,957][__main__][INFO] - Making design /home/manvi/Team_8_CS598GBL/Assignment/Generate_designs/default/len_098/design_5
[2026-04-19 22:04:12,966][rfdiffusion.inference.model_runners][INFO] - Using contig: ['98-98']
[2026-04-19 22:04:12,989][rfdiffusion.inference.model_runners][INFO] - Sequence init: --------------------------------------------------------------------------------------------------
[2026-04-19 22:04:14,578][rfdiffusion.inference.model_runners][INFO] - Timestep 50, input to next step: --------------------------------------------------------------------------------------------------
[2026-04-19 22:04:16,337][rfdiffusion.inference.model_runners][INFO] - Timestep 49, input to next step: --------------------------------------------------------------------------------------------------
[2026-04-19 22:04:18,153][rfdiffusion.inference.model_runners][INFO] - Timestep 48, input to next step: --------------------------------------------------------------------------------------------------
[2026-04-19 22:04:19,991][rfdiffusion.inference.model_runners][INFO] - Timestep 47, input to next step: --------------------------------------------------------------------------------------------------
[2026-04-19 22:04:21,981][rfdiffusion.inference.model_runners][INFO] - Timestep 46, input to next step: --------------------------------------------------------------------------------------------------
[2026-04-19 22:04:23,821][rfdiffusion.inference.model_runners][INFO] - Timestep 45, input to next step: --------------------------------------------------------------------------------------------------
[2026-04-19 22:04:25,639][rfdiffusion.inference.model_runners][INFO] - Timestep 44, input to next step: --------------------------------------------------------------------------------------------------
[2026-04-19 22:04:27,460][rfdiffusion.inference.model_runners][INFO] - Timestep 43, input to next step: --------------------------------------------------------------------------------------------------
[2026-04-19 22:04:29,468][rfdiffusion.inference.model_runners][INFO] - Timestep 42, input to next step: --------------------------------------------------------------------------------------------------
[2026-04-19 22:04:31,417][rfdiffusion.inference.model_runners][INFO] - Timestep 41, input to next step: --------------------------------------------------------------------------------------------------
[2026-04-19 22:04:33,283][rfdiffusion.inference.model_runners][INFO] - Timestep 40, input to next step: --------------------------------------------------------------------------------------------------
[2026-04-19 22:04:35,036][rfdiffusion.inference.model_runners][INFO] - Timestep 39, input to next step: --------------------------------------------------------------------------------------------------
[2026-04-19 22:04:36,919][rfdiffusion.inference.model_runners][INFO] - Timestep 38, input to next step: --------------------------------------------------------------------------------------------------
[2026-04-19 22:04:38,730][rfdiffusion.inference.model_runners][INFO] - Timestep 37, input to next step: --------------------------------------------------------------------------------------------------
[2026-04-19 22:04:40,517][rfdiffusion.inference.model_runners][INFO] - Timestep 36, input to next step: --------------------------------------------------------------------------------------------------
[2026-04-19 22:04:42,425][rfdiffusion.inference.model_runners][INFO] - Timestep 35, input to next step: --------------------------------------------------------------------------------------------------
[2026-04-19 22:04:44,340][rfdiffusion.inference.model_runners][INFO] - Timestep 34, input to next step: --------------------------------------------------------------------------------------------------
[2026-04-19 22:04:46,101][rfdiffusion.inference.model_runners][INFO] - Timestep 33, input to next step: --------------------------------------------------------------------------------------------------
[2026-04-19 22:04:47,870][rfdiffusion.inference.model_runners][INFO] - Timestep 32, input to next step: --------------------------------------------------------------------------------------------------
[2026-04-19 22:04:49,718][rfdiffusion.inference.model_runners][INFO] - Timestep 31, input to next step: --------------------------------------------------------------------------------------------------
[2026-04-19 22:04:51,530][rfdiffusion.inference.model_runners][INFO] - Timestep 30, input to next step: --------------------------------------------------------------------------------------------------
[2026-04-19 22:04:53,323][rfdiffusion.inference.model_runners][INFO] - Timestep 29, input to next step: --------------------------------------------------------------------------------------------------
[2026-04-19 22:04:55,102][rfdiffusion.inference.model_runners][INFO] - Timestep 28, input to next step: --------------------------------------------------------------------------------------------------
[2026-04-19 22:04:56,888][rfdiffusion.inference.model_runners][INFO] - Timestep 27, input to next step: --------------------------------------------------------------------------------------------------
[2026-04-19 22:04:58,752][rfdiffusion.inference.model_runners][INFO] - Timestep 26, input to next step: --------------------------------------------------------------------------------------------------
[2026-04-19 22:05:00,565][rfdiffusion.inference.model_runners][INFO] - Timestep 25, input to next step: --------------------------------------------------------------------------------------------------
[2026-04-19 22:05:02,394][rfdiffusion.inference.model_runners][INFO] - Timestep 24, input to next step: --------------------------------------------------------------------------------------------------
[2026-04-19 22:05:04,197][rfdiffusion.inference.model_runners][INFO] - Timestep 23, input to next step: --------------------------------------------------------------------------------------------------
[2026-04-19 22:05:05,976][rfdiffusion.inference.model_runners][INFO] - Timestep 22, input to next step: --------------------------------------------------------------------------------------------------
[2026-04-19 22:05:07,751][rfdiffusion.inference.model_runners][INFO] - Timestep 21, input to next step: --------------------------------------------------------------------------------------------------
[2026-04-19 22:05:09,579][rfdiffusion.inference.model_runners][INFO] - Timestep 20, input to next step: --------------------------------------------------------------------------------------------------
[2026-04-19 22:05:11,216][rfdiffusion.inference.model_runners][INFO] - Timestep 19, input to next step: --------------------------------------------------------------------------------------------------
[2026-04-19 22:05:12,943][rfdiffusion.inference.model_runners][INFO] - Timestep 18, input to next step: --------------------------------------------------------------------------------------------------
[2026-04-19 22:05:14,748][rfdiffusion.inference.model_runners][INFO] - Timestep 17, input to next step: --------------------------------------------------------------------------------------------------
[2026-04-19 22:05:16,305][rfdiffusion.inference.model_runners][INFO] - Timestep 16, input to next step: --------------------------------------------------------------------------------------------------
[2026-04-19 22:05:17,934][rfdiffusion.inference.model_runners][INFO] - Timestep 15, input to next step: --------------------------------------------------------------------------------------------------
[2026-04-19 22:05:19,538][rfdiffusion.inference.model_runners][INFO] - Timestep 14, input to next step: --------------------------------------------------------------------------------------------------
[2026-04-19 22:05:21,194][rfdiffusion.inference.model_runners][INFO] - Timestep 13, input to next step: --------------------------------------------------------------------------------------------------
[2026-04-19 22:05:22,851][rfdiffusion.inference.model_runners][INFO] - Timestep 12, input to next step: --------------------------------------------------------------------------------------------------
[2026-04-19 22:05:24,496][rfdiffusion.inference.model_runners][INFO] - Timestep 11, input to next step: --------------------------------------------------------------------------------------------------
[2026-04-19 22:05:26,154][rfdiffusion.inference.model_runners][INFO] - Timestep 10, input to next step: --------------------------------------------------------------------------------------------------
[2026-04-19 22:05:27,891][rfdiffusion.inference.model_runners][INFO] - Timestep 9, input to next step: --------------------------------------------------------------------------------------------------
[2026-04-19 22:05:29,703][rfdiffusion.inference.model_runners][INFO] - Timestep 8, input to next step: --------------------------------------------------------------------------------------------------
[2026-04-19 22:05:31,445][rfdiffusion.inference.model_runners][INFO] - Timestep 7, input to next step: --------------------------------------------------------------------------------------------------
[2026-04-19 22:05:33,173][rfdiffusion.inference.model_runners][INFO] - Timestep 6, input to next step: --------------------------------------------------------------------------------------------------
[2026-04-19 22:05:34,822][rfdiffusion.inference.model_runners][INFO] - Timestep 5, input to next step: --------------------------------------------------------------------------------------------------
[2026-04-19 22:05:36,545][rfdiffusion.inference.model_runners][INFO] - Timestep 4, input to next step: --------------------------------------------------------------------------------------------------
[2026-04-19 22:05:38,152][rfdiffusion.inference.model_runners][INFO] - Timestep 3, input to next step: --------------------------------------------------------------------------------------------------
[2026-04-19 22:05:39,845][rfdiffusion.inference.model_runners][INFO] - Timestep 2, input to next step: --------------------------------------------------------------------------------------------------
[2026-04-19 22:05:43,156][__main__][INFO] - Finished design in 1.50 minutes
[2026-04-19 22:05:43,156][__main__][INFO] - Making design /home/manvi/Team_8_CS598GBL/Assignment/Generate_designs/default/len_098/design_6
[2026-04-19 22:05:43,161][rfdiffusion.inference.model_runners][INFO] - Using contig: ['98-98']
[2026-04-19 22:05:43,181][rfdiffusion.inference.model_runners][INFO] - Sequence init: --------------------------------------------------------------------------------------------------
[2026-04-19 22:05:44,427][rfdiffusion.inference.model_runners][INFO] - Timestep 50, input to next step: --------------------------------------------------------------------------------------------------
[2026-04-19 22:05:45,968][rfdiffusion.inference.model_runners][INFO] - Timestep 49, input to next step: --------------------------------------------------------------------------------------------------
[2026-04-19 22:05:47,646][rfdiffusion.inference.model_runners][INFO] - Timestep 48, input to next step: --------------------------------------------------------------------------------------------------
[2026-04-19 22:05:49,445][rfdiffusion.inference.model_runners][INFO] - Timestep 47, input to next step: --------------------------------------------------------------------------------------------------
[2026-04-19 22:05:51,187][rfdiffusion.inference.model_runners][INFO] - Timestep 46, input to next step: --------------------------------------------------------------------------------------------------
[2026-04-19 22:05:52,861][rfdiffusion.inference.model_runners][INFO] - Timestep 45, input to next step: --------------------------------------------------------------------------------------------------
[2026-04-19 22:05:54,386][rfdiffusion.inference.model_runners][INFO] - Timestep 44, input to next step: --------------------------------------------------------------------------------------------------
[2026-04-19 22:05:55,949][rfdiffusion.inference.model_runners][INFO] - Timestep 43, input to next step: --------------------------------------------------------------------------------------------------
[2026-04-19 22:05:57,400][rfdiffusion.inference.model_runners][INFO] - Timestep 42, input to next step: --------------------------------------------------------------------------------------------------
[2026-04-19 22:05:59,077][rfdiffusion.inference.model_runners][INFO] - Timestep 41, input to next step: --------------------------------------------------------------------------------------------------
[2026-04-19 22:06:00,516][rfdiffusion.inference.model_runners][INFO] - Timestep 40, input to next step: --------------------------------------------------------------------------------------------------
[2026-04-19 22:06:01,874][rfdiffusion.inference.model_runners][INFO] - Timestep 39, input to next step: --------------------------------------------------------------------------------------------------
[2026-04-19 22:06:03,254][rfdiffusion.inference.model_runners][INFO] - Timestep 38, input to next step: --------------------------------------------------------------------------------------------------
[2026-04-19 22:06:04,743][rfdiffusion.inference.model_runners][INFO] - Timestep 37, input to next step: --------------------------------------------------------------------------------------------------
[2026-04-19 22:06:06,253][rfdiffusion.inference.model_runners][INFO] - Timestep 36, input to next step: --------------------------------------------------------------------------------------------------
[2026-04-19 22:06:07,842][rfdiffusion.inference.model_runners][INFO] - Timestep 35, input to next step: --------------------------------------------------------------------------------------------------
[2026-04-19 22:06:09,467][rfdiffusion.inference.model_runners][INFO] - Timestep 34, input to next step: --------------------------------------------------------------------------------------------------
[2026-04-19 22:06:11,097][rfdiffusion.inference.model_runners][INFO] - Timestep 33, input to next step: --------------------------------------------------------------------------------------------------
[2026-04-19 22:06:12,745][rfdiffusion.inference.model_runners][INFO] - Timestep 32, input to next step: --------------------------------------------------------------------------------------------------
[2026-04-19 22:06:15,094][rfdiffusion.inference.model_runners][INFO] - Timestep 31, input to next step: --------------------------------------------------------------------------------------------------
[2026-04-19 22:06:16,795][rfdiffusion.inference.model_runners][INFO] - Timestep 30, input to next step: --------------------------------------------------------------------------------------------------
[2026-04-19 22:06:18,425][rfdiffusion.inference.model_runners][INFO] - Timestep 29, input to next step: --------------------------------------------------------------------------------------------------
[2026-04-19 22:06:20,092][rfdiffusion.inference.model_runners][INFO] - Timestep 28, input to next step: --------------------------------------------------------------------------------------------------
[2026-04-19 22:06:21,888][rfdiffusion.inference.model_runners][INFO] - Timestep 27, input to next step: --------------------------------------------------------------------------------------------------
[2026-04-19 22:06:23,692][rfdiffusion.inference.model_runners][INFO] - Timestep 26, input to next step: --------------------------------------------------------------------------------------------------
[2026-04-19 22:06:25,414][rfdiffusion.inference.model_runners][INFO] - Timestep 25, input to next step: --------------------------------------------------------------------------------------------------
[2026-04-19 22:06:27,085][rfdiffusion.inference.model_runners][INFO] - Timestep 24, input to next step: --------------------------------------------------------------------------------------------------
[2026-04-19 22:06:28,501][rfdiffusion.inference.model_runners][INFO] - Timestep 23, input to next step: --------------------------------------------------------------------------------------------------
[2026-04-19 22:06:30,142][rfdiffusion.inference.model_runners][INFO] - Timestep 22, input to next step: --------------------------------------------------------------------------------------------------
[2026-04-19 22:06:31,810][rfdiffusion.inference.model_runners][INFO] - Timestep 21, input to next step: --------------------------------------------------------------------------------------------------
[2026-04-19 22:06:33,410][rfdiffusion.inference.model_runners][INFO] - Timestep 20, input to next step: --------------------------------------------------------------------------------------------------
[2026-04-19 22:06:35,028][rfdiffusion.inference.model_runners][INFO] - Timestep 19, input to next step: --------------------------------------------------------------------------------------------------
[2026-04-19 22:06:36,693][rfdiffusion.inference.model_runners][INFO] - Timestep 18, input to next step: --------------------------------------------------------------------------------------------------
[2026-04-19 22:06:38,452][rfdiffusion.inference.model_runners][INFO] - Timestep 17, input to next step: --------------------------------------------------------------------------------------------------
[2026-04-19 22:06:40,325][rfdiffusion.inference.model_runners][INFO] - Timestep 16, input to next step: --------------------------------------------------------------------------------------------------
[2026-04-19 22:06:42,016][rfdiffusion.inference.model_runners][INFO] - Timestep 15, input to next step: --------------------------------------------------------------------------------------------------
[2026-04-19 22:06:43,650][rfdiffusion.inference.model_runners][INFO] - Timestep 14, input to next step: --------------------------------------------------------------------------------------------------
[2026-04-19 22:06:45,981][rfdiffusion.inference.model_runners][INFO] - Timestep 13, input to next step: --------------------------------------------------------------------------------------------------
[2026-04-19 22:06:48,265][rfdiffusion.inference.model_runners][INFO] - Timestep 12, input to next step: --------------------------------------------------------------------------------------------------
[2026-04-19 22:06:50,730][rfdiffusion.inference.model_runners][INFO] - Timestep 11, input to next step: --------------------------------------------------------------------------------------------------
[2026-04-19 22:06:52,566][rfdiffusion.inference.model_runners][INFO] - Timestep 10, input to next step: --------------------------------------------------------------------------------------------------
[2026-04-19 22:06:54,837][rfdiffusion.inference.model_runners][INFO] - Timestep 9, input to next step: --------------------------------------------------------------------------------------------------
[2026-04-19 22:06:57,075][rfdiffusion.inference.model_runners][INFO] - Timestep 8, input to next step: --------------------------------------------------------------------------------------------------
[2026-04-19 22:06:59,511][rfdiffusion.inference.model_runners][INFO] - Timestep 7, input to next step: --------------------------------------------------------------------------------------------------
[2026-04-19 22:07:01,567][rfdiffusion.inference.model_runners][INFO] - Timestep 6, input to next step: --------------------------------------------------------------------------------------------------
[2026-04-19 22:07:03,941][rfdiffusion.inference.model_runners][INFO] - Timestep 5, input to next step: --------------------------------------------------------------------------------------------------
[2026-04-19 22:07:06,431][rfdiffusion.inference.model_runners][INFO] - Timestep 4, input to next step: --------------------------------------------------------------------------------------------------
[2026-04-19 22:07:08,275][rfdiffusion.inference.model_runners][INFO] - Timestep 3, input to next step: --------------------------------------------------------------------------------------------------
[2026-04-19 22:07:10,079][rfdiffusion.inference.model_runners][INFO] - Timestep 2, input to next step: --------------------------------------------------------------------------------------------------
[2026-04-19 22:07:13,454][__main__][INFO] - Finished design in 1.50 minutes
[2026-04-19 22:07:13,454][__main__][INFO] - Making design /home/manvi/Team_8_CS598GBL/Assignment/Generate_designs/default/len_098/design_7
[2026-04-19 22:07:13,461][rfdiffusion.inference.model_runners][INFO] - Using contig: ['98-98']
[2026-04-19 22:07:13,484][rfdiffusion.inference.model_runners][INFO] - Sequence init: --------------------------------------------------------------------------------------------------
[2026-04-19 22:07:14,906][rfdiffusion.inference.model_runners][INFO] - Timestep 50, input to next step: --------------------------------------------------------------------------------------------------
[2026-04-19 22:07:16,422][rfdiffusion.inference.model_runners][INFO] - Timestep 49, input to next step: --------------------------------------------------------------------------------------------------
[2026-04-19 22:07:17,838][rfdiffusion.inference.model_runners][INFO] - Timestep 48, input to next step: --------------------------------------------------------------------------------------------------
[2026-04-19 22:07:19,312][rfdiffusion.inference.model_runners][INFO] - Timestep 47, input to next step: --------------------------------------------------------------------------------------------------
[2026-04-19 22:07:20,943][rfdiffusion.inference.model_runners][INFO] - Timestep 46, input to next step: --------------------------------------------------------------------------------------------------
[2026-04-19 22:07:22,597][rfdiffusion.inference.model_runners][INFO] - Timestep 45, input to next step: --------------------------------------------------------------------------------------------------
[2026-04-19 22:07:24,506][rfdiffusion.inference.model_runners][INFO] - Timestep 44, input to next step: --------------------------------------------------------------------------------------------------
[2026-04-19 22:07:27,317][rfdiffusion.inference.model_runners][INFO] - Timestep 43, input to next step: --------------------------------------------------------------------------------------------------
[2026-04-19 22:07:28,724][rfdiffusion.inference.model_runners][INFO] - Timestep 42, input to next step: --------------------------------------------------------------------------------------------------
[2026-04-19 22:07:30,244][rfdiffusion.inference.model_runners][INFO] - Timestep 41, input to next step: --------------------------------------------------------------------------------------------------
[2026-04-19 22:07:31,819][rfdiffusion.inference.model_runners][INFO] - Timestep 40, input to next step: --------------------------------------------------------------------------------------------------
[2026-04-19 22:07:33,822][rfdiffusion.inference.model_runners][INFO] - Timestep 39, input to next step: --------------------------------------------------------------------------------------------------
[2026-04-19 22:07:35,446][rfdiffusion.inference.model_runners][INFO] - Timestep 38, input to next step: --------------------------------------------------------------------------------------------------
[2026-04-19 22:07:37,181][rfdiffusion.inference.model_runners][INFO] - Timestep 37, input to next step: --------------------------------------------------------------------------------------------------
[2026-04-19 22:07:38,895][rfdiffusion.inference.model_runners][INFO] - Timestep 36, input to next step: --------------------------------------------------------------------------------------------------
[2026-04-19 22:07:40,570][rfdiffusion.inference.model_runners][INFO] - Timestep 35, input to next step: --------------------------------------------------------------------------------------------------
[2026-04-19 22:07:42,235][rfdiffusion.inference.model_runners][INFO] - Timestep 34, input to next step: --------------------------------------------------------------------------------------------------
[2026-04-19 22:07:43,934][rfdiffusion.inference.model_runners][INFO] - Timestep 33, input to next step: --------------------------------------------------------------------------------------------------
[2026-04-19 22:07:45,518][rfdiffusion.inference.model_runners][INFO] - Timestep 32, input to next step: --------------------------------------------------------------------------------------------------
[2026-04-19 22:07:47,225][rfdiffusion.inference.model_runners][INFO] - Timestep 31, input to next step: --------------------------------------------------------------------------------------------------
[2026-04-19 22:07:49,058][rfdiffusion.inference.model_runners][INFO] - Timestep 30, input to next step: --------------------------------------------------------------------------------------------------
[2026-04-19 22:07:50,712][rfdiffusion.inference.model_runners][INFO] - Timestep 29, input to next step: --------------------------------------------------------------------------------------------------
[2026-04-19 22:07:52,498][rfdiffusion.inference.model_runners][INFO] - Timestep 28, input to next step: --------------------------------------------------------------------------------------------------
[2026-04-19 22:07:54,387][rfdiffusion.inference.model_runners][INFO] - Timestep 27, input to next step: --------------------------------------------------------------------------------------------------
[2026-04-19 22:07:56,261][rfdiffusion.inference.model_runners][INFO] - Timestep 26, input to next step: --------------------------------------------------------------------------------------------------
[2026-04-19 22:07:58,055][rfdiffusion.inference.model_runners][INFO] - Timestep 25, input to next step: --------------------------------------------------------------------------------------------------
[2026-04-19 22:07:59,831][rfdiffusion.inference.model_runners][INFO] - Timestep 24, input to next step: --------------------------------------------------------------------------------------------------
[2026-04-19 22:08:01,663][rfdiffusion.inference.model_runners][INFO] - Timestep 23, input to next step: --------------------------------------------------------------------------------------------------
[2026-04-19 22:08:03,577][rfdiffusion.inference.model_runners][INFO] - Timestep 22, input to next step: --------------------------------------------------------------------------------------------------
[2026-04-19 22:08:05,341][rfdiffusion.inference.model_runners][INFO] - Timestep 21, input to next step: --------------------------------------------------------------------------------------------------
[2026-04-19 22:08:07,246][rfdiffusion.inference.model_runners][INFO] - Timestep 20, input to next step: --------------------------------------------------------------------------------------------------
[2026-04-19 22:08:08,985][rfdiffusion.inference.model_runners][INFO] - Timestep 19, input to next step: --------------------------------------------------------------------------------------------------
[2026-04-19 22:08:10,730][rfdiffusion.inference.model_runners][INFO] - Timestep 18, input to next step: --------------------------------------------------------------------------------------------------
[2026-04-19 22:08:12,473][rfdiffusion.inference.model_runners][INFO] - Timestep 17, input to next step: --------------------------------------------------------------------------------------------------
[2026-04-19 22:08:14,324][rfdiffusion.inference.model_runners][INFO] - Timestep 16, input to next step: --------------------------------------------------------------------------------------------------
[2026-04-19 22:08:16,123][rfdiffusion.inference.model_runners][INFO] - Timestep 15, input to next step: --------------------------------------------------------------------------------------------------
[2026-04-19 22:08:18,186][rfdiffusion.inference.model_runners][INFO] - Timestep 14, input to next step: --------------------------------------------------------------------------------------------------
[2026-04-19 22:08:20,228][rfdiffusion.inference.model_runners][INFO] - Timestep 13, input to next step: --------------------------------------------------------------------------------------------------
[2026-04-19 22:08:21,967][rfdiffusion.inference.model_runners][INFO] - Timestep 12, input to next step: --------------------------------------------------------------------------------------------------
[2026-04-19 22:08:23,757][rfdiffusion.inference.model_runners][INFO] - Timestep 11, input to next step: --------------------------------------------------------------------------------------------------
[2026-04-19 22:08:25,577][rfdiffusion.inference.model_runners][INFO] - Timestep 10, input to next step: --------------------------------------------------------------------------------------------------
[2026-04-19 22:08:27,400][rfdiffusion.inference.model_runners][INFO] - Timestep 9, input to next step: --------------------------------------------------------------------------------------------------
[2026-04-19 22:08:29,186][rfdiffusion.inference.model_runners][INFO] - Timestep 8, input to next step: --------------------------------------------------------------------------------------------------
[2026-04-19 22:08:30,923][rfdiffusion.inference.model_runners][INFO] - Timestep 7, input to next step: --------------------------------------------------------------------------------------------------
[2026-04-19 22:08:32,692][rfdiffusion.inference.model_runners][INFO] - Timestep 6, input to next step: --------------------------------------------------------------------------------------------------
[2026-04-19 22:08:34,433][rfdiffusion.inference.model_runners][INFO] - Timestep 5, input to next step: --------------------------------------------------------------------------------------------------
[2026-04-19 22:08:36,220][rfdiffusion.inference.model_runners][INFO] - Timestep 4, input to next step: --------------------------------------------------------------------------------------------------
[2026-04-19 22:08:38,036][rfdiffusion.inference.model_runners][INFO] - Timestep 3, input to next step: --------------------------------------------------------------------------------------------------
[2026-04-19 22:08:39,829][rfdiffusion.inference.model_runners][INFO] - Timestep 2, input to next step: --------------------------------------------------------------------------------------------------
[2026-04-19 22:08:43,411][__main__][INFO] - Finished design in 1.50 minutes
[2026-04-19 22:08:43,411][__main__][INFO] - Making design /home/manvi/Team_8_CS598GBL/Assignment/Generate_designs/default/len_098/design_8
[2026-04-19 22:08:43,418][rfdiffusion.inference.model_runners][INFO] - Using contig: ['98-98']
[2026-04-19 22:08:43,439][rfdiffusion.inference.model_runners][INFO] - Sequence init: --------------------------------------------------------------------------------------------------
[2026-04-19 22:08:45,004][rfdiffusion.inference.model_runners][INFO] - Timestep 50, input to next step: --------------------------------------------------------------------------------------------------
[2026-04-19 22:08:46,720][rfdiffusion.inference.model_runners][INFO] - Timestep 49, input to next step: --------------------------------------------------------------------------------------------------
[2026-04-19 22:08:48,577][rfdiffusion.inference.model_runners][INFO] - Timestep 48, input to next step: --------------------------------------------------------------------------------------------------
[2026-04-19 22:08:50,425][rfdiffusion.inference.model_runners][INFO] - Timestep 47, input to next step: --------------------------------------------------------------------------------------------------
[2026-04-19 22:08:52,304][rfdiffusion.inference.model_runners][INFO] - Timestep 46, input to next step: --------------------------------------------------------------------------------------------------
[2026-04-19 22:08:54,156][rfdiffusion.inference.model_runners][INFO] - Timestep 45, input to next step: --------------------------------------------------------------------------------------------------
[2026-04-19 22:08:56,029][rfdiffusion.inference.model_runners][INFO] - Timestep 44, input to next step: --------------------------------------------------------------------------------------------------
[2026-04-19 22:08:57,912][rfdiffusion.inference.model_runners][INFO] - Timestep 43, input to next step: --------------------------------------------------------------------------------------------------
[2026-04-19 22:08:59,829][rfdiffusion.inference.model_runners][INFO] - Timestep 42, input to next step: --------------------------------------------------------------------------------------------------
[2026-04-19 22:09:01,770][rfdiffusion.inference.model_runners][INFO] - Timestep 41, input to next step: --------------------------------------------------------------------------------------------------
[2026-04-19 22:09:03,673][rfdiffusion.inference.model_runners][INFO] - Timestep 40, input to next step: --------------------------------------------------------------------------------------------------
[2026-04-19 22:09:05,482][rfdiffusion.inference.model_runners][INFO] - Timestep 39, input to next step: --------------------------------------------------------------------------------------------------
[2026-04-19 22:09:07,215][rfdiffusion.inference.model_runners][INFO] - Timestep 38, input to next step: --------------------------------------------------------------------------------------------------
[2026-04-19 22:09:08,860][rfdiffusion.inference.model_runners][INFO] - Timestep 37, input to next step: --------------------------------------------------------------------------------------------------
[2026-04-19 22:09:10,535][rfdiffusion.inference.model_runners][INFO] - Timestep 36, input to next step: --------------------------------------------------------------------------------------------------
[2026-04-19 22:09:12,200][rfdiffusion.inference.model_runners][INFO] - Timestep 35, input to next step: --------------------------------------------------------------------------------------------------
[2026-04-19 22:09:13,924][rfdiffusion.inference.model_runners][INFO] - Timestep 34, input to next step: --------------------------------------------------------------------------------------------------
[2026-04-19 22:09:15,724][rfdiffusion.inference.model_runners][INFO] - Timestep 33, input to next step: --------------------------------------------------------------------------------------------------
[2026-04-19 22:09:17,412][rfdiffusion.inference.model_runners][INFO] - Timestep 32, input to next step: --------------------------------------------------------------------------------------------------
[2026-04-19 22:09:19,169][rfdiffusion.inference.model_runners][INFO] - Timestep 31, input to next step: --------------------------------------------------------------------------------------------------
[2026-04-19 22:09:20,826][rfdiffusion.inference.model_runners][INFO] - Timestep 30, input to next step: --------------------------------------------------------------------------------------------------
[2026-04-19 22:09:22,500][rfdiffusion.inference.model_runners][INFO] - Timestep 29, input to next step: --------------------------------------------------------------------------------------------------
[2026-04-19 22:09:24,133][rfdiffusion.inference.model_runners][INFO] - Timestep 28, input to next step: --------------------------------------------------------------------------------------------------
[2026-04-19 22:09:25,802][rfdiffusion.inference.model_runners][INFO] - Timestep 27, input to next step: --------------------------------------------------------------------------------------------------
[2026-04-19 22:09:27,487][rfdiffusion.inference.model_runners][INFO] - Timestep 26, input to next step: --------------------------------------------------------------------------------------------------
[2026-04-19 22:09:29,204][rfdiffusion.inference.model_runners][INFO] - Timestep 25, input to next step: --------------------------------------------------------------------------------------------------
[2026-04-19 22:09:31,215][rfdiffusion.inference.model_runners][INFO] - Timestep 24, input to next step: --------------------------------------------------------------------------------------------------
[2026-04-19 22:09:33,263][rfdiffusion.inference.model_runners][INFO] - Timestep 23, input to next step: --------------------------------------------------------------------------------------------------
[2026-04-19 22:09:35,123][rfdiffusion.inference.model_runners][INFO] - Timestep 22, input to next step: --------------------------------------------------------------------------------------------------
[2026-04-19 22:09:36,831][rfdiffusion.inference.model_runners][INFO] - Timestep 21, input to next step: --------------------------------------------------------------------------------------------------
[2026-04-19 22:09:38,429][rfdiffusion.inference.model_runners][INFO] - Timestep 20, input to next step: --------------------------------------------------------------------------------------------------
[2026-04-19 22:09:40,203][rfdiffusion.inference.model_runners][INFO] - Timestep 19, input to next step: --------------------------------------------------------------------------------------------------
[2026-04-19 22:09:41,848][rfdiffusion.inference.model_runners][INFO] - Timestep 18, input to next step: --------------------------------------------------------------------------------------------------
[2026-04-19 22:09:43,463][rfdiffusion.inference.model_runners][INFO] - Timestep 17, input to next step: --------------------------------------------------------------------------------------------------
[2026-04-19 22:09:45,301][rfdiffusion.inference.model_runners][INFO] - Timestep 16, input to next step: --------------------------------------------------------------------------------------------------
[2026-04-19 22:09:46,975][rfdiffusion.inference.model_runners][INFO] - Timestep 15, input to next step: --------------------------------------------------------------------------------------------------
[2026-04-19 22:09:48,630][rfdiffusion.inference.model_runners][INFO] - Timestep 14, input to next step: --------------------------------------------------------------------------------------------------
[2026-04-19 22:09:50,357][rfdiffusion.inference.model_runners][INFO] - Timestep 13, input to next step: --------------------------------------------------------------------------------------------------
[2026-04-19 22:09:51,940][rfdiffusion.inference.model_runners][INFO] - Timestep 12, input to next step: --------------------------------------------------------------------------------------------------
[2026-04-19 22:09:53,623][rfdiffusion.inference.model_runners][INFO] - Timestep 11, input to next step: --------------------------------------------------------------------------------------------------
[2026-04-19 22:09:55,277][rfdiffusion.inference.model_runners][INFO] - Timestep 10, input to next step: --------------------------------------------------------------------------------------------------
[2026-04-19 22:09:56,955][rfdiffusion.inference.model_runners][INFO] - Timestep 9, input to next step: --------------------------------------------------------------------------------------------------
[2026-04-19 22:09:58,600][rfdiffusion.inference.model_runners][INFO] - Timestep 8, input to next step: --------------------------------------------------------------------------------------------------
[2026-04-19 22:10:00,263][rfdiffusion.inference.model_runners][INFO] - Timestep 7, input to next step: --------------------------------------------------------------------------------------------------
[2026-04-19 22:10:01,930][rfdiffusion.inference.model_runners][INFO] - Timestep 6, input to next step: --------------------------------------------------------------------------------------------------
[2026-04-19 22:10:03,417][rfdiffusion.inference.model_runners][INFO] - Timestep 5, input to next step: --------------------------------------------------------------------------------------------------
[2026-04-19 22:10:04,781][rfdiffusion.inference.model_runners][INFO] - Timestep 4, input to next step: --------------------------------------------------------------------------------------------------
[2026-04-19 22:10:06,337][rfdiffusion.inference.model_runners][INFO] - Timestep 3, input to next step: --------------------------------------------------------------------------------------------------
[2026-04-19 22:10:08,052][rfdiffusion.inference.model_runners][INFO] - Timestep 2, input to next step: --------------------------------------------------------------------------------------------------
[2026-04-19 22:10:11,419][__main__][INFO] - Finished design in 1.47 minutes
[2026-04-19 22:10:11,419][__main__][INFO] - Making design /home/manvi/Team_8_CS598GBL/Assignment/Generate_designs/default/len_098/design_9
[2026-04-19 22:10:11,424][rfdiffusion.inference.model_runners][INFO] - Using contig: ['98-98']
[2026-04-19 22:10:11,445][rfdiffusion.inference.model_runners][INFO] - Sequence init: --------------------------------------------------------------------------------------------------
[2026-04-19 22:10:12,948][rfdiffusion.inference.model_runners][INFO] - Timestep 50, input to next step: --------------------------------------------------------------------------------------------------
[2026-04-19 22:10:14,580][rfdiffusion.inference.model_runners][INFO] - Timestep 49, input to next step: --------------------------------------------------------------------------------------------------
[2026-04-19 22:10:16,401][rfdiffusion.inference.model_runners][INFO] - Timestep 48, input to next step: --------------------------------------------------------------------------------------------------
[2026-04-19 22:10:18,239][rfdiffusion.inference.model_runners][INFO] - Timestep 47, input to next step: --------------------------------------------------------------------------------------------------
[2026-04-19 22:10:20,020][rfdiffusion.inference.model_runners][INFO] - Timestep 46, input to next step: --------------------------------------------------------------------------------------------------
[2026-04-19 22:10:21,920][rfdiffusion.inference.model_runners][INFO] - Timestep 45, input to next step: --------------------------------------------------------------------------------------------------
[2026-04-19 22:10:23,677][rfdiffusion.inference.model_runners][INFO] - Timestep 44, input to next step: --------------------------------------------------------------------------------------------------
[2026-04-19 22:10:25,519][rfdiffusion.inference.model_runners][INFO] - Timestep 43, input to next step: --------------------------------------------------------------------------------------------------
[2026-04-19 22:10:27,334][rfdiffusion.inference.model_runners][INFO] - Timestep 42, input to next step: --------------------------------------------------------------------------------------------------
[2026-04-19 22:10:29,184][rfdiffusion.inference.model_runners][INFO] - Timestep 41, input to next step: --------------------------------------------------------------------------------------------------
[2026-04-19 22:10:31,027][rfdiffusion.inference.model_runners][INFO] - Timestep 40, input to next step: --------------------------------------------------------------------------------------------------
[2026-04-19 22:10:32,922][rfdiffusion.inference.model_runners][INFO] - Timestep 39, input to next step: --------------------------------------------------------------------------------------------------
[2026-04-19 22:10:34,703][rfdiffusion.inference.model_runners][INFO] - Timestep 38, input to next step: --------------------------------------------------------------------------------------------------
[2026-04-19 22:10:36,622][rfdiffusion.inference.model_runners][INFO] - Timestep 37, input to next step: --------------------------------------------------------------------------------------------------
[2026-04-19 22:10:38,394][rfdiffusion.inference.model_runners][INFO] - Timestep 36, input to next step: --------------------------------------------------------------------------------------------------
[2026-04-19 22:10:40,021][rfdiffusion.inference.model_runners][INFO] - Timestep 35, input to next step: --------------------------------------------------------------------------------------------------
[2026-04-19 22:10:41,790][rfdiffusion.inference.model_runners][INFO] - Timestep 34, input to next step: --------------------------------------------------------------------------------------------------
[2026-04-19 22:10:43,607][rfdiffusion.inference.model_runners][INFO] - Timestep 33, input to next step: --------------------------------------------------------------------------------------------------
[2026-04-19 22:10:45,403][rfdiffusion.inference.model_runners][INFO] - Timestep 32, input to next step: --------------------------------------------------------------------------------------------------
[2026-04-19 22:10:47,216][rfdiffusion.inference.model_runners][INFO] - Timestep 31, input to next step: --------------------------------------------------------------------------------------------------
[2026-04-19 22:10:48,944][rfdiffusion.inference.model_runners][INFO] - Timestep 30, input to next step: --------------------------------------------------------------------------------------------------
[2026-04-19 22:10:50,791][rfdiffusion.inference.model_runners][INFO] - Timestep 29, input to next step: --------------------------------------------------------------------------------------------------
[2026-04-19 22:10:52,610][rfdiffusion.inference.model_runners][INFO] - Timestep 28, input to next step: --------------------------------------------------------------------------------------------------
[2026-04-19 22:10:54,856][rfdiffusion.inference.model_runners][INFO] - Timestep 27, input to next step: --------------------------------------------------------------------------------------------------
[2026-04-19 22:10:56,853][rfdiffusion.inference.model_runners][INFO] - Timestep 26, input to next step: --------------------------------------------------------------------------------------------------
[2026-04-19 22:10:58,439][rfdiffusion.inference.model_runners][INFO] - Timestep 25, input to next step: --------------------------------------------------------------------------------------------------
[2026-04-19 22:11:00,021][rfdiffusion.inference.model_runners][INFO] - Timestep 24, input to next step: --------------------------------------------------------------------------------------------------
[2026-04-19 22:11:01,884][rfdiffusion.inference.model_runners][INFO] - Timestep 23, input to next step: --------------------------------------------------------------------------------------------------
[2026-04-19 22:11:03,652][rfdiffusion.inference.model_runners][INFO] - Timestep 22, input to next step: --------------------------------------------------------------------------------------------------
[2026-04-19 22:11:05,474][rfdiffusion.inference.model_runners][INFO] - Timestep 21, input to next step: --------------------------------------------------------------------------------------------------
[2026-04-19 22:11:07,237][rfdiffusion.inference.model_runners][INFO] - Timestep 20, input to next step: --------------------------------------------------------------------------------------------------
[2026-04-19 22:11:09,008][rfdiffusion.inference.model_runners][INFO] - Timestep 19, input to next step: --------------------------------------------------------------------------------------------------
[2026-04-19 22:11:10,804][rfdiffusion.inference.model_runners][INFO] - Timestep 18, input to next step: --------------------------------------------------------------------------------------------------
[2026-04-19 22:11:12,663][rfdiffusion.inference.model_runners][INFO] - Timestep 17, input to next step: --------------------------------------------------------------------------------------------------
[2026-04-19 22:11:14,388][rfdiffusion.inference.model_runners][INFO] - Timestep 16, input to next step: --------------------------------------------------------------------------------------------------
[2026-04-19 22:11:16,411][rfdiffusion.inference.model_runners][INFO] - Timestep 15, input to next step: --------------------------------------------------------------------------------------------------
[2026-04-19 22:11:18,279][rfdiffusion.inference.model_runners][INFO] - Timestep 14, input to next step: --------------------------------------------------------------------------------------------------
[2026-04-19 22:11:20,221][rfdiffusion.inference.model_runners][INFO] - Timestep 13, input to next step: --------------------------------------------------------------------------------------------------
[2026-04-19 22:11:22,081][rfdiffusion.inference.model_runners][INFO] - Timestep 12, input to next step: --------------------------------------------------------------------------------------------------
[2026-04-19 22:11:24,079][rfdiffusion.inference.model_runners][INFO] - Timestep 11, input to next step: --------------------------------------------------------------------------------------------------
[2026-04-19 22:11:25,903][rfdiffusion.inference.model_runners][INFO] - Timestep 10, input to next step: --------------------------------------------------------------------------------------------------
[2026-04-19 22:11:27,741][rfdiffusion.inference.model_runners][INFO] - Timestep 9, input to next step: --------------------------------------------------------------------------------------------------
[2026-04-19 22:11:29,453][rfdiffusion.inference.model_runners][INFO] - Timestep 8, input to next step: --------------------------------------------------------------------------------------------------
[2026-04-19 22:11:31,161][rfdiffusion.inference.model_runners][INFO] - Timestep 7, input to next step: --------------------------------------------------------------------------------------------------
[2026-04-19 22:11:32,876][rfdiffusion.inference.model_runners][INFO] - Timestep 6, input to next step: --------------------------------------------------------------------------------------------------
[2026-04-19 22:11:34,628][rfdiffusion.inference.model_runners][INFO] - Timestep 5, input to next step: --------------------------------------------------------------------------------------------------
[2026-04-19 22:11:36,412][rfdiffusion.inference.model_runners][INFO] - Timestep 4, input to next step: --------------------------------------------------------------------------------------------------
[2026-04-19 22:11:38,164][rfdiffusion.inference.model_runners][INFO] - Timestep 3, input to next step: --------------------------------------------------------------------------------------------------
[2026-04-19 22:11:39,791][rfdiffusion.inference.model_runners][INFO] - Timestep 2, input to next step: --------------------------------------------------------------------------------------------------
[2026-04-19 22:11:43,186][__main__][INFO] - Finished design in 1.53 minutes
