[2026-04-20 00:03:02,121][__main__][INFO] - Found GPU with device_name NVIDIA GeForce RTX 3050 Ti Laptop GPU. Will run RFdiffusion on NVIDIA GeForce RTX 3050 Ti Laptop GPU
[2026-04-20 00:03:02,121][rfdiffusion.inference.model_runners][INFO] - Reading checkpoint from /home/manvi/Team_8_CS598GBL/RFdiffusion/rfdiffusion/inference/../../models/Base_ckpt.pt
[2026-04-20 00:03:08,126][rfdiffusion.inference.model_runners][INFO] - Loading checkpoint.
[2026-04-20 00:03:08,423][rfdiffusion.diffusion][INFO] - Using cached IGSO3.
[2026-04-20 00:03:08,435][__main__][INFO] - Making design /home/manvi/Team_8_CS598GBL/Assignment/Generate_designs/default/len_105/design_0
[2026-04-20 00:03:08,440][rfdiffusion.inference.model_runners][INFO] - Using contig: ['105-105']
[2026-04-20 00:03:08,475][rfdiffusion.inference.model_runners][INFO] - Sequence init: ---------------------------------------------------------------------------------------------------------
[2026-04-20 00:03:12,569][rfdiffusion.inference.model_runners][INFO] - Timestep 50, input to next step: ---------------------------------------------------------------------------------------------------------
[2026-04-20 00:03:13,892][rfdiffusion.inference.model_runners][INFO] - Timestep 49, input to next step: ---------------------------------------------------------------------------------------------------------
[2026-04-20 00:03:15,366][rfdiffusion.inference.model_runners][INFO] - Timestep 48, input to next step: ---------------------------------------------------------------------------------------------------------
[2026-04-20 00:03:16,796][rfdiffusion.inference.model_runners][INFO] - Timestep 47, input to next step: ---------------------------------------------------------------------------------------------------------
[2026-04-20 00:03:18,527][rfdiffusion.inference.model_runners][INFO] - Timestep 46, input to next step: ---------------------------------------------------------------------------------------------------------
[2026-04-20 00:03:19,990][rfdiffusion.inference.model_runners][INFO] - Timestep 45, input to next step: ---------------------------------------------------------------------------------------------------------
[2026-04-20 00:03:21,465][rfdiffusion.inference.model_runners][INFO] - Timestep 44, input to next step: ---------------------------------------------------------------------------------------------------------
[2026-04-20 00:03:22,919][rfdiffusion.inference.model_runners][INFO] - Timestep 43, input to next step: ---------------------------------------------------------------------------------------------------------
[2026-04-20 00:03:24,350][rfdiffusion.inference.model_runners][INFO] - Timestep 42, input to next step: ---------------------------------------------------------------------------------------------------------
[2026-04-20 00:03:25,838][rfdiffusion.inference.model_runners][INFO] - Timestep 41, input to next step: ---------------------------------------------------------------------------------------------------------
[2026-04-20 00:03:27,293][rfdiffusion.inference.model_runners][INFO] - Timestep 40, input to next step: ---------------------------------------------------------------------------------------------------------
[2026-04-20 00:03:28,772][rfdiffusion.inference.model_runners][INFO] - Timestep 39, input to next step: ---------------------------------------------------------------------------------------------------------
[2026-04-20 00:03:30,181][rfdiffusion.inference.model_runners][INFO] - Timestep 38, input to next step: ---------------------------------------------------------------------------------------------------------
[2026-04-20 00:03:31,623][rfdiffusion.inference.model_runners][INFO] - Timestep 37, input to next step: ---------------------------------------------------------------------------------------------------------
[2026-04-20 00:03:33,081][rfdiffusion.inference.model_runners][INFO] - Timestep 36, input to next step: ---------------------------------------------------------------------------------------------------------
[2026-04-20 00:03:34,479][rfdiffusion.inference.model_runners][INFO] - Timestep 35, input to next step: ---------------------------------------------------------------------------------------------------------
[2026-04-20 00:03:35,869][rfdiffusion.inference.model_runners][INFO] - Timestep 34, input to next step: ---------------------------------------------------------------------------------------------------------
[2026-04-20 00:03:37,297][rfdiffusion.inference.model_runners][INFO] - Timestep 33, input to next step: ---------------------------------------------------------------------------------------------------------
[2026-04-20 00:03:38,757][rfdiffusion.inference.model_runners][INFO] - Timestep 32, input to next step: ---------------------------------------------------------------------------------------------------------
[2026-04-20 00:03:40,216][rfdiffusion.inference.model_runners][INFO] - Timestep 31, input to next step: ---------------------------------------------------------------------------------------------------------
[2026-04-20 00:03:41,700][rfdiffusion.inference.model_runners][INFO] - Timestep 30, input to next step: ---------------------------------------------------------------------------------------------------------
[2026-04-20 00:03:43,215][rfdiffusion.inference.model_runners][INFO] - Timestep 29, input to next step: ---------------------------------------------------------------------------------------------------------
[2026-04-20 00:03:44,695][rfdiffusion.inference.model_runners][INFO] - Timestep 28, input to next step: ---------------------------------------------------------------------------------------------------------
[2026-04-20 00:03:46,184][rfdiffusion.inference.model_runners][INFO] - Timestep 27, input to next step: ---------------------------------------------------------------------------------------------------------
[2026-04-20 00:03:47,640][rfdiffusion.inference.model_runners][INFO] - Timestep 26, input to next step: ---------------------------------------------------------------------------------------------------------
[2026-04-20 00:03:49,240][rfdiffusion.inference.model_runners][INFO] - Timestep 25, input to next step: ---------------------------------------------------------------------------------------------------------
[2026-04-20 00:03:50,731][rfdiffusion.inference.model_runners][INFO] - Timestep 24, input to next step: ---------------------------------------------------------------------------------------------------------
[2026-04-20 00:03:52,164][rfdiffusion.inference.model_runners][INFO] - Timestep 23, input to next step: ---------------------------------------------------------------------------------------------------------
[2026-04-20 00:03:53,569][rfdiffusion.inference.model_runners][INFO] - Timestep 22, input to next step: ---------------------------------------------------------------------------------------------------------
[2026-04-20 00:03:54,952][rfdiffusion.inference.model_runners][INFO] - Timestep 21, input to next step: ---------------------------------------------------------------------------------------------------------
[2026-04-20 00:03:56,330][rfdiffusion.inference.model_runners][INFO] - Timestep 20, input to next step: ---------------------------------------------------------------------------------------------------------
[2026-04-20 00:03:57,796][rfdiffusion.inference.model_runners][INFO] - Timestep 19, input to next step: ---------------------------------------------------------------------------------------------------------
[2026-04-20 00:03:59,238][rfdiffusion.inference.model_runners][INFO] - Timestep 18, input to next step: ---------------------------------------------------------------------------------------------------------
[2026-04-20 00:04:00,716][rfdiffusion.inference.model_runners][INFO] - Timestep 17, input to next step: ---------------------------------------------------------------------------------------------------------
[2026-04-20 00:04:02,148][rfdiffusion.inference.model_runners][INFO] - Timestep 16, input to next step: ---------------------------------------------------------------------------------------------------------
[2026-04-20 00:04:03,577][rfdiffusion.inference.model_runners][INFO] - Timestep 15, input to next step: ---------------------------------------------------------------------------------------------------------
[2026-04-20 00:04:04,980][rfdiffusion.inference.model_runners][INFO] - Timestep 14, input to next step: ---------------------------------------------------------------------------------------------------------
[2026-04-20 00:04:06,484][rfdiffusion.inference.model_runners][INFO] - Timestep 13, input to next step: ---------------------------------------------------------------------------------------------------------
[2026-04-20 00:04:07,918][rfdiffusion.inference.model_runners][INFO] - Timestep 12, input to next step: ---------------------------------------------------------------------------------------------------------
[2026-04-20 00:04:09,346][rfdiffusion.inference.model_runners][INFO] - Timestep 11, input to next step: ---------------------------------------------------------------------------------------------------------
[2026-04-20 00:04:10,802][rfdiffusion.inference.model_runners][INFO] - Timestep 10, input to next step: ---------------------------------------------------------------------------------------------------------
[2026-04-20 00:04:12,241][rfdiffusion.inference.model_runners][INFO] - Timestep 9, input to next step: ---------------------------------------------------------------------------------------------------------
[2026-04-20 00:04:13,649][rfdiffusion.inference.model_runners][INFO] - Timestep 8, input to next step: ---------------------------------------------------------------------------------------------------------
[2026-04-20 00:04:15,068][rfdiffusion.inference.model_runners][INFO] - Timestep 7, input to next step: ---------------------------------------------------------------------------------------------------------
[2026-04-20 00:04:16,615][rfdiffusion.inference.model_runners][INFO] - Timestep 6, input to next step: ---------------------------------------------------------------------------------------------------------
[2026-04-20 00:04:18,147][rfdiffusion.inference.model_runners][INFO] - Timestep 5, input to next step: ---------------------------------------------------------------------------------------------------------
[2026-04-20 00:04:19,705][rfdiffusion.inference.model_runners][INFO] - Timestep 4, input to next step: ---------------------------------------------------------------------------------------------------------
[2026-04-20 00:04:21,169][rfdiffusion.inference.model_runners][INFO] - Timestep 3, input to next step: ---------------------------------------------------------------------------------------------------------
[2026-04-20 00:04:22,677][rfdiffusion.inference.model_runners][INFO] - Timestep 2, input to next step: ---------------------------------------------------------------------------------------------------------
[2026-04-20 00:04:25,577][__main__][INFO] - Finished design in 1.29 minutes
[2026-04-20 00:04:25,577][__main__][INFO] - Making design /home/manvi/Team_8_CS598GBL/Assignment/Generate_designs/default/len_105/design_1
[2026-04-20 00:04:25,582][rfdiffusion.inference.model_runners][INFO] - Using contig: ['105-105']
[2026-04-20 00:04:25,600][rfdiffusion.inference.model_runners][INFO] - Sequence init: ---------------------------------------------------------------------------------------------------------
[2026-04-20 00:04:26,838][rfdiffusion.inference.model_runners][INFO] - Timestep 50, input to next step: ---------------------------------------------------------------------------------------------------------
[2026-04-20 00:04:28,192][rfdiffusion.inference.model_runners][INFO] - Timestep 49, input to next step: ---------------------------------------------------------------------------------------------------------
[2026-04-20 00:04:29,645][rfdiffusion.inference.model_runners][INFO] - Timestep 48, input to next step: ---------------------------------------------------------------------------------------------------------
[2026-04-20 00:04:31,060][rfdiffusion.inference.model_runners][INFO] - Timestep 47, input to next step: ---------------------------------------------------------------------------------------------------------
[2026-04-20 00:04:32,560][rfdiffusion.inference.model_runners][INFO] - Timestep 46, input to next step: ---------------------------------------------------------------------------------------------------------
[2026-04-20 00:04:34,055][rfdiffusion.inference.model_runners][INFO] - Timestep 45, input to next step: ---------------------------------------------------------------------------------------------------------
[2026-04-20 00:04:35,505][rfdiffusion.inference.model_runners][INFO] - Timestep 44, input to next step: ---------------------------------------------------------------------------------------------------------
[2026-04-20 00:04:37,012][rfdiffusion.inference.model_runners][INFO] - Timestep 43, input to next step: ---------------------------------------------------------------------------------------------------------
[2026-04-20 00:04:38,477][rfdiffusion.inference.model_runners][INFO] - Timestep 42, input to next step: ---------------------------------------------------------------------------------------------------------
[2026-04-20 00:04:39,942][rfdiffusion.inference.model_runners][INFO] - Timestep 41, input to next step: ---------------------------------------------------------------------------------------------------------
[2026-04-20 00:04:41,328][rfdiffusion.inference.model_runners][INFO] - Timestep 40, input to next step: ---------------------------------------------------------------------------------------------------------
[2026-04-20 00:04:42,838][rfdiffusion.inference.model_runners][INFO] - Timestep 39, input to next step: ---------------------------------------------------------------------------------------------------------
[2026-04-20 00:04:44,275][rfdiffusion.inference.model_runners][INFO] - Timestep 38, input to next step: ---------------------------------------------------------------------------------------------------------
[2026-04-20 00:04:45,787][rfdiffusion.inference.model_runners][INFO] - Timestep 37, input to next step: ---------------------------------------------------------------------------------------------------------
[2026-04-20 00:04:47,331][rfdiffusion.inference.model_runners][INFO] - Timestep 36, input to next step: ---------------------------------------------------------------------------------------------------------
[2026-04-20 00:04:48,765][rfdiffusion.inference.model_runners][INFO] - Timestep 35, input to next step: ---------------------------------------------------------------------------------------------------------
[2026-04-20 00:04:50,243][rfdiffusion.inference.model_runners][INFO] - Timestep 34, input to next step: ---------------------------------------------------------------------------------------------------------
[2026-04-20 00:04:51,710][rfdiffusion.inference.model_runners][INFO] - Timestep 33, input to next step: ---------------------------------------------------------------------------------------------------------
[2026-04-20 00:04:53,151][rfdiffusion.inference.model_runners][INFO] - Timestep 32, input to next step: ---------------------------------------------------------------------------------------------------------
[2026-04-20 00:04:54,618][rfdiffusion.inference.model_runners][INFO] - Timestep 31, input to next step: ---------------------------------------------------------------------------------------------------------
[2026-04-20 00:04:56,109][rfdiffusion.inference.model_runners][INFO] - Timestep 30, input to next step: ---------------------------------------------------------------------------------------------------------
[2026-04-20 00:04:57,575][rfdiffusion.inference.model_runners][INFO] - Timestep 29, input to next step: ---------------------------------------------------------------------------------------------------------
[2026-04-20 00:04:59,043][rfdiffusion.inference.model_runners][INFO] - Timestep 28, input to next step: ---------------------------------------------------------------------------------------------------------
[2026-04-20 00:05:00,609][rfdiffusion.inference.model_runners][INFO] - Timestep 27, input to next step: ---------------------------------------------------------------------------------------------------------
[2026-04-20 00:05:02,046][rfdiffusion.inference.model_runners][INFO] - Timestep 26, input to next step: ---------------------------------------------------------------------------------------------------------
[2026-04-20 00:05:03,478][rfdiffusion.inference.model_runners][INFO] - Timestep 25, input to next step: ---------------------------------------------------------------------------------------------------------
[2026-04-20 00:05:04,940][rfdiffusion.inference.model_runners][INFO] - Timestep 24, input to next step: ---------------------------------------------------------------------------------------------------------
[2026-04-20 00:05:06,420][rfdiffusion.inference.model_runners][INFO] - Timestep 23, input to next step: ---------------------------------------------------------------------------------------------------------
[2026-04-20 00:05:07,917][rfdiffusion.inference.model_runners][INFO] - Timestep 22, input to next step: ---------------------------------------------------------------------------------------------------------
[2026-04-20 00:05:09,358][rfdiffusion.inference.model_runners][INFO] - Timestep 21, input to next step: ---------------------------------------------------------------------------------------------------------
[2026-04-20 00:05:10,760][rfdiffusion.inference.model_runners][INFO] - Timestep 20, input to next step: ---------------------------------------------------------------------------------------------------------
[2026-04-20 00:05:12,196][rfdiffusion.inference.model_runners][INFO] - Timestep 19, input to next step: ---------------------------------------------------------------------------------------------------------
[2026-04-20 00:05:13,641][rfdiffusion.inference.model_runners][INFO] - Timestep 18, input to next step: ---------------------------------------------------------------------------------------------------------
[2026-04-20 00:05:15,215][rfdiffusion.inference.model_runners][INFO] - Timestep 17, input to next step: ---------------------------------------------------------------------------------------------------------
[2026-04-20 00:05:16,637][rfdiffusion.inference.model_runners][INFO] - Timestep 16, input to next step: ---------------------------------------------------------------------------------------------------------
[2026-04-20 00:05:18,210][rfdiffusion.inference.model_runners][INFO] - Timestep 15, input to next step: ---------------------------------------------------------------------------------------------------------
[2026-04-20 00:05:19,737][rfdiffusion.inference.model_runners][INFO] - Timestep 14, input to next step: ---------------------------------------------------------------------------------------------------------
[2026-04-20 00:05:21,251][rfdiffusion.inference.model_runners][INFO] - Timestep 13, input to next step: ---------------------------------------------------------------------------------------------------------
[2026-04-20 00:05:22,697][rfdiffusion.inference.model_runners][INFO] - Timestep 12, input to next step: ---------------------------------------------------------------------------------------------------------
[2026-04-20 00:05:24,254][rfdiffusion.inference.model_runners][INFO] - Timestep 11, input to next step: ---------------------------------------------------------------------------------------------------------
[2026-04-20 00:05:25,705][rfdiffusion.inference.model_runners][INFO] - Timestep 10, input to next step: ---------------------------------------------------------------------------------------------------------
[2026-04-20 00:05:27,163][rfdiffusion.inference.model_runners][INFO] - Timestep 9, input to next step: ---------------------------------------------------------------------------------------------------------
[2026-04-20 00:05:28,621][rfdiffusion.inference.model_runners][INFO] - Timestep 8, input to next step: ---------------------------------------------------------------------------------------------------------
[2026-04-20 00:05:30,053][rfdiffusion.inference.model_runners][INFO] - Timestep 7, input to next step: ---------------------------------------------------------------------------------------------------------
[2026-04-20 00:05:31,550][rfdiffusion.inference.model_runners][INFO] - Timestep 6, input to next step: ---------------------------------------------------------------------------------------------------------
[2026-04-20 00:05:33,028][rfdiffusion.inference.model_runners][INFO] - Timestep 5, input to next step: ---------------------------------------------------------------------------------------------------------
[2026-04-20 00:05:34,459][rfdiffusion.inference.model_runners][INFO] - Timestep 4, input to next step: ---------------------------------------------------------------------------------------------------------
[2026-04-20 00:05:35,955][rfdiffusion.inference.model_runners][INFO] - Timestep 3, input to next step: ---------------------------------------------------------------------------------------------------------
[2026-04-20 00:05:37,379][rfdiffusion.inference.model_runners][INFO] - Timestep 2, input to next step: ---------------------------------------------------------------------------------------------------------
[2026-04-20 00:05:40,232][__main__][INFO] - Finished design in 1.24 minutes
[2026-04-20 00:05:40,233][__main__][INFO] - Making design /home/manvi/Team_8_CS598GBL/Assignment/Generate_designs/default/len_105/design_2
[2026-04-20 00:05:40,240][rfdiffusion.inference.model_runners][INFO] - Using contig: ['105-105']
[2026-04-20 00:05:40,265][rfdiffusion.inference.model_runners][INFO] - Sequence init: ---------------------------------------------------------------------------------------------------------
[2026-04-20 00:05:41,546][rfdiffusion.inference.model_runners][INFO] - Timestep 50, input to next step: ---------------------------------------------------------------------------------------------------------
[2026-04-20 00:05:42,942][rfdiffusion.inference.model_runners][INFO] - Timestep 49, input to next step: ---------------------------------------------------------------------------------------------------------
[2026-04-20 00:05:44,428][rfdiffusion.inference.model_runners][INFO] - Timestep 48, input to next step: ---------------------------------------------------------------------------------------------------------
[2026-04-20 00:05:45,902][rfdiffusion.inference.model_runners][INFO] - Timestep 47, input to next step: ---------------------------------------------------------------------------------------------------------
[2026-04-20 00:05:47,352][rfdiffusion.inference.model_runners][INFO] - Timestep 46, input to next step: ---------------------------------------------------------------------------------------------------------
[2026-04-20 00:05:48,720][rfdiffusion.inference.model_runners][INFO] - Timestep 45, input to next step: ---------------------------------------------------------------------------------------------------------
[2026-04-20 00:05:50,228][rfdiffusion.inference.model_runners][INFO] - Timestep 44, input to next step: ---------------------------------------------------------------------------------------------------------
[2026-04-20 00:05:51,864][rfdiffusion.inference.model_runners][INFO] - Timestep 43, input to next step: ---------------------------------------------------------------------------------------------------------
[2026-04-20 00:05:53,432][rfdiffusion.inference.model_runners][INFO] - Timestep 42, input to next step: ---------------------------------------------------------------------------------------------------------
[2026-04-20 00:05:54,895][rfdiffusion.inference.model_runners][INFO] - Timestep 41, input to next step: ---------------------------------------------------------------------------------------------------------
[2026-04-20 00:05:56,396][rfdiffusion.inference.model_runners][INFO] - Timestep 40, input to next step: ---------------------------------------------------------------------------------------------------------
[2026-04-20 00:05:57,920][rfdiffusion.inference.model_runners][INFO] - Timestep 39, input to next step: ---------------------------------------------------------------------------------------------------------
[2026-04-20 00:05:59,417][rfdiffusion.inference.model_runners][INFO] - Timestep 38, input to next step: ---------------------------------------------------------------------------------------------------------
[2026-04-20 00:06:00,938][rfdiffusion.inference.model_runners][INFO] - Timestep 37, input to next step: ---------------------------------------------------------------------------------------------------------
[2026-04-20 00:06:02,472][rfdiffusion.inference.model_runners][INFO] - Timestep 36, input to next step: ---------------------------------------------------------------------------------------------------------
[2026-04-20 00:06:03,924][rfdiffusion.inference.model_runners][INFO] - Timestep 35, input to next step: ---------------------------------------------------------------------------------------------------------
[2026-04-20 00:06:05,349][rfdiffusion.inference.model_runners][INFO] - Timestep 34, input to next step: ---------------------------------------------------------------------------------------------------------
[2026-04-20 00:06:06,779][rfdiffusion.inference.model_runners][INFO] - Timestep 33, input to next step: ---------------------------------------------------------------------------------------------------------
[2026-04-20 00:06:08,288][rfdiffusion.inference.model_runners][INFO] - Timestep 32, input to next step: ---------------------------------------------------------------------------------------------------------
[2026-04-20 00:06:09,788][rfdiffusion.inference.model_runners][INFO] - Timestep 31, input to next step: ---------------------------------------------------------------------------------------------------------
[2026-04-20 00:06:11,207][rfdiffusion.inference.model_runners][INFO] - Timestep 30, input to next step: ---------------------------------------------------------------------------------------------------------
[2026-04-20 00:06:12,638][rfdiffusion.inference.model_runners][INFO] - Timestep 29, input to next step: ---------------------------------------------------------------------------------------------------------
[2026-04-20 00:06:14,412][rfdiffusion.inference.model_runners][INFO] - Timestep 28, input to next step: ---------------------------------------------------------------------------------------------------------
[2026-04-20 00:06:15,972][rfdiffusion.inference.model_runners][INFO] - Timestep 27, input to next step: ---------------------------------------------------------------------------------------------------------
[2026-04-20 00:06:17,428][rfdiffusion.inference.model_runners][INFO] - Timestep 26, input to next step: ---------------------------------------------------------------------------------------------------------
[2026-04-20 00:06:18,886][rfdiffusion.inference.model_runners][INFO] - Timestep 25, input to next step: ---------------------------------------------------------------------------------------------------------
[2026-04-20 00:06:20,551][rfdiffusion.inference.model_runners][INFO] - Timestep 24, input to next step: ---------------------------------------------------------------------------------------------------------
[2026-04-20 00:06:22,050][rfdiffusion.inference.model_runners][INFO] - Timestep 23, input to next step: ---------------------------------------------------------------------------------------------------------
[2026-04-20 00:06:23,654][rfdiffusion.inference.model_runners][INFO] - Timestep 22, input to next step: ---------------------------------------------------------------------------------------------------------
[2026-04-20 00:06:25,314][rfdiffusion.inference.model_runners][INFO] - Timestep 21, input to next step: ---------------------------------------------------------------------------------------------------------
[2026-04-20 00:06:26,862][rfdiffusion.inference.model_runners][INFO] - Timestep 20, input to next step: ---------------------------------------------------------------------------------------------------------
[2026-04-20 00:06:28,407][rfdiffusion.inference.model_runners][INFO] - Timestep 19, input to next step: ---------------------------------------------------------------------------------------------------------
[2026-04-20 00:06:29,908][rfdiffusion.inference.model_runners][INFO] - Timestep 18, input to next step: ---------------------------------------------------------------------------------------------------------
[2026-04-20 00:06:31,358][rfdiffusion.inference.model_runners][INFO] - Timestep 17, input to next step: ---------------------------------------------------------------------------------------------------------
[2026-04-20 00:06:32,870][rfdiffusion.inference.model_runners][INFO] - Timestep 16, input to next step: ---------------------------------------------------------------------------------------------------------
[2026-04-20 00:06:34,349][rfdiffusion.inference.model_runners][INFO] - Timestep 15, input to next step: ---------------------------------------------------------------------------------------------------------
[2026-04-20 00:06:35,763][rfdiffusion.inference.model_runners][INFO] - Timestep 14, input to next step: ---------------------------------------------------------------------------------------------------------
[2026-04-20 00:06:37,265][rfdiffusion.inference.model_runners][INFO] - Timestep 13, input to next step: ---------------------------------------------------------------------------------------------------------
[2026-04-20 00:06:38,711][rfdiffusion.inference.model_runners][INFO] - Timestep 12, input to next step: ---------------------------------------------------------------------------------------------------------
[2026-04-20 00:06:40,201][rfdiffusion.inference.model_runners][INFO] - Timestep 11, input to next step: ---------------------------------------------------------------------------------------------------------
[2026-04-20 00:06:41,649][rfdiffusion.inference.model_runners][INFO] - Timestep 10, input to next step: ---------------------------------------------------------------------------------------------------------
[2026-04-20 00:06:43,045][rfdiffusion.inference.model_runners][INFO] - Timestep 9, input to next step: ---------------------------------------------------------------------------------------------------------
[2026-04-20 00:06:44,599][rfdiffusion.inference.model_runners][INFO] - Timestep 8, input to next step: ---------------------------------------------------------------------------------------------------------
[2026-04-20 00:06:46,042][rfdiffusion.inference.model_runners][INFO] - Timestep 7, input to next step: ---------------------------------------------------------------------------------------------------------
[2026-04-20 00:06:47,521][rfdiffusion.inference.model_runners][INFO] - Timestep 6, input to next step: ---------------------------------------------------------------------------------------------------------
[2026-04-20 00:06:48,925][rfdiffusion.inference.model_runners][INFO] - Timestep 5, input to next step: ---------------------------------------------------------------------------------------------------------
[2026-04-20 00:06:50,520][rfdiffusion.inference.model_runners][INFO] - Timestep 4, input to next step: ---------------------------------------------------------------------------------------------------------
[2026-04-20 00:06:51,981][rfdiffusion.inference.model_runners][INFO] - Timestep 3, input to next step: ---------------------------------------------------------------------------------------------------------
[2026-04-20 00:06:53,466][rfdiffusion.inference.model_runners][INFO] - Timestep 2, input to next step: ---------------------------------------------------------------------------------------------------------
[2026-04-20 00:06:56,789][__main__][INFO] - Finished design in 1.28 minutes
[2026-04-20 00:06:56,789][__main__][INFO] - Making design /home/manvi/Team_8_CS598GBL/Assignment/Generate_designs/default/len_105/design_3
[2026-04-20 00:06:56,796][rfdiffusion.inference.model_runners][INFO] - Using contig: ['105-105']
[2026-04-20 00:06:56,821][rfdiffusion.inference.model_runners][INFO] - Sequence init: ---------------------------------------------------------------------------------------------------------
[2026-04-20 00:06:58,397][rfdiffusion.inference.model_runners][INFO] - Timestep 50, input to next step: ---------------------------------------------------------------------------------------------------------
[2026-04-20 00:06:59,870][rfdiffusion.inference.model_runners][INFO] - Timestep 49, input to next step: ---------------------------------------------------------------------------------------------------------
[2026-04-20 00:07:01,344][rfdiffusion.inference.model_runners][INFO] - Timestep 48, input to next step: ---------------------------------------------------------------------------------------------------------
[2026-04-20 00:07:02,814][rfdiffusion.inference.model_runners][INFO] - Timestep 47, input to next step: ---------------------------------------------------------------------------------------------------------
[2026-04-20 00:07:04,293][rfdiffusion.inference.model_runners][INFO] - Timestep 46, input to next step: ---------------------------------------------------------------------------------------------------------
[2026-04-20 00:07:05,771][rfdiffusion.inference.model_runners][INFO] - Timestep 45, input to next step: ---------------------------------------------------------------------------------------------------------
[2026-04-20 00:07:07,182][rfdiffusion.inference.model_runners][INFO] - Timestep 44, input to next step: ---------------------------------------------------------------------------------------------------------
[2026-04-20 00:07:08,602][rfdiffusion.inference.model_runners][INFO] - Timestep 43, input to next step: ---------------------------------------------------------------------------------------------------------
[2026-04-20 00:07:09,953][rfdiffusion.inference.model_runners][INFO] - Timestep 42, input to next step: ---------------------------------------------------------------------------------------------------------
[2026-04-20 00:07:11,392][rfdiffusion.inference.model_runners][INFO] - Timestep 41, input to next step: ---------------------------------------------------------------------------------------------------------
[2026-04-20 00:07:12,754][rfdiffusion.inference.model_runners][INFO] - Timestep 40, input to next step: ---------------------------------------------------------------------------------------------------------
[2026-04-20 00:07:14,251][rfdiffusion.inference.model_runners][INFO] - Timestep 39, input to next step: ---------------------------------------------------------------------------------------------------------
[2026-04-20 00:07:15,667][rfdiffusion.inference.model_runners][INFO] - Timestep 38, input to next step: ---------------------------------------------------------------------------------------------------------
[2026-04-20 00:07:17,267][rfdiffusion.inference.model_runners][INFO] - Timestep 37, input to next step: ---------------------------------------------------------------------------------------------------------
[2026-04-20 00:07:18,877][rfdiffusion.inference.model_runners][INFO] - Timestep 36, input to next step: ---------------------------------------------------------------------------------------------------------
[2026-04-20 00:07:20,517][rfdiffusion.inference.model_runners][INFO] - Timestep 35, input to next step: ---------------------------------------------------------------------------------------------------------
[2026-04-20 00:07:22,101][rfdiffusion.inference.model_runners][INFO] - Timestep 34, input to next step: ---------------------------------------------------------------------------------------------------------
[2026-04-20 00:07:23,790][rfdiffusion.inference.model_runners][INFO] - Timestep 33, input to next step: ---------------------------------------------------------------------------------------------------------
[2026-04-20 00:07:25,833][rfdiffusion.inference.model_runners][INFO] - Timestep 32, input to next step: ---------------------------------------------------------------------------------------------------------
[2026-04-20 00:07:27,693][rfdiffusion.inference.model_runners][INFO] - Timestep 31, input to next step: ---------------------------------------------------------------------------------------------------------
[2026-04-20 00:07:29,231][rfdiffusion.inference.model_runners][INFO] - Timestep 30, input to next step: ---------------------------------------------------------------------------------------------------------
[2026-04-20 00:07:30,671][rfdiffusion.inference.model_runners][INFO] - Timestep 29, input to next step: ---------------------------------------------------------------------------------------------------------
[2026-04-20 00:07:32,130][rfdiffusion.inference.model_runners][INFO] - Timestep 28, input to next step: ---------------------------------------------------------------------------------------------------------
[2026-04-20 00:07:33,768][rfdiffusion.inference.model_runners][INFO] - Timestep 27, input to next step: ---------------------------------------------------------------------------------------------------------
[2026-04-20 00:07:35,183][rfdiffusion.inference.model_runners][INFO] - Timestep 26, input to next step: ---------------------------------------------------------------------------------------------------------
[2026-04-20 00:07:36,605][rfdiffusion.inference.model_runners][INFO] - Timestep 25, input to next step: ---------------------------------------------------------------------------------------------------------
[2026-04-20 00:07:38,123][rfdiffusion.inference.model_runners][INFO] - Timestep 24, input to next step: ---------------------------------------------------------------------------------------------------------
[2026-04-20 00:07:39,596][rfdiffusion.inference.model_runners][INFO] - Timestep 23, input to next step: ---------------------------------------------------------------------------------------------------------
[2026-04-20 00:07:41,014][rfdiffusion.inference.model_runners][INFO] - Timestep 22, input to next step: ---------------------------------------------------------------------------------------------------------
[2026-04-20 00:07:42,403][rfdiffusion.inference.model_runners][INFO] - Timestep 21, input to next step: ---------------------------------------------------------------------------------------------------------
[2026-04-20 00:07:43,962][rfdiffusion.inference.model_runners][INFO] - Timestep 20, input to next step: ---------------------------------------------------------------------------------------------------------
[2026-04-20 00:07:45,418][rfdiffusion.inference.model_runners][INFO] - Timestep 19, input to next step: ---------------------------------------------------------------------------------------------------------
[2026-04-20 00:07:46,880][rfdiffusion.inference.model_runners][INFO] - Timestep 18, input to next step: ---------------------------------------------------------------------------------------------------------
[2026-04-20 00:07:48,375][rfdiffusion.inference.model_runners][INFO] - Timestep 17, input to next step: ---------------------------------------------------------------------------------------------------------
[2026-04-20 00:07:49,965][rfdiffusion.inference.model_runners][INFO] - Timestep 16, input to next step: ---------------------------------------------------------------------------------------------------------
[2026-04-20 00:07:51,543][rfdiffusion.inference.model_runners][INFO] - Timestep 15, input to next step: ---------------------------------------------------------------------------------------------------------
[2026-04-20 00:07:53,014][rfdiffusion.inference.model_runners][INFO] - Timestep 14, input to next step: ---------------------------------------------------------------------------------------------------------
[2026-04-20 00:07:54,615][rfdiffusion.inference.model_runners][INFO] - Timestep 13, input to next step: ---------------------------------------------------------------------------------------------------------
[2026-04-20 00:07:56,298][rfdiffusion.inference.model_runners][INFO] - Timestep 12, input to next step: ---------------------------------------------------------------------------------------------------------
[2026-04-20 00:07:58,071][rfdiffusion.inference.model_runners][INFO] - Timestep 11, input to next step: ---------------------------------------------------------------------------------------------------------
[2026-04-20 00:07:59,730][rfdiffusion.inference.model_runners][INFO] - Timestep 10, input to next step: ---------------------------------------------------------------------------------------------------------
[2026-04-20 00:08:01,583][rfdiffusion.inference.model_runners][INFO] - Timestep 9, input to next step: ---------------------------------------------------------------------------------------------------------
[2026-04-20 00:08:03,696][rfdiffusion.inference.model_runners][INFO] - Timestep 8, input to next step: ---------------------------------------------------------------------------------------------------------
[2026-04-20 00:08:05,641][rfdiffusion.inference.model_runners][INFO] - Timestep 7, input to next step: ---------------------------------------------------------------------------------------------------------
[2026-04-20 00:08:07,243][rfdiffusion.inference.model_runners][INFO] - Timestep 6, input to next step: ---------------------------------------------------------------------------------------------------------
[2026-04-20 00:08:09,323][rfdiffusion.inference.model_runners][INFO] - Timestep 5, input to next step: ---------------------------------------------------------------------------------------------------------
[2026-04-20 00:08:11,562][rfdiffusion.inference.model_runners][INFO] - Timestep 4, input to next step: ---------------------------------------------------------------------------------------------------------
[2026-04-20 00:08:13,664][rfdiffusion.inference.model_runners][INFO] - Timestep 3, input to next step: ---------------------------------------------------------------------------------------------------------
[2026-04-20 00:08:15,744][rfdiffusion.inference.model_runners][INFO] - Timestep 2, input to next step: ---------------------------------------------------------------------------------------------------------
[2026-04-20 00:08:19,322][__main__][INFO] - Finished design in 1.38 minutes
[2026-04-20 00:08:19,322][__main__][INFO] - Making design /home/manvi/Team_8_CS598GBL/Assignment/Generate_designs/default/len_105/design_4
[2026-04-20 00:08:19,327][rfdiffusion.inference.model_runners][INFO] - Using contig: ['105-105']
[2026-04-20 00:08:19,346][rfdiffusion.inference.model_runners][INFO] - Sequence init: ---------------------------------------------------------------------------------------------------------
[2026-04-20 00:08:20,821][rfdiffusion.inference.model_runners][INFO] - Timestep 50, input to next step: ---------------------------------------------------------------------------------------------------------
[2026-04-20 00:08:22,258][rfdiffusion.inference.model_runners][INFO] - Timestep 49, input to next step: ---------------------------------------------------------------------------------------------------------
[2026-04-20 00:08:23,780][rfdiffusion.inference.model_runners][INFO] - Timestep 48, input to next step: ---------------------------------------------------------------------------------------------------------
[2026-04-20 00:08:25,282][rfdiffusion.inference.model_runners][INFO] - Timestep 47, input to next step: ---------------------------------------------------------------------------------------------------------
[2026-04-20 00:08:26,770][rfdiffusion.inference.model_runners][INFO] - Timestep 46, input to next step: ---------------------------------------------------------------------------------------------------------
[2026-04-20 00:08:28,283][rfdiffusion.inference.model_runners][INFO] - Timestep 45, input to next step: ---------------------------------------------------------------------------------------------------------
[2026-04-20 00:08:29,784][rfdiffusion.inference.model_runners][INFO] - Timestep 44, input to next step: ---------------------------------------------------------------------------------------------------------
[2026-04-20 00:08:31,219][rfdiffusion.inference.model_runners][INFO] - Timestep 43, input to next step: ---------------------------------------------------------------------------------------------------------
[2026-04-20 00:08:32,643][rfdiffusion.inference.model_runners][INFO] - Timestep 42, input to next step: ---------------------------------------------------------------------------------------------------------
[2026-04-20 00:08:34,159][rfdiffusion.inference.model_runners][INFO] - Timestep 41, input to next step: ---------------------------------------------------------------------------------------------------------
[2026-04-20 00:08:35,478][rfdiffusion.inference.model_runners][INFO] - Timestep 40, input to next step: ---------------------------------------------------------------------------------------------------------
[2026-04-20 00:08:36,949][rfdiffusion.inference.model_runners][INFO] - Timestep 39, input to next step: ---------------------------------------------------------------------------------------------------------
[2026-04-20 00:08:38,452][rfdiffusion.inference.model_runners][INFO] - Timestep 38, input to next step: ---------------------------------------------------------------------------------------------------------
[2026-04-20 00:08:40,086][rfdiffusion.inference.model_runners][INFO] - Timestep 37, input to next step: ---------------------------------------------------------------------------------------------------------
[2026-04-20 00:08:41,564][rfdiffusion.inference.model_runners][INFO] - Timestep 36, input to next step: ---------------------------------------------------------------------------------------------------------
[2026-04-20 00:08:43,040][rfdiffusion.inference.model_runners][INFO] - Timestep 35, input to next step: ---------------------------------------------------------------------------------------------------------
[2026-04-20 00:08:44,505][rfdiffusion.inference.model_runners][INFO] - Timestep 34, input to next step: ---------------------------------------------------------------------------------------------------------
[2026-04-20 00:08:46,072][rfdiffusion.inference.model_runners][INFO] - Timestep 33, input to next step: ---------------------------------------------------------------------------------------------------------
[2026-04-20 00:08:47,567][rfdiffusion.inference.model_runners][INFO] - Timestep 32, input to next step: ---------------------------------------------------------------------------------------------------------
[2026-04-20 00:08:49,006][rfdiffusion.inference.model_runners][INFO] - Timestep 31, input to next step: ---------------------------------------------------------------------------------------------------------
[2026-04-20 00:08:50,530][rfdiffusion.inference.model_runners][INFO] - Timestep 30, input to next step: ---------------------------------------------------------------------------------------------------------
[2026-04-20 00:08:52,093][rfdiffusion.inference.model_runners][INFO] - Timestep 29, input to next step: ---------------------------------------------------------------------------------------------------------
[2026-04-20 00:08:53,588][rfdiffusion.inference.model_runners][INFO] - Timestep 28, input to next step: ---------------------------------------------------------------------------------------------------------
[2026-04-20 00:08:55,059][rfdiffusion.inference.model_runners][INFO] - Timestep 27, input to next step: ---------------------------------------------------------------------------------------------------------
[2026-04-20 00:08:56,644][rfdiffusion.inference.model_runners][INFO] - Timestep 26, input to next step: ---------------------------------------------------------------------------------------------------------
[2026-04-20 00:08:58,176][rfdiffusion.inference.model_runners][INFO] - Timestep 25, input to next step: ---------------------------------------------------------------------------------------------------------
[2026-04-20 00:09:00,057][rfdiffusion.inference.model_runners][INFO] - Timestep 24, input to next step: ---------------------------------------------------------------------------------------------------------
[2026-04-20 00:09:02,372][rfdiffusion.inference.model_runners][INFO] - Timestep 23, input to next step: ---------------------------------------------------------------------------------------------------------
[2026-04-20 00:09:04,442][rfdiffusion.inference.model_runners][INFO] - Timestep 22, input to next step: ---------------------------------------------------------------------------------------------------------
[2026-04-20 00:09:06,668][rfdiffusion.inference.model_runners][INFO] - Timestep 21, input to next step: ---------------------------------------------------------------------------------------------------------
[2026-04-20 00:09:08,913][rfdiffusion.inference.model_runners][INFO] - Timestep 20, input to next step: ---------------------------------------------------------------------------------------------------------
[2026-04-20 00:09:11,238][rfdiffusion.inference.model_runners][INFO] - Timestep 19, input to next step: ---------------------------------------------------------------------------------------------------------
[2026-04-20 00:09:13,266][rfdiffusion.inference.model_runners][INFO] - Timestep 18, input to next step: ---------------------------------------------------------------------------------------------------------
[2026-04-20 00:09:14,957][rfdiffusion.inference.model_runners][INFO] - Timestep 17, input to next step: ---------------------------------------------------------------------------------------------------------
[2026-04-20 00:09:16,489][rfdiffusion.inference.model_runners][INFO] - Timestep 16, input to next step: ---------------------------------------------------------------------------------------------------------
[2026-04-20 00:09:17,979][rfdiffusion.inference.model_runners][INFO] - Timestep 15, input to next step: ---------------------------------------------------------------------------------------------------------
[2026-04-20 00:09:19,510][rfdiffusion.inference.model_runners][INFO] - Timestep 14, input to next step: ---------------------------------------------------------------------------------------------------------
[2026-04-20 00:09:21,073][rfdiffusion.inference.model_runners][INFO] - Timestep 13, input to next step: ---------------------------------------------------------------------------------------------------------
[2026-04-20 00:09:22,608][rfdiffusion.inference.model_runners][INFO] - Timestep 12, input to next step: ---------------------------------------------------------------------------------------------------------
[2026-04-20 00:09:24,227][rfdiffusion.inference.model_runners][INFO] - Timestep 11, input to next step: ---------------------------------------------------------------------------------------------------------
[2026-04-20 00:09:25,725][rfdiffusion.inference.model_runners][INFO] - Timestep 10, input to next step: ---------------------------------------------------------------------------------------------------------
[2026-04-20 00:09:27,240][rfdiffusion.inference.model_runners][INFO] - Timestep 9, input to next step: ---------------------------------------------------------------------------------------------------------
[2026-04-20 00:09:28,757][rfdiffusion.inference.model_runners][INFO] - Timestep 8, input to next step: ---------------------------------------------------------------------------------------------------------
[2026-04-20 00:09:30,213][rfdiffusion.inference.model_runners][INFO] - Timestep 7, input to next step: ---------------------------------------------------------------------------------------------------------
[2026-04-20 00:09:31,744][rfdiffusion.inference.model_runners][INFO] - Timestep 6, input to next step: ---------------------------------------------------------------------------------------------------------
[2026-04-20 00:09:33,193][rfdiffusion.inference.model_runners][INFO] - Timestep 5, input to next step: ---------------------------------------------------------------------------------------------------------
[2026-04-20 00:09:34,699][rfdiffusion.inference.model_runners][INFO] - Timestep 4, input to next step: ---------------------------------------------------------------------------------------------------------
[2026-04-20 00:09:36,229][rfdiffusion.inference.model_runners][INFO] - Timestep 3, input to next step: ---------------------------------------------------------------------------------------------------------
[2026-04-20 00:09:37,768][rfdiffusion.inference.model_runners][INFO] - Timestep 2, input to next step: ---------------------------------------------------------------------------------------------------------
[2026-04-20 00:09:40,912][__main__][INFO] - Finished design in 1.36 minutes
[2026-04-20 00:09:40,912][__main__][INFO] - Making design /home/manvi/Team_8_CS598GBL/Assignment/Generate_designs/default/len_105/design_5
[2026-04-20 00:09:40,916][rfdiffusion.inference.model_runners][INFO] - Using contig: ['105-105']
[2026-04-20 00:09:40,934][rfdiffusion.inference.model_runners][INFO] - Sequence init: ---------------------------------------------------------------------------------------------------------
[2026-04-20 00:09:42,336][rfdiffusion.inference.model_runners][INFO] - Timestep 50, input to next step: ---------------------------------------------------------------------------------------------------------
[2026-04-20 00:09:43,710][rfdiffusion.inference.model_runners][INFO] - Timestep 49, input to next step: ---------------------------------------------------------------------------------------------------------
[2026-04-20 00:09:45,175][rfdiffusion.inference.model_runners][INFO] - Timestep 48, input to next step: ---------------------------------------------------------------------------------------------------------
[2026-04-20 00:09:46,707][rfdiffusion.inference.model_runners][INFO] - Timestep 47, input to next step: ---------------------------------------------------------------------------------------------------------
[2026-04-20 00:09:48,308][rfdiffusion.inference.model_runners][INFO] - Timestep 46, input to next step: ---------------------------------------------------------------------------------------------------------
[2026-04-20 00:09:49,773][rfdiffusion.inference.model_runners][INFO] - Timestep 45, input to next step: ---------------------------------------------------------------------------------------------------------
[2026-04-20 00:09:51,208][rfdiffusion.inference.model_runners][INFO] - Timestep 44, input to next step: ---------------------------------------------------------------------------------------------------------
[2026-04-20 00:09:52,665][rfdiffusion.inference.model_runners][INFO] - Timestep 43, input to next step: ---------------------------------------------------------------------------------------------------------
[2026-04-20 00:09:54,079][rfdiffusion.inference.model_runners][INFO] - Timestep 42, input to next step: ---------------------------------------------------------------------------------------------------------
[2026-04-20 00:09:55,527][rfdiffusion.inference.model_runners][INFO] - Timestep 41, input to next step: ---------------------------------------------------------------------------------------------------------
[2026-04-20 00:09:56,906][rfdiffusion.inference.model_runners][INFO] - Timestep 40, input to next step: ---------------------------------------------------------------------------------------------------------
[2026-04-20 00:09:58,344][rfdiffusion.inference.model_runners][INFO] - Timestep 39, input to next step: ---------------------------------------------------------------------------------------------------------
[2026-04-20 00:09:59,795][rfdiffusion.inference.model_runners][INFO] - Timestep 38, input to next step: ---------------------------------------------------------------------------------------------------------
[2026-04-20 00:10:01,159][rfdiffusion.inference.model_runners][INFO] - Timestep 37, input to next step: ---------------------------------------------------------------------------------------------------------
[2026-04-20 00:10:02,627][rfdiffusion.inference.model_runners][INFO] - Timestep 36, input to next step: ---------------------------------------------------------------------------------------------------------
[2026-04-20 00:10:04,016][rfdiffusion.inference.model_runners][INFO] - Timestep 35, input to next step: ---------------------------------------------------------------------------------------------------------
[2026-04-20 00:10:05,415][rfdiffusion.inference.model_runners][INFO] - Timestep 34, input to next step: ---------------------------------------------------------------------------------------------------------
[2026-04-20 00:10:06,830][rfdiffusion.inference.model_runners][INFO] - Timestep 33, input to next step: ---------------------------------------------------------------------------------------------------------
[2026-04-20 00:10:08,297][rfdiffusion.inference.model_runners][INFO] - Timestep 32, input to next step: ---------------------------------------------------------------------------------------------------------
[2026-04-20 00:10:09,820][rfdiffusion.inference.model_runners][INFO] - Timestep 31, input to next step: ---------------------------------------------------------------------------------------------------------
[2026-04-20 00:10:11,286][rfdiffusion.inference.model_runners][INFO] - Timestep 30, input to next step: ---------------------------------------------------------------------------------------------------------
[2026-04-20 00:10:12,740][rfdiffusion.inference.model_runners][INFO] - Timestep 29, input to next step: ---------------------------------------------------------------------------------------------------------
[2026-04-20 00:10:14,163][rfdiffusion.inference.model_runners][INFO] - Timestep 28, input to next step: ---------------------------------------------------------------------------------------------------------
[2026-04-20 00:10:15,657][rfdiffusion.inference.model_runners][INFO] - Timestep 27, input to next step: ---------------------------------------------------------------------------------------------------------
[2026-04-20 00:10:17,150][rfdiffusion.inference.model_runners][INFO] - Timestep 26, input to next step: ---------------------------------------------------------------------------------------------------------
[2026-04-20 00:10:18,667][rfdiffusion.inference.model_runners][INFO] - Timestep 25, input to next step: ---------------------------------------------------------------------------------------------------------
[2026-04-20 00:10:20,259][rfdiffusion.inference.model_runners][INFO] - Timestep 24, input to next step: ---------------------------------------------------------------------------------------------------------
[2026-04-20 00:10:21,805][rfdiffusion.inference.model_runners][INFO] - Timestep 23, input to next step: ---------------------------------------------------------------------------------------------------------
[2026-04-20 00:10:23,291][rfdiffusion.inference.model_runners][INFO] - Timestep 22, input to next step: ---------------------------------------------------------------------------------------------------------
[2026-04-20 00:10:24,773][rfdiffusion.inference.model_runners][INFO] - Timestep 21, input to next step: ---------------------------------------------------------------------------------------------------------
[2026-04-20 00:10:26,355][rfdiffusion.inference.model_runners][INFO] - Timestep 20, input to next step: ---------------------------------------------------------------------------------------------------------
[2026-04-20 00:10:27,891][rfdiffusion.inference.model_runners][INFO] - Timestep 19, input to next step: ---------------------------------------------------------------------------------------------------------
[2026-04-20 00:10:29,315][rfdiffusion.inference.model_runners][INFO] - Timestep 18, input to next step: ---------------------------------------------------------------------------------------------------------
[2026-04-20 00:10:30,767][rfdiffusion.inference.model_runners][INFO] - Timestep 17, input to next step: ---------------------------------------------------------------------------------------------------------
[2026-04-20 00:10:32,354][rfdiffusion.inference.model_runners][INFO] - Timestep 16, input to next step: ---------------------------------------------------------------------------------------------------------
[2026-04-20 00:10:33,821][rfdiffusion.inference.model_runners][INFO] - Timestep 15, input to next step: ---------------------------------------------------------------------------------------------------------
[2026-04-20 00:10:35,300][rfdiffusion.inference.model_runners][INFO] - Timestep 14, input to next step: ---------------------------------------------------------------------------------------------------------
[2026-04-20 00:10:37,108][rfdiffusion.inference.model_runners][INFO] - Timestep 13, input to next step: ---------------------------------------------------------------------------------------------------------
[2026-04-20 00:10:39,296][rfdiffusion.inference.model_runners][INFO] - Timestep 12, input to next step: ---------------------------------------------------------------------------------------------------------
[2026-04-20 00:10:41,056][rfdiffusion.inference.model_runners][INFO] - Timestep 11, input to next step: ---------------------------------------------------------------------------------------------------------
[2026-04-20 00:10:42,517][rfdiffusion.inference.model_runners][INFO] - Timestep 10, input to next step: ---------------------------------------------------------------------------------------------------------
[2026-04-20 00:10:43,985][rfdiffusion.inference.model_runners][INFO] - Timestep 9, input to next step: ---------------------------------------------------------------------------------------------------------
[2026-04-20 00:10:45,346][rfdiffusion.inference.model_runners][INFO] - Timestep 8, input to next step: ---------------------------------------------------------------------------------------------------------
[2026-04-20 00:10:46,806][rfdiffusion.inference.model_runners][INFO] - Timestep 7, input to next step: ---------------------------------------------------------------------------------------------------------
[2026-04-20 00:10:48,324][rfdiffusion.inference.model_runners][INFO] - Timestep 6, input to next step: ---------------------------------------------------------------------------------------------------------
[2026-04-20 00:10:49,863][rfdiffusion.inference.model_runners][INFO] - Timestep 5, input to next step: ---------------------------------------------------------------------------------------------------------
[2026-04-20 00:10:51,458][rfdiffusion.inference.model_runners][INFO] - Timestep 4, input to next step: ---------------------------------------------------------------------------------------------------------
[2026-04-20 00:10:53,019][rfdiffusion.inference.model_runners][INFO] - Timestep 3, input to next step: ---------------------------------------------------------------------------------------------------------
[2026-04-20 00:10:54,562][rfdiffusion.inference.model_runners][INFO] - Timestep 2, input to next step: ---------------------------------------------------------------------------------------------------------
[2026-04-20 00:10:57,573][__main__][INFO] - Finished design in 1.28 minutes
[2026-04-20 00:10:57,573][__main__][INFO] - Making design /home/manvi/Team_8_CS598GBL/Assignment/Generate_designs/default/len_105/design_6
[2026-04-20 00:10:57,584][rfdiffusion.inference.model_runners][INFO] - Using contig: ['105-105']
[2026-04-20 00:10:57,629][rfdiffusion.inference.model_runners][INFO] - Sequence init: ---------------------------------------------------------------------------------------------------------
[2026-04-20 00:10:58,947][rfdiffusion.inference.model_runners][INFO] - Timestep 50, input to next step: ---------------------------------------------------------------------------------------------------------
[2026-04-20 00:11:00,446][rfdiffusion.inference.model_runners][INFO] - Timestep 49, input to next step: ---------------------------------------------------------------------------------------------------------
[2026-04-20 00:11:01,910][rfdiffusion.inference.model_runners][INFO] - Timestep 48, input to next step: ---------------------------------------------------------------------------------------------------------
[2026-04-20 00:11:03,474][rfdiffusion.inference.model_runners][INFO] - Timestep 47, input to next step: ---------------------------------------------------------------------------------------------------------
[2026-04-20 00:11:04,962][rfdiffusion.inference.model_runners][INFO] - Timestep 46, input to next step: ---------------------------------------------------------------------------------------------------------
[2026-04-20 00:11:06,496][rfdiffusion.inference.model_runners][INFO] - Timestep 45, input to next step: ---------------------------------------------------------------------------------------------------------
[2026-04-20 00:11:08,083][rfdiffusion.inference.model_runners][INFO] - Timestep 44, input to next step: ---------------------------------------------------------------------------------------------------------
[2026-04-20 00:11:09,737][rfdiffusion.inference.model_runners][INFO] - Timestep 43, input to next step: ---------------------------------------------------------------------------------------------------------
[2026-04-20 00:11:11,208][rfdiffusion.inference.model_runners][INFO] - Timestep 42, input to next step: ---------------------------------------------------------------------------------------------------------
[2026-04-20 00:11:12,696][rfdiffusion.inference.model_runners][INFO] - Timestep 41, input to next step: ---------------------------------------------------------------------------------------------------------
[2026-04-20 00:11:14,205][rfdiffusion.inference.model_runners][INFO] - Timestep 40, input to next step: ---------------------------------------------------------------------------------------------------------
[2026-04-20 00:11:15,677][rfdiffusion.inference.model_runners][INFO] - Timestep 39, input to next step: ---------------------------------------------------------------------------------------------------------
[2026-04-20 00:11:17,216][rfdiffusion.inference.model_runners][INFO] - Timestep 38, input to next step: ---------------------------------------------------------------------------------------------------------
[2026-04-20 00:11:18,697][rfdiffusion.inference.model_runners][INFO] - Timestep 37, input to next step: ---------------------------------------------------------------------------------------------------------
[2026-04-20 00:11:20,310][rfdiffusion.inference.model_runners][INFO] - Timestep 36, input to next step: ---------------------------------------------------------------------------------------------------------
[2026-04-20 00:11:21,709][rfdiffusion.inference.model_runners][INFO] - Timestep 35, input to next step: ---------------------------------------------------------------------------------------------------------
[2026-04-20 00:11:23,276][rfdiffusion.inference.model_runners][INFO] - Timestep 34, input to next step: ---------------------------------------------------------------------------------------------------------
[2026-04-20 00:11:24,625][rfdiffusion.inference.model_runners][INFO] - Timestep 33, input to next step: ---------------------------------------------------------------------------------------------------------
[2026-04-20 00:11:26,067][rfdiffusion.inference.model_runners][INFO] - Timestep 32, input to next step: ---------------------------------------------------------------------------------------------------------
[2026-04-20 00:11:27,614][rfdiffusion.inference.model_runners][INFO] - Timestep 31, input to next step: ---------------------------------------------------------------------------------------------------------
[2026-04-20 00:11:29,056][rfdiffusion.inference.model_runners][INFO] - Timestep 30, input to next step: ---------------------------------------------------------------------------------------------------------
[2026-04-20 00:11:30,429][rfdiffusion.inference.model_runners][INFO] - Timestep 29, input to next step: ---------------------------------------------------------------------------------------------------------
[2026-04-20 00:11:32,000][rfdiffusion.inference.model_runners][INFO] - Timestep 28, input to next step: ---------------------------------------------------------------------------------------------------------
[2026-04-20 00:11:34,050][rfdiffusion.inference.model_runners][INFO] - Timestep 27, input to next step: ---------------------------------------------------------------------------------------------------------
[2026-04-20 00:11:35,729][rfdiffusion.inference.model_runners][INFO] - Timestep 26, input to next step: ---------------------------------------------------------------------------------------------------------
[2026-04-20 00:11:37,502][rfdiffusion.inference.model_runners][INFO] - Timestep 25, input to next step: ---------------------------------------------------------------------------------------------------------
[2026-04-20 00:11:39,455][rfdiffusion.inference.model_runners][INFO] - Timestep 24, input to next step: ---------------------------------------------------------------------------------------------------------
[2026-04-20 00:11:42,030][rfdiffusion.inference.model_runners][INFO] - Timestep 23, input to next step: ---------------------------------------------------------------------------------------------------------
[2026-04-20 00:11:44,251][rfdiffusion.inference.model_runners][INFO] - Timestep 22, input to next step: ---------------------------------------------------------------------------------------------------------
[2026-04-20 00:11:46,580][rfdiffusion.inference.model_runners][INFO] - Timestep 21, input to next step: ---------------------------------------------------------------------------------------------------------
[2026-04-20 00:11:48,909][rfdiffusion.inference.model_runners][INFO] - Timestep 20, input to next step: ---------------------------------------------------------------------------------------------------------
[2026-04-20 00:11:51,104][rfdiffusion.inference.model_runners][INFO] - Timestep 19, input to next step: ---------------------------------------------------------------------------------------------------------
[2026-04-20 00:11:53,437][rfdiffusion.inference.model_runners][INFO] - Timestep 18, input to next step: ---------------------------------------------------------------------------------------------------------
[2026-04-20 00:11:55,763][rfdiffusion.inference.model_runners][INFO] - Timestep 17, input to next step: ---------------------------------------------------------------------------------------------------------
[2026-04-20 00:11:57,513][rfdiffusion.inference.model_runners][INFO] - Timestep 16, input to next step: ---------------------------------------------------------------------------------------------------------
[2026-04-20 00:11:59,080][rfdiffusion.inference.model_runners][INFO] - Timestep 15, input to next step: ---------------------------------------------------------------------------------------------------------
[2026-04-20 00:12:00,778][rfdiffusion.inference.model_runners][INFO] - Timestep 14, input to next step: ---------------------------------------------------------------------------------------------------------
[2026-04-20 00:12:02,359][rfdiffusion.inference.model_runners][INFO] - Timestep 13, input to next step: ---------------------------------------------------------------------------------------------------------
[2026-04-20 00:12:04,460][rfdiffusion.inference.model_runners][INFO] - Timestep 12, input to next step: ---------------------------------------------------------------------------------------------------------
[2026-04-20 00:12:06,398][rfdiffusion.inference.model_runners][INFO] - Timestep 11, input to next step: ---------------------------------------------------------------------------------------------------------
[2026-04-20 00:12:08,008][rfdiffusion.inference.model_runners][INFO] - Timestep 10, input to next step: ---------------------------------------------------------------------------------------------------------
[2026-04-20 00:12:09,447][rfdiffusion.inference.model_runners][INFO] - Timestep 9, input to next step: ---------------------------------------------------------------------------------------------------------
[2026-04-20 00:12:11,487][rfdiffusion.inference.model_runners][INFO] - Timestep 8, input to next step: ---------------------------------------------------------------------------------------------------------
[2026-04-20 00:12:14,347][rfdiffusion.inference.model_runners][INFO] - Timestep 7, input to next step: ---------------------------------------------------------------------------------------------------------
[2026-04-20 00:12:16,407][rfdiffusion.inference.model_runners][INFO] - Timestep 6, input to next step: ---------------------------------------------------------------------------------------------------------
[2026-04-20 00:12:18,198][rfdiffusion.inference.model_runners][INFO] - Timestep 5, input to next step: ---------------------------------------------------------------------------------------------------------
[2026-04-20 00:12:19,921][rfdiffusion.inference.model_runners][INFO] - Timestep 4, input to next step: ---------------------------------------------------------------------------------------------------------
[2026-04-20 00:12:21,636][rfdiffusion.inference.model_runners][INFO] - Timestep 3, input to next step: ---------------------------------------------------------------------------------------------------------
[2026-04-20 00:12:23,070][rfdiffusion.inference.model_runners][INFO] - Timestep 2, input to next step: ---------------------------------------------------------------------------------------------------------
[2026-04-20 00:12:25,949][__main__][INFO] - Finished design in 1.47 minutes
[2026-04-20 00:12:25,949][__main__][INFO] - Making design /home/manvi/Team_8_CS598GBL/Assignment/Generate_designs/default/len_105/design_7
[2026-04-20 00:12:25,953][rfdiffusion.inference.model_runners][INFO] - Using contig: ['105-105']
[2026-04-20 00:12:25,971][rfdiffusion.inference.model_runners][INFO] - Sequence init: ---------------------------------------------------------------------------------------------------------
[2026-04-20 00:12:27,258][rfdiffusion.inference.model_runners][INFO] - Timestep 50, input to next step: ---------------------------------------------------------------------------------------------------------
[2026-04-20 00:12:28,688][rfdiffusion.inference.model_runners][INFO] - Timestep 49, input to next step: ---------------------------------------------------------------------------------------------------------
[2026-04-20 00:12:30,215][rfdiffusion.inference.model_runners][INFO] - Timestep 48, input to next step: ---------------------------------------------------------------------------------------------------------
[2026-04-20 00:12:31,788][rfdiffusion.inference.model_runners][INFO] - Timestep 47, input to next step: ---------------------------------------------------------------------------------------------------------
[2026-04-20 00:12:33,472][rfdiffusion.inference.model_runners][INFO] - Timestep 46, input to next step: ---------------------------------------------------------------------------------------------------------
[2026-04-20 00:12:34,963][rfdiffusion.inference.model_runners][INFO] - Timestep 45, input to next step: ---------------------------------------------------------------------------------------------------------
[2026-04-20 00:12:36,517][rfdiffusion.inference.model_runners][INFO] - Timestep 44, input to next step: ---------------------------------------------------------------------------------------------------------
[2026-04-20 00:12:38,066][rfdiffusion.inference.model_runners][INFO] - Timestep 43, input to next step: ---------------------------------------------------------------------------------------------------------
[2026-04-20 00:12:39,588][rfdiffusion.inference.model_runners][INFO] - Timestep 42, input to next step: ---------------------------------------------------------------------------------------------------------
[2026-04-20 00:12:41,064][rfdiffusion.inference.model_runners][INFO] - Timestep 41, input to next step: ---------------------------------------------------------------------------------------------------------
[2026-04-20 00:12:42,622][rfdiffusion.inference.model_runners][INFO] - Timestep 40, input to next step: ---------------------------------------------------------------------------------------------------------
[2026-04-20 00:12:44,216][rfdiffusion.inference.model_runners][INFO] - Timestep 39, input to next step: ---------------------------------------------------------------------------------------------------------
[2026-04-20 00:12:45,740][rfdiffusion.inference.model_runners][INFO] - Timestep 38, input to next step: ---------------------------------------------------------------------------------------------------------
[2026-04-20 00:12:47,359][rfdiffusion.inference.model_runners][INFO] - Timestep 37, input to next step: ---------------------------------------------------------------------------------------------------------
[2026-04-20 00:12:49,278][rfdiffusion.inference.model_runners][INFO] - Timestep 36, input to next step: ---------------------------------------------------------------------------------------------------------
[2026-04-20 00:12:51,146][rfdiffusion.inference.model_runners][INFO] - Timestep 35, input to next step: ---------------------------------------------------------------------------------------------------------
[2026-04-20 00:12:52,904][rfdiffusion.inference.model_runners][INFO] - Timestep 34, input to next step: ---------------------------------------------------------------------------------------------------------
[2026-04-20 00:12:54,579][rfdiffusion.inference.model_runners][INFO] - Timestep 33, input to next step: ---------------------------------------------------------------------------------------------------------
[2026-04-20 00:12:56,484][rfdiffusion.inference.model_runners][INFO] - Timestep 32, input to next step: ---------------------------------------------------------------------------------------------------------
[2026-04-20 00:12:58,618][rfdiffusion.inference.model_runners][INFO] - Timestep 31, input to next step: ---------------------------------------------------------------------------------------------------------
[2026-04-20 00:13:01,467][rfdiffusion.inference.model_runners][INFO] - Timestep 30, input to next step: ---------------------------------------------------------------------------------------------------------
[2026-04-20 00:13:04,202][rfdiffusion.inference.model_runners][INFO] - Timestep 29, input to next step: ---------------------------------------------------------------------------------------------------------
[2026-04-20 00:13:06,296][rfdiffusion.inference.model_runners][INFO] - Timestep 28, input to next step: ---------------------------------------------------------------------------------------------------------
[2026-04-20 00:13:08,672][rfdiffusion.inference.model_runners][INFO] - Timestep 27, input to next step: ---------------------------------------------------------------------------------------------------------
[2026-04-20 00:13:10,886][rfdiffusion.inference.model_runners][INFO] - Timestep 26, input to next step: ---------------------------------------------------------------------------------------------------------
[2026-04-20 00:13:12,672][rfdiffusion.inference.model_runners][INFO] - Timestep 25, input to next step: ---------------------------------------------------------------------------------------------------------
[2026-04-20 00:13:14,752][rfdiffusion.inference.model_runners][INFO] - Timestep 24, input to next step: ---------------------------------------------------------------------------------------------------------
[2026-04-20 00:13:16,544][rfdiffusion.inference.model_runners][INFO] - Timestep 23, input to next step: ---------------------------------------------------------------------------------------------------------
[2026-04-20 00:13:18,666][rfdiffusion.inference.model_runners][INFO] - Timestep 22, input to next step: ---------------------------------------------------------------------------------------------------------
[2026-04-20 00:13:20,966][rfdiffusion.inference.model_runners][INFO] - Timestep 21, input to next step: ---------------------------------------------------------------------------------------------------------
[2026-04-20 00:13:22,836][rfdiffusion.inference.model_runners][INFO] - Timestep 20, input to next step: ---------------------------------------------------------------------------------------------------------
[2026-04-20 00:13:24,574][rfdiffusion.inference.model_runners][INFO] - Timestep 19, input to next step: ---------------------------------------------------------------------------------------------------------
[2026-04-20 00:13:26,630][rfdiffusion.inference.model_runners][INFO] - Timestep 18, input to next step: ---------------------------------------------------------------------------------------------------------
[2026-04-20 00:13:28,505][rfdiffusion.inference.model_runners][INFO] - Timestep 17, input to next step: ---------------------------------------------------------------------------------------------------------
[2026-04-20 00:13:30,489][rfdiffusion.inference.model_runners][INFO] - Timestep 16, input to next step: ---------------------------------------------------------------------------------------------------------
[2026-04-20 00:13:32,645][rfdiffusion.inference.model_runners][INFO] - Timestep 15, input to next step: ---------------------------------------------------------------------------------------------------------
[2026-04-20 00:13:35,076][rfdiffusion.inference.model_runners][INFO] - Timestep 14, input to next step: ---------------------------------------------------------------------------------------------------------
[2026-04-20 00:13:36,760][rfdiffusion.inference.model_runners][INFO] - Timestep 13, input to next step: ---------------------------------------------------------------------------------------------------------
[2026-04-20 00:13:38,964][rfdiffusion.inference.model_runners][INFO] - Timestep 12, input to next step: ---------------------------------------------------------------------------------------------------------
[2026-04-20 00:13:40,726][rfdiffusion.inference.model_runners][INFO] - Timestep 11, input to next step: ---------------------------------------------------------------------------------------------------------
[2026-04-20 00:13:42,330][rfdiffusion.inference.model_runners][INFO] - Timestep 10, input to next step: ---------------------------------------------------------------------------------------------------------
[2026-04-20 00:13:43,911][rfdiffusion.inference.model_runners][INFO] - Timestep 9, input to next step: ---------------------------------------------------------------------------------------------------------
[2026-04-20 00:13:45,464][rfdiffusion.inference.model_runners][INFO] - Timestep 8, input to next step: ---------------------------------------------------------------------------------------------------------
[2026-04-20 00:13:47,062][rfdiffusion.inference.model_runners][INFO] - Timestep 7, input to next step: ---------------------------------------------------------------------------------------------------------
[2026-04-20 00:13:48,749][rfdiffusion.inference.model_runners][INFO] - Timestep 6, input to next step: ---------------------------------------------------------------------------------------------------------
[2026-04-20 00:13:50,555][rfdiffusion.inference.model_runners][INFO] - Timestep 5, input to next step: ---------------------------------------------------------------------------------------------------------
[2026-04-20 00:13:52,620][rfdiffusion.inference.model_runners][INFO] - Timestep 4, input to next step: ---------------------------------------------------------------------------------------------------------
[2026-04-20 00:13:54,196][rfdiffusion.inference.model_runners][INFO] - Timestep 3, input to next step: ---------------------------------------------------------------------------------------------------------
[2026-04-20 00:13:55,723][rfdiffusion.inference.model_runners][INFO] - Timestep 2, input to next step: ---------------------------------------------------------------------------------------------------------
[2026-04-20 00:13:58,988][__main__][INFO] - Finished design in 1.55 minutes
[2026-04-20 00:13:58,988][__main__][INFO] - Making design /home/manvi/Team_8_CS598GBL/Assignment/Generate_designs/default/len_105/design_8
[2026-04-20 00:13:58,997][rfdiffusion.inference.model_runners][INFO] - Using contig: ['105-105']
[2026-04-20 00:13:59,020][rfdiffusion.inference.model_runners][INFO] - Sequence init: ---------------------------------------------------------------------------------------------------------
[2026-04-20 00:14:00,532][rfdiffusion.inference.model_runners][INFO] - Timestep 50, input to next step: ---------------------------------------------------------------------------------------------------------
[2026-04-20 00:14:01,970][rfdiffusion.inference.model_runners][INFO] - Timestep 49, input to next step: ---------------------------------------------------------------------------------------------------------
[2026-04-20 00:14:03,581][rfdiffusion.inference.model_runners][INFO] - Timestep 48, input to next step: ---------------------------------------------------------------------------------------------------------
[2026-04-20 00:14:05,179][rfdiffusion.inference.model_runners][INFO] - Timestep 47, input to next step: ---------------------------------------------------------------------------------------------------------
[2026-04-20 00:14:06,832][rfdiffusion.inference.model_runners][INFO] - Timestep 46, input to next step: ---------------------------------------------------------------------------------------------------------
[2026-04-20 00:14:09,358][rfdiffusion.inference.model_runners][INFO] - Timestep 45, input to next step: ---------------------------------------------------------------------------------------------------------
[2026-04-20 00:14:11,791][rfdiffusion.inference.model_runners][INFO] - Timestep 44, input to next step: ---------------------------------------------------------------------------------------------------------
[2026-04-20 00:14:14,095][rfdiffusion.inference.model_runners][INFO] - Timestep 43, input to next step: ---------------------------------------------------------------------------------------------------------
[2026-04-20 00:14:15,970][rfdiffusion.inference.model_runners][INFO] - Timestep 42, input to next step: ---------------------------------------------------------------------------------------------------------
[2026-04-20 00:14:17,605][rfdiffusion.inference.model_runners][INFO] - Timestep 41, input to next step: ---------------------------------------------------------------------------------------------------------
[2026-04-20 00:14:19,249][rfdiffusion.inference.model_runners][INFO] - Timestep 40, input to next step: ---------------------------------------------------------------------------------------------------------
[2026-04-20 00:14:21,082][rfdiffusion.inference.model_runners][INFO] - Timestep 39, input to next step: ---------------------------------------------------------------------------------------------------------
[2026-04-20 00:14:24,392][rfdiffusion.inference.model_runners][INFO] - Timestep 38, input to next step: ---------------------------------------------------------------------------------------------------------
[2026-04-20 00:14:26,758][rfdiffusion.inference.model_runners][INFO] - Timestep 37, input to next step: ---------------------------------------------------------------------------------------------------------
[2026-04-20 00:14:29,034][rfdiffusion.inference.model_runners][INFO] - Timestep 36, input to next step: ---------------------------------------------------------------------------------------------------------
[2026-04-20 00:14:30,699][rfdiffusion.inference.model_runners][INFO] - Timestep 35, input to next step: ---------------------------------------------------------------------------------------------------------
[2026-04-20 00:14:32,971][rfdiffusion.inference.model_runners][INFO] - Timestep 34, input to next step: ---------------------------------------------------------------------------------------------------------
[2026-04-20 00:14:34,956][rfdiffusion.inference.model_runners][INFO] - Timestep 33, input to next step: ---------------------------------------------------------------------------------------------------------
[2026-04-20 00:14:36,710][rfdiffusion.inference.model_runners][INFO] - Timestep 32, input to next step: ---------------------------------------------------------------------------------------------------------
[2026-04-20 00:14:38,234][rfdiffusion.inference.model_runners][INFO] - Timestep 31, input to next step: ---------------------------------------------------------------------------------------------------------
[2026-04-20 00:14:39,811][rfdiffusion.inference.model_runners][INFO] - Timestep 30, input to next step: ---------------------------------------------------------------------------------------------------------
[2026-04-20 00:14:41,368][rfdiffusion.inference.model_runners][INFO] - Timestep 29, input to next step: ---------------------------------------------------------------------------------------------------------
[2026-04-20 00:14:42,865][rfdiffusion.inference.model_runners][INFO] - Timestep 28, input to next step: ---------------------------------------------------------------------------------------------------------
[2026-04-20 00:14:44,335][rfdiffusion.inference.model_runners][INFO] - Timestep 27, input to next step: ---------------------------------------------------------------------------------------------------------
[2026-04-20 00:14:45,941][rfdiffusion.inference.model_runners][INFO] - Timestep 26, input to next step: ---------------------------------------------------------------------------------------------------------
[2026-04-20 00:14:47,556][rfdiffusion.inference.model_runners][INFO] - Timestep 25, input to next step: ---------------------------------------------------------------------------------------------------------
[2026-04-20 00:14:49,151][rfdiffusion.inference.model_runners][INFO] - Timestep 24, input to next step: ---------------------------------------------------------------------------------------------------------
[2026-04-20 00:14:50,756][rfdiffusion.inference.model_runners][INFO] - Timestep 23, input to next step: ---------------------------------------------------------------------------------------------------------
[2026-04-20 00:14:52,461][rfdiffusion.inference.model_runners][INFO] - Timestep 22, input to next step: ---------------------------------------------------------------------------------------------------------
[2026-04-20 00:14:53,988][rfdiffusion.inference.model_runners][INFO] - Timestep 21, input to next step: ---------------------------------------------------------------------------------------------------------
[2026-04-20 00:14:55,518][rfdiffusion.inference.model_runners][INFO] - Timestep 20, input to next step: ---------------------------------------------------------------------------------------------------------
[2026-04-20 00:14:57,062][rfdiffusion.inference.model_runners][INFO] - Timestep 19, input to next step: ---------------------------------------------------------------------------------------------------------
[2026-04-20 00:14:58,615][rfdiffusion.inference.model_runners][INFO] - Timestep 18, input to next step: ---------------------------------------------------------------------------------------------------------
[2026-04-20 00:15:00,251][rfdiffusion.inference.model_runners][INFO] - Timestep 17, input to next step: ---------------------------------------------------------------------------------------------------------
[2026-04-20 00:15:01,943][rfdiffusion.inference.model_runners][INFO] - Timestep 16, input to next step: ---------------------------------------------------------------------------------------------------------
[2026-04-20 00:15:03,550][rfdiffusion.inference.model_runners][INFO] - Timestep 15, input to next step: ---------------------------------------------------------------------------------------------------------
[2026-04-20 00:15:05,209][rfdiffusion.inference.model_runners][INFO] - Timestep 14, input to next step: ---------------------------------------------------------------------------------------------------------
[2026-04-20 00:15:06,855][rfdiffusion.inference.model_runners][INFO] - Timestep 13, input to next step: ---------------------------------------------------------------------------------------------------------
[2026-04-20 00:15:08,337][rfdiffusion.inference.model_runners][INFO] - Timestep 12, input to next step: ---------------------------------------------------------------------------------------------------------
[2026-04-20 00:15:09,916][rfdiffusion.inference.model_runners][INFO] - Timestep 11, input to next step: ---------------------------------------------------------------------------------------------------------
[2026-04-20 00:15:11,565][rfdiffusion.inference.model_runners][INFO] - Timestep 10, input to next step: ---------------------------------------------------------------------------------------------------------
[2026-04-20 00:15:13,096][rfdiffusion.inference.model_runners][INFO] - Timestep 9, input to next step: ---------------------------------------------------------------------------------------------------------
[2026-04-20 00:15:14,622][rfdiffusion.inference.model_runners][INFO] - Timestep 8, input to next step: ---------------------------------------------------------------------------------------------------------
[2026-04-20 00:15:16,180][rfdiffusion.inference.model_runners][INFO] - Timestep 7, input to next step: ---------------------------------------------------------------------------------------------------------
[2026-04-20 00:15:17,755][rfdiffusion.inference.model_runners][INFO] - Timestep 6, input to next step: ---------------------------------------------------------------------------------------------------------
[2026-04-20 00:15:19,748][rfdiffusion.inference.model_runners][INFO] - Timestep 5, input to next step: ---------------------------------------------------------------------------------------------------------
[2026-04-20 00:15:22,311][rfdiffusion.inference.model_runners][INFO] - Timestep 4, input to next step: ---------------------------------------------------------------------------------------------------------
[2026-04-20 00:15:24,142][rfdiffusion.inference.model_runners][INFO] - Timestep 3, input to next step: ---------------------------------------------------------------------------------------------------------
[2026-04-20 00:15:25,820][rfdiffusion.inference.model_runners][INFO] - Timestep 2, input to next step: ---------------------------------------------------------------------------------------------------------
[2026-04-20 00:15:29,083][__main__][INFO] - Finished design in 1.50 minutes
[2026-04-20 00:15:29,083][__main__][INFO] - Making design /home/manvi/Team_8_CS598GBL/Assignment/Generate_designs/default/len_105/design_9
[2026-04-20 00:15:29,090][rfdiffusion.inference.model_runners][INFO] - Using contig: ['105-105']
[2026-04-20 00:15:29,107][rfdiffusion.inference.model_runners][INFO] - Sequence init: ---------------------------------------------------------------------------------------------------------
[2026-04-20 00:15:30,556][rfdiffusion.inference.model_runners][INFO] - Timestep 50, input to next step: ---------------------------------------------------------------------------------------------------------
[2026-04-20 00:15:32,151][rfdiffusion.inference.model_runners][INFO] - Timestep 49, input to next step: ---------------------------------------------------------------------------------------------------------
[2026-04-20 00:15:33,708][rfdiffusion.inference.model_runners][INFO] - Timestep 48, input to next step: ---------------------------------------------------------------------------------------------------------
[2026-04-20 00:15:35,422][rfdiffusion.inference.model_runners][INFO] - Timestep 47, input to next step: ---------------------------------------------------------------------------------------------------------
[2026-04-20 00:15:37,064][rfdiffusion.inference.model_runners][INFO] - Timestep 46, input to next step: ---------------------------------------------------------------------------------------------------------
[2026-04-20 00:15:38,671][rfdiffusion.inference.model_runners][INFO] - Timestep 45, input to next step: ---------------------------------------------------------------------------------------------------------
[2026-04-20 00:15:40,349][rfdiffusion.inference.model_runners][INFO] - Timestep 44, input to next step: ---------------------------------------------------------------------------------------------------------
[2026-04-20 00:15:42,171][rfdiffusion.inference.model_runners][INFO] - Timestep 43, input to next step: ---------------------------------------------------------------------------------------------------------
[2026-04-20 00:15:43,953][rfdiffusion.inference.model_runners][INFO] - Timestep 42, input to next step: ---------------------------------------------------------------------------------------------------------
[2026-04-20 00:15:45,705][rfdiffusion.inference.model_runners][INFO] - Timestep 41, input to next step: ---------------------------------------------------------------------------------------------------------
[2026-04-20 00:15:47,390][rfdiffusion.inference.model_runners][INFO] - Timestep 40, input to next step: ---------------------------------------------------------------------------------------------------------
[2026-04-20 00:15:49,093][rfdiffusion.inference.model_runners][INFO] - Timestep 39, input to next step: ---------------------------------------------------------------------------------------------------------
[2026-04-20 00:15:50,828][rfdiffusion.inference.model_runners][INFO] - Timestep 38, input to next step: ---------------------------------------------------------------------------------------------------------
[2026-04-20 00:15:52,546][rfdiffusion.inference.model_runners][INFO] - Timestep 37, input to next step: ---------------------------------------------------------------------------------------------------------
[2026-04-20 00:15:54,183][rfdiffusion.inference.model_runners][INFO] - Timestep 36, input to next step: ---------------------------------------------------------------------------------------------------------
[2026-04-20 00:15:55,880][rfdiffusion.inference.model_runners][INFO] - Timestep 35, input to next step: ---------------------------------------------------------------------------------------------------------
[2026-04-20 00:15:57,583][rfdiffusion.inference.model_runners][INFO] - Timestep 34, input to next step: ---------------------------------------------------------------------------------------------------------
[2026-04-20 00:15:59,483][rfdiffusion.inference.model_runners][INFO] - Timestep 33, input to next step: ---------------------------------------------------------------------------------------------------------
[2026-04-20 00:16:01,250][rfdiffusion.inference.model_runners][INFO] - Timestep 32, input to next step: ---------------------------------------------------------------------------------------------------------
[2026-04-20 00:16:03,004][rfdiffusion.inference.model_runners][INFO] - Timestep 31, input to next step: ---------------------------------------------------------------------------------------------------------
[2026-04-20 00:16:04,593][rfdiffusion.inference.model_runners][INFO] - Timestep 30, input to next step: ---------------------------------------------------------------------------------------------------------
[2026-04-20 00:16:06,337][rfdiffusion.inference.model_runners][INFO] - Timestep 29, input to next step: ---------------------------------------------------------------------------------------------------------
[2026-04-20 00:16:08,053][rfdiffusion.inference.model_runners][INFO] - Timestep 28, input to next step: ---------------------------------------------------------------------------------------------------------
[2026-04-20 00:16:09,682][rfdiffusion.inference.model_runners][INFO] - Timestep 27, input to next step: ---------------------------------------------------------------------------------------------------------
[2026-04-20 00:16:11,309][rfdiffusion.inference.model_runners][INFO] - Timestep 26, input to next step: ---------------------------------------------------------------------------------------------------------
[2026-04-20 00:16:13,032][rfdiffusion.inference.model_runners][INFO] - Timestep 25, input to next step: ---------------------------------------------------------------------------------------------------------
[2026-04-20 00:16:14,991][rfdiffusion.inference.model_runners][INFO] - Timestep 24, input to next step: ---------------------------------------------------------------------------------------------------------
[2026-04-20 00:16:16,530][rfdiffusion.inference.model_runners][INFO] - Timestep 23, input to next step: ---------------------------------------------------------------------------------------------------------
[2026-04-20 00:16:18,175][rfdiffusion.inference.model_runners][INFO] - Timestep 22, input to next step: ---------------------------------------------------------------------------------------------------------
[2026-04-20 00:16:19,813][rfdiffusion.inference.model_runners][INFO] - Timestep 21, input to next step: ---------------------------------------------------------------------------------------------------------
[2026-04-20 00:16:21,716][rfdiffusion.inference.model_runners][INFO] - Timestep 20, input to next step: ---------------------------------------------------------------------------------------------------------
[2026-04-20 00:16:23,530][rfdiffusion.inference.model_runners][INFO] - Timestep 19, input to next step: ---------------------------------------------------------------------------------------------------------
[2026-04-20 00:16:25,292][rfdiffusion.inference.model_runners][INFO] - Timestep 18, input to next step: ---------------------------------------------------------------------------------------------------------
[2026-04-20 00:16:26,916][rfdiffusion.inference.model_runners][INFO] - Timestep 17, input to next step: ---------------------------------------------------------------------------------------------------------
[2026-04-20 00:16:28,558][rfdiffusion.inference.model_runners][INFO] - Timestep 16, input to next step: ---------------------------------------------------------------------------------------------------------
[2026-04-20 00:16:30,189][rfdiffusion.inference.model_runners][INFO] - Timestep 15, input to next step: ---------------------------------------------------------------------------------------------------------
[2026-04-20 00:16:31,824][rfdiffusion.inference.model_runners][INFO] - Timestep 14, input to next step: ---------------------------------------------------------------------------------------------------------
[2026-04-20 00:16:33,501][rfdiffusion.inference.model_runners][INFO] - Timestep 13, input to next step: ---------------------------------------------------------------------------------------------------------
[2026-04-20 00:16:35,164][rfdiffusion.inference.model_runners][INFO] - Timestep 12, input to next step: ---------------------------------------------------------------------------------------------------------
[2026-04-20 00:16:36,786][rfdiffusion.inference.model_runners][INFO] - Timestep 11, input to next step: ---------------------------------------------------------------------------------------------------------
[2026-04-20 00:16:38,449][rfdiffusion.inference.model_runners][INFO] - Timestep 10, input to next step: ---------------------------------------------------------------------------------------------------------
[2026-04-20 00:16:40,051][rfdiffusion.inference.model_runners][INFO] - Timestep 9, input to next step: ---------------------------------------------------------------------------------------------------------
[2026-04-20 00:16:41,692][rfdiffusion.inference.model_runners][INFO] - Timestep 8, input to next step: ---------------------------------------------------------------------------------------------------------
[2026-04-20 00:16:43,391][rfdiffusion.inference.model_runners][INFO] - Timestep 7, input to next step: ---------------------------------------------------------------------------------------------------------
[2026-04-20 00:16:45,023][rfdiffusion.inference.model_runners][INFO] - Timestep 6, input to next step: ---------------------------------------------------------------------------------------------------------
[2026-04-20 00:16:46,756][rfdiffusion.inference.model_runners][INFO] - Timestep 5, input to next step: ---------------------------------------------------------------------------------------------------------
[2026-04-20 00:16:48,390][rfdiffusion.inference.model_runners][INFO] - Timestep 4, input to next step: ---------------------------------------------------------------------------------------------------------
[2026-04-20 00:16:50,158][rfdiffusion.inference.model_runners][INFO] - Timestep 3, input to next step: ---------------------------------------------------------------------------------------------------------
[2026-04-20 00:16:52,131][rfdiffusion.inference.model_runners][INFO] - Timestep 2, input to next step: ---------------------------------------------------------------------------------------------------------
[2026-04-20 00:16:55,620][__main__][INFO] - Finished design in 1.44 minutes
