[2026-04-20 00:50:27,299][__main__][INFO] - Found GPU with device_name NVIDIA GeForce RTX 3050 Ti Laptop GPU. Will run RFdiffusion on NVIDIA GeForce RTX 3050 Ti Laptop GPU
[2026-04-20 00:50:27,300][rfdiffusion.inference.model_runners][INFO] - Reading checkpoint from /home/manvi/Team_8_CS598GBL/RFdiffusion/rfdiffusion/inference/../../models/Base_ckpt.pt
[2026-04-20 00:50:34,045][rfdiffusion.inference.model_runners][INFO] - Loading checkpoint.
[2026-04-20 00:50:34,343][rfdiffusion.diffusion][INFO] - Using cached IGSO3.
[2026-04-20 00:50:34,356][__main__][INFO] - Making design /home/manvi/Team_8_CS598GBL/Assignment/Generate_designs/default/len_108/design_0
[2026-04-20 00:50:34,362][rfdiffusion.inference.model_runners][INFO] - Using contig: ['108-108']
[2026-04-20 00:50:34,410][rfdiffusion.inference.model_runners][INFO] - Sequence init: ------------------------------------------------------------------------------------------------------------
[2026-04-20 00:50:38,632][rfdiffusion.inference.model_runners][INFO] - Timestep 50, input to next step: ------------------------------------------------------------------------------------------------------------
[2026-04-20 00:50:40,183][rfdiffusion.inference.model_runners][INFO] - Timestep 49, input to next step: ------------------------------------------------------------------------------------------------------------
[2026-04-20 00:50:41,791][rfdiffusion.inference.model_runners][INFO] - Timestep 48, input to next step: ------------------------------------------------------------------------------------------------------------
[2026-04-20 00:50:43,383][rfdiffusion.inference.model_runners][INFO] - Timestep 47, input to next step: ------------------------------------------------------------------------------------------------------------
[2026-04-20 00:50:45,047][rfdiffusion.inference.model_runners][INFO] - Timestep 46, input to next step: ------------------------------------------------------------------------------------------------------------
[2026-04-20 00:50:46,742][rfdiffusion.inference.model_runners][INFO] - Timestep 45, input to next step: ------------------------------------------------------------------------------------------------------------
[2026-04-20 00:50:48,369][rfdiffusion.inference.model_runners][INFO] - Timestep 44, input to next step: ------------------------------------------------------------------------------------------------------------
[2026-04-20 00:50:50,120][rfdiffusion.inference.model_runners][INFO] - Timestep 43, input to next step: ------------------------------------------------------------------------------------------------------------
[2026-04-20 00:50:51,979][rfdiffusion.inference.model_runners][INFO] - Timestep 42, input to next step: ------------------------------------------------------------------------------------------------------------
[2026-04-20 00:50:53,634][rfdiffusion.inference.model_runners][INFO] - Timestep 41, input to next step: ------------------------------------------------------------------------------------------------------------
[2026-04-20 00:50:55,274][rfdiffusion.inference.model_runners][INFO] - Timestep 40, input to next step: ------------------------------------------------------------------------------------------------------------
[2026-04-20 00:50:56,898][rfdiffusion.inference.model_runners][INFO] - Timestep 39, input to next step: ------------------------------------------------------------------------------------------------------------
[2026-04-20 00:50:58,621][rfdiffusion.inference.model_runners][INFO] - Timestep 38, input to next step: ------------------------------------------------------------------------------------------------------------
[2026-04-20 00:51:00,395][rfdiffusion.inference.model_runners][INFO] - Timestep 37, input to next step: ------------------------------------------------------------------------------------------------------------
[2026-04-20 00:51:02,080][rfdiffusion.inference.model_runners][INFO] - Timestep 36, input to next step: ------------------------------------------------------------------------------------------------------------
[2026-04-20 00:51:03,654][rfdiffusion.inference.model_runners][INFO] - Timestep 35, input to next step: ------------------------------------------------------------------------------------------------------------
[2026-04-20 00:51:05,294][rfdiffusion.inference.model_runners][INFO] - Timestep 34, input to next step: ------------------------------------------------------------------------------------------------------------
[2026-04-20 00:51:06,891][rfdiffusion.inference.model_runners][INFO] - Timestep 33, input to next step: ------------------------------------------------------------------------------------------------------------
[2026-04-20 00:51:08,821][rfdiffusion.inference.model_runners][INFO] - Timestep 32, input to next step: ------------------------------------------------------------------------------------------------------------
[2026-04-20 00:51:10,523][rfdiffusion.inference.model_runners][INFO] - Timestep 31, input to next step: ------------------------------------------------------------------------------------------------------------
[2026-04-20 00:51:12,135][rfdiffusion.inference.model_runners][INFO] - Timestep 30, input to next step: ------------------------------------------------------------------------------------------------------------
[2026-04-20 00:51:13,771][rfdiffusion.inference.model_runners][INFO] - Timestep 29, input to next step: ------------------------------------------------------------------------------------------------------------
[2026-04-20 00:51:15,416][rfdiffusion.inference.model_runners][INFO] - Timestep 28, input to next step: ------------------------------------------------------------------------------------------------------------
[2026-04-20 00:51:16,982][rfdiffusion.inference.model_runners][INFO] - Timestep 27, input to next step: ------------------------------------------------------------------------------------------------------------
[2026-04-20 00:51:18,731][rfdiffusion.inference.model_runners][INFO] - Timestep 26, input to next step: ------------------------------------------------------------------------------------------------------------
[2026-04-20 00:51:20,422][rfdiffusion.inference.model_runners][INFO] - Timestep 25, input to next step: ------------------------------------------------------------------------------------------------------------
[2026-04-20 00:51:22,151][rfdiffusion.inference.model_runners][INFO] - Timestep 24, input to next step: ------------------------------------------------------------------------------------------------------------
[2026-04-20 00:51:23,789][rfdiffusion.inference.model_runners][INFO] - Timestep 23, input to next step: ------------------------------------------------------------------------------------------------------------
[2026-04-20 00:51:25,435][rfdiffusion.inference.model_runners][INFO] - Timestep 22, input to next step: ------------------------------------------------------------------------------------------------------------
[2026-04-20 00:51:27,011][rfdiffusion.inference.model_runners][INFO] - Timestep 21, input to next step: ------------------------------------------------------------------------------------------------------------
[2026-04-20 00:51:28,661][rfdiffusion.inference.model_runners][INFO] - Timestep 20, input to next step: ------------------------------------------------------------------------------------------------------------
[2026-04-20 00:51:30,293][rfdiffusion.inference.model_runners][INFO] - Timestep 19, input to next step: ------------------------------------------------------------------------------------------------------------
[2026-04-20 00:51:31,939][rfdiffusion.inference.model_runners][INFO] - Timestep 18, input to next step: ------------------------------------------------------------------------------------------------------------
[2026-04-20 00:51:33,525][rfdiffusion.inference.model_runners][INFO] - Timestep 17, input to next step: ------------------------------------------------------------------------------------------------------------
[2026-04-20 00:51:35,167][rfdiffusion.inference.model_runners][INFO] - Timestep 16, input to next step: ------------------------------------------------------------------------------------------------------------
[2026-04-20 00:51:36,870][rfdiffusion.inference.model_runners][INFO] - Timestep 15, input to next step: ------------------------------------------------------------------------------------------------------------
[2026-04-20 00:51:39,358][rfdiffusion.inference.model_runners][INFO] - Timestep 14, input to next step: ------------------------------------------------------------------------------------------------------------
[2026-04-20 00:51:40,982][rfdiffusion.inference.model_runners][INFO] - Timestep 13, input to next step: ------------------------------------------------------------------------------------------------------------
[2026-04-20 00:51:42,602][rfdiffusion.inference.model_runners][INFO] - Timestep 12, input to next step: ------------------------------------------------------------------------------------------------------------
[2026-04-20 00:51:44,234][rfdiffusion.inference.model_runners][INFO] - Timestep 11, input to next step: ------------------------------------------------------------------------------------------------------------
[2026-04-20 00:51:45,802][rfdiffusion.inference.model_runners][INFO] - Timestep 10, input to next step: ------------------------------------------------------------------------------------------------------------
[2026-04-20 00:51:47,554][rfdiffusion.inference.model_runners][INFO] - Timestep 9, input to next step: ------------------------------------------------------------------------------------------------------------
[2026-04-20 00:51:49,161][rfdiffusion.inference.model_runners][INFO] - Timestep 8, input to next step: ------------------------------------------------------------------------------------------------------------
[2026-04-20 00:51:50,796][rfdiffusion.inference.model_runners][INFO] - Timestep 7, input to next step: ------------------------------------------------------------------------------------------------------------
[2026-04-20 00:51:52,643][rfdiffusion.inference.model_runners][INFO] - Timestep 6, input to next step: ------------------------------------------------------------------------------------------------------------
[2026-04-20 00:51:54,320][rfdiffusion.inference.model_runners][INFO] - Timestep 5, input to next step: ------------------------------------------------------------------------------------------------------------
[2026-04-20 00:51:56,062][rfdiffusion.inference.model_runners][INFO] - Timestep 4, input to next step: ------------------------------------------------------------------------------------------------------------
[2026-04-20 00:51:57,812][rfdiffusion.inference.model_runners][INFO] - Timestep 3, input to next step: ------------------------------------------------------------------------------------------------------------
[2026-04-20 00:51:59,566][rfdiffusion.inference.model_runners][INFO] - Timestep 2, input to next step: ------------------------------------------------------------------------------------------------------------
[2026-04-20 00:52:02,875][__main__][INFO] - Finished design in 1.48 minutes
[2026-04-20 00:52:02,875][__main__][INFO] - Making design /home/manvi/Team_8_CS598GBL/Assignment/Generate_designs/default/len_108/design_1
[2026-04-20 00:52:02,879][rfdiffusion.inference.model_runners][INFO] - Using contig: ['108-108']
[2026-04-20 00:52:02,900][rfdiffusion.inference.model_runners][INFO] - Sequence init: ------------------------------------------------------------------------------------------------------------
[2026-04-20 00:52:04,303][rfdiffusion.inference.model_runners][INFO] - Timestep 50, input to next step: ------------------------------------------------------------------------------------------------------------
[2026-04-20 00:52:05,977][rfdiffusion.inference.model_runners][INFO] - Timestep 49, input to next step: ------------------------------------------------------------------------------------------------------------
[2026-04-20 00:52:07,729][rfdiffusion.inference.model_runners][INFO] - Timestep 48, input to next step: ------------------------------------------------------------------------------------------------------------
[2026-04-20 00:52:09,395][rfdiffusion.inference.model_runners][INFO] - Timestep 47, input to next step: ------------------------------------------------------------------------------------------------------------
[2026-04-20 00:52:11,084][rfdiffusion.inference.model_runners][INFO] - Timestep 46, input to next step: ------------------------------------------------------------------------------------------------------------
[2026-04-20 00:52:12,894][rfdiffusion.inference.model_runners][INFO] - Timestep 45, input to next step: ------------------------------------------------------------------------------------------------------------
[2026-04-20 00:52:14,622][rfdiffusion.inference.model_runners][INFO] - Timestep 44, input to next step: ------------------------------------------------------------------------------------------------------------
[2026-04-20 00:52:16,262][rfdiffusion.inference.model_runners][INFO] - Timestep 43, input to next step: ------------------------------------------------------------------------------------------------------------
[2026-04-20 00:52:17,964][rfdiffusion.inference.model_runners][INFO] - Timestep 42, input to next step: ------------------------------------------------------------------------------------------------------------
[2026-04-20 00:52:19,632][rfdiffusion.inference.model_runners][INFO] - Timestep 41, input to next step: ------------------------------------------------------------------------------------------------------------
[2026-04-20 00:52:21,322][rfdiffusion.inference.model_runners][INFO] - Timestep 40, input to next step: ------------------------------------------------------------------------------------------------------------
[2026-04-20 00:52:23,059][rfdiffusion.inference.model_runners][INFO] - Timestep 39, input to next step: ------------------------------------------------------------------------------------------------------------
[2026-04-20 00:52:24,798][rfdiffusion.inference.model_runners][INFO] - Timestep 38, input to next step: ------------------------------------------------------------------------------------------------------------
[2026-04-20 00:52:26,522][rfdiffusion.inference.model_runners][INFO] - Timestep 37, input to next step: ------------------------------------------------------------------------------------------------------------
[2026-04-20 00:52:28,208][rfdiffusion.inference.model_runners][INFO] - Timestep 36, input to next step: ------------------------------------------------------------------------------------------------------------
[2026-04-20 00:52:29,839][rfdiffusion.inference.model_runners][INFO] - Timestep 35, input to next step: ------------------------------------------------------------------------------------------------------------
[2026-04-20 00:52:31,514][rfdiffusion.inference.model_runners][INFO] - Timestep 34, input to next step: ------------------------------------------------------------------------------------------------------------
[2026-04-20 00:52:33,241][rfdiffusion.inference.model_runners][INFO] - Timestep 33, input to next step: ------------------------------------------------------------------------------------------------------------
[2026-04-20 00:52:34,872][rfdiffusion.inference.model_runners][INFO] - Timestep 32, input to next step: ------------------------------------------------------------------------------------------------------------
[2026-04-20 00:52:36,501][rfdiffusion.inference.model_runners][INFO] - Timestep 31, input to next step: ------------------------------------------------------------------------------------------------------------
[2026-04-20 00:52:38,229][rfdiffusion.inference.model_runners][INFO] - Timestep 30, input to next step: ------------------------------------------------------------------------------------------------------------
[2026-04-20 00:52:40,027][rfdiffusion.inference.model_runners][INFO] - Timestep 29, input to next step: ------------------------------------------------------------------------------------------------------------
[2026-04-20 00:52:41,680][rfdiffusion.inference.model_runners][INFO] - Timestep 28, input to next step: ------------------------------------------------------------------------------------------------------------
[2026-04-20 00:52:43,387][rfdiffusion.inference.model_runners][INFO] - Timestep 27, input to next step: ------------------------------------------------------------------------------------------------------------
[2026-04-20 00:52:45,103][rfdiffusion.inference.model_runners][INFO] - Timestep 26, input to next step: ------------------------------------------------------------------------------------------------------------
[2026-04-20 00:52:46,740][rfdiffusion.inference.model_runners][INFO] - Timestep 25, input to next step: ------------------------------------------------------------------------------------------------------------
[2026-04-20 00:52:48,541][rfdiffusion.inference.model_runners][INFO] - Timestep 24, input to next step: ------------------------------------------------------------------------------------------------------------
[2026-04-20 00:52:50,130][rfdiffusion.inference.model_runners][INFO] - Timestep 23, input to next step: ------------------------------------------------------------------------------------------------------------
[2026-04-20 00:52:51,785][rfdiffusion.inference.model_runners][INFO] - Timestep 22, input to next step: ------------------------------------------------------------------------------------------------------------
[2026-04-20 00:52:53,394][rfdiffusion.inference.model_runners][INFO] - Timestep 21, input to next step: ------------------------------------------------------------------------------------------------------------
[2026-04-20 00:52:54,997][rfdiffusion.inference.model_runners][INFO] - Timestep 20, input to next step: ------------------------------------------------------------------------------------------------------------
[2026-04-20 00:52:56,640][rfdiffusion.inference.model_runners][INFO] - Timestep 19, input to next step: ------------------------------------------------------------------------------------------------------------
[2026-04-20 00:52:58,323][rfdiffusion.inference.model_runners][INFO] - Timestep 18, input to next step: ------------------------------------------------------------------------------------------------------------
[2026-04-20 00:52:59,943][rfdiffusion.inference.model_runners][INFO] - Timestep 17, input to next step: ------------------------------------------------------------------------------------------------------------
[2026-04-20 00:53:01,576][rfdiffusion.inference.model_runners][INFO] - Timestep 16, input to next step: ------------------------------------------------------------------------------------------------------------
[2026-04-20 00:53:03,345][rfdiffusion.inference.model_runners][INFO] - Timestep 15, input to next step: ------------------------------------------------------------------------------------------------------------
[2026-04-20 00:53:04,901][rfdiffusion.inference.model_runners][INFO] - Timestep 14, input to next step: ------------------------------------------------------------------------------------------------------------
[2026-04-20 00:53:06,552][rfdiffusion.inference.model_runners][INFO] - Timestep 13, input to next step: ------------------------------------------------------------------------------------------------------------
[2026-04-20 00:53:08,167][rfdiffusion.inference.model_runners][INFO] - Timestep 12, input to next step: ------------------------------------------------------------------------------------------------------------
[2026-04-20 00:53:09,922][rfdiffusion.inference.model_runners][INFO] - Timestep 11, input to next step: ------------------------------------------------------------------------------------------------------------
[2026-04-20 00:53:11,702][rfdiffusion.inference.model_runners][INFO] - Timestep 10, input to next step: ------------------------------------------------------------------------------------------------------------
[2026-04-20 00:53:13,378][rfdiffusion.inference.model_runners][INFO] - Timestep 9, input to next step: ------------------------------------------------------------------------------------------------------------
[2026-04-20 00:53:15,135][rfdiffusion.inference.model_runners][INFO] - Timestep 8, input to next step: ------------------------------------------------------------------------------------------------------------
[2026-04-20 00:53:16,897][rfdiffusion.inference.model_runners][INFO] - Timestep 7, input to next step: ------------------------------------------------------------------------------------------------------------
[2026-04-20 00:53:18,788][rfdiffusion.inference.model_runners][INFO] - Timestep 6, input to next step: ------------------------------------------------------------------------------------------------------------
[2026-04-20 00:53:20,483][rfdiffusion.inference.model_runners][INFO] - Timestep 5, input to next step: ------------------------------------------------------------------------------------------------------------
[2026-04-20 00:53:22,204][rfdiffusion.inference.model_runners][INFO] - Timestep 4, input to next step: ------------------------------------------------------------------------------------------------------------
[2026-04-20 00:53:23,849][rfdiffusion.inference.model_runners][INFO] - Timestep 3, input to next step: ------------------------------------------------------------------------------------------------------------
[2026-04-20 00:53:25,450][rfdiffusion.inference.model_runners][INFO] - Timestep 2, input to next step: ------------------------------------------------------------------------------------------------------------
[2026-04-20 00:53:28,730][__main__][INFO] - Finished design in 1.43 minutes
[2026-04-20 00:53:28,731][__main__][INFO] - Making design /home/manvi/Team_8_CS598GBL/Assignment/Generate_designs/default/len_108/design_2
[2026-04-20 00:53:28,735][rfdiffusion.inference.model_runners][INFO] - Using contig: ['108-108']
[2026-04-20 00:53:28,753][rfdiffusion.inference.model_runners][INFO] - Sequence init: ------------------------------------------------------------------------------------------------------------
[2026-04-20 00:53:30,184][rfdiffusion.inference.model_runners][INFO] - Timestep 50, input to next step: ------------------------------------------------------------------------------------------------------------
[2026-04-20 00:53:31,646][rfdiffusion.inference.model_runners][INFO] - Timestep 49, input to next step: ------------------------------------------------------------------------------------------------------------
[2026-04-20 00:53:33,242][rfdiffusion.inference.model_runners][INFO] - Timestep 48, input to next step: ------------------------------------------------------------------------------------------------------------
[2026-04-20 00:53:34,912][rfdiffusion.inference.model_runners][INFO] - Timestep 47, input to next step: ------------------------------------------------------------------------------------------------------------
[2026-04-20 00:53:36,498][rfdiffusion.inference.model_runners][INFO] - Timestep 46, input to next step: ------------------------------------------------------------------------------------------------------------
[2026-04-20 00:53:38,103][rfdiffusion.inference.model_runners][INFO] - Timestep 45, input to next step: ------------------------------------------------------------------------------------------------------------
[2026-04-20 00:53:39,755][rfdiffusion.inference.model_runners][INFO] - Timestep 44, input to next step: ------------------------------------------------------------------------------------------------------------
[2026-04-20 00:53:41,431][rfdiffusion.inference.model_runners][INFO] - Timestep 43, input to next step: ------------------------------------------------------------------------------------------------------------
[2026-04-20 00:53:43,436][rfdiffusion.inference.model_runners][INFO] - Timestep 42, input to next step: ------------------------------------------------------------------------------------------------------------
[2026-04-20 00:53:45,508][rfdiffusion.inference.model_runners][INFO] - Timestep 41, input to next step: ------------------------------------------------------------------------------------------------------------
[2026-04-20 00:53:47,974][rfdiffusion.inference.model_runners][INFO] - Timestep 40, input to next step: ------------------------------------------------------------------------------------------------------------
[2026-04-20 00:53:50,389][rfdiffusion.inference.model_runners][INFO] - Timestep 39, input to next step: ------------------------------------------------------------------------------------------------------------
[2026-04-20 00:53:52,191][rfdiffusion.inference.model_runners][INFO] - Timestep 38, input to next step: ------------------------------------------------------------------------------------------------------------
[2026-04-20 00:53:53,933][rfdiffusion.inference.model_runners][INFO] - Timestep 37, input to next step: ------------------------------------------------------------------------------------------------------------
[2026-04-20 00:53:55,660][rfdiffusion.inference.model_runners][INFO] - Timestep 36, input to next step: ------------------------------------------------------------------------------------------------------------
[2026-04-20 00:53:57,388][rfdiffusion.inference.model_runners][INFO] - Timestep 35, input to next step: ------------------------------------------------------------------------------------------------------------
[2026-04-20 00:53:59,026][rfdiffusion.inference.model_runners][INFO] - Timestep 34, input to next step: ------------------------------------------------------------------------------------------------------------
[2026-04-20 00:54:00,906][rfdiffusion.inference.model_runners][INFO] - Timestep 33, input to next step: ------------------------------------------------------------------------------------------------------------
[2026-04-20 00:54:02,589][rfdiffusion.inference.model_runners][INFO] - Timestep 32, input to next step: ------------------------------------------------------------------------------------------------------------
[2026-04-20 00:54:04,337][rfdiffusion.inference.model_runners][INFO] - Timestep 31, input to next step: ------------------------------------------------------------------------------------------------------------
[2026-04-20 00:54:06,118][rfdiffusion.inference.model_runners][INFO] - Timestep 30, input to next step: ------------------------------------------------------------------------------------------------------------
[2026-04-20 00:54:07,721][rfdiffusion.inference.model_runners][INFO] - Timestep 29, input to next step: ------------------------------------------------------------------------------------------------------------
[2026-04-20 00:54:09,437][rfdiffusion.inference.model_runners][INFO] - Timestep 28, input to next step: ------------------------------------------------------------------------------------------------------------
[2026-04-20 00:54:11,110][rfdiffusion.inference.model_runners][INFO] - Timestep 27, input to next step: ------------------------------------------------------------------------------------------------------------
[2026-04-20 00:54:12,820][rfdiffusion.inference.model_runners][INFO] - Timestep 26, input to next step: ------------------------------------------------------------------------------------------------------------
[2026-04-20 00:54:14,465][rfdiffusion.inference.model_runners][INFO] - Timestep 25, input to next step: ------------------------------------------------------------------------------------------------------------
[2026-04-20 00:54:16,138][rfdiffusion.inference.model_runners][INFO] - Timestep 24, input to next step: ------------------------------------------------------------------------------------------------------------
[2026-04-20 00:54:17,742][rfdiffusion.inference.model_runners][INFO] - Timestep 23, input to next step: ------------------------------------------------------------------------------------------------------------
[2026-04-20 00:54:19,332][rfdiffusion.inference.model_runners][INFO] - Timestep 22, input to next step: ------------------------------------------------------------------------------------------------------------
[2026-04-20 00:54:20,952][rfdiffusion.inference.model_runners][INFO] - Timestep 21, input to next step: ------------------------------------------------------------------------------------------------------------
[2026-04-20 00:54:22,520][rfdiffusion.inference.model_runners][INFO] - Timestep 20, input to next step: ------------------------------------------------------------------------------------------------------------
[2026-04-20 00:54:24,156][rfdiffusion.inference.model_runners][INFO] - Timestep 19, input to next step: ------------------------------------------------------------------------------------------------------------
[2026-04-20 00:54:25,812][rfdiffusion.inference.model_runners][INFO] - Timestep 18, input to next step: ------------------------------------------------------------------------------------------------------------
[2026-04-20 00:54:27,445][rfdiffusion.inference.model_runners][INFO] - Timestep 17, input to next step: ------------------------------------------------------------------------------------------------------------
[2026-04-20 00:54:29,085][rfdiffusion.inference.model_runners][INFO] - Timestep 16, input to next step: ------------------------------------------------------------------------------------------------------------
[2026-04-20 00:54:30,711][rfdiffusion.inference.model_runners][INFO] - Timestep 15, input to next step: ------------------------------------------------------------------------------------------------------------
[2026-04-20 00:54:32,357][rfdiffusion.inference.model_runners][INFO] - Timestep 14, input to next step: ------------------------------------------------------------------------------------------------------------
[2026-04-20 00:54:34,006][rfdiffusion.inference.model_runners][INFO] - Timestep 13, input to next step: ------------------------------------------------------------------------------------------------------------
[2026-04-20 00:54:35,533][rfdiffusion.inference.model_runners][INFO] - Timestep 12, input to next step: ------------------------------------------------------------------------------------------------------------
[2026-04-20 00:54:37,168][rfdiffusion.inference.model_runners][INFO] - Timestep 11, input to next step: ------------------------------------------------------------------------------------------------------------
[2026-04-20 00:54:38,743][rfdiffusion.inference.model_runners][INFO] - Timestep 10, input to next step: ------------------------------------------------------------------------------------------------------------
[2026-04-20 00:54:40,503][rfdiffusion.inference.model_runners][INFO] - Timestep 9, input to next step: ------------------------------------------------------------------------------------------------------------
[2026-04-20 00:54:42,127][rfdiffusion.inference.model_runners][INFO] - Timestep 8, input to next step: ------------------------------------------------------------------------------------------------------------
[2026-04-20 00:54:43,678][rfdiffusion.inference.model_runners][INFO] - Timestep 7, input to next step: ------------------------------------------------------------------------------------------------------------
[2026-04-20 00:54:45,198][rfdiffusion.inference.model_runners][INFO] - Timestep 6, input to next step: ------------------------------------------------------------------------------------------------------------
[2026-04-20 00:54:46,812][rfdiffusion.inference.model_runners][INFO] - Timestep 5, input to next step: ------------------------------------------------------------------------------------------------------------
[2026-04-20 00:54:48,451][rfdiffusion.inference.model_runners][INFO] - Timestep 4, input to next step: ------------------------------------------------------------------------------------------------------------
[2026-04-20 00:54:50,028][rfdiffusion.inference.model_runners][INFO] - Timestep 3, input to next step: ------------------------------------------------------------------------------------------------------------
[2026-04-20 00:54:51,600][rfdiffusion.inference.model_runners][INFO] - Timestep 2, input to next step: ------------------------------------------------------------------------------------------------------------
[2026-04-20 00:54:54,736][__main__][INFO] - Finished design in 1.43 minutes
[2026-04-20 00:54:54,737][__main__][INFO] - Making design /home/manvi/Team_8_CS598GBL/Assignment/Generate_designs/default/len_108/design_3
[2026-04-20 00:54:54,742][rfdiffusion.inference.model_runners][INFO] - Using contig: ['108-108']
[2026-04-20 00:54:54,768][rfdiffusion.inference.model_runners][INFO] - Sequence init: ------------------------------------------------------------------------------------------------------------
[2026-04-20 00:54:56,262][rfdiffusion.inference.model_runners][INFO] - Timestep 50, input to next step: ------------------------------------------------------------------------------------------------------------
[2026-04-20 00:54:57,788][rfdiffusion.inference.model_runners][INFO] - Timestep 49, input to next step: ------------------------------------------------------------------------------------------------------------
[2026-04-20 00:54:59,339][rfdiffusion.inference.model_runners][INFO] - Timestep 48, input to next step: ------------------------------------------------------------------------------------------------------------
[2026-04-20 00:55:00,908][rfdiffusion.inference.model_runners][INFO] - Timestep 47, input to next step: ------------------------------------------------------------------------------------------------------------
[2026-04-20 00:55:02,431][rfdiffusion.inference.model_runners][INFO] - Timestep 46, input to next step: ------------------------------------------------------------------------------------------------------------
[2026-04-20 00:55:04,061][rfdiffusion.inference.model_runners][INFO] - Timestep 45, input to next step: ------------------------------------------------------------------------------------------------------------
[2026-04-20 00:55:05,624][rfdiffusion.inference.model_runners][INFO] - Timestep 44, input to next step: ------------------------------------------------------------------------------------------------------------
[2026-04-20 00:55:07,064][rfdiffusion.inference.model_runners][INFO] - Timestep 43, input to next step: ------------------------------------------------------------------------------------------------------------
[2026-04-20 00:55:08,577][rfdiffusion.inference.model_runners][INFO] - Timestep 42, input to next step: ------------------------------------------------------------------------------------------------------------
[2026-04-20 00:55:10,185][rfdiffusion.inference.model_runners][INFO] - Timestep 41, input to next step: ------------------------------------------------------------------------------------------------------------
[2026-04-20 00:55:11,746][rfdiffusion.inference.model_runners][INFO] - Timestep 40, input to next step: ------------------------------------------------------------------------------------------------------------
[2026-04-20 00:55:13,309][rfdiffusion.inference.model_runners][INFO] - Timestep 39, input to next step: ------------------------------------------------------------------------------------------------------------
[2026-04-20 00:55:14,849][rfdiffusion.inference.model_runners][INFO] - Timestep 38, input to next step: ------------------------------------------------------------------------------------------------------------
[2026-04-20 00:55:16,458][rfdiffusion.inference.model_runners][INFO] - Timestep 37, input to next step: ------------------------------------------------------------------------------------------------------------
[2026-04-20 00:55:18,055][rfdiffusion.inference.model_runners][INFO] - Timestep 36, input to next step: ------------------------------------------------------------------------------------------------------------
[2026-04-20 00:55:19,597][rfdiffusion.inference.model_runners][INFO] - Timestep 35, input to next step: ------------------------------------------------------------------------------------------------------------
[2026-04-20 00:55:21,206][rfdiffusion.inference.model_runners][INFO] - Timestep 34, input to next step: ------------------------------------------------------------------------------------------------------------
[2026-04-20 00:55:22,830][rfdiffusion.inference.model_runners][INFO] - Timestep 33, input to next step: ------------------------------------------------------------------------------------------------------------
[2026-04-20 00:55:24,405][rfdiffusion.inference.model_runners][INFO] - Timestep 32, input to next step: ------------------------------------------------------------------------------------------------------------
[2026-04-20 00:55:25,966][rfdiffusion.inference.model_runners][INFO] - Timestep 31, input to next step: ------------------------------------------------------------------------------------------------------------
[2026-04-20 00:55:27,625][rfdiffusion.inference.model_runners][INFO] - Timestep 30, input to next step: ------------------------------------------------------------------------------------------------------------
[2026-04-20 00:55:29,217][rfdiffusion.inference.model_runners][INFO] - Timestep 29, input to next step: ------------------------------------------------------------------------------------------------------------
[2026-04-20 00:55:30,763][rfdiffusion.inference.model_runners][INFO] - Timestep 28, input to next step: ------------------------------------------------------------------------------------------------------------
[2026-04-20 00:55:32,436][rfdiffusion.inference.model_runners][INFO] - Timestep 27, input to next step: ------------------------------------------------------------------------------------------------------------
[2026-04-20 00:55:34,122][rfdiffusion.inference.model_runners][INFO] - Timestep 26, input to next step: ------------------------------------------------------------------------------------------------------------
[2026-04-20 00:55:35,703][rfdiffusion.inference.model_runners][INFO] - Timestep 25, input to next step: ------------------------------------------------------------------------------------------------------------
[2026-04-20 00:55:37,336][rfdiffusion.inference.model_runners][INFO] - Timestep 24, input to next step: ------------------------------------------------------------------------------------------------------------
[2026-04-20 00:55:38,940][rfdiffusion.inference.model_runners][INFO] - Timestep 23, input to next step: ------------------------------------------------------------------------------------------------------------
[2026-04-20 00:55:40,531][rfdiffusion.inference.model_runners][INFO] - Timestep 22, input to next step: ------------------------------------------------------------------------------------------------------------
[2026-04-20 00:55:42,210][rfdiffusion.inference.model_runners][INFO] - Timestep 21, input to next step: ------------------------------------------------------------------------------------------------------------
[2026-04-20 00:55:43,813][rfdiffusion.inference.model_runners][INFO] - Timestep 20, input to next step: ------------------------------------------------------------------------------------------------------------
[2026-04-20 00:55:45,411][rfdiffusion.inference.model_runners][INFO] - Timestep 19, input to next step: ------------------------------------------------------------------------------------------------------------
[2026-04-20 00:55:47,087][rfdiffusion.inference.model_runners][INFO] - Timestep 18, input to next step: ------------------------------------------------------------------------------------------------------------
[2026-04-20 00:55:48,731][rfdiffusion.inference.model_runners][INFO] - Timestep 17, input to next step: ------------------------------------------------------------------------------------------------------------
[2026-04-20 00:55:50,294][rfdiffusion.inference.model_runners][INFO] - Timestep 16, input to next step: ------------------------------------------------------------------------------------------------------------
[2026-04-20 00:55:51,812][rfdiffusion.inference.model_runners][INFO] - Timestep 15, input to next step: ------------------------------------------------------------------------------------------------------------
[2026-04-20 00:55:53,425][rfdiffusion.inference.model_runners][INFO] - Timestep 14, input to next step: ------------------------------------------------------------------------------------------------------------
[2026-04-20 00:55:54,980][rfdiffusion.inference.model_runners][INFO] - Timestep 13, input to next step: ------------------------------------------------------------------------------------------------------------
[2026-04-20 00:55:56,557][rfdiffusion.inference.model_runners][INFO] - Timestep 12, input to next step: ------------------------------------------------------------------------------------------------------------
[2026-04-20 00:55:58,137][rfdiffusion.inference.model_runners][INFO] - Timestep 11, input to next step: ------------------------------------------------------------------------------------------------------------
[2026-04-20 00:55:59,685][rfdiffusion.inference.model_runners][INFO] - Timestep 10, input to next step: ------------------------------------------------------------------------------------------------------------
[2026-04-20 00:56:01,286][rfdiffusion.inference.model_runners][INFO] - Timestep 9, input to next step: ------------------------------------------------------------------------------------------------------------
[2026-04-20 00:56:02,949][rfdiffusion.inference.model_runners][INFO] - Timestep 8, input to next step: ------------------------------------------------------------------------------------------------------------
[2026-04-20 00:56:04,577][rfdiffusion.inference.model_runners][INFO] - Timestep 7, input to next step: ------------------------------------------------------------------------------------------------------------
[2026-04-20 00:56:06,180][rfdiffusion.inference.model_runners][INFO] - Timestep 6, input to next step: ------------------------------------------------------------------------------------------------------------
[2026-04-20 00:56:07,748][rfdiffusion.inference.model_runners][INFO] - Timestep 5, input to next step: ------------------------------------------------------------------------------------------------------------
[2026-04-20 00:56:09,448][rfdiffusion.inference.model_runners][INFO] - Timestep 4, input to next step: ------------------------------------------------------------------------------------------------------------
[2026-04-20 00:56:11,177][rfdiffusion.inference.model_runners][INFO] - Timestep 3, input to next step: ------------------------------------------------------------------------------------------------------------
[2026-04-20 00:56:12,873][rfdiffusion.inference.model_runners][INFO] - Timestep 2, input to next step: ------------------------------------------------------------------------------------------------------------
[2026-04-20 00:56:16,354][__main__][INFO] - Finished design in 1.36 minutes
[2026-04-20 00:56:16,354][__main__][INFO] - Making design /home/manvi/Team_8_CS598GBL/Assignment/Generate_designs/default/len_108/design_4
[2026-04-20 00:56:16,358][rfdiffusion.inference.model_runners][INFO] - Using contig: ['108-108']
[2026-04-20 00:56:16,376][rfdiffusion.inference.model_runners][INFO] - Sequence init: ------------------------------------------------------------------------------------------------------------
[2026-04-20 00:56:17,791][rfdiffusion.inference.model_runners][INFO] - Timestep 50, input to next step: ------------------------------------------------------------------------------------------------------------
[2026-04-20 00:56:19,343][rfdiffusion.inference.model_runners][INFO] - Timestep 49, input to next step: ------------------------------------------------------------------------------------------------------------
[2026-04-20 00:56:21,117][rfdiffusion.inference.model_runners][INFO] - Timestep 48, input to next step: ------------------------------------------------------------------------------------------------------------
[2026-04-20 00:56:22,806][rfdiffusion.inference.model_runners][INFO] - Timestep 47, input to next step: ------------------------------------------------------------------------------------------------------------
[2026-04-20 00:56:24,400][rfdiffusion.inference.model_runners][INFO] - Timestep 46, input to next step: ------------------------------------------------------------------------------------------------------------
[2026-04-20 00:56:26,057][rfdiffusion.inference.model_runners][INFO] - Timestep 45, input to next step: ------------------------------------------------------------------------------------------------------------
[2026-04-20 00:56:27,606][rfdiffusion.inference.model_runners][INFO] - Timestep 44, input to next step: ------------------------------------------------------------------------------------------------------------
[2026-04-20 00:56:29,204][rfdiffusion.inference.model_runners][INFO] - Timestep 43, input to next step: ------------------------------------------------------------------------------------------------------------
[2026-04-20 00:56:30,909][rfdiffusion.inference.model_runners][INFO] - Timestep 42, input to next step: ------------------------------------------------------------------------------------------------------------
[2026-04-20 00:56:32,512][rfdiffusion.inference.model_runners][INFO] - Timestep 41, input to next step: ------------------------------------------------------------------------------------------------------------
[2026-04-20 00:56:34,230][rfdiffusion.inference.model_runners][INFO] - Timestep 40, input to next step: ------------------------------------------------------------------------------------------------------------
[2026-04-20 00:56:36,060][rfdiffusion.inference.model_runners][INFO] - Timestep 39, input to next step: ------------------------------------------------------------------------------------------------------------
[2026-04-20 00:56:37,686][rfdiffusion.inference.model_runners][INFO] - Timestep 38, input to next step: ------------------------------------------------------------------------------------------------------------
[2026-04-20 00:56:39,292][rfdiffusion.inference.model_runners][INFO] - Timestep 37, input to next step: ------------------------------------------------------------------------------------------------------------
[2026-04-20 00:56:41,091][rfdiffusion.inference.model_runners][INFO] - Timestep 36, input to next step: ------------------------------------------------------------------------------------------------------------
[2026-04-20 00:56:42,873][rfdiffusion.inference.model_runners][INFO] - Timestep 35, input to next step: ------------------------------------------------------------------------------------------------------------
[2026-04-20 00:56:44,471][rfdiffusion.inference.model_runners][INFO] - Timestep 34, input to next step: ------------------------------------------------------------------------------------------------------------
[2026-04-20 00:56:46,118][rfdiffusion.inference.model_runners][INFO] - Timestep 33, input to next step: ------------------------------------------------------------------------------------------------------------
[2026-04-20 00:56:47,796][rfdiffusion.inference.model_runners][INFO] - Timestep 32, input to next step: ------------------------------------------------------------------------------------------------------------
[2026-04-20 00:56:49,370][rfdiffusion.inference.model_runners][INFO] - Timestep 31, input to next step: ------------------------------------------------------------------------------------------------------------
[2026-04-20 00:56:51,031][rfdiffusion.inference.model_runners][INFO] - Timestep 30, input to next step: ------------------------------------------------------------------------------------------------------------
[2026-04-20 00:56:52,686][rfdiffusion.inference.model_runners][INFO] - Timestep 29, input to next step: ------------------------------------------------------------------------------------------------------------
[2026-04-20 00:56:54,307][rfdiffusion.inference.model_runners][INFO] - Timestep 28, input to next step: ------------------------------------------------------------------------------------------------------------
[2026-04-20 00:56:55,927][rfdiffusion.inference.model_runners][INFO] - Timestep 27, input to next step: ------------------------------------------------------------------------------------------------------------
[2026-04-20 00:56:57,668][rfdiffusion.inference.model_runners][INFO] - Timestep 26, input to next step: ------------------------------------------------------------------------------------------------------------
[2026-04-20 00:56:59,253][rfdiffusion.inference.model_runners][INFO] - Timestep 25, input to next step: ------------------------------------------------------------------------------------------------------------
[2026-04-20 00:57:00,811][rfdiffusion.inference.model_runners][INFO] - Timestep 24, input to next step: ------------------------------------------------------------------------------------------------------------
[2026-04-20 00:57:02,314][rfdiffusion.inference.model_runners][INFO] - Timestep 23, input to next step: ------------------------------------------------------------------------------------------------------------
[2026-04-20 00:57:03,905][rfdiffusion.inference.model_runners][INFO] - Timestep 22, input to next step: ------------------------------------------------------------------------------------------------------------
[2026-04-20 00:57:05,601][rfdiffusion.inference.model_runners][INFO] - Timestep 21, input to next step: ------------------------------------------------------------------------------------------------------------
[2026-04-20 00:57:07,205][rfdiffusion.inference.model_runners][INFO] - Timestep 20, input to next step: ------------------------------------------------------------------------------------------------------------
[2026-04-20 00:57:08,747][rfdiffusion.inference.model_runners][INFO] - Timestep 19, input to next step: ------------------------------------------------------------------------------------------------------------
[2026-04-20 00:57:10,301][rfdiffusion.inference.model_runners][INFO] - Timestep 18, input to next step: ------------------------------------------------------------------------------------------------------------
[2026-04-20 00:57:12,661][rfdiffusion.inference.model_runners][INFO] - Timestep 17, input to next step: ------------------------------------------------------------------------------------------------------------
[2026-04-20 00:57:14,618][rfdiffusion.inference.model_runners][INFO] - Timestep 16, input to next step: ------------------------------------------------------------------------------------------------------------
[2026-04-20 00:57:16,690][rfdiffusion.inference.model_runners][INFO] - Timestep 15, input to next step: ------------------------------------------------------------------------------------------------------------
[2026-04-20 00:57:20,610][rfdiffusion.inference.model_runners][INFO] - Timestep 14, input to next step: ------------------------------------------------------------------------------------------------------------
[2026-04-20 00:57:22,512][rfdiffusion.inference.model_runners][INFO] - Timestep 13, input to next step: ------------------------------------------------------------------------------------------------------------
[2026-04-20 00:57:24,280][rfdiffusion.inference.model_runners][INFO] - Timestep 12, input to next step: ------------------------------------------------------------------------------------------------------------
[2026-04-20 00:57:27,400][rfdiffusion.inference.model_runners][INFO] - Timestep 11, input to next step: ------------------------------------------------------------------------------------------------------------
[2026-04-20 00:57:29,181][rfdiffusion.inference.model_runners][INFO] - Timestep 10, input to next step: ------------------------------------------------------------------------------------------------------------
[2026-04-20 00:57:30,772][rfdiffusion.inference.model_runners][INFO] - Timestep 9, input to next step: ------------------------------------------------------------------------------------------------------------
[2026-04-20 00:57:32,584][rfdiffusion.inference.model_runners][INFO] - Timestep 8, input to next step: ------------------------------------------------------------------------------------------------------------
[2026-04-20 00:57:34,368][rfdiffusion.inference.model_runners][INFO] - Timestep 7, input to next step: ------------------------------------------------------------------------------------------------------------
[2026-04-20 00:57:36,000][rfdiffusion.inference.model_runners][INFO] - Timestep 6, input to next step: ------------------------------------------------------------------------------------------------------------
[2026-04-20 00:57:37,589][rfdiffusion.inference.model_runners][INFO] - Timestep 5, input to next step: ------------------------------------------------------------------------------------------------------------
[2026-04-20 00:57:39,157][rfdiffusion.inference.model_runners][INFO] - Timestep 4, input to next step: ------------------------------------------------------------------------------------------------------------
[2026-04-20 00:57:40,758][rfdiffusion.inference.model_runners][INFO] - Timestep 3, input to next step: ------------------------------------------------------------------------------------------------------------
[2026-04-20 00:57:42,337][rfdiffusion.inference.model_runners][INFO] - Timestep 2, input to next step: ------------------------------------------------------------------------------------------------------------
[2026-04-20 00:57:45,659][__main__][INFO] - Finished design in 1.49 minutes
[2026-04-20 00:57:45,660][__main__][INFO] - Making design /home/manvi/Team_8_CS598GBL/Assignment/Generate_designs/default/len_108/design_5
[2026-04-20 00:57:45,664][rfdiffusion.inference.model_runners][INFO] - Using contig: ['108-108']
[2026-04-20 00:57:45,684][rfdiffusion.inference.model_runners][INFO] - Sequence init: ------------------------------------------------------------------------------------------------------------
[2026-04-20 00:57:47,155][rfdiffusion.inference.model_runners][INFO] - Timestep 50, input to next step: ------------------------------------------------------------------------------------------------------------
[2026-04-20 00:57:48,735][rfdiffusion.inference.model_runners][INFO] - Timestep 49, input to next step: ------------------------------------------------------------------------------------------------------------
[2026-04-20 00:57:50,669][rfdiffusion.inference.model_runners][INFO] - Timestep 48, input to next step: ------------------------------------------------------------------------------------------------------------
[2026-04-20 00:57:52,340][rfdiffusion.inference.model_runners][INFO] - Timestep 47, input to next step: ------------------------------------------------------------------------------------------------------------
[2026-04-20 00:57:53,980][rfdiffusion.inference.model_runners][INFO] - Timestep 46, input to next step: ------------------------------------------------------------------------------------------------------------
[2026-04-20 00:57:55,719][rfdiffusion.inference.model_runners][INFO] - Timestep 45, input to next step: ------------------------------------------------------------------------------------------------------------
[2026-04-20 00:57:57,136][rfdiffusion.inference.model_runners][INFO] - Timestep 44, input to next step: ------------------------------------------------------------------------------------------------------------
[2026-04-20 00:57:58,726][rfdiffusion.inference.model_runners][INFO] - Timestep 43, input to next step: ------------------------------------------------------------------------------------------------------------
[2026-04-20 00:58:00,208][rfdiffusion.inference.model_runners][INFO] - Timestep 42, input to next step: ------------------------------------------------------------------------------------------------------------
[2026-04-20 00:58:01,696][rfdiffusion.inference.model_runners][INFO] - Timestep 41, input to next step: ------------------------------------------------------------------------------------------------------------
[2026-04-20 00:58:03,423][rfdiffusion.inference.model_runners][INFO] - Timestep 40, input to next step: ------------------------------------------------------------------------------------------------------------
[2026-04-20 00:58:05,077][rfdiffusion.inference.model_runners][INFO] - Timestep 39, input to next step: ------------------------------------------------------------------------------------------------------------
[2026-04-20 00:58:06,628][rfdiffusion.inference.model_runners][INFO] - Timestep 38, input to next step: ------------------------------------------------------------------------------------------------------------
[2026-04-20 00:58:08,229][rfdiffusion.inference.model_runners][INFO] - Timestep 37, input to next step: ------------------------------------------------------------------------------------------------------------
[2026-04-20 00:58:09,799][rfdiffusion.inference.model_runners][INFO] - Timestep 36, input to next step: ------------------------------------------------------------------------------------------------------------
[2026-04-20 00:58:11,277][rfdiffusion.inference.model_runners][INFO] - Timestep 35, input to next step: ------------------------------------------------------------------------------------------------------------
[2026-04-20 00:58:12,770][rfdiffusion.inference.model_runners][INFO] - Timestep 34, input to next step: ------------------------------------------------------------------------------------------------------------
[2026-04-20 00:58:14,416][rfdiffusion.inference.model_runners][INFO] - Timestep 33, input to next step: ------------------------------------------------------------------------------------------------------------
[2026-04-20 00:58:16,042][rfdiffusion.inference.model_runners][INFO] - Timestep 32, input to next step: ------------------------------------------------------------------------------------------------------------
[2026-04-20 00:58:17,688][rfdiffusion.inference.model_runners][INFO] - Timestep 31, input to next step: ------------------------------------------------------------------------------------------------------------
[2026-04-20 00:58:19,518][rfdiffusion.inference.model_runners][INFO] - Timestep 30, input to next step: ------------------------------------------------------------------------------------------------------------
[2026-04-20 00:58:21,108][rfdiffusion.inference.model_runners][INFO] - Timestep 29, input to next step: ------------------------------------------------------------------------------------------------------------
[2026-04-20 00:58:22,747][rfdiffusion.inference.model_runners][INFO] - Timestep 28, input to next step: ------------------------------------------------------------------------------------------------------------
[2026-04-20 00:58:24,314][rfdiffusion.inference.model_runners][INFO] - Timestep 27, input to next step: ------------------------------------------------------------------------------------------------------------
[2026-04-20 00:58:25,915][rfdiffusion.inference.model_runners][INFO] - Timestep 26, input to next step: ------------------------------------------------------------------------------------------------------------
[2026-04-20 00:58:27,379][rfdiffusion.inference.model_runners][INFO] - Timestep 25, input to next step: ------------------------------------------------------------------------------------------------------------
[2026-04-20 00:58:28,942][rfdiffusion.inference.model_runners][INFO] - Timestep 24, input to next step: ------------------------------------------------------------------------------------------------------------
[2026-04-20 00:58:30,523][rfdiffusion.inference.model_runners][INFO] - Timestep 23, input to next step: ------------------------------------------------------------------------------------------------------------
[2026-04-20 00:58:32,067][rfdiffusion.inference.model_runners][INFO] - Timestep 22, input to next step: ------------------------------------------------------------------------------------------------------------
[2026-04-20 00:58:33,699][rfdiffusion.inference.model_runners][INFO] - Timestep 21, input to next step: ------------------------------------------------------------------------------------------------------------
[2026-04-20 00:58:35,381][rfdiffusion.inference.model_runners][INFO] - Timestep 20, input to next step: ------------------------------------------------------------------------------------------------------------
[2026-04-20 00:58:37,276][rfdiffusion.inference.model_runners][INFO] - Timestep 19, input to next step: ------------------------------------------------------------------------------------------------------------
[2026-04-20 00:58:39,176][rfdiffusion.inference.model_runners][INFO] - Timestep 18, input to next step: ------------------------------------------------------------------------------------------------------------
[2026-04-20 00:58:41,918][rfdiffusion.inference.model_runners][INFO] - Timestep 17, input to next step: ------------------------------------------------------------------------------------------------------------
[2026-04-20 00:58:43,822][rfdiffusion.inference.model_runners][INFO] - Timestep 16, input to next step: ------------------------------------------------------------------------------------------------------------
[2026-04-20 00:58:45,458][rfdiffusion.inference.model_runners][INFO] - Timestep 15, input to next step: ------------------------------------------------------------------------------------------------------------
[2026-04-20 00:58:47,107][rfdiffusion.inference.model_runners][INFO] - Timestep 14, input to next step: ------------------------------------------------------------------------------------------------------------
[2026-04-20 00:58:48,717][rfdiffusion.inference.model_runners][INFO] - Timestep 13, input to next step: ------------------------------------------------------------------------------------------------------------
[2026-04-20 00:58:50,391][rfdiffusion.inference.model_runners][INFO] - Timestep 12, input to next step: ------------------------------------------------------------------------------------------------------------
[2026-04-20 00:58:51,975][rfdiffusion.inference.model_runners][INFO] - Timestep 11, input to next step: ------------------------------------------------------------------------------------------------------------
[2026-04-20 00:58:53,599][rfdiffusion.inference.model_runners][INFO] - Timestep 10, input to next step: ------------------------------------------------------------------------------------------------------------
[2026-04-20 00:58:55,272][rfdiffusion.inference.model_runners][INFO] - Timestep 9, input to next step: ------------------------------------------------------------------------------------------------------------
[2026-04-20 00:58:56,907][rfdiffusion.inference.model_runners][INFO] - Timestep 8, input to next step: ------------------------------------------------------------------------------------------------------------
[2026-04-20 00:58:58,554][rfdiffusion.inference.model_runners][INFO] - Timestep 7, input to next step: ------------------------------------------------------------------------------------------------------------
[2026-04-20 00:59:00,240][rfdiffusion.inference.model_runners][INFO] - Timestep 6, input to next step: ------------------------------------------------------------------------------------------------------------
[2026-04-20 00:59:01,930][rfdiffusion.inference.model_runners][INFO] - Timestep 5, input to next step: ------------------------------------------------------------------------------------------------------------
[2026-04-20 00:59:03,526][rfdiffusion.inference.model_runners][INFO] - Timestep 4, input to next step: ------------------------------------------------------------------------------------------------------------
[2026-04-20 00:59:05,051][rfdiffusion.inference.model_runners][INFO] - Timestep 3, input to next step: ------------------------------------------------------------------------------------------------------------
[2026-04-20 00:59:07,052][rfdiffusion.inference.model_runners][INFO] - Timestep 2, input to next step: ------------------------------------------------------------------------------------------------------------
[2026-04-20 00:59:10,320][__main__][INFO] - Finished design in 1.41 minutes
[2026-04-20 00:59:10,320][__main__][INFO] - Making design /home/manvi/Team_8_CS598GBL/Assignment/Generate_designs/default/len_108/design_6
[2026-04-20 00:59:10,325][rfdiffusion.inference.model_runners][INFO] - Using contig: ['108-108']
[2026-04-20 00:59:10,351][rfdiffusion.inference.model_runners][INFO] - Sequence init: ------------------------------------------------------------------------------------------------------------
[2026-04-20 00:59:11,726][rfdiffusion.inference.model_runners][INFO] - Timestep 50, input to next step: ------------------------------------------------------------------------------------------------------------
[2026-04-20 00:59:13,289][rfdiffusion.inference.model_runners][INFO] - Timestep 49, input to next step: ------------------------------------------------------------------------------------------------------------
[2026-04-20 00:59:14,942][rfdiffusion.inference.model_runners][INFO] - Timestep 48, input to next step: ------------------------------------------------------------------------------------------------------------
[2026-04-20 00:59:16,565][rfdiffusion.inference.model_runners][INFO] - Timestep 47, input to next step: ------------------------------------------------------------------------------------------------------------
[2026-04-20 00:59:18,148][rfdiffusion.inference.model_runners][INFO] - Timestep 46, input to next step: ------------------------------------------------------------------------------------------------------------
[2026-04-20 00:59:19,681][rfdiffusion.inference.model_runners][INFO] - Timestep 45, input to next step: ------------------------------------------------------------------------------------------------------------
[2026-04-20 00:59:21,287][rfdiffusion.inference.model_runners][INFO] - Timestep 44, input to next step: ------------------------------------------------------------------------------------------------------------
[2026-04-20 00:59:22,830][rfdiffusion.inference.model_runners][INFO] - Timestep 43, input to next step: ------------------------------------------------------------------------------------------------------------
[2026-04-20 00:59:24,424][rfdiffusion.inference.model_runners][INFO] - Timestep 42, input to next step: ------------------------------------------------------------------------------------------------------------
[2026-04-20 00:59:26,140][rfdiffusion.inference.model_runners][INFO] - Timestep 41, input to next step: ------------------------------------------------------------------------------------------------------------
[2026-04-20 00:59:27,720][rfdiffusion.inference.model_runners][INFO] - Timestep 40, input to next step: ------------------------------------------------------------------------------------------------------------
[2026-04-20 00:59:29,290][rfdiffusion.inference.model_runners][INFO] - Timestep 39, input to next step: ------------------------------------------------------------------------------------------------------------
[2026-04-20 00:59:30,996][rfdiffusion.inference.model_runners][INFO] - Timestep 38, input to next step: ------------------------------------------------------------------------------------------------------------
[2026-04-20 00:59:32,622][rfdiffusion.inference.model_runners][INFO] - Timestep 37, input to next step: ------------------------------------------------------------------------------------------------------------
[2026-04-20 00:59:34,218][rfdiffusion.inference.model_runners][INFO] - Timestep 36, input to next step: ------------------------------------------------------------------------------------------------------------
[2026-04-20 00:59:35,821][rfdiffusion.inference.model_runners][INFO] - Timestep 35, input to next step: ------------------------------------------------------------------------------------------------------------
[2026-04-20 00:59:37,430][rfdiffusion.inference.model_runners][INFO] - Timestep 34, input to next step: ------------------------------------------------------------------------------------------------------------
[2026-04-20 00:59:39,003][rfdiffusion.inference.model_runners][INFO] - Timestep 33, input to next step: ------------------------------------------------------------------------------------------------------------
[2026-04-20 00:59:40,612][rfdiffusion.inference.model_runners][INFO] - Timestep 32, input to next step: ------------------------------------------------------------------------------------------------------------
[2026-04-20 00:59:42,356][rfdiffusion.inference.model_runners][INFO] - Timestep 31, input to next step: ------------------------------------------------------------------------------------------------------------
[2026-04-20 00:59:43,969][rfdiffusion.inference.model_runners][INFO] - Timestep 30, input to next step: ------------------------------------------------------------------------------------------------------------
[2026-04-20 00:59:45,616][rfdiffusion.inference.model_runners][INFO] - Timestep 29, input to next step: ------------------------------------------------------------------------------------------------------------
[2026-04-20 00:59:47,214][rfdiffusion.inference.model_runners][INFO] - Timestep 28, input to next step: ------------------------------------------------------------------------------------------------------------
[2026-04-20 00:59:48,754][rfdiffusion.inference.model_runners][INFO] - Timestep 27, input to next step: ------------------------------------------------------------------------------------------------------------
[2026-04-20 00:59:50,354][rfdiffusion.inference.model_runners][INFO] - Timestep 26, input to next step: ------------------------------------------------------------------------------------------------------------
[2026-04-20 00:59:51,955][rfdiffusion.inference.model_runners][INFO] - Timestep 25, input to next step: ------------------------------------------------------------------------------------------------------------
[2026-04-20 00:59:53,556][rfdiffusion.inference.model_runners][INFO] - Timestep 24, input to next step: ------------------------------------------------------------------------------------------------------------
[2026-04-20 00:59:55,129][rfdiffusion.inference.model_runners][INFO] - Timestep 23, input to next step: ------------------------------------------------------------------------------------------------------------
[2026-04-20 00:59:56,717][rfdiffusion.inference.model_runners][INFO] - Timestep 22, input to next step: ------------------------------------------------------------------------------------------------------------
[2026-04-20 00:59:58,306][rfdiffusion.inference.model_runners][INFO] - Timestep 21, input to next step: ------------------------------------------------------------------------------------------------------------
[2026-04-20 00:59:59,863][rfdiffusion.inference.model_runners][INFO] - Timestep 20, input to next step: ------------------------------------------------------------------------------------------------------------
[2026-04-20 01:00:01,465][rfdiffusion.inference.model_runners][INFO] - Timestep 19, input to next step: ------------------------------------------------------------------------------------------------------------
[2026-04-20 01:00:03,094][rfdiffusion.inference.model_runners][INFO] - Timestep 18, input to next step: ------------------------------------------------------------------------------------------------------------
[2026-04-20 01:00:04,774][rfdiffusion.inference.model_runners][INFO] - Timestep 17, input to next step: ------------------------------------------------------------------------------------------------------------
[2026-04-20 01:00:06,313][rfdiffusion.inference.model_runners][INFO] - Timestep 16, input to next step: ------------------------------------------------------------------------------------------------------------
[2026-04-20 01:00:07,911][rfdiffusion.inference.model_runners][INFO] - Timestep 15, input to next step: ------------------------------------------------------------------------------------------------------------
[2026-04-20 01:00:09,427][rfdiffusion.inference.model_runners][INFO] - Timestep 14, input to next step: ------------------------------------------------------------------------------------------------------------
[2026-04-20 01:00:11,047][rfdiffusion.inference.model_runners][INFO] - Timestep 13, input to next step: ------------------------------------------------------------------------------------------------------------
[2026-04-20 01:00:12,768][rfdiffusion.inference.model_runners][INFO] - Timestep 12, input to next step: ------------------------------------------------------------------------------------------------------------
[2026-04-20 01:00:14,487][rfdiffusion.inference.model_runners][INFO] - Timestep 11, input to next step: ------------------------------------------------------------------------------------------------------------
[2026-04-20 01:00:16,084][rfdiffusion.inference.model_runners][INFO] - Timestep 10, input to next step: ------------------------------------------------------------------------------------------------------------
[2026-04-20 01:00:17,659][rfdiffusion.inference.model_runners][INFO] - Timestep 9, input to next step: ------------------------------------------------------------------------------------------------------------
[2026-04-20 01:00:19,072][rfdiffusion.inference.model_runners][INFO] - Timestep 8, input to next step: ------------------------------------------------------------------------------------------------------------
[2026-04-20 01:00:20,759][rfdiffusion.inference.model_runners][INFO] - Timestep 7, input to next step: ------------------------------------------------------------------------------------------------------------
[2026-04-20 01:00:22,619][rfdiffusion.inference.model_runners][INFO] - Timestep 6, input to next step: ------------------------------------------------------------------------------------------------------------
[2026-04-20 01:00:24,263][rfdiffusion.inference.model_runners][INFO] - Timestep 5, input to next step: ------------------------------------------------------------------------------------------------------------
[2026-04-20 01:00:25,992][rfdiffusion.inference.model_runners][INFO] - Timestep 4, input to next step: ------------------------------------------------------------------------------------------------------------
[2026-04-20 01:00:27,652][rfdiffusion.inference.model_runners][INFO] - Timestep 3, input to next step: ------------------------------------------------------------------------------------------------------------
[2026-04-20 01:00:29,267][rfdiffusion.inference.model_runners][INFO] - Timestep 2, input to next step: ------------------------------------------------------------------------------------------------------------
[2026-04-20 01:00:32,681][__main__][INFO] - Finished design in 1.37 minutes
[2026-04-20 01:00:32,682][__main__][INFO] - Making design /home/manvi/Team_8_CS598GBL/Assignment/Generate_designs/default/len_108/design_7
[2026-04-20 01:00:32,692][rfdiffusion.inference.model_runners][INFO] - Using contig: ['108-108']
[2026-04-20 01:00:32,718][rfdiffusion.inference.model_runners][INFO] - Sequence init: ------------------------------------------------------------------------------------------------------------
[2026-04-20 01:00:34,297][rfdiffusion.inference.model_runners][INFO] - Timestep 50, input to next step: ------------------------------------------------------------------------------------------------------------
[2026-04-20 01:00:35,963][rfdiffusion.inference.model_runners][INFO] - Timestep 49, input to next step: ------------------------------------------------------------------------------------------------------------
[2026-04-20 01:00:37,621][rfdiffusion.inference.model_runners][INFO] - Timestep 48, input to next step: ------------------------------------------------------------------------------------------------------------
[2026-04-20 01:00:39,251][rfdiffusion.inference.model_runners][INFO] - Timestep 47, input to next step: ------------------------------------------------------------------------------------------------------------
[2026-04-20 01:00:40,961][rfdiffusion.inference.model_runners][INFO] - Timestep 46, input to next step: ------------------------------------------------------------------------------------------------------------
[2026-04-20 01:00:42,767][rfdiffusion.inference.model_runners][INFO] - Timestep 45, input to next step: ------------------------------------------------------------------------------------------------------------
[2026-04-20 01:00:44,538][rfdiffusion.inference.model_runners][INFO] - Timestep 44, input to next step: ------------------------------------------------------------------------------------------------------------
[2026-04-20 01:00:46,279][rfdiffusion.inference.model_runners][INFO] - Timestep 43, input to next step: ------------------------------------------------------------------------------------------------------------
[2026-04-20 01:00:48,041][rfdiffusion.inference.model_runners][INFO] - Timestep 42, input to next step: ------------------------------------------------------------------------------------------------------------
[2026-04-20 01:00:49,760][rfdiffusion.inference.model_runners][INFO] - Timestep 41, input to next step: ------------------------------------------------------------------------------------------------------------
[2026-04-20 01:00:51,501][rfdiffusion.inference.model_runners][INFO] - Timestep 40, input to next step: ------------------------------------------------------------------------------------------------------------
[2026-04-20 01:00:53,310][rfdiffusion.inference.model_runners][INFO] - Timestep 39, input to next step: ------------------------------------------------------------------------------------------------------------
[2026-04-20 01:00:55,021][rfdiffusion.inference.model_runners][INFO] - Timestep 38, input to next step: ------------------------------------------------------------------------------------------------------------
[2026-04-20 01:00:56,625][rfdiffusion.inference.model_runners][INFO] - Timestep 37, input to next step: ------------------------------------------------------------------------------------------------------------
[2026-04-20 01:00:58,310][rfdiffusion.inference.model_runners][INFO] - Timestep 36, input to next step: ------------------------------------------------------------------------------------------------------------
[2026-04-20 01:00:59,912][rfdiffusion.inference.model_runners][INFO] - Timestep 35, input to next step: ------------------------------------------------------------------------------------------------------------
[2026-04-20 01:01:01,605][rfdiffusion.inference.model_runners][INFO] - Timestep 34, input to next step: ------------------------------------------------------------------------------------------------------------
[2026-04-20 01:01:03,326][rfdiffusion.inference.model_runners][INFO] - Timestep 33, input to next step: ------------------------------------------------------------------------------------------------------------
[2026-04-20 01:01:05,029][rfdiffusion.inference.model_runners][INFO] - Timestep 32, input to next step: ------------------------------------------------------------------------------------------------------------
[2026-04-20 01:01:06,686][rfdiffusion.inference.model_runners][INFO] - Timestep 31, input to next step: ------------------------------------------------------------------------------------------------------------
[2026-04-20 01:01:08,336][rfdiffusion.inference.model_runners][INFO] - Timestep 30, input to next step: ------------------------------------------------------------------------------------------------------------
[2026-04-20 01:01:10,163][rfdiffusion.inference.model_runners][INFO] - Timestep 29, input to next step: ------------------------------------------------------------------------------------------------------------
[2026-04-20 01:01:12,382][rfdiffusion.inference.model_runners][INFO] - Timestep 28, input to next step: ------------------------------------------------------------------------------------------------------------
[2026-04-20 01:01:14,390][rfdiffusion.inference.model_runners][INFO] - Timestep 27, input to next step: ------------------------------------------------------------------------------------------------------------
[2026-04-20 01:01:16,010][rfdiffusion.inference.model_runners][INFO] - Timestep 26, input to next step: ------------------------------------------------------------------------------------------------------------
[2026-04-20 01:01:17,747][rfdiffusion.inference.model_runners][INFO] - Timestep 25, input to next step: ------------------------------------------------------------------------------------------------------------
[2026-04-20 01:01:19,369][rfdiffusion.inference.model_runners][INFO] - Timestep 24, input to next step: ------------------------------------------------------------------------------------------------------------
[2026-04-20 01:01:21,176][rfdiffusion.inference.model_runners][INFO] - Timestep 23, input to next step: ------------------------------------------------------------------------------------------------------------
[2026-04-20 01:01:23,006][rfdiffusion.inference.model_runners][INFO] - Timestep 22, input to next step: ------------------------------------------------------------------------------------------------------------
[2026-04-20 01:01:24,851][rfdiffusion.inference.model_runners][INFO] - Timestep 21, input to next step: ------------------------------------------------------------------------------------------------------------
[2026-04-20 01:01:26,442][rfdiffusion.inference.model_runners][INFO] - Timestep 20, input to next step: ------------------------------------------------------------------------------------------------------------
[2026-04-20 01:01:28,174][rfdiffusion.inference.model_runners][INFO] - Timestep 19, input to next step: ------------------------------------------------------------------------------------------------------------
[2026-04-20 01:01:29,730][rfdiffusion.inference.model_runners][INFO] - Timestep 18, input to next step: ------------------------------------------------------------------------------------------------------------
[2026-04-20 01:01:31,333][rfdiffusion.inference.model_runners][INFO] - Timestep 17, input to next step: ------------------------------------------------------------------------------------------------------------
[2026-04-20 01:01:32,991][rfdiffusion.inference.model_runners][INFO] - Timestep 16, input to next step: ------------------------------------------------------------------------------------------------------------
[2026-04-20 01:01:34,733][rfdiffusion.inference.model_runners][INFO] - Timestep 15, input to next step: ------------------------------------------------------------------------------------------------------------
[2026-04-20 01:01:36,483][rfdiffusion.inference.model_runners][INFO] - Timestep 14, input to next step: ------------------------------------------------------------------------------------------------------------
[2026-04-20 01:01:38,217][rfdiffusion.inference.model_runners][INFO] - Timestep 13, input to next step: ------------------------------------------------------------------------------------------------------------
[2026-04-20 01:01:39,731][rfdiffusion.inference.model_runners][INFO] - Timestep 12, input to next step: ------------------------------------------------------------------------------------------------------------
[2026-04-20 01:01:41,294][rfdiffusion.inference.model_runners][INFO] - Timestep 11, input to next step: ------------------------------------------------------------------------------------------------------------
[2026-04-20 01:01:43,110][rfdiffusion.inference.model_runners][INFO] - Timestep 10, input to next step: ------------------------------------------------------------------------------------------------------------
[2026-04-20 01:01:44,787][rfdiffusion.inference.model_runners][INFO] - Timestep 9, input to next step: ------------------------------------------------------------------------------------------------------------
[2026-04-20 01:01:46,612][rfdiffusion.inference.model_runners][INFO] - Timestep 8, input to next step: ------------------------------------------------------------------------------------------------------------
[2026-04-20 01:01:48,360][rfdiffusion.inference.model_runners][INFO] - Timestep 7, input to next step: ------------------------------------------------------------------------------------------------------------
[2026-04-20 01:01:50,095][rfdiffusion.inference.model_runners][INFO] - Timestep 6, input to next step: ------------------------------------------------------------------------------------------------------------
[2026-04-20 01:01:51,858][rfdiffusion.inference.model_runners][INFO] - Timestep 5, input to next step: ------------------------------------------------------------------------------------------------------------
[2026-04-20 01:01:53,600][rfdiffusion.inference.model_runners][INFO] - Timestep 4, input to next step: ------------------------------------------------------------------------------------------------------------
[2026-04-20 01:01:55,330][rfdiffusion.inference.model_runners][INFO] - Timestep 3, input to next step: ------------------------------------------------------------------------------------------------------------
[2026-04-20 01:01:57,268][rfdiffusion.inference.model_runners][INFO] - Timestep 2, input to next step: ------------------------------------------------------------------------------------------------------------
[2026-04-20 01:02:00,763][__main__][INFO] - Finished design in 1.47 minutes
[2026-04-20 01:02:00,763][__main__][INFO] - Making design /home/manvi/Team_8_CS598GBL/Assignment/Generate_designs/default/len_108/design_8
[2026-04-20 01:02:00,768][rfdiffusion.inference.model_runners][INFO] - Using contig: ['108-108']
[2026-04-20 01:02:00,789][rfdiffusion.inference.model_runners][INFO] - Sequence init: ------------------------------------------------------------------------------------------------------------
[2026-04-20 01:02:02,300][rfdiffusion.inference.model_runners][INFO] - Timestep 50, input to next step: ------------------------------------------------------------------------------------------------------------
[2026-04-20 01:02:04,015][rfdiffusion.inference.model_runners][INFO] - Timestep 49, input to next step: ------------------------------------------------------------------------------------------------------------
[2026-04-20 01:02:05,748][rfdiffusion.inference.model_runners][INFO] - Timestep 48, input to next step: ------------------------------------------------------------------------------------------------------------
[2026-04-20 01:02:07,525][rfdiffusion.inference.model_runners][INFO] - Timestep 47, input to next step: ------------------------------------------------------------------------------------------------------------
[2026-04-20 01:02:09,247][rfdiffusion.inference.model_runners][INFO] - Timestep 46, input to next step: ------------------------------------------------------------------------------------------------------------
[2026-04-20 01:02:11,001][rfdiffusion.inference.model_runners][INFO] - Timestep 45, input to next step: ------------------------------------------------------------------------------------------------------------
[2026-04-20 01:02:12,779][rfdiffusion.inference.model_runners][INFO] - Timestep 44, input to next step: ------------------------------------------------------------------------------------------------------------
[2026-04-20 01:02:14,553][rfdiffusion.inference.model_runners][INFO] - Timestep 43, input to next step: ------------------------------------------------------------------------------------------------------------
[2026-04-20 01:02:16,419][rfdiffusion.inference.model_runners][INFO] - Timestep 42, input to next step: ------------------------------------------------------------------------------------------------------------
[2026-04-20 01:02:18,083][rfdiffusion.inference.model_runners][INFO] - Timestep 41, input to next step: ------------------------------------------------------------------------------------------------------------
[2026-04-20 01:02:19,839][rfdiffusion.inference.model_runners][INFO] - Timestep 40, input to next step: ------------------------------------------------------------------------------------------------------------
[2026-04-20 01:02:21,576][rfdiffusion.inference.model_runners][INFO] - Timestep 39, input to next step: ------------------------------------------------------------------------------------------------------------
[2026-04-20 01:02:23,306][rfdiffusion.inference.model_runners][INFO] - Timestep 38, input to next step: ------------------------------------------------------------------------------------------------------------
[2026-04-20 01:02:25,029][rfdiffusion.inference.model_runners][INFO] - Timestep 37, input to next step: ------------------------------------------------------------------------------------------------------------
[2026-04-20 01:02:26,805][rfdiffusion.inference.model_runners][INFO] - Timestep 36, input to next step: ------------------------------------------------------------------------------------------------------------
[2026-04-20 01:02:28,469][rfdiffusion.inference.model_runners][INFO] - Timestep 35, input to next step: ------------------------------------------------------------------------------------------------------------
[2026-04-20 01:02:30,156][rfdiffusion.inference.model_runners][INFO] - Timestep 34, input to next step: ------------------------------------------------------------------------------------------------------------
[2026-04-20 01:02:31,820][rfdiffusion.inference.model_runners][INFO] - Timestep 33, input to next step: ------------------------------------------------------------------------------------------------------------
[2026-04-20 01:02:33,530][rfdiffusion.inference.model_runners][INFO] - Timestep 32, input to next step: ------------------------------------------------------------------------------------------------------------
[2026-04-20 01:02:35,263][rfdiffusion.inference.model_runners][INFO] - Timestep 31, input to next step: ------------------------------------------------------------------------------------------------------------
[2026-04-20 01:02:37,033][rfdiffusion.inference.model_runners][INFO] - Timestep 30, input to next step: ------------------------------------------------------------------------------------------------------------
[2026-04-20 01:02:38,831][rfdiffusion.inference.model_runners][INFO] - Timestep 29, input to next step: ------------------------------------------------------------------------------------------------------------
[2026-04-20 01:02:40,618][rfdiffusion.inference.model_runners][INFO] - Timestep 28, input to next step: ------------------------------------------------------------------------------------------------------------
[2026-04-20 01:02:42,838][rfdiffusion.inference.model_runners][INFO] - Timestep 27, input to next step: ------------------------------------------------------------------------------------------------------------
[2026-04-20 01:02:44,904][rfdiffusion.inference.model_runners][INFO] - Timestep 26, input to next step: ------------------------------------------------------------------------------------------------------------
[2026-04-20 01:02:46,902][rfdiffusion.inference.model_runners][INFO] - Timestep 25, input to next step: ------------------------------------------------------------------------------------------------------------
[2026-04-20 01:02:48,693][rfdiffusion.inference.model_runners][INFO] - Timestep 24, input to next step: ------------------------------------------------------------------------------------------------------------
[2026-04-20 01:02:50,371][rfdiffusion.inference.model_runners][INFO] - Timestep 23, input to next step: ------------------------------------------------------------------------------------------------------------
[2026-04-20 01:02:52,159][rfdiffusion.inference.model_runners][INFO] - Timestep 22, input to next step: ------------------------------------------------------------------------------------------------------------
[2026-04-20 01:02:53,938][rfdiffusion.inference.model_runners][INFO] - Timestep 21, input to next step: ------------------------------------------------------------------------------------------------------------
[2026-04-20 01:02:55,616][rfdiffusion.inference.model_runners][INFO] - Timestep 20, input to next step: ------------------------------------------------------------------------------------------------------------
[2026-04-20 01:02:57,309][rfdiffusion.inference.model_runners][INFO] - Timestep 19, input to next step: ------------------------------------------------------------------------------------------------------------
[2026-04-20 01:02:59,012][rfdiffusion.inference.model_runners][INFO] - Timestep 18, input to next step: ------------------------------------------------------------------------------------------------------------
[2026-04-20 01:03:00,694][rfdiffusion.inference.model_runners][INFO] - Timestep 17, input to next step: ------------------------------------------------------------------------------------------------------------
[2026-04-20 01:03:02,386][rfdiffusion.inference.model_runners][INFO] - Timestep 16, input to next step: ------------------------------------------------------------------------------------------------------------
[2026-04-20 01:03:04,163][rfdiffusion.inference.model_runners][INFO] - Timestep 15, input to next step: ------------------------------------------------------------------------------------------------------------
[2026-04-20 01:03:05,918][rfdiffusion.inference.model_runners][INFO] - Timestep 14, input to next step: ------------------------------------------------------------------------------------------------------------
[2026-04-20 01:03:07,626][rfdiffusion.inference.model_runners][INFO] - Timestep 13, input to next step: ------------------------------------------------------------------------------------------------------------
[2026-04-20 01:03:09,240][rfdiffusion.inference.model_runners][INFO] - Timestep 12, input to next step: ------------------------------------------------------------------------------------------------------------
[2026-04-20 01:03:10,976][rfdiffusion.inference.model_runners][INFO] - Timestep 11, input to next step: ------------------------------------------------------------------------------------------------------------
[2026-04-20 01:03:12,667][rfdiffusion.inference.model_runners][INFO] - Timestep 10, input to next step: ------------------------------------------------------------------------------------------------------------
[2026-04-20 01:03:14,392][rfdiffusion.inference.model_runners][INFO] - Timestep 9, input to next step: ------------------------------------------------------------------------------------------------------------
[2026-04-20 01:03:16,093][rfdiffusion.inference.model_runners][INFO] - Timestep 8, input to next step: ------------------------------------------------------------------------------------------------------------
[2026-04-20 01:03:17,937][rfdiffusion.inference.model_runners][INFO] - Timestep 7, input to next step: ------------------------------------------------------------------------------------------------------------
[2026-04-20 01:03:19,619][rfdiffusion.inference.model_runners][INFO] - Timestep 6, input to next step: ------------------------------------------------------------------------------------------------------------
[2026-04-20 01:03:21,304][rfdiffusion.inference.model_runners][INFO] - Timestep 5, input to next step: ------------------------------------------------------------------------------------------------------------
[2026-04-20 01:03:22,998][rfdiffusion.inference.model_runners][INFO] - Timestep 4, input to next step: ------------------------------------------------------------------------------------------------------------
[2026-04-20 01:03:24,503][rfdiffusion.inference.model_runners][INFO] - Timestep 3, input to next step: ------------------------------------------------------------------------------------------------------------
[2026-04-20 01:03:26,220][rfdiffusion.inference.model_runners][INFO] - Timestep 2, input to next step: ------------------------------------------------------------------------------------------------------------
[2026-04-20 01:03:29,693][__main__][INFO] - Finished design in 1.48 minutes
[2026-04-20 01:03:29,693][__main__][INFO] - Making design /home/manvi/Team_8_CS598GBL/Assignment/Generate_designs/default/len_108/design_9
[2026-04-20 01:03:29,698][rfdiffusion.inference.model_runners][INFO] - Using contig: ['108-108']
[2026-04-20 01:03:29,718][rfdiffusion.inference.model_runners][INFO] - Sequence init: ------------------------------------------------------------------------------------------------------------
[2026-04-20 01:03:31,268][rfdiffusion.inference.model_runners][INFO] - Timestep 50, input to next step: ------------------------------------------------------------------------------------------------------------
[2026-04-20 01:03:32,871][rfdiffusion.inference.model_runners][INFO] - Timestep 49, input to next step: ------------------------------------------------------------------------------------------------------------
[2026-04-20 01:03:34,565][rfdiffusion.inference.model_runners][INFO] - Timestep 48, input to next step: ------------------------------------------------------------------------------------------------------------
[2026-04-20 01:03:36,310][rfdiffusion.inference.model_runners][INFO] - Timestep 47, input to next step: ------------------------------------------------------------------------------------------------------------
[2026-04-20 01:03:38,090][rfdiffusion.inference.model_runners][INFO] - Timestep 46, input to next step: ------------------------------------------------------------------------------------------------------------
[2026-04-20 01:03:39,637][rfdiffusion.inference.model_runners][INFO] - Timestep 45, input to next step: ------------------------------------------------------------------------------------------------------------
[2026-04-20 01:03:41,254][rfdiffusion.inference.model_runners][INFO] - Timestep 44, input to next step: ------------------------------------------------------------------------------------------------------------
[2026-04-20 01:03:42,973][rfdiffusion.inference.model_runners][INFO] - Timestep 43, input to next step: ------------------------------------------------------------------------------------------------------------
[2026-04-20 01:03:45,114][rfdiffusion.inference.model_runners][INFO] - Timestep 42, input to next step: ------------------------------------------------------------------------------------------------------------
[2026-04-20 01:03:46,899][rfdiffusion.inference.model_runners][INFO] - Timestep 41, input to next step: ------------------------------------------------------------------------------------------------------------
[2026-04-20 01:03:48,672][rfdiffusion.inference.model_runners][INFO] - Timestep 40, input to next step: ------------------------------------------------------------------------------------------------------------
[2026-04-20 01:03:50,343][rfdiffusion.inference.model_runners][INFO] - Timestep 39, input to next step: ------------------------------------------------------------------------------------------------------------
[2026-04-20 01:03:52,052][rfdiffusion.inference.model_runners][INFO] - Timestep 38, input to next step: ------------------------------------------------------------------------------------------------------------
[2026-04-20 01:03:53,798][rfdiffusion.inference.model_runners][INFO] - Timestep 37, input to next step: ------------------------------------------------------------------------------------------------------------
[2026-04-20 01:03:55,564][rfdiffusion.inference.model_runners][INFO] - Timestep 36, input to next step: ------------------------------------------------------------------------------------------------------------
[2026-04-20 01:03:57,345][rfdiffusion.inference.model_runners][INFO] - Timestep 35, input to next step: ------------------------------------------------------------------------------------------------------------
[2026-04-20 01:03:59,118][rfdiffusion.inference.model_runners][INFO] - Timestep 34, input to next step: ------------------------------------------------------------------------------------------------------------
[2026-04-20 01:04:01,034][rfdiffusion.inference.model_runners][INFO] - Timestep 33, input to next step: ------------------------------------------------------------------------------------------------------------
[2026-04-20 01:04:02,771][rfdiffusion.inference.model_runners][INFO] - Timestep 32, input to next step: ------------------------------------------------------------------------------------------------------------
[2026-04-20 01:04:04,502][rfdiffusion.inference.model_runners][INFO] - Timestep 31, input to next step: ------------------------------------------------------------------------------------------------------------
[2026-04-20 01:04:06,136][rfdiffusion.inference.model_runners][INFO] - Timestep 30, input to next step: ------------------------------------------------------------------------------------------------------------
[2026-04-20 01:04:07,862][rfdiffusion.inference.model_runners][INFO] - Timestep 29, input to next step: ------------------------------------------------------------------------------------------------------------
[2026-04-20 01:04:09,592][rfdiffusion.inference.model_runners][INFO] - Timestep 28, input to next step: ------------------------------------------------------------------------------------------------------------
[2026-04-20 01:04:11,320][rfdiffusion.inference.model_runners][INFO] - Timestep 27, input to next step: ------------------------------------------------------------------------------------------------------------
[2026-04-20 01:04:12,923][rfdiffusion.inference.model_runners][INFO] - Timestep 26, input to next step: ------------------------------------------------------------------------------------------------------------
[2026-04-20 01:04:14,878][rfdiffusion.inference.model_runners][INFO] - Timestep 25, input to next step: ------------------------------------------------------------------------------------------------------------
[2026-04-20 01:04:18,357][rfdiffusion.inference.model_runners][INFO] - Timestep 24, input to next step: ------------------------------------------------------------------------------------------------------------
[2026-04-20 01:04:20,227][rfdiffusion.inference.model_runners][INFO] - Timestep 23, input to next step: ------------------------------------------------------------------------------------------------------------
[2026-04-20 01:04:21,971][rfdiffusion.inference.model_runners][INFO] - Timestep 22, input to next step: ------------------------------------------------------------------------------------------------------------
[2026-04-20 01:04:23,721][rfdiffusion.inference.model_runners][INFO] - Timestep 21, input to next step: ------------------------------------------------------------------------------------------------------------
[2026-04-20 01:04:25,434][rfdiffusion.inference.model_runners][INFO] - Timestep 20, input to next step: ------------------------------------------------------------------------------------------------------------
[2026-04-20 01:04:27,118][rfdiffusion.inference.model_runners][INFO] - Timestep 19, input to next step: ------------------------------------------------------------------------------------------------------------
[2026-04-20 01:04:28,789][rfdiffusion.inference.model_runners][INFO] - Timestep 18, input to next step: ------------------------------------------------------------------------------------------------------------
[2026-04-20 01:04:30,449][rfdiffusion.inference.model_runners][INFO] - Timestep 17, input to next step: ------------------------------------------------------------------------------------------------------------
[2026-04-20 01:04:32,092][rfdiffusion.inference.model_runners][INFO] - Timestep 16, input to next step: ------------------------------------------------------------------------------------------------------------
[2026-04-20 01:04:33,752][rfdiffusion.inference.model_runners][INFO] - Timestep 15, input to next step: ------------------------------------------------------------------------------------------------------------
[2026-04-20 01:04:35,616][rfdiffusion.inference.model_runners][INFO] - Timestep 14, input to next step: ------------------------------------------------------------------------------------------------------------
[2026-04-20 01:04:37,377][rfdiffusion.inference.model_runners][INFO] - Timestep 13, input to next step: ------------------------------------------------------------------------------------------------------------
[2026-04-20 01:04:39,050][rfdiffusion.inference.model_runners][INFO] - Timestep 12, input to next step: ------------------------------------------------------------------------------------------------------------
[2026-04-20 01:04:40,755][rfdiffusion.inference.model_runners][INFO] - Timestep 11, input to next step: ------------------------------------------------------------------------------------------------------------
[2026-04-20 01:04:42,349][rfdiffusion.inference.model_runners][INFO] - Timestep 10, input to next step: ------------------------------------------------------------------------------------------------------------
[2026-04-20 01:04:43,994][rfdiffusion.inference.model_runners][INFO] - Timestep 9, input to next step: ------------------------------------------------------------------------------------------------------------
[2026-04-20 01:04:45,760][rfdiffusion.inference.model_runners][INFO] - Timestep 8, input to next step: ------------------------------------------------------------------------------------------------------------
[2026-04-20 01:04:47,472][rfdiffusion.inference.model_runners][INFO] - Timestep 7, input to next step: ------------------------------------------------------------------------------------------------------------
[2026-04-20 01:04:49,216][rfdiffusion.inference.model_runners][INFO] - Timestep 6, input to next step: ------------------------------------------------------------------------------------------------------------
[2026-04-20 01:04:50,837][rfdiffusion.inference.model_runners][INFO] - Timestep 5, input to next step: ------------------------------------------------------------------------------------------------------------
[2026-04-20 01:04:52,451][rfdiffusion.inference.model_runners][INFO] - Timestep 4, input to next step: ------------------------------------------------------------------------------------------------------------
[2026-04-20 01:04:54,051][rfdiffusion.inference.model_runners][INFO] - Timestep 3, input to next step: ------------------------------------------------------------------------------------------------------------
[2026-04-20 01:04:55,751][rfdiffusion.inference.model_runners][INFO] - Timestep 2, input to next step: ------------------------------------------------------------------------------------------------------------
[2026-04-20 01:04:59,140][__main__][INFO] - Finished design in 1.49 minutes
