[2026-04-19 20:34:47,591][__main__][INFO] - Found GPU with device_name NVIDIA GeForce RTX 3050 Ti Laptop GPU. Will run RFdiffusion on NVIDIA GeForce RTX 3050 Ti Laptop GPU
[2026-04-19 20:34:47,593][rfdiffusion.inference.model_runners][INFO] - Reading checkpoint from /home/manvi/Team_8_CS598GBL/RFdiffusion/rfdiffusion/inference/../../models/Base_ckpt.pt
[2026-04-19 20:34:58,145][rfdiffusion.inference.model_runners][INFO] - Loading checkpoint.
[2026-04-19 20:34:58,581][rfdiffusion.diffusion][INFO] - Using cached IGSO3.
[2026-04-19 20:34:58,601][__main__][INFO] - Making design /home/manvi/Team_8_CS598GBL/Assignment/Generate_designs/default/len_093/design_0
[2026-04-19 20:34:58,610][rfdiffusion.inference.model_runners][INFO] - Using contig: ['93-93']
[2026-04-19 20:34:58,692][rfdiffusion.inference.model_runners][INFO] - Sequence init: ---------------------------------------------------------------------------------------------
[2026-04-19 20:35:05,554][rfdiffusion.inference.model_runners][INFO] - Timestep 50, input to next step: ---------------------------------------------------------------------------------------------
[2026-04-19 20:35:10,771][rfdiffusion.inference.model_runners][INFO] - Timestep 49, input to next step: ---------------------------------------------------------------------------------------------
[2026-04-19 20:35:14,431][rfdiffusion.inference.model_runners][INFO] - Timestep 48, input to next step: ---------------------------------------------------------------------------------------------
[2026-04-19 20:35:17,319][rfdiffusion.inference.model_runners][INFO] - Timestep 47, input to next step: ---------------------------------------------------------------------------------------------
[2026-04-19 20:35:19,746][rfdiffusion.inference.model_runners][INFO] - Timestep 46, input to next step: ---------------------------------------------------------------------------------------------
[2026-04-19 20:35:22,154][rfdiffusion.inference.model_runners][INFO] - Timestep 45, input to next step: ---------------------------------------------------------------------------------------------
[2026-04-19 20:35:24,585][rfdiffusion.inference.model_runners][INFO] - Timestep 44, input to next step: ---------------------------------------------------------------------------------------------
[2026-04-19 20:35:27,346][rfdiffusion.inference.model_runners][INFO] - Timestep 43, input to next step: ---------------------------------------------------------------------------------------------
[2026-04-19 20:35:29,416][rfdiffusion.inference.model_runners][INFO] - Timestep 42, input to next step: ---------------------------------------------------------------------------------------------
[2026-04-19 20:35:32,350][rfdiffusion.inference.model_runners][INFO] - Timestep 41, input to next step: ---------------------------------------------------------------------------------------------
[2026-04-19 20:35:34,424][rfdiffusion.inference.model_runners][INFO] - Timestep 40, input to next step: ---------------------------------------------------------------------------------------------
[2026-04-19 20:35:36,602][rfdiffusion.inference.model_runners][INFO] - Timestep 39, input to next step: ---------------------------------------------------------------------------------------------
[2026-04-19 20:35:38,717][rfdiffusion.inference.model_runners][INFO] - Timestep 38, input to next step: ---------------------------------------------------------------------------------------------
[2026-04-19 20:35:40,928][rfdiffusion.inference.model_runners][INFO] - Timestep 37, input to next step: ---------------------------------------------------------------------------------------------
[2026-04-19 20:35:44,401][rfdiffusion.inference.model_runners][INFO] - Timestep 36, input to next step: ---------------------------------------------------------------------------------------------
[2026-04-19 20:35:46,194][rfdiffusion.inference.model_runners][INFO] - Timestep 35, input to next step: ---------------------------------------------------------------------------------------------
[2026-04-19 20:35:48,159][rfdiffusion.inference.model_runners][INFO] - Timestep 34, input to next step: ---------------------------------------------------------------------------------------------
[2026-04-19 20:35:50,342][rfdiffusion.inference.model_runners][INFO] - Timestep 33, input to next step: ---------------------------------------------------------------------------------------------
[2026-04-19 20:35:53,250][rfdiffusion.inference.model_runners][INFO] - Timestep 32, input to next step: ---------------------------------------------------------------------------------------------
[2026-04-19 20:35:56,328][rfdiffusion.inference.model_runners][INFO] - Timestep 31, input to next step: ---------------------------------------------------------------------------------------------
[2026-04-19 20:35:58,396][rfdiffusion.inference.model_runners][INFO] - Timestep 30, input to next step: ---------------------------------------------------------------------------------------------
[2026-04-19 20:36:00,610][rfdiffusion.inference.model_runners][INFO] - Timestep 29, input to next step: ---------------------------------------------------------------------------------------------
[2026-04-19 20:36:02,907][rfdiffusion.inference.model_runners][INFO] - Timestep 28, input to next step: ---------------------------------------------------------------------------------------------
[2026-04-19 20:36:04,916][rfdiffusion.inference.model_runners][INFO] - Timestep 27, input to next step: ---------------------------------------------------------------------------------------------
[2026-04-19 20:36:06,895][rfdiffusion.inference.model_runners][INFO] - Timestep 26, input to next step: ---------------------------------------------------------------------------------------------
[2026-04-19 20:36:09,126][rfdiffusion.inference.model_runners][INFO] - Timestep 25, input to next step: ---------------------------------------------------------------------------------------------
[2026-04-19 20:36:11,470][rfdiffusion.inference.model_runners][INFO] - Timestep 24, input to next step: ---------------------------------------------------------------------------------------------
[2026-04-19 20:36:15,342][rfdiffusion.inference.model_runners][INFO] - Timestep 23, input to next step: ---------------------------------------------------------------------------------------------
[2026-04-19 20:36:17,633][rfdiffusion.inference.model_runners][INFO] - Timestep 22, input to next step: ---------------------------------------------------------------------------------------------
[2026-04-19 20:36:20,473][rfdiffusion.inference.model_runners][INFO] - Timestep 21, input to next step: ---------------------------------------------------------------------------------------------
[2026-04-19 20:36:23,655][rfdiffusion.inference.model_runners][INFO] - Timestep 20, input to next step: ---------------------------------------------------------------------------------------------
[2026-04-19 20:36:25,978][rfdiffusion.inference.model_runners][INFO] - Timestep 19, input to next step: ---------------------------------------------------------------------------------------------
[2026-04-19 20:36:28,669][rfdiffusion.inference.model_runners][INFO] - Timestep 18, input to next step: ---------------------------------------------------------------------------------------------
[2026-04-19 20:36:31,908][rfdiffusion.inference.model_runners][INFO] - Timestep 17, input to next step: ---------------------------------------------------------------------------------------------
[2026-04-19 20:36:33,990][rfdiffusion.inference.model_runners][INFO] - Timestep 16, input to next step: ---------------------------------------------------------------------------------------------
[2026-04-19 20:36:36,323][rfdiffusion.inference.model_runners][INFO] - Timestep 15, input to next step: ---------------------------------------------------------------------------------------------
[2026-04-19 20:36:38,152][rfdiffusion.inference.model_runners][INFO] - Timestep 14, input to next step: ---------------------------------------------------------------------------------------------
[2026-04-19 20:36:40,652][rfdiffusion.inference.model_runners][INFO] - Timestep 13, input to next step: ---------------------------------------------------------------------------------------------
[2026-04-19 20:36:42,432][rfdiffusion.inference.model_runners][INFO] - Timestep 12, input to next step: ---------------------------------------------------------------------------------------------
[2026-04-19 20:36:44,484][rfdiffusion.inference.model_runners][INFO] - Timestep 11, input to next step: ---------------------------------------------------------------------------------------------
[2026-04-19 20:36:46,728][rfdiffusion.inference.model_runners][INFO] - Timestep 10, input to next step: ---------------------------------------------------------------------------------------------
[2026-04-19 20:36:48,762][rfdiffusion.inference.model_runners][INFO] - Timestep 9, input to next step: ---------------------------------------------------------------------------------------------
[2026-04-19 20:36:51,505][rfdiffusion.inference.model_runners][INFO] - Timestep 8, input to next step: ---------------------------------------------------------------------------------------------
[2026-04-19 20:36:53,441][rfdiffusion.inference.model_runners][INFO] - Timestep 7, input to next step: ---------------------------------------------------------------------------------------------
[2026-04-19 20:36:55,667][rfdiffusion.inference.model_runners][INFO] - Timestep 6, input to next step: ---------------------------------------------------------------------------------------------
[2026-04-19 20:36:57,833][rfdiffusion.inference.model_runners][INFO] - Timestep 5, input to next step: ---------------------------------------------------------------------------------------------
[2026-04-19 20:36:59,691][rfdiffusion.inference.model_runners][INFO] - Timestep 4, input to next step: ---------------------------------------------------------------------------------------------
[2026-04-19 20:37:01,792][rfdiffusion.inference.model_runners][INFO] - Timestep 3, input to next step: ---------------------------------------------------------------------------------------------
[2026-04-19 20:37:03,922][rfdiffusion.inference.model_runners][INFO] - Timestep 2, input to next step: ---------------------------------------------------------------------------------------------
[2026-04-19 20:37:08,759][__main__][INFO] - Finished design in 2.17 minutes
[2026-04-19 20:37:08,760][__main__][INFO] - Making design /home/manvi/Team_8_CS598GBL/Assignment/Generate_designs/default/len_093/design_1
[2026-04-19 20:37:08,769][rfdiffusion.inference.model_runners][INFO] - Using contig: ['93-93']
[2026-04-19 20:37:08,809][rfdiffusion.inference.model_runners][INFO] - Sequence init: ---------------------------------------------------------------------------------------------
[2026-04-19 20:37:12,724][rfdiffusion.inference.model_runners][INFO] - Timestep 50, input to next step: ---------------------------------------------------------------------------------------------
[2026-04-19 20:37:16,639][rfdiffusion.inference.model_runners][INFO] - Timestep 49, input to next step: ---------------------------------------------------------------------------------------------
[2026-04-19 20:37:19,269][rfdiffusion.inference.model_runners][INFO] - Timestep 48, input to next step: ---------------------------------------------------------------------------------------------
[2026-04-19 20:37:21,940][rfdiffusion.inference.model_runners][INFO] - Timestep 47, input to next step: ---------------------------------------------------------------------------------------------
[2026-04-19 20:37:23,897][rfdiffusion.inference.model_runners][INFO] - Timestep 46, input to next step: ---------------------------------------------------------------------------------------------
[2026-04-19 20:37:28,526][rfdiffusion.inference.model_runners][INFO] - Timestep 45, input to next step: ---------------------------------------------------------------------------------------------
[2026-04-19 20:37:30,651][rfdiffusion.inference.model_runners][INFO] - Timestep 44, input to next step: ---------------------------------------------------------------------------------------------
[2026-04-19 20:37:32,734][rfdiffusion.inference.model_runners][INFO] - Timestep 43, input to next step: ---------------------------------------------------------------------------------------------
[2026-04-19 20:37:35,820][rfdiffusion.inference.model_runners][INFO] - Timestep 42, input to next step: ---------------------------------------------------------------------------------------------
[2026-04-19 20:37:38,392][rfdiffusion.inference.model_runners][INFO] - Timestep 41, input to next step: ---------------------------------------------------------------------------------------------
[2026-04-19 20:37:40,915][rfdiffusion.inference.model_runners][INFO] - Timestep 40, input to next step: ---------------------------------------------------------------------------------------------
[2026-04-19 20:37:42,938][rfdiffusion.inference.model_runners][INFO] - Timestep 39, input to next step: ---------------------------------------------------------------------------------------------
[2026-04-19 20:37:45,306][rfdiffusion.inference.model_runners][INFO] - Timestep 38, input to next step: ---------------------------------------------------------------------------------------------
[2026-04-19 20:37:47,608][rfdiffusion.inference.model_runners][INFO] - Timestep 37, input to next step: ---------------------------------------------------------------------------------------------
[2026-04-19 20:37:50,184][rfdiffusion.inference.model_runners][INFO] - Timestep 36, input to next step: ---------------------------------------------------------------------------------------------
[2026-04-19 20:37:52,195][rfdiffusion.inference.model_runners][INFO] - Timestep 35, input to next step: ---------------------------------------------------------------------------------------------
[2026-04-19 20:37:55,551][rfdiffusion.inference.model_runners][INFO] - Timestep 34, input to next step: ---------------------------------------------------------------------------------------------
[2026-04-19 20:37:58,587][rfdiffusion.inference.model_runners][INFO] - Timestep 33, input to next step: ---------------------------------------------------------------------------------------------
[2026-04-19 20:38:01,023][rfdiffusion.inference.model_runners][INFO] - Timestep 32, input to next step: ---------------------------------------------------------------------------------------------
[2026-04-19 20:38:03,994][rfdiffusion.inference.model_runners][INFO] - Timestep 31, input to next step: ---------------------------------------------------------------------------------------------
[2026-04-19 20:38:06,814][rfdiffusion.inference.model_runners][INFO] - Timestep 30, input to next step: ---------------------------------------------------------------------------------------------
[2026-04-19 20:38:09,943][rfdiffusion.inference.model_runners][INFO] - Timestep 29, input to next step: ---------------------------------------------------------------------------------------------
[2026-04-19 20:38:13,330][rfdiffusion.inference.model_runners][INFO] - Timestep 28, input to next step: ---------------------------------------------------------------------------------------------
[2026-04-19 20:38:15,768][rfdiffusion.inference.model_runners][INFO] - Timestep 27, input to next step: ---------------------------------------------------------------------------------------------
[2026-04-19 20:38:18,310][rfdiffusion.inference.model_runners][INFO] - Timestep 26, input to next step: ---------------------------------------------------------------------------------------------
[2026-04-19 20:38:21,371][rfdiffusion.inference.model_runners][INFO] - Timestep 25, input to next step: ---------------------------------------------------------------------------------------------
[2026-04-19 20:38:26,153][rfdiffusion.inference.model_runners][INFO] - Timestep 24, input to next step: ---------------------------------------------------------------------------------------------
[2026-04-19 20:38:28,918][rfdiffusion.inference.model_runners][INFO] - Timestep 23, input to next step: ---------------------------------------------------------------------------------------------
[2026-04-19 20:38:30,726][rfdiffusion.inference.model_runners][INFO] - Timestep 22, input to next step: ---------------------------------------------------------------------------------------------
[2026-04-19 20:38:33,126][rfdiffusion.inference.model_runners][INFO] - Timestep 21, input to next step: ---------------------------------------------------------------------------------------------
[2026-04-19 20:38:37,847][rfdiffusion.inference.model_runners][INFO] - Timestep 20, input to next step: ---------------------------------------------------------------------------------------------
[2026-04-19 20:38:45,318][rfdiffusion.inference.model_runners][INFO] - Timestep 19, input to next step: ---------------------------------------------------------------------------------------------
[2026-04-19 20:38:48,000][rfdiffusion.inference.model_runners][INFO] - Timestep 18, input to next step: ---------------------------------------------------------------------------------------------
[2026-04-19 20:38:51,254][rfdiffusion.inference.model_runners][INFO] - Timestep 17, input to next step: ---------------------------------------------------------------------------------------------
[2026-04-19 20:38:53,769][rfdiffusion.inference.model_runners][INFO] - Timestep 16, input to next step: ---------------------------------------------------------------------------------------------
[2026-04-19 20:38:55,954][rfdiffusion.inference.model_runners][INFO] - Timestep 15, input to next step: ---------------------------------------------------------------------------------------------
[2026-04-19 20:38:59,400][rfdiffusion.inference.model_runners][INFO] - Timestep 14, input to next step: ---------------------------------------------------------------------------------------------
[2026-04-19 20:39:01,983][rfdiffusion.inference.model_runners][INFO] - Timestep 13, input to next step: ---------------------------------------------------------------------------------------------
[2026-04-19 20:39:04,069][rfdiffusion.inference.model_runners][INFO] - Timestep 12, input to next step: ---------------------------------------------------------------------------------------------
[2026-04-19 20:39:07,018][rfdiffusion.inference.model_runners][INFO] - Timestep 11, input to next step: ---------------------------------------------------------------------------------------------
[2026-04-19 20:39:09,597][rfdiffusion.inference.model_runners][INFO] - Timestep 10, input to next step: ---------------------------------------------------------------------------------------------
[2026-04-19 20:39:11,741][rfdiffusion.inference.model_runners][INFO] - Timestep 9, input to next step: ---------------------------------------------------------------------------------------------
[2026-04-19 20:39:17,267][rfdiffusion.inference.model_runners][INFO] - Timestep 8, input to next step: ---------------------------------------------------------------------------------------------
[2026-04-19 20:39:20,664][rfdiffusion.inference.model_runners][INFO] - Timestep 7, input to next step: ---------------------------------------------------------------------------------------------
[2026-04-19 20:39:23,698][rfdiffusion.inference.model_runners][INFO] - Timestep 6, input to next step: ---------------------------------------------------------------------------------------------
[2026-04-19 20:39:27,575][rfdiffusion.inference.model_runners][INFO] - Timestep 5, input to next step: ---------------------------------------------------------------------------------------------
[2026-04-19 20:39:29,771][rfdiffusion.inference.model_runners][INFO] - Timestep 4, input to next step: ---------------------------------------------------------------------------------------------
[2026-04-19 20:39:32,584][rfdiffusion.inference.model_runners][INFO] - Timestep 3, input to next step: ---------------------------------------------------------------------------------------------
[2026-04-19 20:39:35,290][rfdiffusion.inference.model_runners][INFO] - Timestep 2, input to next step: ---------------------------------------------------------------------------------------------
[2026-04-19 20:39:40,045][__main__][INFO] - Finished design in 2.52 minutes
[2026-04-19 20:39:40,045][__main__][INFO] - Making design /home/manvi/Team_8_CS598GBL/Assignment/Generate_designs/default/len_093/design_2
[2026-04-19 20:39:40,054][rfdiffusion.inference.model_runners][INFO] - Using contig: ['93-93']
[2026-04-19 20:39:40,111][rfdiffusion.inference.model_runners][INFO] - Sequence init: ---------------------------------------------------------------------------------------------
[2026-04-19 20:39:42,602][rfdiffusion.inference.model_runners][INFO] - Timestep 50, input to next step: ---------------------------------------------------------------------------------------------
[2026-04-19 20:39:45,720][rfdiffusion.inference.model_runners][INFO] - Timestep 49, input to next step: ---------------------------------------------------------------------------------------------
[2026-04-19 20:39:48,645][rfdiffusion.inference.model_runners][INFO] - Timestep 48, input to next step: ---------------------------------------------------------------------------------------------
[2026-04-19 20:39:50,587][rfdiffusion.inference.model_runners][INFO] - Timestep 47, input to next step: ---------------------------------------------------------------------------------------------
[2026-04-19 20:39:54,046][rfdiffusion.inference.model_runners][INFO] - Timestep 46, input to next step: ---------------------------------------------------------------------------------------------
[2026-04-19 20:39:56,986][rfdiffusion.inference.model_runners][INFO] - Timestep 45, input to next step: ---------------------------------------------------------------------------------------------
[2026-04-19 20:39:59,927][rfdiffusion.inference.model_runners][INFO] - Timestep 44, input to next step: ---------------------------------------------------------------------------------------------
[2026-04-19 20:40:03,184][rfdiffusion.inference.model_runners][INFO] - Timestep 43, input to next step: ---------------------------------------------------------------------------------------------
[2026-04-19 20:40:06,277][rfdiffusion.inference.model_runners][INFO] - Timestep 42, input to next step: ---------------------------------------------------------------------------------------------
[2026-04-19 20:40:10,087][rfdiffusion.inference.model_runners][INFO] - Timestep 41, input to next step: ---------------------------------------------------------------------------------------------
[2026-04-19 20:40:13,621][rfdiffusion.inference.model_runners][INFO] - Timestep 40, input to next step: ---------------------------------------------------------------------------------------------
[2026-04-19 20:40:15,651][rfdiffusion.inference.model_runners][INFO] - Timestep 39, input to next step: ---------------------------------------------------------------------------------------------
[2026-04-19 20:40:18,493][rfdiffusion.inference.model_runners][INFO] - Timestep 38, input to next step: ---------------------------------------------------------------------------------------------
[2026-04-19 20:40:20,842][rfdiffusion.inference.model_runners][INFO] - Timestep 37, input to next step: ---------------------------------------------------------------------------------------------
[2026-04-19 20:40:23,730][rfdiffusion.inference.model_runners][INFO] - Timestep 36, input to next step: ---------------------------------------------------------------------------------------------
[2026-04-19 20:40:27,261][rfdiffusion.inference.model_runners][INFO] - Timestep 35, input to next step: ---------------------------------------------------------------------------------------------
[2026-04-19 20:40:32,387][rfdiffusion.inference.model_runners][INFO] - Timestep 34, input to next step: ---------------------------------------------------------------------------------------------
[2026-04-19 20:40:36,367][rfdiffusion.inference.model_runners][INFO] - Timestep 33, input to next step: ---------------------------------------------------------------------------------------------
[2026-04-19 20:40:39,989][rfdiffusion.inference.model_runners][INFO] - Timestep 32, input to next step: ---------------------------------------------------------------------------------------------
[2026-04-19 20:40:42,354][rfdiffusion.inference.model_runners][INFO] - Timestep 31, input to next step: ---------------------------------------------------------------------------------------------
[2026-04-19 20:40:44,818][rfdiffusion.inference.model_runners][INFO] - Timestep 30, input to next step: ---------------------------------------------------------------------------------------------
[2026-04-19 20:40:48,112][rfdiffusion.inference.model_runners][INFO] - Timestep 29, input to next step: ---------------------------------------------------------------------------------------------
[2026-04-19 20:40:50,349][rfdiffusion.inference.model_runners][INFO] - Timestep 28, input to next step: ---------------------------------------------------------------------------------------------
[2026-04-19 20:40:53,509][rfdiffusion.inference.model_runners][INFO] - Timestep 27, input to next step: ---------------------------------------------------------------------------------------------
[2026-04-19 20:40:55,889][rfdiffusion.inference.model_runners][INFO] - Timestep 26, input to next step: ---------------------------------------------------------------------------------------------
[2026-04-19 20:40:58,465][rfdiffusion.inference.model_runners][INFO] - Timestep 25, input to next step: ---------------------------------------------------------------------------------------------
[2026-04-19 20:41:00,955][rfdiffusion.inference.model_runners][INFO] - Timestep 24, input to next step: ---------------------------------------------------------------------------------------------
[2026-04-19 20:41:03,841][rfdiffusion.inference.model_runners][INFO] - Timestep 23, input to next step: ---------------------------------------------------------------------------------------------
[2026-04-19 20:41:06,218][rfdiffusion.inference.model_runners][INFO] - Timestep 22, input to next step: ---------------------------------------------------------------------------------------------
[2026-04-19 20:41:09,589][rfdiffusion.inference.model_runners][INFO] - Timestep 21, input to next step: ---------------------------------------------------------------------------------------------
[2026-04-19 20:41:14,059][rfdiffusion.inference.model_runners][INFO] - Timestep 20, input to next step: ---------------------------------------------------------------------------------------------
[2026-04-19 20:41:16,595][rfdiffusion.inference.model_runners][INFO] - Timestep 19, input to next step: ---------------------------------------------------------------------------------------------
[2026-04-19 20:41:18,968][rfdiffusion.inference.model_runners][INFO] - Timestep 18, input to next step: ---------------------------------------------------------------------------------------------
[2026-04-19 20:41:21,287][rfdiffusion.inference.model_runners][INFO] - Timestep 17, input to next step: ---------------------------------------------------------------------------------------------
[2026-04-19 20:41:23,767][rfdiffusion.inference.model_runners][INFO] - Timestep 16, input to next step: ---------------------------------------------------------------------------------------------
[2026-04-19 20:41:28,512][rfdiffusion.inference.model_runners][INFO] - Timestep 15, input to next step: ---------------------------------------------------------------------------------------------
[2026-04-19 20:41:31,296][rfdiffusion.inference.model_runners][INFO] - Timestep 14, input to next step: ---------------------------------------------------------------------------------------------
[2026-04-19 20:41:33,401][rfdiffusion.inference.model_runners][INFO] - Timestep 13, input to next step: ---------------------------------------------------------------------------------------------
[2026-04-19 20:41:36,876][rfdiffusion.inference.model_runners][INFO] - Timestep 12, input to next step: ---------------------------------------------------------------------------------------------
[2026-04-19 20:41:40,787][rfdiffusion.inference.model_runners][INFO] - Timestep 11, input to next step: ---------------------------------------------------------------------------------------------
[2026-04-19 20:41:44,169][rfdiffusion.inference.model_runners][INFO] - Timestep 10, input to next step: ---------------------------------------------------------------------------------------------
[2026-04-19 20:41:46,394][rfdiffusion.inference.model_runners][INFO] - Timestep 9, input to next step: ---------------------------------------------------------------------------------------------
[2026-04-19 20:41:51,110][rfdiffusion.inference.model_runners][INFO] - Timestep 8, input to next step: ---------------------------------------------------------------------------------------------
[2026-04-19 20:41:55,501][rfdiffusion.inference.model_runners][INFO] - Timestep 7, input to next step: ---------------------------------------------------------------------------------------------
[2026-04-19 20:42:00,962][rfdiffusion.inference.model_runners][INFO] - Timestep 6, input to next step: ---------------------------------------------------------------------------------------------
[2026-04-19 20:42:03,486][rfdiffusion.inference.model_runners][INFO] - Timestep 5, input to next step: ---------------------------------------------------------------------------------------------
[2026-04-19 20:42:06,130][rfdiffusion.inference.model_runners][INFO] - Timestep 4, input to next step: ---------------------------------------------------------------------------------------------
[2026-04-19 20:42:08,412][rfdiffusion.inference.model_runners][INFO] - Timestep 3, input to next step: ---------------------------------------------------------------------------------------------
[2026-04-19 20:42:11,608][rfdiffusion.inference.model_runners][INFO] - Timestep 2, input to next step: ---------------------------------------------------------------------------------------------
[2026-04-19 20:42:18,904][__main__][INFO] - Finished design in 2.65 minutes
[2026-04-19 20:42:18,905][__main__][INFO] - Making design /home/manvi/Team_8_CS598GBL/Assignment/Generate_designs/default/len_093/design_3
[2026-04-19 20:42:18,919][rfdiffusion.inference.model_runners][INFO] - Using contig: ['93-93']
[2026-04-19 20:42:18,971][rfdiffusion.inference.model_runners][INFO] - Sequence init: ---------------------------------------------------------------------------------------------
[2026-04-19 20:42:21,523][rfdiffusion.inference.model_runners][INFO] - Timestep 50, input to next step: ---------------------------------------------------------------------------------------------
[2026-04-19 20:42:23,922][rfdiffusion.inference.model_runners][INFO] - Timestep 49, input to next step: ---------------------------------------------------------------------------------------------
[2026-04-19 20:42:26,405][rfdiffusion.inference.model_runners][INFO] - Timestep 48, input to next step: ---------------------------------------------------------------------------------------------
[2026-04-19 20:42:29,200][rfdiffusion.inference.model_runners][INFO] - Timestep 47, input to next step: ---------------------------------------------------------------------------------------------
[2026-04-19 20:42:31,601][rfdiffusion.inference.model_runners][INFO] - Timestep 46, input to next step: ---------------------------------------------------------------------------------------------
[2026-04-19 20:42:33,874][rfdiffusion.inference.model_runners][INFO] - Timestep 45, input to next step: ---------------------------------------------------------------------------------------------
[2026-04-19 20:42:36,885][rfdiffusion.inference.model_runners][INFO] - Timestep 44, input to next step: ---------------------------------------------------------------------------------------------
[2026-04-19 20:42:38,804][rfdiffusion.inference.model_runners][INFO] - Timestep 43, input to next step: ---------------------------------------------------------------------------------------------
[2026-04-19 20:42:40,837][rfdiffusion.inference.model_runners][INFO] - Timestep 42, input to next step: ---------------------------------------------------------------------------------------------
[2026-04-19 20:42:43,071][rfdiffusion.inference.model_runners][INFO] - Timestep 41, input to next step: ---------------------------------------------------------------------------------------------
[2026-04-19 20:42:45,064][rfdiffusion.inference.model_runners][INFO] - Timestep 40, input to next step: ---------------------------------------------------------------------------------------------
[2026-04-19 20:42:47,376][rfdiffusion.inference.model_runners][INFO] - Timestep 39, input to next step: ---------------------------------------------------------------------------------------------
[2026-04-19 20:42:50,060][rfdiffusion.inference.model_runners][INFO] - Timestep 38, input to next step: ---------------------------------------------------------------------------------------------
[2026-04-19 20:42:52,092][rfdiffusion.inference.model_runners][INFO] - Timestep 37, input to next step: ---------------------------------------------------------------------------------------------
[2026-04-19 20:42:54,327][rfdiffusion.inference.model_runners][INFO] - Timestep 36, input to next step: ---------------------------------------------------------------------------------------------
[2026-04-19 20:42:56,473][rfdiffusion.inference.model_runners][INFO] - Timestep 35, input to next step: ---------------------------------------------------------------------------------------------
[2026-04-19 20:42:58,691][rfdiffusion.inference.model_runners][INFO] - Timestep 34, input to next step: ---------------------------------------------------------------------------------------------
[2026-04-19 20:43:01,199][rfdiffusion.inference.model_runners][INFO] - Timestep 33, input to next step: ---------------------------------------------------------------------------------------------
[2026-04-19 20:43:03,345][rfdiffusion.inference.model_runners][INFO] - Timestep 32, input to next step: ---------------------------------------------------------------------------------------------
[2026-04-19 20:43:05,635][rfdiffusion.inference.model_runners][INFO] - Timestep 31, input to next step: ---------------------------------------------------------------------------------------------
[2026-04-19 20:43:07,801][rfdiffusion.inference.model_runners][INFO] - Timestep 30, input to next step: ---------------------------------------------------------------------------------------------
[2026-04-19 20:43:10,268][rfdiffusion.inference.model_runners][INFO] - Timestep 29, input to next step: ---------------------------------------------------------------------------------------------
[2026-04-19 20:43:12,549][rfdiffusion.inference.model_runners][INFO] - Timestep 28, input to next step: ---------------------------------------------------------------------------------------------
[2026-04-19 20:43:15,065][rfdiffusion.inference.model_runners][INFO] - Timestep 27, input to next step: ---------------------------------------------------------------------------------------------
[2026-04-19 20:43:17,350][rfdiffusion.inference.model_runners][INFO] - Timestep 26, input to next step: ---------------------------------------------------------------------------------------------
[2026-04-19 20:43:20,615][rfdiffusion.inference.model_runners][INFO] - Timestep 25, input to next step: ---------------------------------------------------------------------------------------------
[2026-04-19 20:43:22,586][rfdiffusion.inference.model_runners][INFO] - Timestep 24, input to next step: ---------------------------------------------------------------------------------------------
[2026-04-19 20:43:24,289][rfdiffusion.inference.model_runners][INFO] - Timestep 23, input to next step: ---------------------------------------------------------------------------------------------
[2026-04-19 20:43:26,898][rfdiffusion.inference.model_runners][INFO] - Timestep 22, input to next step: ---------------------------------------------------------------------------------------------
[2026-04-19 20:43:28,800][rfdiffusion.inference.model_runners][INFO] - Timestep 21, input to next step: ---------------------------------------------------------------------------------------------
[2026-04-19 20:43:31,180][rfdiffusion.inference.model_runners][INFO] - Timestep 20, input to next step: ---------------------------------------------------------------------------------------------
[2026-04-19 20:43:33,490][rfdiffusion.inference.model_runners][INFO] - Timestep 19, input to next step: ---------------------------------------------------------------------------------------------
[2026-04-19 20:43:35,963][rfdiffusion.inference.model_runners][INFO] - Timestep 18, input to next step: ---------------------------------------------------------------------------------------------
[2026-04-19 20:43:38,330][rfdiffusion.inference.model_runners][INFO] - Timestep 17, input to next step: ---------------------------------------------------------------------------------------------
[2026-04-19 20:43:40,878][rfdiffusion.inference.model_runners][INFO] - Timestep 16, input to next step: ---------------------------------------------------------------------------------------------
[2026-04-19 20:43:43,019][rfdiffusion.inference.model_runners][INFO] - Timestep 15, input to next step: ---------------------------------------------------------------------------------------------
[2026-04-19 20:43:45,297][rfdiffusion.inference.model_runners][INFO] - Timestep 14, input to next step: ---------------------------------------------------------------------------------------------
[2026-04-19 20:43:48,366][rfdiffusion.inference.model_runners][INFO] - Timestep 13, input to next step: ---------------------------------------------------------------------------------------------
[2026-04-19 20:43:50,259][rfdiffusion.inference.model_runners][INFO] - Timestep 12, input to next step: ---------------------------------------------------------------------------------------------
[2026-04-19 20:43:52,458][rfdiffusion.inference.model_runners][INFO] - Timestep 11, input to next step: ---------------------------------------------------------------------------------------------
[2026-04-19 20:43:54,721][rfdiffusion.inference.model_runners][INFO] - Timestep 10, input to next step: ---------------------------------------------------------------------------------------------
[2026-04-19 20:43:56,857][rfdiffusion.inference.model_runners][INFO] - Timestep 9, input to next step: ---------------------------------------------------------------------------------------------
[2026-04-19 20:43:59,239][rfdiffusion.inference.model_runners][INFO] - Timestep 8, input to next step: ---------------------------------------------------------------------------------------------
[2026-04-19 20:44:01,665][rfdiffusion.inference.model_runners][INFO] - Timestep 7, input to next step: ---------------------------------------------------------------------------------------------
[2026-04-19 20:44:04,274][rfdiffusion.inference.model_runners][INFO] - Timestep 6, input to next step: ---------------------------------------------------------------------------------------------
[2026-04-19 20:44:06,917][rfdiffusion.inference.model_runners][INFO] - Timestep 5, input to next step: ---------------------------------------------------------------------------------------------
[2026-04-19 20:44:09,512][rfdiffusion.inference.model_runners][INFO] - Timestep 4, input to next step: ---------------------------------------------------------------------------------------------
[2026-04-19 20:44:11,591][rfdiffusion.inference.model_runners][INFO] - Timestep 3, input to next step: ---------------------------------------------------------------------------------------------
[2026-04-19 20:44:13,913][rfdiffusion.inference.model_runners][INFO] - Timestep 2, input to next step: ---------------------------------------------------------------------------------------------
[2026-04-19 20:44:18,403][__main__][INFO] - Finished design in 1.99 minutes
[2026-04-19 20:44:18,404][__main__][INFO] - Making design /home/manvi/Team_8_CS598GBL/Assignment/Generate_designs/default/len_093/design_4
[2026-04-19 20:44:18,409][rfdiffusion.inference.model_runners][INFO] - Using contig: ['93-93']
[2026-04-19 20:44:18,435][rfdiffusion.inference.model_runners][INFO] - Sequence init: ---------------------------------------------------------------------------------------------
[2026-04-19 20:44:20,089][rfdiffusion.inference.model_runners][INFO] - Timestep 50, input to next step: ---------------------------------------------------------------------------------------------
[2026-04-19 20:44:22,471][rfdiffusion.inference.model_runners][INFO] - Timestep 49, input to next step: ---------------------------------------------------------------------------------------------
[2026-04-19 20:44:24,575][rfdiffusion.inference.model_runners][INFO] - Timestep 48, input to next step: ---------------------------------------------------------------------------------------------
[2026-04-19 20:44:26,796][rfdiffusion.inference.model_runners][INFO] - Timestep 47, input to next step: ---------------------------------------------------------------------------------------------
[2026-04-19 20:44:29,065][rfdiffusion.inference.model_runners][INFO] - Timestep 46, input to next step: ---------------------------------------------------------------------------------------------
[2026-04-19 20:44:31,124][rfdiffusion.inference.model_runners][INFO] - Timestep 45, input to next step: ---------------------------------------------------------------------------------------------
[2026-04-19 20:44:33,537][rfdiffusion.inference.model_runners][INFO] - Timestep 44, input to next step: ---------------------------------------------------------------------------------------------
[2026-04-19 20:44:35,642][rfdiffusion.inference.model_runners][INFO] - Timestep 43, input to next step: ---------------------------------------------------------------------------------------------
[2026-04-19 20:44:38,160][rfdiffusion.inference.model_runners][INFO] - Timestep 42, input to next step: ---------------------------------------------------------------------------------------------
[2026-04-19 20:44:40,206][rfdiffusion.inference.model_runners][INFO] - Timestep 41, input to next step: ---------------------------------------------------------------------------------------------
[2026-04-19 20:44:42,142][rfdiffusion.inference.model_runners][INFO] - Timestep 40, input to next step: ---------------------------------------------------------------------------------------------
[2026-04-19 20:44:44,144][rfdiffusion.inference.model_runners][INFO] - Timestep 39, input to next step: ---------------------------------------------------------------------------------------------
[2026-04-19 20:44:46,046][rfdiffusion.inference.model_runners][INFO] - Timestep 38, input to next step: ---------------------------------------------------------------------------------------------
[2026-04-19 20:44:47,942][rfdiffusion.inference.model_runners][INFO] - Timestep 37, input to next step: ---------------------------------------------------------------------------------------------
[2026-04-19 20:44:50,573][rfdiffusion.inference.model_runners][INFO] - Timestep 36, input to next step: ---------------------------------------------------------------------------------------------
[2026-04-19 20:44:52,447][rfdiffusion.inference.model_runners][INFO] - Timestep 35, input to next step: ---------------------------------------------------------------------------------------------
[2026-04-19 20:44:54,829][rfdiffusion.inference.model_runners][INFO] - Timestep 34, input to next step: ---------------------------------------------------------------------------------------------
[2026-04-19 20:44:57,019][rfdiffusion.inference.model_runners][INFO] - Timestep 33, input to next step: ---------------------------------------------------------------------------------------------
[2026-04-19 20:44:59,753][rfdiffusion.inference.model_runners][INFO] - Timestep 32, input to next step: ---------------------------------------------------------------------------------------------
[2026-04-19 20:45:03,109][rfdiffusion.inference.model_runners][INFO] - Timestep 31, input to next step: ---------------------------------------------------------------------------------------------
[2026-04-19 20:45:05,121][rfdiffusion.inference.model_runners][INFO] - Timestep 30, input to next step: ---------------------------------------------------------------------------------------------
[2026-04-19 20:45:06,890][rfdiffusion.inference.model_runners][INFO] - Timestep 29, input to next step: ---------------------------------------------------------------------------------------------
[2026-04-19 20:45:08,723][rfdiffusion.inference.model_runners][INFO] - Timestep 28, input to next step: ---------------------------------------------------------------------------------------------
[2026-04-19 20:45:10,892][rfdiffusion.inference.model_runners][INFO] - Timestep 27, input to next step: ---------------------------------------------------------------------------------------------
[2026-04-19 20:45:12,801][rfdiffusion.inference.model_runners][INFO] - Timestep 26, input to next step: ---------------------------------------------------------------------------------------------
[2026-04-19 20:45:14,648][rfdiffusion.inference.model_runners][INFO] - Timestep 25, input to next step: ---------------------------------------------------------------------------------------------
[2026-04-19 20:45:16,536][rfdiffusion.inference.model_runners][INFO] - Timestep 24, input to next step: ---------------------------------------------------------------------------------------------
[2026-04-19 20:45:18,469][rfdiffusion.inference.model_runners][INFO] - Timestep 23, input to next step: ---------------------------------------------------------------------------------------------
[2026-04-19 20:45:20,344][rfdiffusion.inference.model_runners][INFO] - Timestep 22, input to next step: ---------------------------------------------------------------------------------------------
[2026-04-19 20:45:22,280][rfdiffusion.inference.model_runners][INFO] - Timestep 21, input to next step: ---------------------------------------------------------------------------------------------
[2026-04-19 20:45:24,150][rfdiffusion.inference.model_runners][INFO] - Timestep 20, input to next step: ---------------------------------------------------------------------------------------------
[2026-04-19 20:45:25,963][rfdiffusion.inference.model_runners][INFO] - Timestep 19, input to next step: ---------------------------------------------------------------------------------------------
[2026-04-19 20:45:27,757][rfdiffusion.inference.model_runners][INFO] - Timestep 18, input to next step: ---------------------------------------------------------------------------------------------
[2026-04-19 20:45:29,662][rfdiffusion.inference.model_runners][INFO] - Timestep 17, input to next step: ---------------------------------------------------------------------------------------------
[2026-04-19 20:45:31,494][rfdiffusion.inference.model_runners][INFO] - Timestep 16, input to next step: ---------------------------------------------------------------------------------------------
[2026-04-19 20:45:33,422][rfdiffusion.inference.model_runners][INFO] - Timestep 15, input to next step: ---------------------------------------------------------------------------------------------
[2026-04-19 20:45:35,283][rfdiffusion.inference.model_runners][INFO] - Timestep 14, input to next step: ---------------------------------------------------------------------------------------------
[2026-04-19 20:45:37,170][rfdiffusion.inference.model_runners][INFO] - Timestep 13, input to next step: ---------------------------------------------------------------------------------------------
[2026-04-19 20:45:39,406][rfdiffusion.inference.model_runners][INFO] - Timestep 12, input to next step: ---------------------------------------------------------------------------------------------
[2026-04-19 20:45:41,245][rfdiffusion.inference.model_runners][INFO] - Timestep 11, input to next step: ---------------------------------------------------------------------------------------------
[2026-04-19 20:45:43,167][rfdiffusion.inference.model_runners][INFO] - Timestep 10, input to next step: ---------------------------------------------------------------------------------------------
[2026-04-19 20:45:44,931][rfdiffusion.inference.model_runners][INFO] - Timestep 9, input to next step: ---------------------------------------------------------------------------------------------
[2026-04-19 20:45:46,630][rfdiffusion.inference.model_runners][INFO] - Timestep 8, input to next step: ---------------------------------------------------------------------------------------------
[2026-04-19 20:45:48,245][rfdiffusion.inference.model_runners][INFO] - Timestep 7, input to next step: ---------------------------------------------------------------------------------------------
[2026-04-19 20:45:50,179][rfdiffusion.inference.model_runners][INFO] - Timestep 6, input to next step: ---------------------------------------------------------------------------------------------
[2026-04-19 20:45:52,120][rfdiffusion.inference.model_runners][INFO] - Timestep 5, input to next step: ---------------------------------------------------------------------------------------------
[2026-04-19 20:45:54,069][rfdiffusion.inference.model_runners][INFO] - Timestep 4, input to next step: ---------------------------------------------------------------------------------------------
[2026-04-19 20:45:55,978][rfdiffusion.inference.model_runners][INFO] - Timestep 3, input to next step: ---------------------------------------------------------------------------------------------
[2026-04-19 20:45:57,791][rfdiffusion.inference.model_runners][INFO] - Timestep 2, input to next step: ---------------------------------------------------------------------------------------------
[2026-04-19 20:46:01,500][__main__][INFO] - Finished design in 1.72 minutes
[2026-04-19 20:46:01,500][__main__][INFO] - Making design /home/manvi/Team_8_CS598GBL/Assignment/Generate_designs/default/len_093/design_5
[2026-04-19 20:46:01,505][rfdiffusion.inference.model_runners][INFO] - Using contig: ['93-93']
[2026-04-19 20:46:01,529][rfdiffusion.inference.model_runners][INFO] - Sequence init: ---------------------------------------------------------------------------------------------
[2026-04-19 20:46:02,998][rfdiffusion.inference.model_runners][INFO] - Timestep 50, input to next step: ---------------------------------------------------------------------------------------------
[2026-04-19 20:46:04,616][rfdiffusion.inference.model_runners][INFO] - Timestep 49, input to next step: ---------------------------------------------------------------------------------------------
[2026-04-19 20:46:06,438][rfdiffusion.inference.model_runners][INFO] - Timestep 48, input to next step: ---------------------------------------------------------------------------------------------
[2026-04-19 20:46:08,251][rfdiffusion.inference.model_runners][INFO] - Timestep 47, input to next step: ---------------------------------------------------------------------------------------------
[2026-04-19 20:46:10,132][rfdiffusion.inference.model_runners][INFO] - Timestep 46, input to next step: ---------------------------------------------------------------------------------------------
[2026-04-19 20:46:11,914][rfdiffusion.inference.model_runners][INFO] - Timestep 45, input to next step: ---------------------------------------------------------------------------------------------
[2026-04-19 20:46:14,047][rfdiffusion.inference.model_runners][INFO] - Timestep 44, input to next step: ---------------------------------------------------------------------------------------------
[2026-04-19 20:46:16,136][rfdiffusion.inference.model_runners][INFO] - Timestep 43, input to next step: ---------------------------------------------------------------------------------------------
[2026-04-19 20:46:17,730][rfdiffusion.inference.model_runners][INFO] - Timestep 42, input to next step: ---------------------------------------------------------------------------------------------
[2026-04-19 20:46:19,816][rfdiffusion.inference.model_runners][INFO] - Timestep 41, input to next step: ---------------------------------------------------------------------------------------------
[2026-04-19 20:46:22,054][rfdiffusion.inference.model_runners][INFO] - Timestep 40, input to next step: ---------------------------------------------------------------------------------------------
[2026-04-19 20:46:24,019][rfdiffusion.inference.model_runners][INFO] - Timestep 39, input to next step: ---------------------------------------------------------------------------------------------
[2026-04-19 20:46:25,769][rfdiffusion.inference.model_runners][INFO] - Timestep 38, input to next step: ---------------------------------------------------------------------------------------------
[2026-04-19 20:46:27,557][rfdiffusion.inference.model_runners][INFO] - Timestep 37, input to next step: ---------------------------------------------------------------------------------------------
[2026-04-19 20:46:29,393][rfdiffusion.inference.model_runners][INFO] - Timestep 36, input to next step: ---------------------------------------------------------------------------------------------
[2026-04-19 20:46:31,292][rfdiffusion.inference.model_runners][INFO] - Timestep 35, input to next step: ---------------------------------------------------------------------------------------------
[2026-04-19 20:46:33,153][rfdiffusion.inference.model_runners][INFO] - Timestep 34, input to next step: ---------------------------------------------------------------------------------------------
[2026-04-19 20:46:34,998][rfdiffusion.inference.model_runners][INFO] - Timestep 33, input to next step: ---------------------------------------------------------------------------------------------
[2026-04-19 20:46:36,961][rfdiffusion.inference.model_runners][INFO] - Timestep 32, input to next step: ---------------------------------------------------------------------------------------------
[2026-04-19 20:46:39,113][rfdiffusion.inference.model_runners][INFO] - Timestep 31, input to next step: ---------------------------------------------------------------------------------------------
[2026-04-19 20:46:40,977][rfdiffusion.inference.model_runners][INFO] - Timestep 30, input to next step: ---------------------------------------------------------------------------------------------
[2026-04-19 20:46:42,860][rfdiffusion.inference.model_runners][INFO] - Timestep 29, input to next step: ---------------------------------------------------------------------------------------------
[2026-04-19 20:46:44,768][rfdiffusion.inference.model_runners][INFO] - Timestep 28, input to next step: ---------------------------------------------------------------------------------------------
[2026-04-19 20:46:46,717][rfdiffusion.inference.model_runners][INFO] - Timestep 27, input to next step: ---------------------------------------------------------------------------------------------
[2026-04-19 20:46:48,659][rfdiffusion.inference.model_runners][INFO] - Timestep 26, input to next step: ---------------------------------------------------------------------------------------------
[2026-04-19 20:46:50,970][rfdiffusion.inference.model_runners][INFO] - Timestep 25, input to next step: ---------------------------------------------------------------------------------------------
[2026-04-19 20:46:52,865][rfdiffusion.inference.model_runners][INFO] - Timestep 24, input to next step: ---------------------------------------------------------------------------------------------
[2026-04-19 20:46:54,754][rfdiffusion.inference.model_runners][INFO] - Timestep 23, input to next step: ---------------------------------------------------------------------------------------------
[2026-04-19 20:46:57,168][rfdiffusion.inference.model_runners][INFO] - Timestep 22, input to next step: ---------------------------------------------------------------------------------------------
[2026-04-19 20:46:58,807][rfdiffusion.inference.model_runners][INFO] - Timestep 21, input to next step: ---------------------------------------------------------------------------------------------
[2026-04-19 20:47:00,604][rfdiffusion.inference.model_runners][INFO] - Timestep 20, input to next step: ---------------------------------------------------------------------------------------------
[2026-04-19 20:47:02,451][rfdiffusion.inference.model_runners][INFO] - Timestep 19, input to next step: ---------------------------------------------------------------------------------------------
[2026-04-19 20:47:04,332][rfdiffusion.inference.model_runners][INFO] - Timestep 18, input to next step: ---------------------------------------------------------------------------------------------
[2026-04-19 20:47:06,227][rfdiffusion.inference.model_runners][INFO] - Timestep 17, input to next step: ---------------------------------------------------------------------------------------------
[2026-04-19 20:47:08,098][rfdiffusion.inference.model_runners][INFO] - Timestep 16, input to next step: ---------------------------------------------------------------------------------------------
[2026-04-19 20:47:10,026][rfdiffusion.inference.model_runners][INFO] - Timestep 15, input to next step: ---------------------------------------------------------------------------------------------
[2026-04-19 20:47:11,954][rfdiffusion.inference.model_runners][INFO] - Timestep 14, input to next step: ---------------------------------------------------------------------------------------------
[2026-04-19 20:47:13,828][rfdiffusion.inference.model_runners][INFO] - Timestep 13, input to next step: ---------------------------------------------------------------------------------------------
[2026-04-19 20:47:15,759][rfdiffusion.inference.model_runners][INFO] - Timestep 12, input to next step: ---------------------------------------------------------------------------------------------
[2026-04-19 20:47:17,802][rfdiffusion.inference.model_runners][INFO] - Timestep 11, input to next step: ---------------------------------------------------------------------------------------------
[2026-04-19 20:47:19,901][rfdiffusion.inference.model_runners][INFO] - Timestep 10, input to next step: ---------------------------------------------------------------------------------------------
[2026-04-19 20:47:22,053][rfdiffusion.inference.model_runners][INFO] - Timestep 9, input to next step: ---------------------------------------------------------------------------------------------
[2026-04-19 20:47:23,743][rfdiffusion.inference.model_runners][INFO] - Timestep 8, input to next step: ---------------------------------------------------------------------------------------------
[2026-04-19 20:47:26,968][rfdiffusion.inference.model_runners][INFO] - Timestep 7, input to next step: ---------------------------------------------------------------------------------------------
[2026-04-19 20:47:29,319][rfdiffusion.inference.model_runners][INFO] - Timestep 6, input to next step: ---------------------------------------------------------------------------------------------
[2026-04-19 20:47:30,793][rfdiffusion.inference.model_runners][INFO] - Timestep 5, input to next step: ---------------------------------------------------------------------------------------------
[2026-04-19 20:47:32,347][rfdiffusion.inference.model_runners][INFO] - Timestep 4, input to next step: ---------------------------------------------------------------------------------------------
[2026-04-19 20:47:34,249][rfdiffusion.inference.model_runners][INFO] - Timestep 3, input to next step: ---------------------------------------------------------------------------------------------
[2026-04-19 20:47:35,857][rfdiffusion.inference.model_runners][INFO] - Timestep 2, input to next step: ---------------------------------------------------------------------------------------------
[2026-04-19 20:47:39,780][__main__][INFO] - Finished design in 1.64 minutes
[2026-04-19 20:47:39,780][__main__][INFO] - Making design /home/manvi/Team_8_CS598GBL/Assignment/Generate_designs/default/len_093/design_6
[2026-04-19 20:47:39,786][rfdiffusion.inference.model_runners][INFO] - Using contig: ['93-93']
[2026-04-19 20:47:39,810][rfdiffusion.inference.model_runners][INFO] - Sequence init: ---------------------------------------------------------------------------------------------
[2026-04-19 20:47:41,280][rfdiffusion.inference.model_runners][INFO] - Timestep 50, input to next step: ---------------------------------------------------------------------------------------------
[2026-04-19 20:47:43,350][rfdiffusion.inference.model_runners][INFO] - Timestep 49, input to next step: ---------------------------------------------------------------------------------------------
[2026-04-19 20:47:45,437][rfdiffusion.inference.model_runners][INFO] - Timestep 48, input to next step: ---------------------------------------------------------------------------------------------
[2026-04-19 20:47:47,415][rfdiffusion.inference.model_runners][INFO] - Timestep 47, input to next step: ---------------------------------------------------------------------------------------------
[2026-04-19 20:47:49,377][rfdiffusion.inference.model_runners][INFO] - Timestep 46, input to next step: ---------------------------------------------------------------------------------------------
[2026-04-19 20:47:52,110][rfdiffusion.inference.model_runners][INFO] - Timestep 45, input to next step: ---------------------------------------------------------------------------------------------
[2026-04-19 20:47:53,861][rfdiffusion.inference.model_runners][INFO] - Timestep 44, input to next step: ---------------------------------------------------------------------------------------------
[2026-04-19 20:47:56,056][rfdiffusion.inference.model_runners][INFO] - Timestep 43, input to next step: ---------------------------------------------------------------------------------------------
[2026-04-19 20:47:58,401][rfdiffusion.inference.model_runners][INFO] - Timestep 42, input to next step: ---------------------------------------------------------------------------------------------
[2026-04-19 20:48:01,056][rfdiffusion.inference.model_runners][INFO] - Timestep 41, input to next step: ---------------------------------------------------------------------------------------------
[2026-04-19 20:48:03,954][rfdiffusion.inference.model_runners][INFO] - Timestep 40, input to next step: ---------------------------------------------------------------------------------------------
[2026-04-19 20:48:06,298][rfdiffusion.inference.model_runners][INFO] - Timestep 39, input to next step: ---------------------------------------------------------------------------------------------
[2026-04-19 20:48:08,955][rfdiffusion.inference.model_runners][INFO] - Timestep 38, input to next step: ---------------------------------------------------------------------------------------------
[2026-04-19 20:48:11,360][rfdiffusion.inference.model_runners][INFO] - Timestep 37, input to next step: ---------------------------------------------------------------------------------------------
[2026-04-19 20:48:13,477][rfdiffusion.inference.model_runners][INFO] - Timestep 36, input to next step: ---------------------------------------------------------------------------------------------
[2026-04-19 20:48:15,666][rfdiffusion.inference.model_runners][INFO] - Timestep 35, input to next step: ---------------------------------------------------------------------------------------------
[2026-04-19 20:48:17,533][rfdiffusion.inference.model_runners][INFO] - Timestep 34, input to next step: ---------------------------------------------------------------------------------------------
[2026-04-19 20:48:19,937][rfdiffusion.inference.model_runners][INFO] - Timestep 33, input to next step: ---------------------------------------------------------------------------------------------
[2026-04-19 20:48:21,821][rfdiffusion.inference.model_runners][INFO] - Timestep 32, input to next step: ---------------------------------------------------------------------------------------------
[2026-04-19 20:48:23,828][rfdiffusion.inference.model_runners][INFO] - Timestep 31, input to next step: ---------------------------------------------------------------------------------------------
[2026-04-19 20:48:25,849][rfdiffusion.inference.model_runners][INFO] - Timestep 30, input to next step: ---------------------------------------------------------------------------------------------
[2026-04-19 20:48:27,587][rfdiffusion.inference.model_runners][INFO] - Timestep 29, input to next step: ---------------------------------------------------------------------------------------------
[2026-04-19 20:48:29,486][rfdiffusion.inference.model_runners][INFO] - Timestep 28, input to next step: ---------------------------------------------------------------------------------------------
[2026-04-19 20:48:31,292][rfdiffusion.inference.model_runners][INFO] - Timestep 27, input to next step: ---------------------------------------------------------------------------------------------
[2026-04-19 20:48:33,191][rfdiffusion.inference.model_runners][INFO] - Timestep 26, input to next step: ---------------------------------------------------------------------------------------------
[2026-04-19 20:48:35,105][rfdiffusion.inference.model_runners][INFO] - Timestep 25, input to next step: ---------------------------------------------------------------------------------------------
[2026-04-19 20:48:36,933][rfdiffusion.inference.model_runners][INFO] - Timestep 24, input to next step: ---------------------------------------------------------------------------------------------
[2026-04-19 20:48:39,003][rfdiffusion.inference.model_runners][INFO] - Timestep 23, input to next step: ---------------------------------------------------------------------------------------------
[2026-04-19 20:48:41,110][rfdiffusion.inference.model_runners][INFO] - Timestep 22, input to next step: ---------------------------------------------------------------------------------------------
[2026-04-19 20:48:42,860][rfdiffusion.inference.model_runners][INFO] - Timestep 21, input to next step: ---------------------------------------------------------------------------------------------
[2026-04-19 20:48:45,088][rfdiffusion.inference.model_runners][INFO] - Timestep 20, input to next step: ---------------------------------------------------------------------------------------------
[2026-04-19 20:48:46,919][rfdiffusion.inference.model_runners][INFO] - Timestep 19, input to next step: ---------------------------------------------------------------------------------------------
[2026-04-19 20:48:48,721][rfdiffusion.inference.model_runners][INFO] - Timestep 18, input to next step: ---------------------------------------------------------------------------------------------
[2026-04-19 20:48:50,595][rfdiffusion.inference.model_runners][INFO] - Timestep 17, input to next step: ---------------------------------------------------------------------------------------------
[2026-04-19 20:48:52,492][rfdiffusion.inference.model_runners][INFO] - Timestep 16, input to next step: ---------------------------------------------------------------------------------------------
[2026-04-19 20:48:54,428][rfdiffusion.inference.model_runners][INFO] - Timestep 15, input to next step: ---------------------------------------------------------------------------------------------
[2026-04-19 20:48:56,330][rfdiffusion.inference.model_runners][INFO] - Timestep 14, input to next step: ---------------------------------------------------------------------------------------------
[2026-04-19 20:48:58,178][rfdiffusion.inference.model_runners][INFO] - Timestep 13, input to next step: ---------------------------------------------------------------------------------------------
[2026-04-19 20:49:00,092][rfdiffusion.inference.model_runners][INFO] - Timestep 12, input to next step: ---------------------------------------------------------------------------------------------
[2026-04-19 20:49:02,016][rfdiffusion.inference.model_runners][INFO] - Timestep 11, input to next step: ---------------------------------------------------------------------------------------------
[2026-04-19 20:49:03,815][rfdiffusion.inference.model_runners][INFO] - Timestep 10, input to next step: ---------------------------------------------------------------------------------------------
[2026-04-19 20:49:05,743][rfdiffusion.inference.model_runners][INFO] - Timestep 9, input to next step: ---------------------------------------------------------------------------------------------
[2026-04-19 20:49:07,592][rfdiffusion.inference.model_runners][INFO] - Timestep 8, input to next step: ---------------------------------------------------------------------------------------------
[2026-04-19 20:49:09,489][rfdiffusion.inference.model_runners][INFO] - Timestep 7, input to next step: ---------------------------------------------------------------------------------------------
[2026-04-19 20:49:11,581][rfdiffusion.inference.model_runners][INFO] - Timestep 6, input to next step: ---------------------------------------------------------------------------------------------
[2026-04-19 20:49:13,357][rfdiffusion.inference.model_runners][INFO] - Timestep 5, input to next step: ---------------------------------------------------------------------------------------------
[2026-04-19 20:49:15,353][rfdiffusion.inference.model_runners][INFO] - Timestep 4, input to next step: ---------------------------------------------------------------------------------------------
[2026-04-19 20:49:17,289][rfdiffusion.inference.model_runners][INFO] - Timestep 3, input to next step: ---------------------------------------------------------------------------------------------
[2026-04-19 20:49:19,117][rfdiffusion.inference.model_runners][INFO] - Timestep 2, input to next step: ---------------------------------------------------------------------------------------------
[2026-04-19 20:49:22,762][__main__][INFO] - Finished design in 1.72 minutes
[2026-04-19 20:49:22,762][__main__][INFO] - Making design /home/manvi/Team_8_CS598GBL/Assignment/Generate_designs/default/len_093/design_7
[2026-04-19 20:49:22,767][rfdiffusion.inference.model_runners][INFO] - Using contig: ['93-93']
[2026-04-19 20:49:22,788][rfdiffusion.inference.model_runners][INFO] - Sequence init: ---------------------------------------------------------------------------------------------
[2026-04-19 20:49:24,317][rfdiffusion.inference.model_runners][INFO] - Timestep 50, input to next step: ---------------------------------------------------------------------------------------------
[2026-04-19 20:49:26,074][rfdiffusion.inference.model_runners][INFO] - Timestep 49, input to next step: ---------------------------------------------------------------------------------------------
[2026-04-19 20:49:27,926][rfdiffusion.inference.model_runners][INFO] - Timestep 48, input to next step: ---------------------------------------------------------------------------------------------
[2026-04-19 20:49:29,814][rfdiffusion.inference.model_runners][INFO] - Timestep 47, input to next step: ---------------------------------------------------------------------------------------------
[2026-04-19 20:49:31,728][rfdiffusion.inference.model_runners][INFO] - Timestep 46, input to next step: ---------------------------------------------------------------------------------------------
[2026-04-19 20:49:33,688][rfdiffusion.inference.model_runners][INFO] - Timestep 45, input to next step: ---------------------------------------------------------------------------------------------
[2026-04-19 20:49:35,535][rfdiffusion.inference.model_runners][INFO] - Timestep 44, input to next step: ---------------------------------------------------------------------------------------------
[2026-04-19 20:49:37,417][rfdiffusion.inference.model_runners][INFO] - Timestep 43, input to next step: ---------------------------------------------------------------------------------------------
[2026-04-19 20:49:39,597][rfdiffusion.inference.model_runners][INFO] - Timestep 42, input to next step: ---------------------------------------------------------------------------------------------
[2026-04-19 20:49:41,529][rfdiffusion.inference.model_runners][INFO] - Timestep 41, input to next step: ---------------------------------------------------------------------------------------------
[2026-04-19 20:49:43,249][rfdiffusion.inference.model_runners][INFO] - Timestep 40, input to next step: ---------------------------------------------------------------------------------------------
[2026-04-19 20:49:45,158][rfdiffusion.inference.model_runners][INFO] - Timestep 39, input to next step: ---------------------------------------------------------------------------------------------
[2026-04-19 20:49:47,128][rfdiffusion.inference.model_runners][INFO] - Timestep 38, input to next step: ---------------------------------------------------------------------------------------------
[2026-04-19 20:49:48,962][rfdiffusion.inference.model_runners][INFO] - Timestep 37, input to next step: ---------------------------------------------------------------------------------------------
[2026-04-19 20:49:50,888][rfdiffusion.inference.model_runners][INFO] - Timestep 36, input to next step: ---------------------------------------------------------------------------------------------
[2026-04-19 20:49:53,197][rfdiffusion.inference.model_runners][INFO] - Timestep 35, input to next step: ---------------------------------------------------------------------------------------------
[2026-04-19 20:49:55,036][rfdiffusion.inference.model_runners][INFO] - Timestep 34, input to next step: ---------------------------------------------------------------------------------------------
[2026-04-19 20:49:56,914][rfdiffusion.inference.model_runners][INFO] - Timestep 33, input to next step: ---------------------------------------------------------------------------------------------
[2026-04-19 20:49:58,675][rfdiffusion.inference.model_runners][INFO] - Timestep 32, input to next step: ---------------------------------------------------------------------------------------------
[2026-04-19 20:50:00,488][rfdiffusion.inference.model_runners][INFO] - Timestep 31, input to next step: ---------------------------------------------------------------------------------------------
[2026-04-19 20:50:02,430][rfdiffusion.inference.model_runners][INFO] - Timestep 30, input to next step: ---------------------------------------------------------------------------------------------
[2026-04-19 20:50:04,606][rfdiffusion.inference.model_runners][INFO] - Timestep 29, input to next step: ---------------------------------------------------------------------------------------------
[2026-04-19 20:50:06,602][rfdiffusion.inference.model_runners][INFO] - Timestep 28, input to next step: ---------------------------------------------------------------------------------------------
[2026-04-19 20:50:08,422][rfdiffusion.inference.model_runners][INFO] - Timestep 27, input to next step: ---------------------------------------------------------------------------------------------
[2026-04-19 20:50:10,549][rfdiffusion.inference.model_runners][INFO] - Timestep 26, input to next step: ---------------------------------------------------------------------------------------------
[2026-04-19 20:50:12,227][rfdiffusion.inference.model_runners][INFO] - Timestep 25, input to next step: ---------------------------------------------------------------------------------------------
[2026-04-19 20:50:14,412][rfdiffusion.inference.model_runners][INFO] - Timestep 24, input to next step: ---------------------------------------------------------------------------------------------
[2026-04-19 20:50:16,360][rfdiffusion.inference.model_runners][INFO] - Timestep 23, input to next step: ---------------------------------------------------------------------------------------------
[2026-04-19 20:50:17,967][rfdiffusion.inference.model_runners][INFO] - Timestep 22, input to next step: ---------------------------------------------------------------------------------------------
[2026-04-19 20:50:19,776][rfdiffusion.inference.model_runners][INFO] - Timestep 21, input to next step: ---------------------------------------------------------------------------------------------
[2026-04-19 20:50:22,029][rfdiffusion.inference.model_runners][INFO] - Timestep 20, input to next step: ---------------------------------------------------------------------------------------------
[2026-04-19 20:50:23,882][rfdiffusion.inference.model_runners][INFO] - Timestep 19, input to next step: ---------------------------------------------------------------------------------------------
[2026-04-19 20:50:25,660][rfdiffusion.inference.model_runners][INFO] - Timestep 18, input to next step: ---------------------------------------------------------------------------------------------
[2026-04-19 20:50:27,605][rfdiffusion.inference.model_runners][INFO] - Timestep 17, input to next step: ---------------------------------------------------------------------------------------------
[2026-04-19 20:50:29,395][rfdiffusion.inference.model_runners][INFO] - Timestep 16, input to next step: ---------------------------------------------------------------------------------------------
[2026-04-19 20:50:31,243][rfdiffusion.inference.model_runners][INFO] - Timestep 15, input to next step: ---------------------------------------------------------------------------------------------
[2026-04-19 20:50:33,189][rfdiffusion.inference.model_runners][INFO] - Timestep 14, input to next step: ---------------------------------------------------------------------------------------------
[2026-04-19 20:50:35,140][rfdiffusion.inference.model_runners][INFO] - Timestep 13, input to next step: ---------------------------------------------------------------------------------------------
[2026-04-19 20:50:37,016][rfdiffusion.inference.model_runners][INFO] - Timestep 12, input to next step: ---------------------------------------------------------------------------------------------
[2026-04-19 20:50:38,906][rfdiffusion.inference.model_runners][INFO] - Timestep 11, input to next step: ---------------------------------------------------------------------------------------------
[2026-04-19 20:50:41,149][rfdiffusion.inference.model_runners][INFO] - Timestep 10, input to next step: ---------------------------------------------------------------------------------------------
[2026-04-19 20:50:42,964][rfdiffusion.inference.model_runners][INFO] - Timestep 9, input to next step: ---------------------------------------------------------------------------------------------
[2026-04-19 20:50:44,743][rfdiffusion.inference.model_runners][INFO] - Timestep 8, input to next step: ---------------------------------------------------------------------------------------------
[2026-04-19 20:50:46,719][rfdiffusion.inference.model_runners][INFO] - Timestep 7, input to next step: ---------------------------------------------------------------------------------------------
[2026-04-19 20:50:48,619][rfdiffusion.inference.model_runners][INFO] - Timestep 6, input to next step: ---------------------------------------------------------------------------------------------
[2026-04-19 20:50:50,306][rfdiffusion.inference.model_runners][INFO] - Timestep 5, input to next step: ---------------------------------------------------------------------------------------------
[2026-04-19 20:50:52,180][rfdiffusion.inference.model_runners][INFO] - Timestep 4, input to next step: ---------------------------------------------------------------------------------------------
[2026-04-19 20:50:54,121][rfdiffusion.inference.model_runners][INFO] - Timestep 3, input to next step: ---------------------------------------------------------------------------------------------
[2026-04-19 20:50:56,066][rfdiffusion.inference.model_runners][INFO] - Timestep 2, input to next step: ---------------------------------------------------------------------------------------------
[2026-04-19 20:51:00,053][__main__][INFO] - Finished design in 1.62 minutes
[2026-04-19 20:51:00,053][__main__][INFO] - Making design /home/manvi/Team_8_CS598GBL/Assignment/Generate_designs/default/len_093/design_8
[2026-04-19 20:51:00,058][rfdiffusion.inference.model_runners][INFO] - Using contig: ['93-93']
[2026-04-19 20:51:00,076][rfdiffusion.inference.model_runners][INFO] - Sequence init: ---------------------------------------------------------------------------------------------
[2026-04-19 20:51:01,631][rfdiffusion.inference.model_runners][INFO] - Timestep 50, input to next step: ---------------------------------------------------------------------------------------------
[2026-04-19 20:51:03,312][rfdiffusion.inference.model_runners][INFO] - Timestep 49, input to next step: ---------------------------------------------------------------------------------------------
[2026-04-19 20:51:05,196][rfdiffusion.inference.model_runners][INFO] - Timestep 48, input to next step: ---------------------------------------------------------------------------------------------
[2026-04-19 20:51:07,027][rfdiffusion.inference.model_runners][INFO] - Timestep 47, input to next step: ---------------------------------------------------------------------------------------------
[2026-04-19 20:51:08,950][rfdiffusion.inference.model_runners][INFO] - Timestep 46, input to next step: ---------------------------------------------------------------------------------------------
[2026-04-19 20:51:10,891][rfdiffusion.inference.model_runners][INFO] - Timestep 45, input to next step: ---------------------------------------------------------------------------------------------
[2026-04-19 20:51:12,840][rfdiffusion.inference.model_runners][INFO] - Timestep 44, input to next step: ---------------------------------------------------------------------------------------------
[2026-04-19 20:51:14,674][rfdiffusion.inference.model_runners][INFO] - Timestep 43, input to next step: ---------------------------------------------------------------------------------------------
[2026-04-19 20:51:16,682][rfdiffusion.inference.model_runners][INFO] - Timestep 42, input to next step: ---------------------------------------------------------------------------------------------
[2026-04-19 20:51:18,588][rfdiffusion.inference.model_runners][INFO] - Timestep 41, input to next step: ---------------------------------------------------------------------------------------------
[2026-04-19 20:51:20,591][rfdiffusion.inference.model_runners][INFO] - Timestep 40, input to next step: ---------------------------------------------------------------------------------------------
[2026-04-19 20:51:22,781][rfdiffusion.inference.model_runners][INFO] - Timestep 39, input to next step: ---------------------------------------------------------------------------------------------
[2026-04-19 20:51:24,850][rfdiffusion.inference.model_runners][INFO] - Timestep 38, input to next step: ---------------------------------------------------------------------------------------------
[2026-04-19 20:51:26,703][rfdiffusion.inference.model_runners][INFO] - Timestep 37, input to next step: ---------------------------------------------------------------------------------------------
[2026-04-19 20:51:30,197][rfdiffusion.inference.model_runners][INFO] - Timestep 36, input to next step: ---------------------------------------------------------------------------------------------
[2026-04-19 20:51:33,294][rfdiffusion.inference.model_runners][INFO] - Timestep 35, input to next step: ---------------------------------------------------------------------------------------------
[2026-04-19 20:51:35,342][rfdiffusion.inference.model_runners][INFO] - Timestep 34, input to next step: ---------------------------------------------------------------------------------------------
[2026-04-19 20:51:37,423][rfdiffusion.inference.model_runners][INFO] - Timestep 33, input to next step: ---------------------------------------------------------------------------------------------
[2026-04-19 20:51:39,418][rfdiffusion.inference.model_runners][INFO] - Timestep 32, input to next step: ---------------------------------------------------------------------------------------------
[2026-04-19 20:51:41,682][rfdiffusion.inference.model_runners][INFO] - Timestep 31, input to next step: ---------------------------------------------------------------------------------------------
[2026-04-19 20:51:43,535][rfdiffusion.inference.model_runners][INFO] - Timestep 30, input to next step: ---------------------------------------------------------------------------------------------
[2026-04-19 20:51:46,578][rfdiffusion.inference.model_runners][INFO] - Timestep 29, input to next step: ---------------------------------------------------------------------------------------------
[2026-04-19 20:51:49,372][rfdiffusion.inference.model_runners][INFO] - Timestep 28, input to next step: ---------------------------------------------------------------------------------------------
[2026-04-19 20:51:51,894][rfdiffusion.inference.model_runners][INFO] - Timestep 27, input to next step: ---------------------------------------------------------------------------------------------
[2026-04-19 20:51:53,894][rfdiffusion.inference.model_runners][INFO] - Timestep 26, input to next step: ---------------------------------------------------------------------------------------------
[2026-04-19 20:51:56,502][rfdiffusion.inference.model_runners][INFO] - Timestep 25, input to next step: ---------------------------------------------------------------------------------------------
[2026-04-19 20:51:58,295][rfdiffusion.inference.model_runners][INFO] - Timestep 24, input to next step: ---------------------------------------------------------------------------------------------
[2026-04-19 20:52:01,028][rfdiffusion.inference.model_runners][INFO] - Timestep 23, input to next step: ---------------------------------------------------------------------------------------------
[2026-04-19 20:52:03,099][rfdiffusion.inference.model_runners][INFO] - Timestep 22, input to next step: ---------------------------------------------------------------------------------------------
[2026-04-19 20:52:06,222][rfdiffusion.inference.model_runners][INFO] - Timestep 21, input to next step: ---------------------------------------------------------------------------------------------
[2026-04-19 20:52:08,020][rfdiffusion.inference.model_runners][INFO] - Timestep 20, input to next step: ---------------------------------------------------------------------------------------------
[2026-04-19 20:52:10,272][rfdiffusion.inference.model_runners][INFO] - Timestep 19, input to next step: ---------------------------------------------------------------------------------------------
[2026-04-19 20:52:12,002][rfdiffusion.inference.model_runners][INFO] - Timestep 18, input to next step: ---------------------------------------------------------------------------------------------
[2026-04-19 20:52:14,503][rfdiffusion.inference.model_runners][INFO] - Timestep 17, input to next step: ---------------------------------------------------------------------------------------------
[2026-04-19 20:52:16,516][rfdiffusion.inference.model_runners][INFO] - Timestep 16, input to next step: ---------------------------------------------------------------------------------------------
[2026-04-19 20:52:19,793][rfdiffusion.inference.model_runners][INFO] - Timestep 15, input to next step: ---------------------------------------------------------------------------------------------
[2026-04-19 20:52:23,021][rfdiffusion.inference.model_runners][INFO] - Timestep 14, input to next step: ---------------------------------------------------------------------------------------------
[2026-04-19 20:52:25,017][rfdiffusion.inference.model_runners][INFO] - Timestep 13, input to next step: ---------------------------------------------------------------------------------------------
[2026-04-19 20:52:27,605][rfdiffusion.inference.model_runners][INFO] - Timestep 12, input to next step: ---------------------------------------------------------------------------------------------
[2026-04-19 20:52:29,953][rfdiffusion.inference.model_runners][INFO] - Timestep 11, input to next step: ---------------------------------------------------------------------------------------------
[2026-04-19 20:52:32,694][rfdiffusion.inference.model_runners][INFO] - Timestep 10, input to next step: ---------------------------------------------------------------------------------------------
[2026-04-19 20:52:34,862][rfdiffusion.inference.model_runners][INFO] - Timestep 9, input to next step: ---------------------------------------------------------------------------------------------
[2026-04-19 20:52:37,628][rfdiffusion.inference.model_runners][INFO] - Timestep 8, input to next step: ---------------------------------------------------------------------------------------------
[2026-04-19 20:52:39,613][rfdiffusion.inference.model_runners][INFO] - Timestep 7, input to next step: ---------------------------------------------------------------------------------------------
[2026-04-19 20:52:42,254][rfdiffusion.inference.model_runners][INFO] - Timestep 6, input to next step: ---------------------------------------------------------------------------------------------
[2026-04-19 20:52:43,883][rfdiffusion.inference.model_runners][INFO] - Timestep 5, input to next step: ---------------------------------------------------------------------------------------------
[2026-04-19 20:52:46,056][rfdiffusion.inference.model_runners][INFO] - Timestep 4, input to next step: ---------------------------------------------------------------------------------------------
[2026-04-19 20:52:48,455][rfdiffusion.inference.model_runners][INFO] - Timestep 3, input to next step: ---------------------------------------------------------------------------------------------
[2026-04-19 20:52:50,198][rfdiffusion.inference.model_runners][INFO] - Timestep 2, input to next step: ---------------------------------------------------------------------------------------------
[2026-04-19 20:52:54,164][__main__][INFO] - Finished design in 1.90 minutes
[2026-04-19 20:52:54,164][__main__][INFO] - Making design /home/manvi/Team_8_CS598GBL/Assignment/Generate_designs/default/len_093/design_9
[2026-04-19 20:52:54,170][rfdiffusion.inference.model_runners][INFO] - Using contig: ['93-93']
[2026-04-19 20:52:54,194][rfdiffusion.inference.model_runners][INFO] - Sequence init: ---------------------------------------------------------------------------------------------
[2026-04-19 20:52:56,200][rfdiffusion.inference.model_runners][INFO] - Timestep 50, input to next step: ---------------------------------------------------------------------------------------------
[2026-04-19 20:52:58,900][rfdiffusion.inference.model_runners][INFO] - Timestep 49, input to next step: ---------------------------------------------------------------------------------------------
[2026-04-19 20:53:01,948][rfdiffusion.inference.model_runners][INFO] - Timestep 48, input to next step: ---------------------------------------------------------------------------------------------
[2026-04-19 20:53:04,701][rfdiffusion.inference.model_runners][INFO] - Timestep 47, input to next step: ---------------------------------------------------------------------------------------------
[2026-04-19 20:53:06,690][rfdiffusion.inference.model_runners][INFO] - Timestep 46, input to next step: ---------------------------------------------------------------------------------------------
[2026-04-19 20:53:09,086][rfdiffusion.inference.model_runners][INFO] - Timestep 45, input to next step: ---------------------------------------------------------------------------------------------
[2026-04-19 20:53:10,845][rfdiffusion.inference.model_runners][INFO] - Timestep 44, input to next step: ---------------------------------------------------------------------------------------------
[2026-04-19 20:53:12,850][rfdiffusion.inference.model_runners][INFO] - Timestep 43, input to next step: ---------------------------------------------------------------------------------------------
[2026-04-19 20:53:15,203][rfdiffusion.inference.model_runners][INFO] - Timestep 42, input to next step: ---------------------------------------------------------------------------------------------
[2026-04-19 20:53:17,577][rfdiffusion.inference.model_runners][INFO] - Timestep 41, input to next step: ---------------------------------------------------------------------------------------------
[2026-04-19 20:53:20,388][rfdiffusion.inference.model_runners][INFO] - Timestep 40, input to next step: ---------------------------------------------------------------------------------------------
[2026-04-19 20:53:22,711][rfdiffusion.inference.model_runners][INFO] - Timestep 39, input to next step: ---------------------------------------------------------------------------------------------
[2026-04-19 20:53:25,168][rfdiffusion.inference.model_runners][INFO] - Timestep 38, input to next step: ---------------------------------------------------------------------------------------------
[2026-04-19 20:53:27,417][rfdiffusion.inference.model_runners][INFO] - Timestep 37, input to next step: ---------------------------------------------------------------------------------------------
[2026-04-19 20:53:30,283][rfdiffusion.inference.model_runners][INFO] - Timestep 36, input to next step: ---------------------------------------------------------------------------------------------
[2026-04-19 20:53:32,907][rfdiffusion.inference.model_runners][INFO] - Timestep 35, input to next step: ---------------------------------------------------------------------------------------------
[2026-04-19 20:53:35,046][rfdiffusion.inference.model_runners][INFO] - Timestep 34, input to next step: ---------------------------------------------------------------------------------------------
[2026-04-19 20:53:37,403][rfdiffusion.inference.model_runners][INFO] - Timestep 33, input to next step: ---------------------------------------------------------------------------------------------
[2026-04-19 20:53:40,653][rfdiffusion.inference.model_runners][INFO] - Timestep 32, input to next step: ---------------------------------------------------------------------------------------------
[2026-04-19 20:53:43,020][rfdiffusion.inference.model_runners][INFO] - Timestep 31, input to next step: ---------------------------------------------------------------------------------------------
[2026-04-19 20:53:45,206][rfdiffusion.inference.model_runners][INFO] - Timestep 30, input to next step: ---------------------------------------------------------------------------------------------
[2026-04-19 20:53:47,444][rfdiffusion.inference.model_runners][INFO] - Timestep 29, input to next step: ---------------------------------------------------------------------------------------------
[2026-04-19 20:53:50,464][rfdiffusion.inference.model_runners][INFO] - Timestep 28, input to next step: ---------------------------------------------------------------------------------------------
[2026-04-19 20:53:54,055][rfdiffusion.inference.model_runners][INFO] - Timestep 27, input to next step: ---------------------------------------------------------------------------------------------
[2026-04-19 20:53:57,317][rfdiffusion.inference.model_runners][INFO] - Timestep 26, input to next step: ---------------------------------------------------------------------------------------------
[2026-04-19 20:53:59,503][rfdiffusion.inference.model_runners][INFO] - Timestep 25, input to next step: ---------------------------------------------------------------------------------------------
[2026-04-19 20:54:01,791][rfdiffusion.inference.model_runners][INFO] - Timestep 24, input to next step: ---------------------------------------------------------------------------------------------
[2026-04-19 20:54:05,213][rfdiffusion.inference.model_runners][INFO] - Timestep 23, input to next step: ---------------------------------------------------------------------------------------------
[2026-04-19 20:54:08,636][rfdiffusion.inference.model_runners][INFO] - Timestep 22, input to next step: ---------------------------------------------------------------------------------------------
[2026-04-19 20:54:10,989][rfdiffusion.inference.model_runners][INFO] - Timestep 21, input to next step: ---------------------------------------------------------------------------------------------
[2026-04-19 20:54:13,313][rfdiffusion.inference.model_runners][INFO] - Timestep 20, input to next step: ---------------------------------------------------------------------------------------------
[2026-04-19 20:54:16,365][rfdiffusion.inference.model_runners][INFO] - Timestep 19, input to next step: ---------------------------------------------------------------------------------------------
[2026-04-19 20:54:19,284][rfdiffusion.inference.model_runners][INFO] - Timestep 18, input to next step: ---------------------------------------------------------------------------------------------
[2026-04-19 20:54:21,813][rfdiffusion.inference.model_runners][INFO] - Timestep 17, input to next step: ---------------------------------------------------------------------------------------------
[2026-04-19 20:54:24,536][rfdiffusion.inference.model_runners][INFO] - Timestep 16, input to next step: ---------------------------------------------------------------------------------------------
[2026-04-19 20:54:26,893][rfdiffusion.inference.model_runners][INFO] - Timestep 15, input to next step: ---------------------------------------------------------------------------------------------
[2026-04-19 20:54:29,159][rfdiffusion.inference.model_runners][INFO] - Timestep 14, input to next step: ---------------------------------------------------------------------------------------------
[2026-04-19 20:54:31,021][rfdiffusion.inference.model_runners][INFO] - Timestep 13, input to next step: ---------------------------------------------------------------------------------------------
[2026-04-19 20:54:32,887][rfdiffusion.inference.model_runners][INFO] - Timestep 12, input to next step: ---------------------------------------------------------------------------------------------
[2026-04-19 20:54:34,973][rfdiffusion.inference.model_runners][INFO] - Timestep 11, input to next step: ---------------------------------------------------------------------------------------------
[2026-04-19 20:54:37,025][rfdiffusion.inference.model_runners][INFO] - Timestep 10, input to next step: ---------------------------------------------------------------------------------------------
[2026-04-19 20:54:39,157][rfdiffusion.inference.model_runners][INFO] - Timestep 9, input to next step: ---------------------------------------------------------------------------------------------
[2026-04-19 20:54:41,608][rfdiffusion.inference.model_runners][INFO] - Timestep 8, input to next step: ---------------------------------------------------------------------------------------------
[2026-04-19 20:54:43,483][rfdiffusion.inference.model_runners][INFO] - Timestep 7, input to next step: ---------------------------------------------------------------------------------------------
[2026-04-19 20:54:45,266][rfdiffusion.inference.model_runners][INFO] - Timestep 6, input to next step: ---------------------------------------------------------------------------------------------
[2026-04-19 20:54:47,674][rfdiffusion.inference.model_runners][INFO] - Timestep 5, input to next step: ---------------------------------------------------------------------------------------------
[2026-04-19 20:54:49,970][rfdiffusion.inference.model_runners][INFO] - Timestep 4, input to next step: ---------------------------------------------------------------------------------------------
[2026-04-19 20:54:51,940][rfdiffusion.inference.model_runners][INFO] - Timestep 3, input to next step: ---------------------------------------------------------------------------------------------
[2026-04-19 20:54:54,100][rfdiffusion.inference.model_runners][INFO] - Timestep 2, input to next step: ---------------------------------------------------------------------------------------------
[2026-04-19 20:54:58,274][__main__][INFO] - Finished design in 2.07 minutes
