[2026-04-19 22:53:59,861][__main__][INFO] - Found GPU with device_name NVIDIA GeForce RTX 3050 Ti Laptop GPU. Will run RFdiffusion on NVIDIA GeForce RTX 3050 Ti Laptop GPU
[2026-04-19 22:53:59,863][rfdiffusion.inference.model_runners][INFO] - Reading checkpoint from /home/manvi/Team_8_CS598GBL/RFdiffusion/rfdiffusion/inference/../../models/Base_ckpt.pt
[2026-04-19 22:54:08,853][rfdiffusion.inference.model_runners][INFO] - Loading checkpoint.
[2026-04-19 22:54:09,127][rfdiffusion.diffusion][INFO] - Using cached IGSO3.
[2026-04-19 22:54:09,143][__main__][INFO] - Making design /home/manvi/Team_8_CS598GBL/Assignment/Generate_designs/default/len_102/design_0
[2026-04-19 22:54:09,148][rfdiffusion.inference.model_runners][INFO] - Using contig: ['102-102']
[2026-04-19 22:54:09,195][rfdiffusion.inference.model_runners][INFO] - Sequence init: ------------------------------------------------------------------------------------------------------
[2026-04-19 22:54:14,844][rfdiffusion.inference.model_runners][INFO] - Timestep 50, input to next step: ------------------------------------------------------------------------------------------------------
[2026-04-19 22:54:17,026][rfdiffusion.inference.model_runners][INFO] - Timestep 49, input to next step: ------------------------------------------------------------------------------------------------------
[2026-04-19 22:54:19,151][rfdiffusion.inference.model_runners][INFO] - Timestep 48, input to next step: ------------------------------------------------------------------------------------------------------
[2026-04-19 22:54:21,113][rfdiffusion.inference.model_runners][INFO] - Timestep 47, input to next step: ------------------------------------------------------------------------------------------------------
[2026-04-19 22:54:23,273][rfdiffusion.inference.model_runners][INFO] - Timestep 46, input to next step: ------------------------------------------------------------------------------------------------------
[2026-04-19 22:54:25,699][rfdiffusion.inference.model_runners][INFO] - Timestep 45, input to next step: ------------------------------------------------------------------------------------------------------
[2026-04-19 22:54:27,686][rfdiffusion.inference.model_runners][INFO] - Timestep 44, input to next step: ------------------------------------------------------------------------------------------------------
[2026-04-19 22:54:29,783][rfdiffusion.inference.model_runners][INFO] - Timestep 43, input to next step: ------------------------------------------------------------------------------------------------------
[2026-04-19 22:54:31,828][rfdiffusion.inference.model_runners][INFO] - Timestep 42, input to next step: ------------------------------------------------------------------------------------------------------
[2026-04-19 22:54:34,070][rfdiffusion.inference.model_runners][INFO] - Timestep 41, input to next step: ------------------------------------------------------------------------------------------------------
[2026-04-19 22:54:35,939][rfdiffusion.inference.model_runners][INFO] - Timestep 40, input to next step: ------------------------------------------------------------------------------------------------------
[2026-04-19 22:54:37,636][rfdiffusion.inference.model_runners][INFO] - Timestep 39, input to next step: ------------------------------------------------------------------------------------------------------
[2026-04-19 22:54:39,395][rfdiffusion.inference.model_runners][INFO] - Timestep 38, input to next step: ------------------------------------------------------------------------------------------------------
[2026-04-19 22:54:41,237][rfdiffusion.inference.model_runners][INFO] - Timestep 37, input to next step: ------------------------------------------------------------------------------------------------------
[2026-04-19 22:54:43,033][rfdiffusion.inference.model_runners][INFO] - Timestep 36, input to next step: ------------------------------------------------------------------------------------------------------
[2026-04-19 22:54:44,922][rfdiffusion.inference.model_runners][INFO] - Timestep 35, input to next step: ------------------------------------------------------------------------------------------------------
[2026-04-19 22:54:46,799][rfdiffusion.inference.model_runners][INFO] - Timestep 34, input to next step: ------------------------------------------------------------------------------------------------------
[2026-04-19 22:54:48,609][rfdiffusion.inference.model_runners][INFO] - Timestep 33, input to next step: ------------------------------------------------------------------------------------------------------
[2026-04-19 22:54:50,246][rfdiffusion.inference.model_runners][INFO] - Timestep 32, input to next step: ------------------------------------------------------------------------------------------------------
[2026-04-19 22:54:52,066][rfdiffusion.inference.model_runners][INFO] - Timestep 31, input to next step: ------------------------------------------------------------------------------------------------------
[2026-04-19 22:54:53,845][rfdiffusion.inference.model_runners][INFO] - Timestep 30, input to next step: ------------------------------------------------------------------------------------------------------
[2026-04-19 22:54:55,799][rfdiffusion.inference.model_runners][INFO] - Timestep 29, input to next step: ------------------------------------------------------------------------------------------------------
[2026-04-19 22:54:58,229][rfdiffusion.inference.model_runners][INFO] - Timestep 28, input to next step: ------------------------------------------------------------------------------------------------------
[2026-04-19 22:55:00,139][rfdiffusion.inference.model_runners][INFO] - Timestep 27, input to next step: ------------------------------------------------------------------------------------------------------
[2026-04-19 22:55:02,104][rfdiffusion.inference.model_runners][INFO] - Timestep 26, input to next step: ------------------------------------------------------------------------------------------------------
[2026-04-19 22:55:03,925][rfdiffusion.inference.model_runners][INFO] - Timestep 25, input to next step: ------------------------------------------------------------------------------------------------------
[2026-04-19 22:55:05,801][rfdiffusion.inference.model_runners][INFO] - Timestep 24, input to next step: ------------------------------------------------------------------------------------------------------
[2026-04-19 22:55:07,630][rfdiffusion.inference.model_runners][INFO] - Timestep 23, input to next step: ------------------------------------------------------------------------------------------------------
[2026-04-19 22:55:09,352][rfdiffusion.inference.model_runners][INFO] - Timestep 22, input to next step: ------------------------------------------------------------------------------------------------------
[2026-04-19 22:55:11,629][rfdiffusion.inference.model_runners][INFO] - Timestep 21, input to next step: ------------------------------------------------------------------------------------------------------
[2026-04-19 22:55:13,778][rfdiffusion.inference.model_runners][INFO] - Timestep 20, input to next step: ------------------------------------------------------------------------------------------------------
[2026-04-19 22:55:15,543][rfdiffusion.inference.model_runners][INFO] - Timestep 19, input to next step: ------------------------------------------------------------------------------------------------------
[2026-04-19 22:55:17,411][rfdiffusion.inference.model_runners][INFO] - Timestep 18, input to next step: ------------------------------------------------------------------------------------------------------
[2026-04-19 22:55:19,650][rfdiffusion.inference.model_runners][INFO] - Timestep 17, input to next step: ------------------------------------------------------------------------------------------------------
[2026-04-19 22:55:22,162][rfdiffusion.inference.model_runners][INFO] - Timestep 16, input to next step: ------------------------------------------------------------------------------------------------------
[2026-04-19 22:55:24,898][rfdiffusion.inference.model_runners][INFO] - Timestep 15, input to next step: ------------------------------------------------------------------------------------------------------
[2026-04-19 22:55:27,154][rfdiffusion.inference.model_runners][INFO] - Timestep 14, input to next step: ------------------------------------------------------------------------------------------------------
[2026-04-19 22:55:29,538][rfdiffusion.inference.model_runners][INFO] - Timestep 13, input to next step: ------------------------------------------------------------------------------------------------------
[2026-04-19 22:55:32,815][rfdiffusion.inference.model_runners][INFO] - Timestep 12, input to next step: ------------------------------------------------------------------------------------------------------
[2026-04-19 22:55:34,911][rfdiffusion.inference.model_runners][INFO] - Timestep 11, input to next step: ------------------------------------------------------------------------------------------------------
[2026-04-19 22:55:36,521][rfdiffusion.inference.model_runners][INFO] - Timestep 10, input to next step: ------------------------------------------------------------------------------------------------------
[2026-04-19 22:55:38,337][rfdiffusion.inference.model_runners][INFO] - Timestep 9, input to next step: ------------------------------------------------------------------------------------------------------
[2026-04-19 22:55:41,164][rfdiffusion.inference.model_runners][INFO] - Timestep 8, input to next step: ------------------------------------------------------------------------------------------------------
[2026-04-19 22:55:44,091][rfdiffusion.inference.model_runners][INFO] - Timestep 7, input to next step: ------------------------------------------------------------------------------------------------------
[2026-04-19 22:55:45,809][rfdiffusion.inference.model_runners][INFO] - Timestep 6, input to next step: ------------------------------------------------------------------------------------------------------
[2026-04-19 22:55:47,528][rfdiffusion.inference.model_runners][INFO] - Timestep 5, input to next step: ------------------------------------------------------------------------------------------------------
[2026-04-19 22:55:50,167][rfdiffusion.inference.model_runners][INFO] - Timestep 4, input to next step: ------------------------------------------------------------------------------------------------------
[2026-04-19 22:55:52,986][rfdiffusion.inference.model_runners][INFO] - Timestep 3, input to next step: ------------------------------------------------------------------------------------------------------
[2026-04-19 22:55:54,668][rfdiffusion.inference.model_runners][INFO] - Timestep 2, input to next step: ------------------------------------------------------------------------------------------------------
[2026-04-19 22:55:58,248][__main__][INFO] - Finished design in 1.82 minutes
[2026-04-19 22:55:58,249][__main__][INFO] - Making design /home/manvi/Team_8_CS598GBL/Assignment/Generate_designs/default/len_102/design_1
[2026-04-19 22:55:58,254][rfdiffusion.inference.model_runners][INFO] - Using contig: ['102-102']
[2026-04-19 22:55:58,274][rfdiffusion.inference.model_runners][INFO] - Sequence init: ------------------------------------------------------------------------------------------------------
[2026-04-19 22:55:59,806][rfdiffusion.inference.model_runners][INFO] - Timestep 50, input to next step: ------------------------------------------------------------------------------------------------------
[2026-04-19 22:56:01,556][rfdiffusion.inference.model_runners][INFO] - Timestep 49, input to next step: ------------------------------------------------------------------------------------------------------
[2026-04-19 22:56:03,446][rfdiffusion.inference.model_runners][INFO] - Timestep 48, input to next step: ------------------------------------------------------------------------------------------------------
[2026-04-19 22:56:05,234][rfdiffusion.inference.model_runners][INFO] - Timestep 47, input to next step: ------------------------------------------------------------------------------------------------------
[2026-04-19 22:56:07,443][rfdiffusion.inference.model_runners][INFO] - Timestep 46, input to next step: ------------------------------------------------------------------------------------------------------
[2026-04-19 22:56:09,220][rfdiffusion.inference.model_runners][INFO] - Timestep 45, input to next step: ------------------------------------------------------------------------------------------------------
[2026-04-19 22:56:10,956][rfdiffusion.inference.model_runners][INFO] - Timestep 44, input to next step: ------------------------------------------------------------------------------------------------------
[2026-04-19 22:56:12,790][rfdiffusion.inference.model_runners][INFO] - Timestep 43, input to next step: ------------------------------------------------------------------------------------------------------
[2026-04-19 22:56:15,357][rfdiffusion.inference.model_runners][INFO] - Timestep 42, input to next step: ------------------------------------------------------------------------------------------------------
[2026-04-19 22:56:17,197][rfdiffusion.inference.model_runners][INFO] - Timestep 41, input to next step: ------------------------------------------------------------------------------------------------------
[2026-04-19 22:56:19,245][rfdiffusion.inference.model_runners][INFO] - Timestep 40, input to next step: ------------------------------------------------------------------------------------------------------
[2026-04-19 22:56:21,951][rfdiffusion.inference.model_runners][INFO] - Timestep 39, input to next step: ------------------------------------------------------------------------------------------------------
[2026-04-19 22:56:23,977][rfdiffusion.inference.model_runners][INFO] - Timestep 38, input to next step: ------------------------------------------------------------------------------------------------------
[2026-04-19 22:56:25,800][rfdiffusion.inference.model_runners][INFO] - Timestep 37, input to next step: ------------------------------------------------------------------------------------------------------
[2026-04-19 22:56:27,716][rfdiffusion.inference.model_runners][INFO] - Timestep 36, input to next step: ------------------------------------------------------------------------------------------------------
[2026-04-19 22:56:29,518][rfdiffusion.inference.model_runners][INFO] - Timestep 35, input to next step: ------------------------------------------------------------------------------------------------------
[2026-04-19 22:56:31,337][rfdiffusion.inference.model_runners][INFO] - Timestep 34, input to next step: ------------------------------------------------------------------------------------------------------
[2026-04-19 22:56:33,208][rfdiffusion.inference.model_runners][INFO] - Timestep 33, input to next step: ------------------------------------------------------------------------------------------------------
[2026-04-19 22:56:35,310][rfdiffusion.inference.model_runners][INFO] - Timestep 32, input to next step: ------------------------------------------------------------------------------------------------------
[2026-04-19 22:56:37,304][rfdiffusion.inference.model_runners][INFO] - Timestep 31, input to next step: ------------------------------------------------------------------------------------------------------
[2026-04-19 22:56:39,274][rfdiffusion.inference.model_runners][INFO] - Timestep 30, input to next step: ------------------------------------------------------------------------------------------------------
[2026-04-19 22:56:41,425][rfdiffusion.inference.model_runners][INFO] - Timestep 29, input to next step: ------------------------------------------------------------------------------------------------------
[2026-04-19 22:56:43,614][rfdiffusion.inference.model_runners][INFO] - Timestep 28, input to next step: ------------------------------------------------------------------------------------------------------
[2026-04-19 22:56:45,606][rfdiffusion.inference.model_runners][INFO] - Timestep 27, input to next step: ------------------------------------------------------------------------------------------------------
[2026-04-19 22:56:48,299][rfdiffusion.inference.model_runners][INFO] - Timestep 26, input to next step: ------------------------------------------------------------------------------------------------------
[2026-04-19 22:56:50,256][rfdiffusion.inference.model_runners][INFO] - Timestep 25, input to next step: ------------------------------------------------------------------------------------------------------
[2026-04-19 22:56:52,724][rfdiffusion.inference.model_runners][INFO] - Timestep 24, input to next step: ------------------------------------------------------------------------------------------------------
[2026-04-19 22:56:57,245][rfdiffusion.inference.model_runners][INFO] - Timestep 23, input to next step: ------------------------------------------------------------------------------------------------------
[2026-04-19 22:57:00,875][rfdiffusion.inference.model_runners][INFO] - Timestep 22, input to next step: ------------------------------------------------------------------------------------------------------
[2026-04-19 22:57:02,876][rfdiffusion.inference.model_runners][INFO] - Timestep 21, input to next step: ------------------------------------------------------------------------------------------------------
[2026-04-19 22:57:05,106][rfdiffusion.inference.model_runners][INFO] - Timestep 20, input to next step: ------------------------------------------------------------------------------------------------------
[2026-04-19 22:57:07,006][rfdiffusion.inference.model_runners][INFO] - Timestep 19, input to next step: ------------------------------------------------------------------------------------------------------
[2026-04-19 22:57:09,228][rfdiffusion.inference.model_runners][INFO] - Timestep 18, input to next step: ------------------------------------------------------------------------------------------------------
[2026-04-19 22:57:11,173][rfdiffusion.inference.model_runners][INFO] - Timestep 17, input to next step: ------------------------------------------------------------------------------------------------------
[2026-04-19 22:57:13,411][rfdiffusion.inference.model_runners][INFO] - Timestep 16, input to next step: ------------------------------------------------------------------------------------------------------
[2026-04-19 22:57:16,338][rfdiffusion.inference.model_runners][INFO] - Timestep 15, input to next step: ------------------------------------------------------------------------------------------------------
[2026-04-19 22:57:18,468][rfdiffusion.inference.model_runners][INFO] - Timestep 14, input to next step: ------------------------------------------------------------------------------------------------------
[2026-04-19 22:57:20,621][rfdiffusion.inference.model_runners][INFO] - Timestep 13, input to next step: ------------------------------------------------------------------------------------------------------
[2026-04-19 22:57:23,251][rfdiffusion.inference.model_runners][INFO] - Timestep 12, input to next step: ------------------------------------------------------------------------------------------------------
[2026-04-19 22:57:25,309][rfdiffusion.inference.model_runners][INFO] - Timestep 11, input to next step: ------------------------------------------------------------------------------------------------------
[2026-04-19 22:57:29,386][rfdiffusion.inference.model_runners][INFO] - Timestep 10, input to next step: ------------------------------------------------------------------------------------------------------
[2026-04-19 22:57:35,731][rfdiffusion.inference.model_runners][INFO] - Timestep 9, input to next step: ------------------------------------------------------------------------------------------------------
[2026-04-19 22:57:40,417][rfdiffusion.inference.model_runners][INFO] - Timestep 8, input to next step: ------------------------------------------------------------------------------------------------------
[2026-04-19 22:57:46,338][rfdiffusion.inference.model_runners][INFO] - Timestep 7, input to next step: ------------------------------------------------------------------------------------------------------
[2026-04-19 22:57:52,760][rfdiffusion.inference.model_runners][INFO] - Timestep 6, input to next step: ------------------------------------------------------------------------------------------------------
[2026-04-19 22:57:56,122][rfdiffusion.inference.model_runners][INFO] - Timestep 5, input to next step: ------------------------------------------------------------------------------------------------------
[2026-04-19 22:58:02,473][rfdiffusion.inference.model_runners][INFO] - Timestep 4, input to next step: ------------------------------------------------------------------------------------------------------
[2026-04-19 22:58:07,366][rfdiffusion.inference.model_runners][INFO] - Timestep 3, input to next step: ------------------------------------------------------------------------------------------------------
[2026-04-19 22:58:11,314][rfdiffusion.inference.model_runners][INFO] - Timestep 2, input to next step: ------------------------------------------------------------------------------------------------------
[2026-04-19 22:58:18,090][__main__][INFO] - Finished design in 2.33 minutes
[2026-04-19 22:58:18,091][__main__][INFO] - Making design /home/manvi/Team_8_CS598GBL/Assignment/Generate_designs/default/len_102/design_2
[2026-04-19 22:58:18,099][rfdiffusion.inference.model_runners][INFO] - Using contig: ['102-102']
[2026-04-19 22:58:18,150][rfdiffusion.inference.model_runners][INFO] - Sequence init: ------------------------------------------------------------------------------------------------------
[2026-04-19 22:58:21,171][rfdiffusion.inference.model_runners][INFO] - Timestep 50, input to next step: ------------------------------------------------------------------------------------------------------
[2026-04-19 22:58:24,000][rfdiffusion.inference.model_runners][INFO] - Timestep 49, input to next step: ------------------------------------------------------------------------------------------------------
[2026-04-19 22:58:26,511][rfdiffusion.inference.model_runners][INFO] - Timestep 48, input to next step: ------------------------------------------------------------------------------------------------------
[2026-04-19 22:58:28,888][rfdiffusion.inference.model_runners][INFO] - Timestep 47, input to next step: ------------------------------------------------------------------------------------------------------
[2026-04-19 22:58:31,166][rfdiffusion.inference.model_runners][INFO] - Timestep 46, input to next step: ------------------------------------------------------------------------------------------------------
[2026-04-19 22:58:33,991][rfdiffusion.inference.model_runners][INFO] - Timestep 45, input to next step: ------------------------------------------------------------------------------------------------------
[2026-04-19 22:58:36,106][rfdiffusion.inference.model_runners][INFO] - Timestep 44, input to next step: ------------------------------------------------------------------------------------------------------
[2026-04-19 22:58:38,165][rfdiffusion.inference.model_runners][INFO] - Timestep 43, input to next step: ------------------------------------------------------------------------------------------------------
[2026-04-19 22:58:40,895][rfdiffusion.inference.model_runners][INFO] - Timestep 42, input to next step: ------------------------------------------------------------------------------------------------------
[2026-04-19 22:58:43,134][rfdiffusion.inference.model_runners][INFO] - Timestep 41, input to next step: ------------------------------------------------------------------------------------------------------
[2026-04-19 22:58:45,218][rfdiffusion.inference.model_runners][INFO] - Timestep 40, input to next step: ------------------------------------------------------------------------------------------------------
[2026-04-19 22:58:47,556][rfdiffusion.inference.model_runners][INFO] - Timestep 39, input to next step: ------------------------------------------------------------------------------------------------------
[2026-04-19 22:58:50,038][rfdiffusion.inference.model_runners][INFO] - Timestep 38, input to next step: ------------------------------------------------------------------------------------------------------
[2026-04-19 22:58:54,691][rfdiffusion.inference.model_runners][INFO] - Timestep 37, input to next step: ------------------------------------------------------------------------------------------------------
[2026-04-19 22:58:59,434][rfdiffusion.inference.model_runners][INFO] - Timestep 36, input to next step: ------------------------------------------------------------------------------------------------------
[2026-04-19 22:59:03,475][rfdiffusion.inference.model_runners][INFO] - Timestep 35, input to next step: ------------------------------------------------------------------------------------------------------
[2026-04-19 22:59:07,517][rfdiffusion.inference.model_runners][INFO] - Timestep 34, input to next step: ------------------------------------------------------------------------------------------------------
[2026-04-19 22:59:10,879][rfdiffusion.inference.model_runners][INFO] - Timestep 33, input to next step: ------------------------------------------------------------------------------------------------------
[2026-04-19 22:59:14,296][rfdiffusion.inference.model_runners][INFO] - Timestep 32, input to next step: ------------------------------------------------------------------------------------------------------
[2026-04-19 22:59:17,692][rfdiffusion.inference.model_runners][INFO] - Timestep 31, input to next step: ------------------------------------------------------------------------------------------------------
[2026-04-19 22:59:20,917][rfdiffusion.inference.model_runners][INFO] - Timestep 30, input to next step: ------------------------------------------------------------------------------------------------------
[2026-04-19 22:59:23,575][rfdiffusion.inference.model_runners][INFO] - Timestep 29, input to next step: ------------------------------------------------------------------------------------------------------
[2026-04-19 22:59:27,241][rfdiffusion.inference.model_runners][INFO] - Timestep 28, input to next step: ------------------------------------------------------------------------------------------------------
[2026-04-19 22:59:30,337][rfdiffusion.inference.model_runners][INFO] - Timestep 27, input to next step: ------------------------------------------------------------------------------------------------------
[2026-04-19 22:59:32,575][rfdiffusion.inference.model_runners][INFO] - Timestep 26, input to next step: ------------------------------------------------------------------------------------------------------
[2026-04-19 22:59:34,931][rfdiffusion.inference.model_runners][INFO] - Timestep 25, input to next step: ------------------------------------------------------------------------------------------------------
[2026-04-19 22:59:37,803][rfdiffusion.inference.model_runners][INFO] - Timestep 24, input to next step: ------------------------------------------------------------------------------------------------------
[2026-04-19 22:59:42,015][rfdiffusion.inference.model_runners][INFO] - Timestep 23, input to next step: ------------------------------------------------------------------------------------------------------
[2026-04-19 22:59:45,523][rfdiffusion.inference.model_runners][INFO] - Timestep 22, input to next step: ------------------------------------------------------------------------------------------------------
[2026-04-19 22:59:48,520][rfdiffusion.inference.model_runners][INFO] - Timestep 21, input to next step: ------------------------------------------------------------------------------------------------------
[2026-04-19 22:59:52,415][rfdiffusion.inference.model_runners][INFO] - Timestep 20, input to next step: ------------------------------------------------------------------------------------------------------
[2026-04-19 22:59:56,210][rfdiffusion.inference.model_runners][INFO] - Timestep 19, input to next step: ------------------------------------------------------------------------------------------------------
[2026-04-19 22:59:58,641][rfdiffusion.inference.model_runners][INFO] - Timestep 18, input to next step: ------------------------------------------------------------------------------------------------------
[2026-04-19 23:00:00,780][rfdiffusion.inference.model_runners][INFO] - Timestep 17, input to next step: ------------------------------------------------------------------------------------------------------
[2026-04-19 23:00:03,123][rfdiffusion.inference.model_runners][INFO] - Timestep 16, input to next step: ------------------------------------------------------------------------------------------------------
[2026-04-19 23:00:05,369][rfdiffusion.inference.model_runners][INFO] - Timestep 15, input to next step: ------------------------------------------------------------------------------------------------------
[2026-04-19 23:00:07,553][rfdiffusion.inference.model_runners][INFO] - Timestep 14, input to next step: ------------------------------------------------------------------------------------------------------
[2026-04-19 23:00:09,692][rfdiffusion.inference.model_runners][INFO] - Timestep 13, input to next step: ------------------------------------------------------------------------------------------------------
[2026-04-19 23:00:11,758][rfdiffusion.inference.model_runners][INFO] - Timestep 12, input to next step: ------------------------------------------------------------------------------------------------------
[2026-04-19 23:00:14,772][rfdiffusion.inference.model_runners][INFO] - Timestep 11, input to next step: ------------------------------------------------------------------------------------------------------
[2026-04-19 23:00:16,591][rfdiffusion.inference.model_runners][INFO] - Timestep 10, input to next step: ------------------------------------------------------------------------------------------------------
[2026-04-19 23:00:18,711][rfdiffusion.inference.model_runners][INFO] - Timestep 9, input to next step: ------------------------------------------------------------------------------------------------------
[2026-04-19 23:00:20,872][rfdiffusion.inference.model_runners][INFO] - Timestep 8, input to next step: ------------------------------------------------------------------------------------------------------
[2026-04-19 23:00:22,879][rfdiffusion.inference.model_runners][INFO] - Timestep 7, input to next step: ------------------------------------------------------------------------------------------------------
[2026-04-19 23:00:25,079][rfdiffusion.inference.model_runners][INFO] - Timestep 6, input to next step: ------------------------------------------------------------------------------------------------------
[2026-04-19 23:00:27,945][rfdiffusion.inference.model_runners][INFO] - Timestep 5, input to next step: ------------------------------------------------------------------------------------------------------
[2026-04-19 23:00:30,041][rfdiffusion.inference.model_runners][INFO] - Timestep 4, input to next step: ------------------------------------------------------------------------------------------------------
[2026-04-19 23:00:32,113][rfdiffusion.inference.model_runners][INFO] - Timestep 3, input to next step: ------------------------------------------------------------------------------------------------------
[2026-04-19 23:00:34,333][rfdiffusion.inference.model_runners][INFO] - Timestep 2, input to next step: ------------------------------------------------------------------------------------------------------
[2026-04-19 23:00:38,580][__main__][INFO] - Finished design in 2.34 minutes
[2026-04-19 23:00:38,580][__main__][INFO] - Making design /home/manvi/Team_8_CS598GBL/Assignment/Generate_designs/default/len_102/design_3
[2026-04-19 23:00:38,585][rfdiffusion.inference.model_runners][INFO] - Using contig: ['102-102']
[2026-04-19 23:00:38,608][rfdiffusion.inference.model_runners][INFO] - Sequence init: ------------------------------------------------------------------------------------------------------
[2026-04-19 23:00:40,255][rfdiffusion.inference.model_runners][INFO] - Timestep 50, input to next step: ------------------------------------------------------------------------------------------------------
[2026-04-19 23:00:42,350][rfdiffusion.inference.model_runners][INFO] - Timestep 49, input to next step: ------------------------------------------------------------------------------------------------------
[2026-04-19 23:00:44,632][rfdiffusion.inference.model_runners][INFO] - Timestep 48, input to next step: ------------------------------------------------------------------------------------------------------
[2026-04-19 23:00:46,912][rfdiffusion.inference.model_runners][INFO] - Timestep 47, input to next step: ------------------------------------------------------------------------------------------------------
[2026-04-19 23:00:50,255][rfdiffusion.inference.model_runners][INFO] - Timestep 46, input to next step: ------------------------------------------------------------------------------------------------------
[2026-04-19 23:00:52,327][rfdiffusion.inference.model_runners][INFO] - Timestep 45, input to next step: ------------------------------------------------------------------------------------------------------
[2026-04-19 23:00:56,472][rfdiffusion.inference.model_runners][INFO] - Timestep 44, input to next step: ------------------------------------------------------------------------------------------------------
[2026-04-19 23:01:00,079][rfdiffusion.inference.model_runners][INFO] - Timestep 43, input to next step: ------------------------------------------------------------------------------------------------------
[2026-04-19 23:01:04,092][rfdiffusion.inference.model_runners][INFO] - Timestep 42, input to next step: ------------------------------------------------------------------------------------------------------
[2026-04-19 23:01:07,262][rfdiffusion.inference.model_runners][INFO] - Timestep 41, input to next step: ------------------------------------------------------------------------------------------------------
[2026-04-19 23:01:10,616][rfdiffusion.inference.model_runners][INFO] - Timestep 40, input to next step: ------------------------------------------------------------------------------------------------------
[2026-04-19 23:01:13,662][rfdiffusion.inference.model_runners][INFO] - Timestep 39, input to next step: ------------------------------------------------------------------------------------------------------
[2026-04-19 23:01:17,143][rfdiffusion.inference.model_runners][INFO] - Timestep 38, input to next step: ------------------------------------------------------------------------------------------------------
[2026-04-19 23:01:19,438][rfdiffusion.inference.model_runners][INFO] - Timestep 37, input to next step: ------------------------------------------------------------------------------------------------------
[2026-04-19 23:01:22,913][rfdiffusion.inference.model_runners][INFO] - Timestep 36, input to next step: ------------------------------------------------------------------------------------------------------
[2026-04-19 23:01:26,372][rfdiffusion.inference.model_runners][INFO] - Timestep 35, input to next step: ------------------------------------------------------------------------------------------------------
[2026-04-19 23:01:30,161][rfdiffusion.inference.model_runners][INFO] - Timestep 34, input to next step: ------------------------------------------------------------------------------------------------------
[2026-04-19 23:01:34,490][rfdiffusion.inference.model_runners][INFO] - Timestep 33, input to next step: ------------------------------------------------------------------------------------------------------
[2026-04-19 23:01:38,309][rfdiffusion.inference.model_runners][INFO] - Timestep 32, input to next step: ------------------------------------------------------------------------------------------------------
[2026-04-19 23:01:41,705][rfdiffusion.inference.model_runners][INFO] - Timestep 31, input to next step: ------------------------------------------------------------------------------------------------------
[2026-04-19 23:01:45,410][rfdiffusion.inference.model_runners][INFO] - Timestep 30, input to next step: ------------------------------------------------------------------------------------------------------
[2026-04-19 23:01:49,161][rfdiffusion.inference.model_runners][INFO] - Timestep 29, input to next step: ------------------------------------------------------------------------------------------------------
[2026-04-19 23:01:55,173][rfdiffusion.inference.model_runners][INFO] - Timestep 28, input to next step: ------------------------------------------------------------------------------------------------------
[2026-04-19 23:02:01,103][rfdiffusion.inference.model_runners][INFO] - Timestep 27, input to next step: ------------------------------------------------------------------------------------------------------
[2026-04-19 23:02:06,356][rfdiffusion.inference.model_runners][INFO] - Timestep 26, input to next step: ------------------------------------------------------------------------------------------------------
[2026-04-19 23:02:10,172][rfdiffusion.inference.model_runners][INFO] - Timestep 25, input to next step: ------------------------------------------------------------------------------------------------------
[2026-04-19 23:02:12,272][rfdiffusion.inference.model_runners][INFO] - Timestep 24, input to next step: ------------------------------------------------------------------------------------------------------
[2026-04-19 23:02:14,800][rfdiffusion.inference.model_runners][INFO] - Timestep 23, input to next step: ------------------------------------------------------------------------------------------------------
[2026-04-19 23:02:20,079][rfdiffusion.inference.model_runners][INFO] - Timestep 22, input to next step: ------------------------------------------------------------------------------------------------------
[2026-04-19 23:02:23,167][rfdiffusion.inference.model_runners][INFO] - Timestep 21, input to next step: ------------------------------------------------------------------------------------------------------
[2026-04-19 23:02:26,291][rfdiffusion.inference.model_runners][INFO] - Timestep 20, input to next step: ------------------------------------------------------------------------------------------------------
[2026-04-19 23:02:29,577][rfdiffusion.inference.model_runners][INFO] - Timestep 19, input to next step: ------------------------------------------------------------------------------------------------------
[2026-04-19 23:02:33,383][rfdiffusion.inference.model_runners][INFO] - Timestep 18, input to next step: ------------------------------------------------------------------------------------------------------
[2026-04-19 23:02:39,818][rfdiffusion.inference.model_runners][INFO] - Timestep 17, input to next step: ------------------------------------------------------------------------------------------------------
[2026-04-19 23:02:43,070][rfdiffusion.inference.model_runners][INFO] - Timestep 16, input to next step: ------------------------------------------------------------------------------------------------------
[2026-04-19 23:02:46,953][rfdiffusion.inference.model_runners][INFO] - Timestep 15, input to next step: ------------------------------------------------------------------------------------------------------
[2026-04-19 23:02:53,002][rfdiffusion.inference.model_runners][INFO] - Timestep 14, input to next step: ------------------------------------------------------------------------------------------------------
[2026-04-19 23:03:02,228][rfdiffusion.inference.model_runners][INFO] - Timestep 13, input to next step: ------------------------------------------------------------------------------------------------------
[2026-04-19 23:03:06,983][rfdiffusion.inference.model_runners][INFO] - Timestep 12, input to next step: ------------------------------------------------------------------------------------------------------
[2026-04-19 23:03:12,642][rfdiffusion.inference.model_runners][INFO] - Timestep 11, input to next step: ------------------------------------------------------------------------------------------------------
[2026-04-19 23:03:17,371][rfdiffusion.inference.model_runners][INFO] - Timestep 10, input to next step: ------------------------------------------------------------------------------------------------------
[2026-04-19 23:03:22,516][rfdiffusion.inference.model_runners][INFO] - Timestep 9, input to next step: ------------------------------------------------------------------------------------------------------
[2026-04-19 23:03:27,341][rfdiffusion.inference.model_runners][INFO] - Timestep 8, input to next step: ------------------------------------------------------------------------------------------------------
[2026-04-19 23:03:31,277][rfdiffusion.inference.model_runners][INFO] - Timestep 7, input to next step: ------------------------------------------------------------------------------------------------------
[2026-04-19 23:03:35,712][rfdiffusion.inference.model_runners][INFO] - Timestep 6, input to next step: ------------------------------------------------------------------------------------------------------
[2026-04-19 23:03:40,248][rfdiffusion.inference.model_runners][INFO] - Timestep 5, input to next step: ------------------------------------------------------------------------------------------------------
[2026-04-19 23:03:44,031][rfdiffusion.inference.model_runners][INFO] - Timestep 4, input to next step: ------------------------------------------------------------------------------------------------------
[2026-04-19 23:03:49,389][rfdiffusion.inference.model_runners][INFO] - Timestep 3, input to next step: ------------------------------------------------------------------------------------------------------
[2026-04-19 23:03:53,977][rfdiffusion.inference.model_runners][INFO] - Timestep 2, input to next step: ------------------------------------------------------------------------------------------------------
[2026-04-19 23:04:04,010][__main__][INFO] - Finished design in 3.42 minutes
[2026-04-19 23:04:04,010][__main__][INFO] - Making design /home/manvi/Team_8_CS598GBL/Assignment/Generate_designs/default/len_102/design_4
[2026-04-19 23:04:04,017][rfdiffusion.inference.model_runners][INFO] - Using contig: ['102-102']
[2026-04-19 23:04:04,053][rfdiffusion.inference.model_runners][INFO] - Sequence init: ------------------------------------------------------------------------------------------------------
[2026-04-19 23:04:06,373][rfdiffusion.inference.model_runners][INFO] - Timestep 50, input to next step: ------------------------------------------------------------------------------------------------------
[2026-04-19 23:04:08,940][rfdiffusion.inference.model_runners][INFO] - Timestep 49, input to next step: ------------------------------------------------------------------------------------------------------
[2026-04-19 23:04:11,266][rfdiffusion.inference.model_runners][INFO] - Timestep 48, input to next step: ------------------------------------------------------------------------------------------------------
[2026-04-19 23:04:13,670][rfdiffusion.inference.model_runners][INFO] - Timestep 47, input to next step: ------------------------------------------------------------------------------------------------------
[2026-04-19 23:04:15,889][rfdiffusion.inference.model_runners][INFO] - Timestep 46, input to next step: ------------------------------------------------------------------------------------------------------
[2026-04-19 23:04:18,086][rfdiffusion.inference.model_runners][INFO] - Timestep 45, input to next step: ------------------------------------------------------------------------------------------------------
[2026-04-19 23:04:22,533][rfdiffusion.inference.model_runners][INFO] - Timestep 44, input to next step: ------------------------------------------------------------------------------------------------------
[2026-04-19 23:04:26,602][rfdiffusion.inference.model_runners][INFO] - Timestep 43, input to next step: ------------------------------------------------------------------------------------------------------
[2026-04-19 23:04:30,066][rfdiffusion.inference.model_runners][INFO] - Timestep 42, input to next step: ------------------------------------------------------------------------------------------------------
[2026-04-19 23:04:32,416][rfdiffusion.inference.model_runners][INFO] - Timestep 41, input to next step: ------------------------------------------------------------------------------------------------------
[2026-04-19 23:04:34,262][rfdiffusion.inference.model_runners][INFO] - Timestep 40, input to next step: ------------------------------------------------------------------------------------------------------
[2026-04-19 23:04:36,363][rfdiffusion.inference.model_runners][INFO] - Timestep 39, input to next step: ------------------------------------------------------------------------------------------------------
[2026-04-19 23:04:39,258][rfdiffusion.inference.model_runners][INFO] - Timestep 38, input to next step: ------------------------------------------------------------------------------------------------------
[2026-04-19 23:04:42,113][rfdiffusion.inference.model_runners][INFO] - Timestep 37, input to next step: ------------------------------------------------------------------------------------------------------
[2026-04-19 23:04:44,104][rfdiffusion.inference.model_runners][INFO] - Timestep 36, input to next step: ------------------------------------------------------------------------------------------------------
[2026-04-19 23:04:45,911][rfdiffusion.inference.model_runners][INFO] - Timestep 35, input to next step: ------------------------------------------------------------------------------------------------------
[2026-04-19 23:04:48,633][rfdiffusion.inference.model_runners][INFO] - Timestep 34, input to next step: ------------------------------------------------------------------------------------------------------
[2026-04-19 23:04:50,857][rfdiffusion.inference.model_runners][INFO] - Timestep 33, input to next step: ------------------------------------------------------------------------------------------------------
[2026-04-19 23:04:53,211][rfdiffusion.inference.model_runners][INFO] - Timestep 32, input to next step: ------------------------------------------------------------------------------------------------------
[2026-04-19 23:04:56,648][rfdiffusion.inference.model_runners][INFO] - Timestep 31, input to next step: ------------------------------------------------------------------------------------------------------
[2026-04-19 23:04:59,431][rfdiffusion.inference.model_runners][INFO] - Timestep 30, input to next step: ------------------------------------------------------------------------------------------------------
[2026-04-19 23:05:01,396][rfdiffusion.inference.model_runners][INFO] - Timestep 29, input to next step: ------------------------------------------------------------------------------------------------------
[2026-04-19 23:05:03,040][rfdiffusion.inference.model_runners][INFO] - Timestep 28, input to next step: ------------------------------------------------------------------------------------------------------
[2026-04-19 23:05:04,817][rfdiffusion.inference.model_runners][INFO] - Timestep 27, input to next step: ------------------------------------------------------------------------------------------------------
[2026-04-19 23:05:06,571][rfdiffusion.inference.model_runners][INFO] - Timestep 26, input to next step: ------------------------------------------------------------------------------------------------------
[2026-04-19 23:05:08,439][rfdiffusion.inference.model_runners][INFO] - Timestep 25, input to next step: ------------------------------------------------------------------------------------------------------
[2026-04-19 23:05:10,207][rfdiffusion.inference.model_runners][INFO] - Timestep 24, input to next step: ------------------------------------------------------------------------------------------------------
[2026-04-19 23:05:11,952][rfdiffusion.inference.model_runners][INFO] - Timestep 23, input to next step: ------------------------------------------------------------------------------------------------------
[2026-04-19 23:05:13,544][rfdiffusion.inference.model_runners][INFO] - Timestep 22, input to next step: ------------------------------------------------------------------------------------------------------
[2026-04-19 23:05:15,245][rfdiffusion.inference.model_runners][INFO] - Timestep 21, input to next step: ------------------------------------------------------------------------------------------------------
[2026-04-19 23:05:17,036][rfdiffusion.inference.model_runners][INFO] - Timestep 20, input to next step: ------------------------------------------------------------------------------------------------------
[2026-04-19 23:05:19,626][rfdiffusion.inference.model_runners][INFO] - Timestep 19, input to next step: ------------------------------------------------------------------------------------------------------
[2026-04-19 23:05:23,697][rfdiffusion.inference.model_runners][INFO] - Timestep 18, input to next step: ------------------------------------------------------------------------------------------------------
[2026-04-19 23:05:27,259][rfdiffusion.inference.model_runners][INFO] - Timestep 17, input to next step: ------------------------------------------------------------------------------------------------------
[2026-04-19 23:05:32,337][rfdiffusion.inference.model_runners][INFO] - Timestep 16, input to next step: ------------------------------------------------------------------------------------------------------
[2026-04-19 23:05:35,919][rfdiffusion.inference.model_runners][INFO] - Timestep 15, input to next step: ------------------------------------------------------------------------------------------------------
[2026-04-19 23:05:38,471][rfdiffusion.inference.model_runners][INFO] - Timestep 14, input to next step: ------------------------------------------------------------------------------------------------------
[2026-04-19 23:05:42,611][rfdiffusion.inference.model_runners][INFO] - Timestep 13, input to next step: ------------------------------------------------------------------------------------------------------
[2026-04-19 23:05:46,605][rfdiffusion.inference.model_runners][INFO] - Timestep 12, input to next step: ------------------------------------------------------------------------------------------------------
[2026-04-19 23:05:49,281][rfdiffusion.inference.model_runners][INFO] - Timestep 11, input to next step: ------------------------------------------------------------------------------------------------------
[2026-04-19 23:05:52,554][rfdiffusion.inference.model_runners][INFO] - Timestep 10, input to next step: ------------------------------------------------------------------------------------------------------
[2026-04-19 23:05:54,382][rfdiffusion.inference.model_runners][INFO] - Timestep 9, input to next step: ------------------------------------------------------------------------------------------------------
[2026-04-19 23:05:56,243][rfdiffusion.inference.model_runners][INFO] - Timestep 8, input to next step: ------------------------------------------------------------------------------------------------------
[2026-04-19 23:05:58,149][rfdiffusion.inference.model_runners][INFO] - Timestep 7, input to next step: ------------------------------------------------------------------------------------------------------
[2026-04-19 23:06:00,714][rfdiffusion.inference.model_runners][INFO] - Timestep 6, input to next step: ------------------------------------------------------------------------------------------------------
[2026-04-19 23:06:03,107][rfdiffusion.inference.model_runners][INFO] - Timestep 5, input to next step: ------------------------------------------------------------------------------------------------------
[2026-04-19 23:06:06,095][rfdiffusion.inference.model_runners][INFO] - Timestep 4, input to next step: ------------------------------------------------------------------------------------------------------
[2026-04-19 23:06:08,027][rfdiffusion.inference.model_runners][INFO] - Timestep 3, input to next step: ------------------------------------------------------------------------------------------------------
[2026-04-19 23:06:10,484][rfdiffusion.inference.model_runners][INFO] - Timestep 2, input to next step: ------------------------------------------------------------------------------------------------------
[2026-04-19 23:06:14,615][__main__][INFO] - Finished design in 2.18 minutes
[2026-04-19 23:06:14,616][__main__][INFO] - Making design /home/manvi/Team_8_CS598GBL/Assignment/Generate_designs/default/len_102/design_5
[2026-04-19 23:06:14,623][rfdiffusion.inference.model_runners][INFO] - Using contig: ['102-102']
[2026-04-19 23:06:14,654][rfdiffusion.inference.model_runners][INFO] - Sequence init: ------------------------------------------------------------------------------------------------------
[2026-04-19 23:06:16,379][rfdiffusion.inference.model_runners][INFO] - Timestep 50, input to next step: ------------------------------------------------------------------------------------------------------
[2026-04-19 23:06:18,222][rfdiffusion.inference.model_runners][INFO] - Timestep 49, input to next step: ------------------------------------------------------------------------------------------------------
[2026-04-19 23:06:20,458][rfdiffusion.inference.model_runners][INFO] - Timestep 48, input to next step: ------------------------------------------------------------------------------------------------------
[2026-04-19 23:06:22,535][rfdiffusion.inference.model_runners][INFO] - Timestep 47, input to next step: ------------------------------------------------------------------------------------------------------
[2026-04-19 23:06:24,950][rfdiffusion.inference.model_runners][INFO] - Timestep 46, input to next step: ------------------------------------------------------------------------------------------------------
[2026-04-19 23:06:27,949][rfdiffusion.inference.model_runners][INFO] - Timestep 45, input to next step: ------------------------------------------------------------------------------------------------------
[2026-04-19 23:06:30,324][rfdiffusion.inference.model_runners][INFO] - Timestep 44, input to next step: ------------------------------------------------------------------------------------------------------
[2026-04-19 23:06:34,188][rfdiffusion.inference.model_runners][INFO] - Timestep 43, input to next step: ------------------------------------------------------------------------------------------------------
[2026-04-19 23:06:39,572][rfdiffusion.inference.model_runners][INFO] - Timestep 42, input to next step: ------------------------------------------------------------------------------------------------------
[2026-04-19 23:06:43,486][rfdiffusion.inference.model_runners][INFO] - Timestep 41, input to next step: ------------------------------------------------------------------------------------------------------
[2026-04-19 23:06:46,650][rfdiffusion.inference.model_runners][INFO] - Timestep 40, input to next step: ------------------------------------------------------------------------------------------------------
[2026-04-19 23:06:48,795][rfdiffusion.inference.model_runners][INFO] - Timestep 39, input to next step: ------------------------------------------------------------------------------------------------------
[2026-04-19 23:06:51,064][rfdiffusion.inference.model_runners][INFO] - Timestep 38, input to next step: ------------------------------------------------------------------------------------------------------
[2026-04-19 23:06:54,651][rfdiffusion.inference.model_runners][INFO] - Timestep 37, input to next step: ------------------------------------------------------------------------------------------------------
[2026-04-19 23:06:56,806][rfdiffusion.inference.model_runners][INFO] - Timestep 36, input to next step: ------------------------------------------------------------------------------------------------------
[2026-04-19 23:06:58,616][rfdiffusion.inference.model_runners][INFO] - Timestep 35, input to next step: ------------------------------------------------------------------------------------------------------
[2026-04-19 23:07:01,137][rfdiffusion.inference.model_runners][INFO] - Timestep 34, input to next step: ------------------------------------------------------------------------------------------------------
[2026-04-19 23:07:03,249][rfdiffusion.inference.model_runners][INFO] - Timestep 33, input to next step: ------------------------------------------------------------------------------------------------------
[2026-04-19 23:07:06,055][rfdiffusion.inference.model_runners][INFO] - Timestep 32, input to next step: ------------------------------------------------------------------------------------------------------
[2026-04-19 23:07:07,784][rfdiffusion.inference.model_runners][INFO] - Timestep 31, input to next step: ------------------------------------------------------------------------------------------------------
[2026-04-19 23:07:09,602][rfdiffusion.inference.model_runners][INFO] - Timestep 30, input to next step: ------------------------------------------------------------------------------------------------------
[2026-04-19 23:07:11,496][rfdiffusion.inference.model_runners][INFO] - Timestep 29, input to next step: ------------------------------------------------------------------------------------------------------
[2026-04-19 23:07:14,277][rfdiffusion.inference.model_runners][INFO] - Timestep 28, input to next step: ------------------------------------------------------------------------------------------------------
[2026-04-19 23:07:16,133][rfdiffusion.inference.model_runners][INFO] - Timestep 27, input to next step: ------------------------------------------------------------------------------------------------------
[2026-04-19 23:07:19,545][rfdiffusion.inference.model_runners][INFO] - Timestep 26, input to next step: ------------------------------------------------------------------------------------------------------
[2026-04-19 23:07:21,408][rfdiffusion.inference.model_runners][INFO] - Timestep 25, input to next step: ------------------------------------------------------------------------------------------------------
[2026-04-19 23:07:23,850][rfdiffusion.inference.model_runners][INFO] - Timestep 24, input to next step: ------------------------------------------------------------------------------------------------------
[2026-04-19 23:07:27,448][rfdiffusion.inference.model_runners][INFO] - Timestep 23, input to next step: ------------------------------------------------------------------------------------------------------
[2026-04-19 23:07:31,205][rfdiffusion.inference.model_runners][INFO] - Timestep 22, input to next step: ------------------------------------------------------------------------------------------------------
[2026-04-19 23:07:33,217][rfdiffusion.inference.model_runners][INFO] - Timestep 21, input to next step: ------------------------------------------------------------------------------------------------------
[2026-04-19 23:07:35,916][rfdiffusion.inference.model_runners][INFO] - Timestep 20, input to next step: ------------------------------------------------------------------------------------------------------
[2026-04-19 23:07:37,750][rfdiffusion.inference.model_runners][INFO] - Timestep 19, input to next step: ------------------------------------------------------------------------------------------------------
[2026-04-19 23:07:39,534][rfdiffusion.inference.model_runners][INFO] - Timestep 18, input to next step: ------------------------------------------------------------------------------------------------------
[2026-04-19 23:07:41,609][rfdiffusion.inference.model_runners][INFO] - Timestep 17, input to next step: ------------------------------------------------------------------------------------------------------
[2026-04-19 23:07:43,442][rfdiffusion.inference.model_runners][INFO] - Timestep 16, input to next step: ------------------------------------------------------------------------------------------------------
[2026-04-19 23:07:46,460][rfdiffusion.inference.model_runners][INFO] - Timestep 15, input to next step: ------------------------------------------------------------------------------------------------------
[2026-04-19 23:07:48,196][rfdiffusion.inference.model_runners][INFO] - Timestep 14, input to next step: ------------------------------------------------------------------------------------------------------
[2026-04-19 23:07:49,900][rfdiffusion.inference.model_runners][INFO] - Timestep 13, input to next step: ------------------------------------------------------------------------------------------------------
[2026-04-19 23:07:52,075][rfdiffusion.inference.model_runners][INFO] - Timestep 12, input to next step: ------------------------------------------------------------------------------------------------------
[2026-04-19 23:07:54,487][rfdiffusion.inference.model_runners][INFO] - Timestep 11, input to next step: ------------------------------------------------------------------------------------------------------
[2026-04-19 23:07:58,380][rfdiffusion.inference.model_runners][INFO] - Timestep 10, input to next step: ------------------------------------------------------------------------------------------------------
[2026-04-19 23:08:00,924][rfdiffusion.inference.model_runners][INFO] - Timestep 9, input to next step: ------------------------------------------------------------------------------------------------------
[2026-04-19 23:08:02,653][rfdiffusion.inference.model_runners][INFO] - Timestep 8, input to next step: ------------------------------------------------------------------------------------------------------
[2026-04-19 23:08:04,521][rfdiffusion.inference.model_runners][INFO] - Timestep 7, input to next step: ------------------------------------------------------------------------------------------------------
[2026-04-19 23:08:06,540][rfdiffusion.inference.model_runners][INFO] - Timestep 6, input to next step: ------------------------------------------------------------------------------------------------------
[2026-04-19 23:08:08,468][rfdiffusion.inference.model_runners][INFO] - Timestep 5, input to next step: ------------------------------------------------------------------------------------------------------
[2026-04-19 23:08:10,908][rfdiffusion.inference.model_runners][INFO] - Timestep 4, input to next step: ------------------------------------------------------------------------------------------------------
[2026-04-19 23:08:13,544][rfdiffusion.inference.model_runners][INFO] - Timestep 3, input to next step: ------------------------------------------------------------------------------------------------------
[2026-04-19 23:08:15,707][rfdiffusion.inference.model_runners][INFO] - Timestep 2, input to next step: ------------------------------------------------------------------------------------------------------
[2026-04-19 23:08:20,935][__main__][INFO] - Finished design in 2.11 minutes
[2026-04-19 23:08:20,935][__main__][INFO] - Making design /home/manvi/Team_8_CS598GBL/Assignment/Generate_designs/default/len_102/design_6
[2026-04-19 23:08:20,942][rfdiffusion.inference.model_runners][INFO] - Using contig: ['102-102']
[2026-04-19 23:08:20,975][rfdiffusion.inference.model_runners][INFO] - Sequence init: ------------------------------------------------------------------------------------------------------
[2026-04-19 23:08:23,267][rfdiffusion.inference.model_runners][INFO] - Timestep 50, input to next step: ------------------------------------------------------------------------------------------------------
[2026-04-19 23:08:25,348][rfdiffusion.inference.model_runners][INFO] - Timestep 49, input to next step: ------------------------------------------------------------------------------------------------------
[2026-04-19 23:08:28,252][rfdiffusion.inference.model_runners][INFO] - Timestep 48, input to next step: ------------------------------------------------------------------------------------------------------
[2026-04-19 23:08:31,670][rfdiffusion.inference.model_runners][INFO] - Timestep 47, input to next step: ------------------------------------------------------------------------------------------------------
[2026-04-19 23:08:34,739][rfdiffusion.inference.model_runners][INFO] - Timestep 46, input to next step: ------------------------------------------------------------------------------------------------------
[2026-04-19 23:08:42,060][rfdiffusion.inference.model_runners][INFO] - Timestep 45, input to next step: ------------------------------------------------------------------------------------------------------
[2026-04-19 23:08:46,633][rfdiffusion.inference.model_runners][INFO] - Timestep 44, input to next step: ------------------------------------------------------------------------------------------------------
[2026-04-19 23:08:50,655][rfdiffusion.inference.model_runners][INFO] - Timestep 43, input to next step: ------------------------------------------------------------------------------------------------------
[2026-04-19 23:08:58,691][rfdiffusion.inference.model_runners][INFO] - Timestep 42, input to next step: ------------------------------------------------------------------------------------------------------
[2026-04-19 23:09:03,657][rfdiffusion.inference.model_runners][INFO] - Timestep 41, input to next step: ------------------------------------------------------------------------------------------------------
[2026-04-19 23:09:08,986][rfdiffusion.inference.model_runners][INFO] - Timestep 40, input to next step: ------------------------------------------------------------------------------------------------------
[2026-04-19 23:09:12,508][rfdiffusion.inference.model_runners][INFO] - Timestep 39, input to next step: ------------------------------------------------------------------------------------------------------
[2026-04-19 23:09:15,208][rfdiffusion.inference.model_runners][INFO] - Timestep 38, input to next step: ------------------------------------------------------------------------------------------------------
[2026-04-19 23:09:17,451][rfdiffusion.inference.model_runners][INFO] - Timestep 37, input to next step: ------------------------------------------------------------------------------------------------------
[2026-04-19 23:09:20,653][rfdiffusion.inference.model_runners][INFO] - Timestep 36, input to next step: ------------------------------------------------------------------------------------------------------
[2026-04-19 23:09:22,859][rfdiffusion.inference.model_runners][INFO] - Timestep 35, input to next step: ------------------------------------------------------------------------------------------------------
[2026-04-19 23:09:25,530][rfdiffusion.inference.model_runners][INFO] - Timestep 34, input to next step: ------------------------------------------------------------------------------------------------------
[2026-04-19 23:09:29,901][rfdiffusion.inference.model_runners][INFO] - Timestep 33, input to next step: ------------------------------------------------------------------------------------------------------
[2026-04-19 23:09:34,232][rfdiffusion.inference.model_runners][INFO] - Timestep 32, input to next step: ------------------------------------------------------------------------------------------------------
[2026-04-19 23:09:36,889][rfdiffusion.inference.model_runners][INFO] - Timestep 31, input to next step: ------------------------------------------------------------------------------------------------------
[2026-04-19 23:09:41,733][rfdiffusion.inference.model_runners][INFO] - Timestep 30, input to next step: ------------------------------------------------------------------------------------------------------
[2026-04-19 23:09:44,998][rfdiffusion.inference.model_runners][INFO] - Timestep 29, input to next step: ------------------------------------------------------------------------------------------------------
[2026-04-19 23:09:48,188][rfdiffusion.inference.model_runners][INFO] - Timestep 28, input to next step: ------------------------------------------------------------------------------------------------------
[2026-04-19 23:09:52,327][rfdiffusion.inference.model_runners][INFO] - Timestep 27, input to next step: ------------------------------------------------------------------------------------------------------
[2026-04-19 23:09:56,018][rfdiffusion.inference.model_runners][INFO] - Timestep 26, input to next step: ------------------------------------------------------------------------------------------------------
[2026-04-19 23:09:59,506][rfdiffusion.inference.model_runners][INFO] - Timestep 25, input to next step: ------------------------------------------------------------------------------------------------------
[2026-04-19 23:10:02,817][rfdiffusion.inference.model_runners][INFO] - Timestep 24, input to next step: ------------------------------------------------------------------------------------------------------
[2026-04-19 23:10:05,778][rfdiffusion.inference.model_runners][INFO] - Timestep 23, input to next step: ------------------------------------------------------------------------------------------------------
[2026-04-19 23:10:09,135][rfdiffusion.inference.model_runners][INFO] - Timestep 22, input to next step: ------------------------------------------------------------------------------------------------------
[2026-04-19 23:10:11,939][rfdiffusion.inference.model_runners][INFO] - Timestep 21, input to next step: ------------------------------------------------------------------------------------------------------
[2026-04-19 23:10:14,923][rfdiffusion.inference.model_runners][INFO] - Timestep 20, input to next step: ------------------------------------------------------------------------------------------------------
[2026-04-19 23:10:17,969][rfdiffusion.inference.model_runners][INFO] - Timestep 19, input to next step: ------------------------------------------------------------------------------------------------------
[2026-04-19 23:10:20,979][rfdiffusion.inference.model_runners][INFO] - Timestep 18, input to next step: ------------------------------------------------------------------------------------------------------
[2026-04-19 23:10:23,273][rfdiffusion.inference.model_runners][INFO] - Timestep 17, input to next step: ------------------------------------------------------------------------------------------------------
[2026-04-19 23:10:26,574][rfdiffusion.inference.model_runners][INFO] - Timestep 16, input to next step: ------------------------------------------------------------------------------------------------------
[2026-04-19 23:10:32,954][rfdiffusion.inference.model_runners][INFO] - Timestep 15, input to next step: ------------------------------------------------------------------------------------------------------
[2026-04-19 23:10:38,913][rfdiffusion.inference.model_runners][INFO] - Timestep 14, input to next step: ------------------------------------------------------------------------------------------------------
[2026-04-19 23:10:41,001][rfdiffusion.inference.model_runners][INFO] - Timestep 13, input to next step: ------------------------------------------------------------------------------------------------------
[2026-04-19 23:10:45,598][rfdiffusion.inference.model_runners][INFO] - Timestep 12, input to next step: ------------------------------------------------------------------------------------------------------
[2026-04-19 23:10:47,694][rfdiffusion.inference.model_runners][INFO] - Timestep 11, input to next step: ------------------------------------------------------------------------------------------------------
[2026-04-19 23:10:50,097][rfdiffusion.inference.model_runners][INFO] - Timestep 10, input to next step: ------------------------------------------------------------------------------------------------------
[2026-04-19 23:10:52,844][rfdiffusion.inference.model_runners][INFO] - Timestep 9, input to next step: ------------------------------------------------------------------------------------------------------
[2026-04-19 23:10:55,168][rfdiffusion.inference.model_runners][INFO] - Timestep 8, input to next step: ------------------------------------------------------------------------------------------------------
[2026-04-19 23:10:57,256][rfdiffusion.inference.model_runners][INFO] - Timestep 7, input to next step: ------------------------------------------------------------------------------------------------------
[2026-04-19 23:10:59,630][rfdiffusion.inference.model_runners][INFO] - Timestep 6, input to next step: ------------------------------------------------------------------------------------------------------
[2026-04-19 23:11:01,932][rfdiffusion.inference.model_runners][INFO] - Timestep 5, input to next step: ------------------------------------------------------------------------------------------------------
[2026-04-19 23:11:04,360][rfdiffusion.inference.model_runners][INFO] - Timestep 4, input to next step: ------------------------------------------------------------------------------------------------------
[2026-04-19 23:11:06,375][rfdiffusion.inference.model_runners][INFO] - Timestep 3, input to next step: ------------------------------------------------------------------------------------------------------
[2026-04-19 23:11:08,684][rfdiffusion.inference.model_runners][INFO] - Timestep 2, input to next step: ------------------------------------------------------------------------------------------------------
[2026-04-19 23:11:12,916][__main__][INFO] - Finished design in 2.87 minutes
[2026-04-19 23:11:12,916][__main__][INFO] - Making design /home/manvi/Team_8_CS598GBL/Assignment/Generate_designs/default/len_102/design_7
[2026-04-19 23:11:12,923][rfdiffusion.inference.model_runners][INFO] - Using contig: ['102-102']
[2026-04-19 23:11:12,949][rfdiffusion.inference.model_runners][INFO] - Sequence init: ------------------------------------------------------------------------------------------------------
[2026-04-19 23:11:14,925][rfdiffusion.inference.model_runners][INFO] - Timestep 50, input to next step: ------------------------------------------------------------------------------------------------------
[2026-04-19 23:11:17,550][rfdiffusion.inference.model_runners][INFO] - Timestep 49, input to next step: ------------------------------------------------------------------------------------------------------
[2026-04-19 23:11:19,905][rfdiffusion.inference.model_runners][INFO] - Timestep 48, input to next step: ------------------------------------------------------------------------------------------------------
[2026-04-19 23:11:22,772][rfdiffusion.inference.model_runners][INFO] - Timestep 47, input to next step: ------------------------------------------------------------------------------------------------------
[2026-04-19 23:11:26,044][rfdiffusion.inference.model_runners][INFO] - Timestep 46, input to next step: ------------------------------------------------------------------------------------------------------
[2026-04-19 23:11:30,450][rfdiffusion.inference.model_runners][INFO] - Timestep 45, input to next step: ------------------------------------------------------------------------------------------------------
[2026-04-19 23:11:36,273][rfdiffusion.inference.model_runners][INFO] - Timestep 44, input to next step: ------------------------------------------------------------------------------------------------------
[2026-04-19 23:11:42,668][rfdiffusion.inference.model_runners][INFO] - Timestep 43, input to next step: ------------------------------------------------------------------------------------------------------
[2026-04-19 23:11:45,638][rfdiffusion.inference.model_runners][INFO] - Timestep 42, input to next step: ------------------------------------------------------------------------------------------------------
[2026-04-19 23:11:49,688][rfdiffusion.inference.model_runners][INFO] - Timestep 41, input to next step: ------------------------------------------------------------------------------------------------------
[2026-04-19 23:11:52,929][rfdiffusion.inference.model_runners][INFO] - Timestep 40, input to next step: ------------------------------------------------------------------------------------------------------
[2026-04-19 23:11:55,877][rfdiffusion.inference.model_runners][INFO] - Timestep 39, input to next step: ------------------------------------------------------------------------------------------------------
[2026-04-19 23:11:58,226][rfdiffusion.inference.model_runners][INFO] - Timestep 38, input to next step: ------------------------------------------------------------------------------------------------------
[2026-04-19 23:12:00,966][rfdiffusion.inference.model_runners][INFO] - Timestep 37, input to next step: ------------------------------------------------------------------------------------------------------
[2026-04-19 23:12:03,440][rfdiffusion.inference.model_runners][INFO] - Timestep 36, input to next step: ------------------------------------------------------------------------------------------------------
[2026-04-19 23:12:06,849][rfdiffusion.inference.model_runners][INFO] - Timestep 35, input to next step: ------------------------------------------------------------------------------------------------------
[2026-04-19 23:12:09,853][rfdiffusion.inference.model_runners][INFO] - Timestep 34, input to next step: ------------------------------------------------------------------------------------------------------
[2026-04-19 23:12:14,422][rfdiffusion.inference.model_runners][INFO] - Timestep 33, input to next step: ------------------------------------------------------------------------------------------------------
[2026-04-19 23:12:19,400][rfdiffusion.inference.model_runners][INFO] - Timestep 32, input to next step: ------------------------------------------------------------------------------------------------------
[2026-04-19 23:12:23,235][rfdiffusion.inference.model_runners][INFO] - Timestep 31, input to next step: ------------------------------------------------------------------------------------------------------
[2026-04-19 23:12:29,530][rfdiffusion.inference.model_runners][INFO] - Timestep 30, input to next step: ------------------------------------------------------------------------------------------------------
[2026-04-19 23:12:33,755][rfdiffusion.inference.model_runners][INFO] - Timestep 29, input to next step: ------------------------------------------------------------------------------------------------------
[2026-04-19 23:12:37,729][rfdiffusion.inference.model_runners][INFO] - Timestep 28, input to next step: ------------------------------------------------------------------------------------------------------
[2026-04-19 23:12:39,676][rfdiffusion.inference.model_runners][INFO] - Timestep 27, input to next step: ------------------------------------------------------------------------------------------------------
[2026-04-19 23:12:41,770][rfdiffusion.inference.model_runners][INFO] - Timestep 26, input to next step: ------------------------------------------------------------------------------------------------------
[2026-04-19 23:12:45,579][rfdiffusion.inference.model_runners][INFO] - Timestep 25, input to next step: ------------------------------------------------------------------------------------------------------
[2026-04-19 23:12:48,962][rfdiffusion.inference.model_runners][INFO] - Timestep 24, input to next step: ------------------------------------------------------------------------------------------------------
[2026-04-19 23:12:51,578][rfdiffusion.inference.model_runners][INFO] - Timestep 23, input to next step: ------------------------------------------------------------------------------------------------------
[2026-04-19 23:12:55,344][rfdiffusion.inference.model_runners][INFO] - Timestep 22, input to next step: ------------------------------------------------------------------------------------------------------
[2026-04-19 23:12:58,543][rfdiffusion.inference.model_runners][INFO] - Timestep 21, input to next step: ------------------------------------------------------------------------------------------------------
[2026-04-19 23:13:01,894][rfdiffusion.inference.model_runners][INFO] - Timestep 20, input to next step: ------------------------------------------------------------------------------------------------------
[2026-04-19 23:13:05,446][rfdiffusion.inference.model_runners][INFO] - Timestep 19, input to next step: ------------------------------------------------------------------------------------------------------
[2026-04-19 23:13:08,788][rfdiffusion.inference.model_runners][INFO] - Timestep 18, input to next step: ------------------------------------------------------------------------------------------------------
[2026-04-19 23:13:12,547][rfdiffusion.inference.model_runners][INFO] - Timestep 17, input to next step: ------------------------------------------------------------------------------------------------------
[2026-04-19 23:13:15,790][rfdiffusion.inference.model_runners][INFO] - Timestep 16, input to next step: ------------------------------------------------------------------------------------------------------
[2026-04-19 23:13:19,997][rfdiffusion.inference.model_runners][INFO] - Timestep 15, input to next step: ------------------------------------------------------------------------------------------------------
[2026-04-19 23:13:22,813][rfdiffusion.inference.model_runners][INFO] - Timestep 14, input to next step: ------------------------------------------------------------------------------------------------------
[2026-04-19 23:13:25,727][rfdiffusion.inference.model_runners][INFO] - Timestep 13, input to next step: ------------------------------------------------------------------------------------------------------
[2026-04-19 23:13:28,290][rfdiffusion.inference.model_runners][INFO] - Timestep 12, input to next step: ------------------------------------------------------------------------------------------------------
[2026-04-19 23:13:31,230][rfdiffusion.inference.model_runners][INFO] - Timestep 11, input to next step: ------------------------------------------------------------------------------------------------------
[2026-04-19 23:13:34,294][rfdiffusion.inference.model_runners][INFO] - Timestep 10, input to next step: ------------------------------------------------------------------------------------------------------
[2026-04-19 23:13:36,469][rfdiffusion.inference.model_runners][INFO] - Timestep 9, input to next step: ------------------------------------------------------------------------------------------------------
[2026-04-19 23:13:39,221][rfdiffusion.inference.model_runners][INFO] - Timestep 8, input to next step: ------------------------------------------------------------------------------------------------------
[2026-04-19 23:13:42,734][rfdiffusion.inference.model_runners][INFO] - Timestep 7, input to next step: ------------------------------------------------------------------------------------------------------
[2026-04-19 23:13:46,365][rfdiffusion.inference.model_runners][INFO] - Timestep 6, input to next step: ------------------------------------------------------------------------------------------------------
[2026-04-19 23:13:50,050][rfdiffusion.inference.model_runners][INFO] - Timestep 5, input to next step: ------------------------------------------------------------------------------------------------------
[2026-04-19 23:13:52,390][rfdiffusion.inference.model_runners][INFO] - Timestep 4, input to next step: ------------------------------------------------------------------------------------------------------
[2026-04-19 23:13:54,401][rfdiffusion.inference.model_runners][INFO] - Timestep 3, input to next step: ------------------------------------------------------------------------------------------------------
[2026-04-19 23:13:56,827][rfdiffusion.inference.model_runners][INFO] - Timestep 2, input to next step: ------------------------------------------------------------------------------------------------------
[2026-04-19 23:14:02,391][__main__][INFO] - Finished design in 2.82 minutes
[2026-04-19 23:14:02,392][__main__][INFO] - Making design /home/manvi/Team_8_CS598GBL/Assignment/Generate_designs/default/len_102/design_8
[2026-04-19 23:14:02,396][rfdiffusion.inference.model_runners][INFO] - Using contig: ['102-102']
[2026-04-19 23:14:02,420][rfdiffusion.inference.model_runners][INFO] - Sequence init: ------------------------------------------------------------------------------------------------------
[2026-04-19 23:14:04,172][rfdiffusion.inference.model_runners][INFO] - Timestep 50, input to next step: ------------------------------------------------------------------------------------------------------
[2026-04-19 23:14:06,031][rfdiffusion.inference.model_runners][INFO] - Timestep 49, input to next step: ------------------------------------------------------------------------------------------------------
[2026-04-19 23:14:08,961][rfdiffusion.inference.model_runners][INFO] - Timestep 48, input to next step: ------------------------------------------------------------------------------------------------------
[2026-04-19 23:14:11,767][rfdiffusion.inference.model_runners][INFO] - Timestep 47, input to next step: ------------------------------------------------------------------------------------------------------
[2026-04-19 23:14:14,216][rfdiffusion.inference.model_runners][INFO] - Timestep 46, input to next step: ------------------------------------------------------------------------------------------------------
[2026-04-19 23:14:16,361][rfdiffusion.inference.model_runners][INFO] - Timestep 45, input to next step: ------------------------------------------------------------------------------------------------------
[2026-04-19 23:14:18,401][rfdiffusion.inference.model_runners][INFO] - Timestep 44, input to next step: ------------------------------------------------------------------------------------------------------
[2026-04-19 23:14:20,246][rfdiffusion.inference.model_runners][INFO] - Timestep 43, input to next step: ------------------------------------------------------------------------------------------------------
[2026-04-19 23:14:22,803][rfdiffusion.inference.model_runners][INFO] - Timestep 42, input to next step: ------------------------------------------------------------------------------------------------------
[2026-04-19 23:14:25,577][rfdiffusion.inference.model_runners][INFO] - Timestep 41, input to next step: ------------------------------------------------------------------------------------------------------
[2026-04-19 23:14:28,606][rfdiffusion.inference.model_runners][INFO] - Timestep 40, input to next step: ------------------------------------------------------------------------------------------------------
[2026-04-19 23:14:30,308][rfdiffusion.inference.model_runners][INFO] - Timestep 39, input to next step: ------------------------------------------------------------------------------------------------------
[2026-04-19 23:14:31,929][rfdiffusion.inference.model_runners][INFO] - Timestep 38, input to next step: ------------------------------------------------------------------------------------------------------
[2026-04-19 23:14:33,658][rfdiffusion.inference.model_runners][INFO] - Timestep 37, input to next step: ------------------------------------------------------------------------------------------------------
[2026-04-19 23:14:35,401][rfdiffusion.inference.model_runners][INFO] - Timestep 36, input to next step: ------------------------------------------------------------------------------------------------------
[2026-04-19 23:14:37,164][rfdiffusion.inference.model_runners][INFO] - Timestep 35, input to next step: ------------------------------------------------------------------------------------------------------
[2026-04-19 23:14:38,748][rfdiffusion.inference.model_runners][INFO] - Timestep 34, input to next step: ------------------------------------------------------------------------------------------------------
[2026-04-19 23:14:40,354][rfdiffusion.inference.model_runners][INFO] - Timestep 33, input to next step: ------------------------------------------------------------------------------------------------------
[2026-04-19 23:14:42,139][rfdiffusion.inference.model_runners][INFO] - Timestep 32, input to next step: ------------------------------------------------------------------------------------------------------
[2026-04-19 23:14:43,904][rfdiffusion.inference.model_runners][INFO] - Timestep 31, input to next step: ------------------------------------------------------------------------------------------------------
[2026-04-19 23:14:45,643][rfdiffusion.inference.model_runners][INFO] - Timestep 30, input to next step: ------------------------------------------------------------------------------------------------------
[2026-04-19 23:14:47,448][rfdiffusion.inference.model_runners][INFO] - Timestep 29, input to next step: ------------------------------------------------------------------------------------------------------
[2026-04-19 23:14:49,233][rfdiffusion.inference.model_runners][INFO] - Timestep 28, input to next step: ------------------------------------------------------------------------------------------------------
[2026-04-19 23:14:50,931][rfdiffusion.inference.model_runners][INFO] - Timestep 27, input to next step: ------------------------------------------------------------------------------------------------------
[2026-04-19 23:14:52,621][rfdiffusion.inference.model_runners][INFO] - Timestep 26, input to next step: ------------------------------------------------------------------------------------------------------
[2026-04-19 23:14:54,334][rfdiffusion.inference.model_runners][INFO] - Timestep 25, input to next step: ------------------------------------------------------------------------------------------------------
[2026-04-19 23:14:56,090][rfdiffusion.inference.model_runners][INFO] - Timestep 24, input to next step: ------------------------------------------------------------------------------------------------------
[2026-04-19 23:14:57,811][rfdiffusion.inference.model_runners][INFO] - Timestep 23, input to next step: ------------------------------------------------------------------------------------------------------
[2026-04-19 23:14:59,538][rfdiffusion.inference.model_runners][INFO] - Timestep 22, input to next step: ------------------------------------------------------------------------------------------------------
[2026-04-19 23:15:01,345][rfdiffusion.inference.model_runners][INFO] - Timestep 21, input to next step: ------------------------------------------------------------------------------------------------------
[2026-04-19 23:15:03,157][rfdiffusion.inference.model_runners][INFO] - Timestep 20, input to next step: ------------------------------------------------------------------------------------------------------
[2026-04-19 23:15:04,840][rfdiffusion.inference.model_runners][INFO] - Timestep 19, input to next step: ------------------------------------------------------------------------------------------------------
[2026-04-19 23:15:06,641][rfdiffusion.inference.model_runners][INFO] - Timestep 18, input to next step: ------------------------------------------------------------------------------------------------------
[2026-04-19 23:15:08,437][rfdiffusion.inference.model_runners][INFO] - Timestep 17, input to next step: ------------------------------------------------------------------------------------------------------
[2026-04-19 23:15:10,175][rfdiffusion.inference.model_runners][INFO] - Timestep 16, input to next step: ------------------------------------------------------------------------------------------------------
[2026-04-19 23:15:11,860][rfdiffusion.inference.model_runners][INFO] - Timestep 15, input to next step: ------------------------------------------------------------------------------------------------------
[2026-04-19 23:15:13,594][rfdiffusion.inference.model_runners][INFO] - Timestep 14, input to next step: ------------------------------------------------------------------------------------------------------
[2026-04-19 23:15:15,274][rfdiffusion.inference.model_runners][INFO] - Timestep 13, input to next step: ------------------------------------------------------------------------------------------------------
[2026-04-19 23:15:17,015][rfdiffusion.inference.model_runners][INFO] - Timestep 12, input to next step: ------------------------------------------------------------------------------------------------------
[2026-04-19 23:15:18,757][rfdiffusion.inference.model_runners][INFO] - Timestep 11, input to next step: ------------------------------------------------------------------------------------------------------
[2026-04-19 23:15:20,403][rfdiffusion.inference.model_runners][INFO] - Timestep 10, input to next step: ------------------------------------------------------------------------------------------------------
[2026-04-19 23:15:22,173][rfdiffusion.inference.model_runners][INFO] - Timestep 9, input to next step: ------------------------------------------------------------------------------------------------------
[2026-04-19 23:15:23,857][rfdiffusion.inference.model_runners][INFO] - Timestep 8, input to next step: ------------------------------------------------------------------------------------------------------
[2026-04-19 23:15:25,895][rfdiffusion.inference.model_runners][INFO] - Timestep 7, input to next step: ------------------------------------------------------------------------------------------------------
[2026-04-19 23:15:27,992][rfdiffusion.inference.model_runners][INFO] - Timestep 6, input to next step: ------------------------------------------------------------------------------------------------------
[2026-04-19 23:15:29,857][rfdiffusion.inference.model_runners][INFO] - Timestep 5, input to next step: ------------------------------------------------------------------------------------------------------
[2026-04-19 23:15:31,658][rfdiffusion.inference.model_runners][INFO] - Timestep 4, input to next step: ------------------------------------------------------------------------------------------------------
[2026-04-19 23:15:33,783][rfdiffusion.inference.model_runners][INFO] - Timestep 3, input to next step: ------------------------------------------------------------------------------------------------------
[2026-04-19 23:15:35,992][rfdiffusion.inference.model_runners][INFO] - Timestep 2, input to next step: ------------------------------------------------------------------------------------------------------
[2026-04-19 23:15:39,561][__main__][INFO] - Finished design in 1.62 minutes
[2026-04-19 23:15:39,562][__main__][INFO] - Making design /home/manvi/Team_8_CS598GBL/Assignment/Generate_designs/default/len_102/design_9
[2026-04-19 23:15:39,566][rfdiffusion.inference.model_runners][INFO] - Using contig: ['102-102']
[2026-04-19 23:15:39,585][rfdiffusion.inference.model_runners][INFO] - Sequence init: ------------------------------------------------------------------------------------------------------
[2026-04-19 23:15:41,062][rfdiffusion.inference.model_runners][INFO] - Timestep 50, input to next step: ------------------------------------------------------------------------------------------------------
[2026-04-19 23:15:42,736][rfdiffusion.inference.model_runners][INFO] - Timestep 49, input to next step: ------------------------------------------------------------------------------------------------------
[2026-04-19 23:15:44,784][rfdiffusion.inference.model_runners][INFO] - Timestep 48, input to next step: ------------------------------------------------------------------------------------------------------
[2026-04-19 23:15:46,706][rfdiffusion.inference.model_runners][INFO] - Timestep 47, input to next step: ------------------------------------------------------------------------------------------------------
[2026-04-19 23:15:48,499][rfdiffusion.inference.model_runners][INFO] - Timestep 46, input to next step: ------------------------------------------------------------------------------------------------------
[2026-04-19 23:15:50,338][rfdiffusion.inference.model_runners][INFO] - Timestep 45, input to next step: ------------------------------------------------------------------------------------------------------
[2026-04-19 23:15:52,125][rfdiffusion.inference.model_runners][INFO] - Timestep 44, input to next step: ------------------------------------------------------------------------------------------------------
[2026-04-19 23:15:53,919][rfdiffusion.inference.model_runners][INFO] - Timestep 43, input to next step: ------------------------------------------------------------------------------------------------------
[2026-04-19 23:15:55,741][rfdiffusion.inference.model_runners][INFO] - Timestep 42, input to next step: ------------------------------------------------------------------------------------------------------
[2026-04-19 23:15:57,952][rfdiffusion.inference.model_runners][INFO] - Timestep 41, input to next step: ------------------------------------------------------------------------------------------------------
[2026-04-19 23:15:59,877][rfdiffusion.inference.model_runners][INFO] - Timestep 40, input to next step: ------------------------------------------------------------------------------------------------------
[2026-04-19 23:16:01,898][rfdiffusion.inference.model_runners][INFO] - Timestep 39, input to next step: ------------------------------------------------------------------------------------------------------
[2026-04-19 23:16:03,844][rfdiffusion.inference.model_runners][INFO] - Timestep 38, input to next step: ------------------------------------------------------------------------------------------------------
[2026-04-19 23:16:05,905][rfdiffusion.inference.model_runners][INFO] - Timestep 37, input to next step: ------------------------------------------------------------------------------------------------------
[2026-04-19 23:16:07,756][rfdiffusion.inference.model_runners][INFO] - Timestep 36, input to next step: ------------------------------------------------------------------------------------------------------
[2026-04-19 23:16:09,757][rfdiffusion.inference.model_runners][INFO] - Timestep 35, input to next step: ------------------------------------------------------------------------------------------------------
[2026-04-19 23:16:11,570][rfdiffusion.inference.model_runners][INFO] - Timestep 34, input to next step: ------------------------------------------------------------------------------------------------------
[2026-04-19 23:16:14,139][rfdiffusion.inference.model_runners][INFO] - Timestep 33, input to next step: ------------------------------------------------------------------------------------------------------
[2026-04-19 23:16:17,177][rfdiffusion.inference.model_runners][INFO] - Timestep 32, input to next step: ------------------------------------------------------------------------------------------------------
[2026-04-19 23:16:19,919][rfdiffusion.inference.model_runners][INFO] - Timestep 31, input to next step: ------------------------------------------------------------------------------------------------------
[2026-04-19 23:16:26,786][rfdiffusion.inference.model_runners][INFO] - Timestep 30, input to next step: ------------------------------------------------------------------------------------------------------
[2026-04-19 23:16:29,428][rfdiffusion.inference.model_runners][INFO] - Timestep 29, input to next step: ------------------------------------------------------------------------------------------------------
[2026-04-19 23:16:31,610][rfdiffusion.inference.model_runners][INFO] - Timestep 28, input to next step: ------------------------------------------------------------------------------------------------------
[2026-04-19 23:16:34,387][rfdiffusion.inference.model_runners][INFO] - Timestep 27, input to next step: ------------------------------------------------------------------------------------------------------
[2026-04-19 23:16:37,024][rfdiffusion.inference.model_runners][INFO] - Timestep 26, input to next step: ------------------------------------------------------------------------------------------------------
[2026-04-19 23:16:39,408][rfdiffusion.inference.model_runners][INFO] - Timestep 25, input to next step: ------------------------------------------------------------------------------------------------------
[2026-04-19 23:16:42,811][rfdiffusion.inference.model_runners][INFO] - Timestep 24, input to next step: ------------------------------------------------------------------------------------------------------
[2026-04-19 23:16:47,485][rfdiffusion.inference.model_runners][INFO] - Timestep 23, input to next step: ------------------------------------------------------------------------------------------------------
[2026-04-19 23:16:53,010][rfdiffusion.inference.model_runners][INFO] - Timestep 22, input to next step: ------------------------------------------------------------------------------------------------------
[2026-04-19 23:16:58,428][rfdiffusion.inference.model_runners][INFO] - Timestep 21, input to next step: ------------------------------------------------------------------------------------------------------
[2026-04-19 23:17:03,102][rfdiffusion.inference.model_runners][INFO] - Timestep 20, input to next step: ------------------------------------------------------------------------------------------------------
[2026-04-19 23:17:07,882][rfdiffusion.inference.model_runners][INFO] - Timestep 19, input to next step: ------------------------------------------------------------------------------------------------------
[2026-04-19 23:17:11,097][rfdiffusion.inference.model_runners][INFO] - Timestep 18, input to next step: ------------------------------------------------------------------------------------------------------
[2026-04-19 23:17:13,863][rfdiffusion.inference.model_runners][INFO] - Timestep 17, input to next step: ------------------------------------------------------------------------------------------------------
[2026-04-19 23:17:16,447][rfdiffusion.inference.model_runners][INFO] - Timestep 16, input to next step: ------------------------------------------------------------------------------------------------------
[2026-04-19 23:17:19,062][rfdiffusion.inference.model_runners][INFO] - Timestep 15, input to next step: ------------------------------------------------------------------------------------------------------
[2026-04-19 23:17:21,418][rfdiffusion.inference.model_runners][INFO] - Timestep 14, input to next step: ------------------------------------------------------------------------------------------------------
[2026-04-19 23:17:23,847][rfdiffusion.inference.model_runners][INFO] - Timestep 13, input to next step: ------------------------------------------------------------------------------------------------------
[2026-04-19 23:17:30,211][rfdiffusion.inference.model_runners][INFO] - Timestep 12, input to next step: ------------------------------------------------------------------------------------------------------
[2026-04-19 23:17:32,607][rfdiffusion.inference.model_runners][INFO] - Timestep 11, input to next step: ------------------------------------------------------------------------------------------------------
[2026-04-19 23:17:35,010][rfdiffusion.inference.model_runners][INFO] - Timestep 10, input to next step: ------------------------------------------------------------------------------------------------------
[2026-04-19 23:17:38,038][rfdiffusion.inference.model_runners][INFO] - Timestep 9, input to next step: ------------------------------------------------------------------------------------------------------
[2026-04-19 23:17:40,126][rfdiffusion.inference.model_runners][INFO] - Timestep 8, input to next step: ------------------------------------------------------------------------------------------------------
[2026-04-19 23:17:42,488][rfdiffusion.inference.model_runners][INFO] - Timestep 7, input to next step: ------------------------------------------------------------------------------------------------------
[2026-04-19 23:17:44,653][rfdiffusion.inference.model_runners][INFO] - Timestep 6, input to next step: ------------------------------------------------------------------------------------------------------
[2026-04-19 23:17:49,006][rfdiffusion.inference.model_runners][INFO] - Timestep 5, input to next step: ------------------------------------------------------------------------------------------------------
[2026-04-19 23:17:53,843][rfdiffusion.inference.model_runners][INFO] - Timestep 4, input to next step: ------------------------------------------------------------------------------------------------------
[2026-04-19 23:18:00,988][rfdiffusion.inference.model_runners][INFO] - Timestep 3, input to next step: ------------------------------------------------------------------------------------------------------
[2026-04-19 23:18:05,195][rfdiffusion.inference.model_runners][INFO] - Timestep 2, input to next step: ------------------------------------------------------------------------------------------------------
[2026-04-19 23:18:10,532][__main__][INFO] - Finished design in 2.52 minutes
