[2026-04-19 20:55:03,539][__main__][INFO] - Found GPU with device_name NVIDIA GeForce RTX 3050 Ti Laptop GPU. Will run RFdiffusion on NVIDIA GeForce RTX 3050 Ti Laptop GPU
[2026-04-19 20:55:03,540][rfdiffusion.inference.model_runners][INFO] - Reading checkpoint from /home/manvi/Team_8_CS598GBL/RFdiffusion/rfdiffusion/inference/../../models/Base_ckpt.pt
[2026-04-19 20:55:10,477][rfdiffusion.inference.model_runners][INFO] - Loading checkpoint.
[2026-04-19 20:55:10,812][rfdiffusion.diffusion][INFO] - Using cached IGSO3.
[2026-04-19 20:55:10,827][__main__][INFO] - Making design /home/manvi/Team_8_CS598GBL/Assignment/Generate_designs/default/len_094/design_0
[2026-04-19 20:55:10,832][rfdiffusion.inference.model_runners][INFO] - Using contig: ['94-94']
[2026-04-19 20:55:10,889][rfdiffusion.inference.model_runners][INFO] - Sequence init: ----------------------------------------------------------------------------------------------
[2026-04-19 20:55:14,924][rfdiffusion.inference.model_runners][INFO] - Timestep 50, input to next step: ----------------------------------------------------------------------------------------------
[2026-04-19 20:55:16,273][rfdiffusion.inference.model_runners][INFO] - Timestep 49, input to next step: ----------------------------------------------------------------------------------------------
[2026-04-19 20:55:17,722][rfdiffusion.inference.model_runners][INFO] - Timestep 48, input to next step: ----------------------------------------------------------------------------------------------
[2026-04-19 20:55:19,277][rfdiffusion.inference.model_runners][INFO] - Timestep 47, input to next step: ----------------------------------------------------------------------------------------------
[2026-04-19 20:55:20,901][rfdiffusion.inference.model_runners][INFO] - Timestep 46, input to next step: ----------------------------------------------------------------------------------------------
[2026-04-19 20:55:22,602][rfdiffusion.inference.model_runners][INFO] - Timestep 45, input to next step: ----------------------------------------------------------------------------------------------
[2026-04-19 20:55:24,565][rfdiffusion.inference.model_runners][INFO] - Timestep 44, input to next step: ----------------------------------------------------------------------------------------------
[2026-04-19 20:55:26,118][rfdiffusion.inference.model_runners][INFO] - Timestep 43, input to next step: ----------------------------------------------------------------------------------------------
[2026-04-19 20:55:27,570][rfdiffusion.inference.model_runners][INFO] - Timestep 42, input to next step: ----------------------------------------------------------------------------------------------
[2026-04-19 20:55:29,070][rfdiffusion.inference.model_runners][INFO] - Timestep 41, input to next step: ----------------------------------------------------------------------------------------------
[2026-04-19 20:55:30,428][rfdiffusion.inference.model_runners][INFO] - Timestep 40, input to next step: ----------------------------------------------------------------------------------------------
[2026-04-19 20:55:31,950][rfdiffusion.inference.model_runners][INFO] - Timestep 39, input to next step: ----------------------------------------------------------------------------------------------
[2026-04-19 20:55:33,465][rfdiffusion.inference.model_runners][INFO] - Timestep 38, input to next step: ----------------------------------------------------------------------------------------------
[2026-04-19 20:55:34,981][rfdiffusion.inference.model_runners][INFO] - Timestep 37, input to next step: ----------------------------------------------------------------------------------------------
[2026-04-19 20:55:36,487][rfdiffusion.inference.model_runners][INFO] - Timestep 36, input to next step: ----------------------------------------------------------------------------------------------
[2026-04-19 20:55:37,905][rfdiffusion.inference.model_runners][INFO] - Timestep 35, input to next step: ----------------------------------------------------------------------------------------------
[2026-04-19 20:55:39,207][rfdiffusion.inference.model_runners][INFO] - Timestep 34, input to next step: ----------------------------------------------------------------------------------------------
[2026-04-19 20:55:40,623][rfdiffusion.inference.model_runners][INFO] - Timestep 33, input to next step: ----------------------------------------------------------------------------------------------
[2026-04-19 20:55:42,155][rfdiffusion.inference.model_runners][INFO] - Timestep 32, input to next step: ----------------------------------------------------------------------------------------------
[2026-04-19 20:55:43,534][rfdiffusion.inference.model_runners][INFO] - Timestep 31, input to next step: ----------------------------------------------------------------------------------------------
[2026-04-19 20:55:44,955][rfdiffusion.inference.model_runners][INFO] - Timestep 30, input to next step: ----------------------------------------------------------------------------------------------
[2026-04-19 20:55:46,358][rfdiffusion.inference.model_runners][INFO] - Timestep 29, input to next step: ----------------------------------------------------------------------------------------------
[2026-04-19 20:55:47,807][rfdiffusion.inference.model_runners][INFO] - Timestep 28, input to next step: ----------------------------------------------------------------------------------------------
[2026-04-19 20:55:49,209][rfdiffusion.inference.model_runners][INFO] - Timestep 27, input to next step: ----------------------------------------------------------------------------------------------
[2026-04-19 20:55:50,709][rfdiffusion.inference.model_runners][INFO] - Timestep 26, input to next step: ----------------------------------------------------------------------------------------------
[2026-04-19 20:55:52,176][rfdiffusion.inference.model_runners][INFO] - Timestep 25, input to next step: ----------------------------------------------------------------------------------------------
[2026-04-19 20:55:53,644][rfdiffusion.inference.model_runners][INFO] - Timestep 24, input to next step: ----------------------------------------------------------------------------------------------
[2026-04-19 20:55:55,079][rfdiffusion.inference.model_runners][INFO] - Timestep 23, input to next step: ----------------------------------------------------------------------------------------------
[2026-04-19 20:55:56,580][rfdiffusion.inference.model_runners][INFO] - Timestep 22, input to next step: ----------------------------------------------------------------------------------------------
[2026-04-19 20:55:57,999][rfdiffusion.inference.model_runners][INFO] - Timestep 21, input to next step: ----------------------------------------------------------------------------------------------
[2026-04-19 20:55:59,378][rfdiffusion.inference.model_runners][INFO] - Timestep 20, input to next step: ----------------------------------------------------------------------------------------------
[2026-04-19 20:56:00,792][rfdiffusion.inference.model_runners][INFO] - Timestep 19, input to next step: ----------------------------------------------------------------------------------------------
[2026-04-19 20:56:02,321][rfdiffusion.inference.model_runners][INFO] - Timestep 18, input to next step: ----------------------------------------------------------------------------------------------
[2026-04-19 20:56:03,737][rfdiffusion.inference.model_runners][INFO] - Timestep 17, input to next step: ----------------------------------------------------------------------------------------------
[2026-04-19 20:56:05,282][rfdiffusion.inference.model_runners][INFO] - Timestep 16, input to next step: ----------------------------------------------------------------------------------------------
[2026-04-19 20:56:06,771][rfdiffusion.inference.model_runners][INFO] - Timestep 15, input to next step: ----------------------------------------------------------------------------------------------
[2026-04-19 20:56:08,311][rfdiffusion.inference.model_runners][INFO] - Timestep 14, input to next step: ----------------------------------------------------------------------------------------------
[2026-04-19 20:56:09,834][rfdiffusion.inference.model_runners][INFO] - Timestep 13, input to next step: ----------------------------------------------------------------------------------------------
[2026-04-19 20:56:11,340][rfdiffusion.inference.model_runners][INFO] - Timestep 12, input to next step: ----------------------------------------------------------------------------------------------
[2026-04-19 20:56:12,812][rfdiffusion.inference.model_runners][INFO] - Timestep 11, input to next step: ----------------------------------------------------------------------------------------------
[2026-04-19 20:56:14,665][rfdiffusion.inference.model_runners][INFO] - Timestep 10, input to next step: ----------------------------------------------------------------------------------------------
[2026-04-19 20:56:16,381][rfdiffusion.inference.model_runners][INFO] - Timestep 9, input to next step: ----------------------------------------------------------------------------------------------
[2026-04-19 20:56:17,920][rfdiffusion.inference.model_runners][INFO] - Timestep 8, input to next step: ----------------------------------------------------------------------------------------------
[2026-04-19 20:56:19,527][rfdiffusion.inference.model_runners][INFO] - Timestep 7, input to next step: ----------------------------------------------------------------------------------------------
[2026-04-19 20:56:21,290][rfdiffusion.inference.model_runners][INFO] - Timestep 6, input to next step: ----------------------------------------------------------------------------------------------
[2026-04-19 20:56:23,075][rfdiffusion.inference.model_runners][INFO] - Timestep 5, input to next step: ----------------------------------------------------------------------------------------------
[2026-04-19 20:56:24,682][rfdiffusion.inference.model_runners][INFO] - Timestep 4, input to next step: ----------------------------------------------------------------------------------------------
[2026-04-19 20:56:26,218][rfdiffusion.inference.model_runners][INFO] - Timestep 3, input to next step: ----------------------------------------------------------------------------------------------
[2026-04-19 20:56:27,752][rfdiffusion.inference.model_runners][INFO] - Timestep 2, input to next step: ----------------------------------------------------------------------------------------------
[2026-04-19 20:56:30,783][__main__][INFO] - Finished design in 1.33 minutes
[2026-04-19 20:56:30,783][__main__][INFO] - Making design /home/manvi/Team_8_CS598GBL/Assignment/Generate_designs/default/len_094/design_1
[2026-04-19 20:56:30,788][rfdiffusion.inference.model_runners][INFO] - Using contig: ['94-94']
[2026-04-19 20:56:30,807][rfdiffusion.inference.model_runners][INFO] - Sequence init: ----------------------------------------------------------------------------------------------
[2026-04-19 20:56:32,000][rfdiffusion.inference.model_runners][INFO] - Timestep 50, input to next step: ----------------------------------------------------------------------------------------------
[2026-04-19 20:56:33,451][rfdiffusion.inference.model_runners][INFO] - Timestep 49, input to next step: ----------------------------------------------------------------------------------------------
[2026-04-19 20:56:34,934][rfdiffusion.inference.model_runners][INFO] - Timestep 48, input to next step: ----------------------------------------------------------------------------------------------
[2026-04-19 20:56:36,430][rfdiffusion.inference.model_runners][INFO] - Timestep 47, input to next step: ----------------------------------------------------------------------------------------------
[2026-04-19 20:56:37,952][rfdiffusion.inference.model_runners][INFO] - Timestep 46, input to next step: ----------------------------------------------------------------------------------------------
[2026-04-19 20:56:39,527][rfdiffusion.inference.model_runners][INFO] - Timestep 45, input to next step: ----------------------------------------------------------------------------------------------
[2026-04-19 20:56:41,081][rfdiffusion.inference.model_runners][INFO] - Timestep 44, input to next step: ----------------------------------------------------------------------------------------------
[2026-04-19 20:56:42,614][rfdiffusion.inference.model_runners][INFO] - Timestep 43, input to next step: ----------------------------------------------------------------------------------------------
[2026-04-19 20:56:44,033][rfdiffusion.inference.model_runners][INFO] - Timestep 42, input to next step: ----------------------------------------------------------------------------------------------
[2026-04-19 20:56:45,243][rfdiffusion.inference.model_runners][INFO] - Timestep 41, input to next step: ----------------------------------------------------------------------------------------------
[2026-04-19 20:56:46,712][rfdiffusion.inference.model_runners][INFO] - Timestep 40, input to next step: ----------------------------------------------------------------------------------------------
[2026-04-19 20:56:48,232][rfdiffusion.inference.model_runners][INFO] - Timestep 39, input to next step: ----------------------------------------------------------------------------------------------
[2026-04-19 20:56:49,925][rfdiffusion.inference.model_runners][INFO] - Timestep 38, input to next step: ----------------------------------------------------------------------------------------------
[2026-04-19 20:56:51,414][rfdiffusion.inference.model_runners][INFO] - Timestep 37, input to next step: ----------------------------------------------------------------------------------------------
[2026-04-19 20:56:52,912][rfdiffusion.inference.model_runners][INFO] - Timestep 36, input to next step: ----------------------------------------------------------------------------------------------
[2026-04-19 20:56:54,682][rfdiffusion.inference.model_runners][INFO] - Timestep 35, input to next step: ----------------------------------------------------------------------------------------------
[2026-04-19 20:56:56,525][rfdiffusion.inference.model_runners][INFO] - Timestep 34, input to next step: ----------------------------------------------------------------------------------------------
[2026-04-19 20:56:58,190][rfdiffusion.inference.model_runners][INFO] - Timestep 33, input to next step: ----------------------------------------------------------------------------------------------
[2026-04-19 20:56:59,831][rfdiffusion.inference.model_runners][INFO] - Timestep 32, input to next step: ----------------------------------------------------------------------------------------------
[2026-04-19 20:57:01,375][rfdiffusion.inference.model_runners][INFO] - Timestep 31, input to next step: ----------------------------------------------------------------------------------------------
[2026-04-19 20:57:02,927][rfdiffusion.inference.model_runners][INFO] - Timestep 30, input to next step: ----------------------------------------------------------------------------------------------
[2026-04-19 20:57:04,516][rfdiffusion.inference.model_runners][INFO] - Timestep 29, input to next step: ----------------------------------------------------------------------------------------------
[2026-04-19 20:57:06,061][rfdiffusion.inference.model_runners][INFO] - Timestep 28, input to next step: ----------------------------------------------------------------------------------------------
[2026-04-19 20:57:07,499][rfdiffusion.inference.model_runners][INFO] - Timestep 27, input to next step: ----------------------------------------------------------------------------------------------
[2026-04-19 20:57:09,060][rfdiffusion.inference.model_runners][INFO] - Timestep 26, input to next step: ----------------------------------------------------------------------------------------------
[2026-04-19 20:57:10,905][rfdiffusion.inference.model_runners][INFO] - Timestep 25, input to next step: ----------------------------------------------------------------------------------------------
[2026-04-19 20:57:15,370][rfdiffusion.inference.model_runners][INFO] - Timestep 24, input to next step: ----------------------------------------------------------------------------------------------
[2026-04-19 20:57:17,743][rfdiffusion.inference.model_runners][INFO] - Timestep 23, input to next step: ----------------------------------------------------------------------------------------------
[2026-04-19 20:57:19,948][rfdiffusion.inference.model_runners][INFO] - Timestep 22, input to next step: ----------------------------------------------------------------------------------------------
[2026-04-19 20:57:21,571][rfdiffusion.inference.model_runners][INFO] - Timestep 21, input to next step: ----------------------------------------------------------------------------------------------
[2026-04-19 20:57:23,169][rfdiffusion.inference.model_runners][INFO] - Timestep 20, input to next step: ----------------------------------------------------------------------------------------------
[2026-04-19 20:57:24,792][rfdiffusion.inference.model_runners][INFO] - Timestep 19, input to next step: ----------------------------------------------------------------------------------------------
[2026-04-19 20:57:28,101][rfdiffusion.inference.model_runners][INFO] - Timestep 18, input to next step: ----------------------------------------------------------------------------------------------
[2026-04-19 20:57:29,511][rfdiffusion.inference.model_runners][INFO] - Timestep 17, input to next step: ----------------------------------------------------------------------------------------------
[2026-04-19 20:57:30,962][rfdiffusion.inference.model_runners][INFO] - Timestep 16, input to next step: ----------------------------------------------------------------------------------------------
[2026-04-19 20:57:32,379][rfdiffusion.inference.model_runners][INFO] - Timestep 15, input to next step: ----------------------------------------------------------------------------------------------
[2026-04-19 20:57:34,293][rfdiffusion.inference.model_runners][INFO] - Timestep 14, input to next step: ----------------------------------------------------------------------------------------------
[2026-04-19 20:57:35,945][rfdiffusion.inference.model_runners][INFO] - Timestep 13, input to next step: ----------------------------------------------------------------------------------------------
[2026-04-19 20:57:37,459][rfdiffusion.inference.model_runners][INFO] - Timestep 12, input to next step: ----------------------------------------------------------------------------------------------
[2026-04-19 20:57:38,923][rfdiffusion.inference.model_runners][INFO] - Timestep 11, input to next step: ----------------------------------------------------------------------------------------------
[2026-04-19 20:57:40,544][rfdiffusion.inference.model_runners][INFO] - Timestep 10, input to next step: ----------------------------------------------------------------------------------------------
[2026-04-19 20:57:42,012][rfdiffusion.inference.model_runners][INFO] - Timestep 9, input to next step: ----------------------------------------------------------------------------------------------
[2026-04-19 20:57:43,595][rfdiffusion.inference.model_runners][INFO] - Timestep 8, input to next step: ----------------------------------------------------------------------------------------------
[2026-04-19 20:57:45,214][rfdiffusion.inference.model_runners][INFO] - Timestep 7, input to next step: ----------------------------------------------------------------------------------------------
[2026-04-19 20:57:46,863][rfdiffusion.inference.model_runners][INFO] - Timestep 6, input to next step: ----------------------------------------------------------------------------------------------
[2026-04-19 20:57:48,393][rfdiffusion.inference.model_runners][INFO] - Timestep 5, input to next step: ----------------------------------------------------------------------------------------------
[2026-04-19 20:57:49,987][rfdiffusion.inference.model_runners][INFO] - Timestep 4, input to next step: ----------------------------------------------------------------------------------------------
[2026-04-19 20:57:51,474][rfdiffusion.inference.model_runners][INFO] - Timestep 3, input to next step: ----------------------------------------------------------------------------------------------
[2026-04-19 20:57:53,094][rfdiffusion.inference.model_runners][INFO] - Timestep 2, input to next step: ----------------------------------------------------------------------------------------------
[2026-04-19 20:57:56,661][__main__][INFO] - Finished design in 1.43 minutes
[2026-04-19 20:57:56,661][__main__][INFO] - Making design /home/manvi/Team_8_CS598GBL/Assignment/Generate_designs/default/len_094/design_2
[2026-04-19 20:57:56,666][rfdiffusion.inference.model_runners][INFO] - Using contig: ['94-94']
[2026-04-19 20:57:56,688][rfdiffusion.inference.model_runners][INFO] - Sequence init: ----------------------------------------------------------------------------------------------
[2026-04-19 20:57:58,287][rfdiffusion.inference.model_runners][INFO] - Timestep 50, input to next step: ----------------------------------------------------------------------------------------------
[2026-04-19 20:57:59,874][rfdiffusion.inference.model_runners][INFO] - Timestep 49, input to next step: ----------------------------------------------------------------------------------------------
[2026-04-19 20:58:01,393][rfdiffusion.inference.model_runners][INFO] - Timestep 48, input to next step: ----------------------------------------------------------------------------------------------
[2026-04-19 20:58:02,966][rfdiffusion.inference.model_runners][INFO] - Timestep 47, input to next step: ----------------------------------------------------------------------------------------------
[2026-04-19 20:58:04,771][rfdiffusion.inference.model_runners][INFO] - Timestep 46, input to next step: ----------------------------------------------------------------------------------------------
[2026-04-19 20:58:06,333][rfdiffusion.inference.model_runners][INFO] - Timestep 45, input to next step: ----------------------------------------------------------------------------------------------
[2026-04-19 20:58:07,851][rfdiffusion.inference.model_runners][INFO] - Timestep 44, input to next step: ----------------------------------------------------------------------------------------------
[2026-04-19 20:58:09,408][rfdiffusion.inference.model_runners][INFO] - Timestep 43, input to next step: ----------------------------------------------------------------------------------------------
[2026-04-19 20:58:11,084][rfdiffusion.inference.model_runners][INFO] - Timestep 42, input to next step: ----------------------------------------------------------------------------------------------
[2026-04-19 20:58:12,671][rfdiffusion.inference.model_runners][INFO] - Timestep 41, input to next step: ----------------------------------------------------------------------------------------------
[2026-04-19 20:58:14,269][rfdiffusion.inference.model_runners][INFO] - Timestep 40, input to next step: ----------------------------------------------------------------------------------------------
[2026-04-19 20:58:15,954][rfdiffusion.inference.model_runners][INFO] - Timestep 39, input to next step: ----------------------------------------------------------------------------------------------
[2026-04-19 20:58:17,811][rfdiffusion.inference.model_runners][INFO] - Timestep 38, input to next step: ----------------------------------------------------------------------------------------------
[2026-04-19 20:58:19,667][rfdiffusion.inference.model_runners][INFO] - Timestep 37, input to next step: ----------------------------------------------------------------------------------------------
[2026-04-19 20:58:21,298][rfdiffusion.inference.model_runners][INFO] - Timestep 36, input to next step: ----------------------------------------------------------------------------------------------
[2026-04-19 20:58:22,927][rfdiffusion.inference.model_runners][INFO] - Timestep 35, input to next step: ----------------------------------------------------------------------------------------------
[2026-04-19 20:58:24,498][rfdiffusion.inference.model_runners][INFO] - Timestep 34, input to next step: ----------------------------------------------------------------------------------------------
[2026-04-19 20:58:26,145][rfdiffusion.inference.model_runners][INFO] - Timestep 33, input to next step: ----------------------------------------------------------------------------------------------
[2026-04-19 20:58:27,768][rfdiffusion.inference.model_runners][INFO] - Timestep 32, input to next step: ----------------------------------------------------------------------------------------------
[2026-04-19 20:58:29,294][rfdiffusion.inference.model_runners][INFO] - Timestep 31, input to next step: ----------------------------------------------------------------------------------------------
[2026-04-19 20:58:30,823][rfdiffusion.inference.model_runners][INFO] - Timestep 30, input to next step: ----------------------------------------------------------------------------------------------
[2026-04-19 20:58:32,422][rfdiffusion.inference.model_runners][INFO] - Timestep 29, input to next step: ----------------------------------------------------------------------------------------------
[2026-04-19 20:58:34,069][rfdiffusion.inference.model_runners][INFO] - Timestep 28, input to next step: ----------------------------------------------------------------------------------------------
[2026-04-19 20:58:35,677][rfdiffusion.inference.model_runners][INFO] - Timestep 27, input to next step: ----------------------------------------------------------------------------------------------
[2026-04-19 20:58:37,241][rfdiffusion.inference.model_runners][INFO] - Timestep 26, input to next step: ----------------------------------------------------------------------------------------------
[2026-04-19 20:58:38,816][rfdiffusion.inference.model_runners][INFO] - Timestep 25, input to next step: ----------------------------------------------------------------------------------------------
[2026-04-19 20:58:40,388][rfdiffusion.inference.model_runners][INFO] - Timestep 24, input to next step: ----------------------------------------------------------------------------------------------
[2026-04-19 20:58:42,099][rfdiffusion.inference.model_runners][INFO] - Timestep 23, input to next step: ----------------------------------------------------------------------------------------------
[2026-04-19 20:58:43,755][rfdiffusion.inference.model_runners][INFO] - Timestep 22, input to next step: ----------------------------------------------------------------------------------------------
[2026-04-19 20:58:45,374][rfdiffusion.inference.model_runners][INFO] - Timestep 21, input to next step: ----------------------------------------------------------------------------------------------
[2026-04-19 20:58:47,197][rfdiffusion.inference.model_runners][INFO] - Timestep 20, input to next step: ----------------------------------------------------------------------------------------------
[2026-04-19 20:58:48,918][rfdiffusion.inference.model_runners][INFO] - Timestep 19, input to next step: ----------------------------------------------------------------------------------------------
[2026-04-19 20:58:50,581][rfdiffusion.inference.model_runners][INFO] - Timestep 18, input to next step: ----------------------------------------------------------------------------------------------
[2026-04-19 20:58:52,254][rfdiffusion.inference.model_runners][INFO] - Timestep 17, input to next step: ----------------------------------------------------------------------------------------------
[2026-04-19 20:58:53,836][rfdiffusion.inference.model_runners][INFO] - Timestep 16, input to next step: ----------------------------------------------------------------------------------------------
[2026-04-19 20:58:55,351][rfdiffusion.inference.model_runners][INFO] - Timestep 15, input to next step: ----------------------------------------------------------------------------------------------
[2026-04-19 20:58:56,896][rfdiffusion.inference.model_runners][INFO] - Timestep 14, input to next step: ----------------------------------------------------------------------------------------------
[2026-04-19 20:58:58,443][rfdiffusion.inference.model_runners][INFO] - Timestep 13, input to next step: ----------------------------------------------------------------------------------------------
[2026-04-19 20:58:59,953][rfdiffusion.inference.model_runners][INFO] - Timestep 12, input to next step: ----------------------------------------------------------------------------------------------
[2026-04-19 20:59:01,609][rfdiffusion.inference.model_runners][INFO] - Timestep 11, input to next step: ----------------------------------------------------------------------------------------------
[2026-04-19 20:59:03,225][rfdiffusion.inference.model_runners][INFO] - Timestep 10, input to next step: ----------------------------------------------------------------------------------------------
[2026-04-19 20:59:04,744][rfdiffusion.inference.model_runners][INFO] - Timestep 9, input to next step: ----------------------------------------------------------------------------------------------
[2026-04-19 20:59:06,213][rfdiffusion.inference.model_runners][INFO] - Timestep 8, input to next step: ----------------------------------------------------------------------------------------------
[2026-04-19 20:59:07,721][rfdiffusion.inference.model_runners][INFO] - Timestep 7, input to next step: ----------------------------------------------------------------------------------------------
[2026-04-19 20:59:09,223][rfdiffusion.inference.model_runners][INFO] - Timestep 6, input to next step: ----------------------------------------------------------------------------------------------
[2026-04-19 20:59:10,826][rfdiffusion.inference.model_runners][INFO] - Timestep 5, input to next step: ----------------------------------------------------------------------------------------------
[2026-04-19 20:59:12,398][rfdiffusion.inference.model_runners][INFO] - Timestep 4, input to next step: ----------------------------------------------------------------------------------------------
[2026-04-19 20:59:13,991][rfdiffusion.inference.model_runners][INFO] - Timestep 3, input to next step: ----------------------------------------------------------------------------------------------
[2026-04-19 20:59:15,488][rfdiffusion.inference.model_runners][INFO] - Timestep 2, input to next step: ----------------------------------------------------------------------------------------------
[2026-04-19 20:59:18,730][__main__][INFO] - Finished design in 1.37 minutes
[2026-04-19 20:59:18,730][__main__][INFO] - Making design /home/manvi/Team_8_CS598GBL/Assignment/Generate_designs/default/len_094/design_3
[2026-04-19 20:59:18,734][rfdiffusion.inference.model_runners][INFO] - Using contig: ['94-94']
[2026-04-19 20:59:18,752][rfdiffusion.inference.model_runners][INFO] - Sequence init: ----------------------------------------------------------------------------------------------
[2026-04-19 20:59:20,075][rfdiffusion.inference.model_runners][INFO] - Timestep 50, input to next step: ----------------------------------------------------------------------------------------------
[2026-04-19 20:59:21,537][rfdiffusion.inference.model_runners][INFO] - Timestep 49, input to next step: ----------------------------------------------------------------------------------------------
[2026-04-19 20:59:23,106][rfdiffusion.inference.model_runners][INFO] - Timestep 48, input to next step: ----------------------------------------------------------------------------------------------
[2026-04-19 20:59:24,642][rfdiffusion.inference.model_runners][INFO] - Timestep 47, input to next step: ----------------------------------------------------------------------------------------------
[2026-04-19 20:59:28,139][rfdiffusion.inference.model_runners][INFO] - Timestep 46, input to next step: ----------------------------------------------------------------------------------------------
[2026-04-19 20:59:30,737][rfdiffusion.inference.model_runners][INFO] - Timestep 45, input to next step: ----------------------------------------------------------------------------------------------
[2026-04-19 20:59:33,410][rfdiffusion.inference.model_runners][INFO] - Timestep 44, input to next step: ----------------------------------------------------------------------------------------------
[2026-04-19 20:59:36,723][rfdiffusion.inference.model_runners][INFO] - Timestep 43, input to next step: ----------------------------------------------------------------------------------------------
[2026-04-19 20:59:39,473][rfdiffusion.inference.model_runners][INFO] - Timestep 42, input to next step: ----------------------------------------------------------------------------------------------
[2026-04-19 20:59:41,907][rfdiffusion.inference.model_runners][INFO] - Timestep 41, input to next step: ----------------------------------------------------------------------------------------------
[2026-04-19 20:59:44,602][rfdiffusion.inference.model_runners][INFO] - Timestep 40, input to next step: ----------------------------------------------------------------------------------------------
[2026-04-19 20:59:47,398][rfdiffusion.inference.model_runners][INFO] - Timestep 39, input to next step: ----------------------------------------------------------------------------------------------
[2026-04-19 20:59:49,771][rfdiffusion.inference.model_runners][INFO] - Timestep 38, input to next step: ----------------------------------------------------------------------------------------------
[2026-04-19 20:59:52,012][rfdiffusion.inference.model_runners][INFO] - Timestep 37, input to next step: ----------------------------------------------------------------------------------------------
[2026-04-19 20:59:54,168][rfdiffusion.inference.model_runners][INFO] - Timestep 36, input to next step: ----------------------------------------------------------------------------------------------
[2026-04-19 20:59:56,537][rfdiffusion.inference.model_runners][INFO] - Timestep 35, input to next step: ----------------------------------------------------------------------------------------------
[2026-04-19 20:59:58,777][rfdiffusion.inference.model_runners][INFO] - Timestep 34, input to next step: ----------------------------------------------------------------------------------------------
[2026-04-19 21:00:01,064][rfdiffusion.inference.model_runners][INFO] - Timestep 33, input to next step: ----------------------------------------------------------------------------------------------
[2026-04-19 21:00:02,988][rfdiffusion.inference.model_runners][INFO] - Timestep 32, input to next step: ----------------------------------------------------------------------------------------------
[2026-04-19 21:00:05,368][rfdiffusion.inference.model_runners][INFO] - Timestep 31, input to next step: ----------------------------------------------------------------------------------------------
[2026-04-19 21:00:07,879][rfdiffusion.inference.model_runners][INFO] - Timestep 30, input to next step: ----------------------------------------------------------------------------------------------
[2026-04-19 21:00:10,009][rfdiffusion.inference.model_runners][INFO] - Timestep 29, input to next step: ----------------------------------------------------------------------------------------------
[2026-04-19 21:00:12,043][rfdiffusion.inference.model_runners][INFO] - Timestep 28, input to next step: ----------------------------------------------------------------------------------------------
[2026-04-19 21:00:14,054][rfdiffusion.inference.model_runners][INFO] - Timestep 27, input to next step: ----------------------------------------------------------------------------------------------
[2026-04-19 21:00:16,033][rfdiffusion.inference.model_runners][INFO] - Timestep 26, input to next step: ----------------------------------------------------------------------------------------------
[2026-04-19 21:00:17,916][rfdiffusion.inference.model_runners][INFO] - Timestep 25, input to next step: ----------------------------------------------------------------------------------------------
[2026-04-19 21:00:19,979][rfdiffusion.inference.model_runners][INFO] - Timestep 24, input to next step: ----------------------------------------------------------------------------------------------
[2026-04-19 21:00:22,408][rfdiffusion.inference.model_runners][INFO] - Timestep 23, input to next step: ----------------------------------------------------------------------------------------------
[2026-04-19 21:00:24,370][rfdiffusion.inference.model_runners][INFO] - Timestep 22, input to next step: ----------------------------------------------------------------------------------------------
[2026-04-19 21:00:27,104][rfdiffusion.inference.model_runners][INFO] - Timestep 21, input to next step: ----------------------------------------------------------------------------------------------
[2026-04-19 21:00:28,894][rfdiffusion.inference.model_runners][INFO] - Timestep 20, input to next step: ----------------------------------------------------------------------------------------------
[2026-04-19 21:00:30,649][rfdiffusion.inference.model_runners][INFO] - Timestep 19, input to next step: ----------------------------------------------------------------------------------------------
[2026-04-19 21:00:33,058][rfdiffusion.inference.model_runners][INFO] - Timestep 18, input to next step: ----------------------------------------------------------------------------------------------
[2026-04-19 21:00:35,033][rfdiffusion.inference.model_runners][INFO] - Timestep 17, input to next step: ----------------------------------------------------------------------------------------------
[2026-04-19 21:00:36,979][rfdiffusion.inference.model_runners][INFO] - Timestep 16, input to next step: ----------------------------------------------------------------------------------------------
[2026-04-19 21:00:38,856][rfdiffusion.inference.model_runners][INFO] - Timestep 15, input to next step: ----------------------------------------------------------------------------------------------
[2026-04-19 21:00:40,820][rfdiffusion.inference.model_runners][INFO] - Timestep 14, input to next step: ----------------------------------------------------------------------------------------------
[2026-04-19 21:00:42,657][rfdiffusion.inference.model_runners][INFO] - Timestep 13, input to next step: ----------------------------------------------------------------------------------------------
[2026-04-19 21:00:44,562][rfdiffusion.inference.model_runners][INFO] - Timestep 12, input to next step: ----------------------------------------------------------------------------------------------
[2026-04-19 21:00:46,414][rfdiffusion.inference.model_runners][INFO] - Timestep 11, input to next step: ----------------------------------------------------------------------------------------------
[2026-04-19 21:00:48,019][rfdiffusion.inference.model_runners][INFO] - Timestep 10, input to next step: ----------------------------------------------------------------------------------------------
[2026-04-19 21:00:49,591][rfdiffusion.inference.model_runners][INFO] - Timestep 9, input to next step: ----------------------------------------------------------------------------------------------
[2026-04-19 21:00:51,375][rfdiffusion.inference.model_runners][INFO] - Timestep 8, input to next step: ----------------------------------------------------------------------------------------------
[2026-04-19 21:00:52,814][rfdiffusion.inference.model_runners][INFO] - Timestep 7, input to next step: ----------------------------------------------------------------------------------------------
[2026-04-19 21:00:54,435][rfdiffusion.inference.model_runners][INFO] - Timestep 6, input to next step: ----------------------------------------------------------------------------------------------
[2026-04-19 21:00:56,223][rfdiffusion.inference.model_runners][INFO] - Timestep 5, input to next step: ----------------------------------------------------------------------------------------------
[2026-04-19 21:00:58,017][rfdiffusion.inference.model_runners][INFO] - Timestep 4, input to next step: ----------------------------------------------------------------------------------------------
[2026-04-19 21:00:59,746][rfdiffusion.inference.model_runners][INFO] - Timestep 3, input to next step: ----------------------------------------------------------------------------------------------
[2026-04-19 21:01:01,474][rfdiffusion.inference.model_runners][INFO] - Timestep 2, input to next step: ----------------------------------------------------------------------------------------------
[2026-04-19 21:01:04,810][__main__][INFO] - Finished design in 1.77 minutes
[2026-04-19 21:01:04,811][__main__][INFO] - Making design /home/manvi/Team_8_CS598GBL/Assignment/Generate_designs/default/len_094/design_4
[2026-04-19 21:01:04,815][rfdiffusion.inference.model_runners][INFO] - Using contig: ['94-94']
[2026-04-19 21:01:04,834][rfdiffusion.inference.model_runners][INFO] - Sequence init: ----------------------------------------------------------------------------------------------
[2026-04-19 21:01:06,241][rfdiffusion.inference.model_runners][INFO] - Timestep 50, input to next step: ----------------------------------------------------------------------------------------------
[2026-04-19 21:01:07,767][rfdiffusion.inference.model_runners][INFO] - Timestep 49, input to next step: ----------------------------------------------------------------------------------------------
[2026-04-19 21:01:09,451][rfdiffusion.inference.model_runners][INFO] - Timestep 48, input to next step: ----------------------------------------------------------------------------------------------
[2026-04-19 21:01:10,984][rfdiffusion.inference.model_runners][INFO] - Timestep 47, input to next step: ----------------------------------------------------------------------------------------------
[2026-04-19 21:01:12,648][rfdiffusion.inference.model_runners][INFO] - Timestep 46, input to next step: ----------------------------------------------------------------------------------------------
[2026-04-19 21:01:14,346][rfdiffusion.inference.model_runners][INFO] - Timestep 45, input to next step: ----------------------------------------------------------------------------------------------
[2026-04-19 21:01:16,103][rfdiffusion.inference.model_runners][INFO] - Timestep 44, input to next step: ----------------------------------------------------------------------------------------------
[2026-04-19 21:01:17,779][rfdiffusion.inference.model_runners][INFO] - Timestep 43, input to next step: ----------------------------------------------------------------------------------------------
[2026-04-19 21:01:19,549][rfdiffusion.inference.model_runners][INFO] - Timestep 42, input to next step: ----------------------------------------------------------------------------------------------
[2026-04-19 21:01:21,597][rfdiffusion.inference.model_runners][INFO] - Timestep 41, input to next step: ----------------------------------------------------------------------------------------------
[2026-04-19 21:01:23,458][rfdiffusion.inference.model_runners][INFO] - Timestep 40, input to next step: ----------------------------------------------------------------------------------------------
[2026-04-19 21:01:25,176][rfdiffusion.inference.model_runners][INFO] - Timestep 39, input to next step: ----------------------------------------------------------------------------------------------
[2026-04-19 21:01:26,907][rfdiffusion.inference.model_runners][INFO] - Timestep 38, input to next step: ----------------------------------------------------------------------------------------------
[2026-04-19 21:01:28,514][rfdiffusion.inference.model_runners][INFO] - Timestep 37, input to next step: ----------------------------------------------------------------------------------------------
[2026-04-19 21:01:30,201][rfdiffusion.inference.model_runners][INFO] - Timestep 36, input to next step: ----------------------------------------------------------------------------------------------
[2026-04-19 21:01:32,638][rfdiffusion.inference.model_runners][INFO] - Timestep 35, input to next step: ----------------------------------------------------------------------------------------------
[2026-04-19 21:01:34,392][rfdiffusion.inference.model_runners][INFO] - Timestep 34, input to next step: ----------------------------------------------------------------------------------------------
[2026-04-19 21:01:36,779][rfdiffusion.inference.model_runners][INFO] - Timestep 33, input to next step: ----------------------------------------------------------------------------------------------
[2026-04-19 21:01:38,733][rfdiffusion.inference.model_runners][INFO] - Timestep 32, input to next step: ----------------------------------------------------------------------------------------------
[2026-04-19 21:01:40,155][rfdiffusion.inference.model_runners][INFO] - Timestep 31, input to next step: ----------------------------------------------------------------------------------------------
[2026-04-19 21:01:41,663][rfdiffusion.inference.model_runners][INFO] - Timestep 30, input to next step: ----------------------------------------------------------------------------------------------
[2026-04-19 21:01:43,013][rfdiffusion.inference.model_runners][INFO] - Timestep 29, input to next step: ----------------------------------------------------------------------------------------------
[2026-04-19 21:01:44,455][rfdiffusion.inference.model_runners][INFO] - Timestep 28, input to next step: ----------------------------------------------------------------------------------------------
[2026-04-19 21:01:46,097][rfdiffusion.inference.model_runners][INFO] - Timestep 27, input to next step: ----------------------------------------------------------------------------------------------
[2026-04-19 21:01:47,778][rfdiffusion.inference.model_runners][INFO] - Timestep 26, input to next step: ----------------------------------------------------------------------------------------------
[2026-04-19 21:01:49,345][rfdiffusion.inference.model_runners][INFO] - Timestep 25, input to next step: ----------------------------------------------------------------------------------------------
[2026-04-19 21:01:50,866][rfdiffusion.inference.model_runners][INFO] - Timestep 24, input to next step: ----------------------------------------------------------------------------------------------
[2026-04-19 21:01:52,508][rfdiffusion.inference.model_runners][INFO] - Timestep 23, input to next step: ----------------------------------------------------------------------------------------------
[2026-04-19 21:01:54,063][rfdiffusion.inference.model_runners][INFO] - Timestep 22, input to next step: ----------------------------------------------------------------------------------------------
[2026-04-19 21:01:55,734][rfdiffusion.inference.model_runners][INFO] - Timestep 21, input to next step: ----------------------------------------------------------------------------------------------
[2026-04-19 21:01:57,313][rfdiffusion.inference.model_runners][INFO] - Timestep 20, input to next step: ----------------------------------------------------------------------------------------------
[2026-04-19 21:01:58,772][rfdiffusion.inference.model_runners][INFO] - Timestep 19, input to next step: ----------------------------------------------------------------------------------------------
[2026-04-19 21:02:00,253][rfdiffusion.inference.model_runners][INFO] - Timestep 18, input to next step: ----------------------------------------------------------------------------------------------
[2026-04-19 21:02:01,790][rfdiffusion.inference.model_runners][INFO] - Timestep 17, input to next step: ----------------------------------------------------------------------------------------------
[2026-04-19 21:02:03,294][rfdiffusion.inference.model_runners][INFO] - Timestep 16, input to next step: ----------------------------------------------------------------------------------------------
[2026-04-19 21:02:04,813][rfdiffusion.inference.model_runners][INFO] - Timestep 15, input to next step: ----------------------------------------------------------------------------------------------
[2026-04-19 21:02:06,283][rfdiffusion.inference.model_runners][INFO] - Timestep 14, input to next step: ----------------------------------------------------------------------------------------------
[2026-04-19 21:02:07,867][rfdiffusion.inference.model_runners][INFO] - Timestep 13, input to next step: ----------------------------------------------------------------------------------------------
[2026-04-19 21:02:09,414][rfdiffusion.inference.model_runners][INFO] - Timestep 12, input to next step: ----------------------------------------------------------------------------------------------
[2026-04-19 21:02:10,978][rfdiffusion.inference.model_runners][INFO] - Timestep 11, input to next step: ----------------------------------------------------------------------------------------------
[2026-04-19 21:02:12,461][rfdiffusion.inference.model_runners][INFO] - Timestep 10, input to next step: ----------------------------------------------------------------------------------------------
[2026-04-19 21:02:13,995][rfdiffusion.inference.model_runners][INFO] - Timestep 9, input to next step: ----------------------------------------------------------------------------------------------
[2026-04-19 21:02:15,480][rfdiffusion.inference.model_runners][INFO] - Timestep 8, input to next step: ----------------------------------------------------------------------------------------------
[2026-04-19 21:02:17,013][rfdiffusion.inference.model_runners][INFO] - Timestep 7, input to next step: ----------------------------------------------------------------------------------------------
[2026-04-19 21:02:18,641][rfdiffusion.inference.model_runners][INFO] - Timestep 6, input to next step: ----------------------------------------------------------------------------------------------
[2026-04-19 21:02:20,253][rfdiffusion.inference.model_runners][INFO] - Timestep 5, input to next step: ----------------------------------------------------------------------------------------------
[2026-04-19 21:02:21,835][rfdiffusion.inference.model_runners][INFO] - Timestep 4, input to next step: ----------------------------------------------------------------------------------------------
[2026-04-19 21:02:23,408][rfdiffusion.inference.model_runners][INFO] - Timestep 3, input to next step: ----------------------------------------------------------------------------------------------
[2026-04-19 21:02:24,922][rfdiffusion.inference.model_runners][INFO] - Timestep 2, input to next step: ----------------------------------------------------------------------------------------------
[2026-04-19 21:02:28,068][__main__][INFO] - Finished design in 1.39 minutes
[2026-04-19 21:02:28,068][__main__][INFO] - Making design /home/manvi/Team_8_CS598GBL/Assignment/Generate_designs/default/len_094/design_5
[2026-04-19 21:02:28,072][rfdiffusion.inference.model_runners][INFO] - Using contig: ['94-94']
[2026-04-19 21:02:28,096][rfdiffusion.inference.model_runners][INFO] - Sequence init: ----------------------------------------------------------------------------------------------
[2026-04-19 21:02:29,623][rfdiffusion.inference.model_runners][INFO] - Timestep 50, input to next step: ----------------------------------------------------------------------------------------------
[2026-04-19 21:02:32,888][rfdiffusion.inference.model_runners][INFO] - Timestep 49, input to next step: ----------------------------------------------------------------------------------------------
[2026-04-19 21:02:35,221][rfdiffusion.inference.model_runners][INFO] - Timestep 48, input to next step: ----------------------------------------------------------------------------------------------
[2026-04-19 21:02:36,786][rfdiffusion.inference.model_runners][INFO] - Timestep 47, input to next step: ----------------------------------------------------------------------------------------------
[2026-04-19 21:02:38,294][rfdiffusion.inference.model_runners][INFO] - Timestep 46, input to next step: ----------------------------------------------------------------------------------------------
[2026-04-19 21:02:39,862][rfdiffusion.inference.model_runners][INFO] - Timestep 45, input to next step: ----------------------------------------------------------------------------------------------
[2026-04-19 21:02:41,441][rfdiffusion.inference.model_runners][INFO] - Timestep 44, input to next step: ----------------------------------------------------------------------------------------------
[2026-04-19 21:02:43,029][rfdiffusion.inference.model_runners][INFO] - Timestep 43, input to next step: ----------------------------------------------------------------------------------------------
[2026-04-19 21:02:44,671][rfdiffusion.inference.model_runners][INFO] - Timestep 42, input to next step: ----------------------------------------------------------------------------------------------
[2026-04-19 21:02:46,362][rfdiffusion.inference.model_runners][INFO] - Timestep 41, input to next step: ----------------------------------------------------------------------------------------------
[2026-04-19 21:02:48,075][rfdiffusion.inference.model_runners][INFO] - Timestep 40, input to next step: ----------------------------------------------------------------------------------------------
[2026-04-19 21:02:49,681][rfdiffusion.inference.model_runners][INFO] - Timestep 39, input to next step: ----------------------------------------------------------------------------------------------
[2026-04-19 21:02:51,288][rfdiffusion.inference.model_runners][INFO] - Timestep 38, input to next step: ----------------------------------------------------------------------------------------------
[2026-04-19 21:02:52,869][rfdiffusion.inference.model_runners][INFO] - Timestep 37, input to next step: ----------------------------------------------------------------------------------------------
[2026-04-19 21:02:54,427][rfdiffusion.inference.model_runners][INFO] - Timestep 36, input to next step: ----------------------------------------------------------------------------------------------
[2026-04-19 21:02:55,981][rfdiffusion.inference.model_runners][INFO] - Timestep 35, input to next step: ----------------------------------------------------------------------------------------------
[2026-04-19 21:02:57,622][rfdiffusion.inference.model_runners][INFO] - Timestep 34, input to next step: ----------------------------------------------------------------------------------------------
[2026-04-19 21:02:59,635][rfdiffusion.inference.model_runners][INFO] - Timestep 33, input to next step: ----------------------------------------------------------------------------------------------
[2026-04-19 21:03:01,311][rfdiffusion.inference.model_runners][INFO] - Timestep 32, input to next step: ----------------------------------------------------------------------------------------------
[2026-04-19 21:03:02,836][rfdiffusion.inference.model_runners][INFO] - Timestep 31, input to next step: ----------------------------------------------------------------------------------------------
[2026-04-19 21:03:04,444][rfdiffusion.inference.model_runners][INFO] - Timestep 30, input to next step: ----------------------------------------------------------------------------------------------
[2026-04-19 21:03:06,124][rfdiffusion.inference.model_runners][INFO] - Timestep 29, input to next step: ----------------------------------------------------------------------------------------------
[2026-04-19 21:03:07,704][rfdiffusion.inference.model_runners][INFO] - Timestep 28, input to next step: ----------------------------------------------------------------------------------------------
[2026-04-19 21:03:09,261][rfdiffusion.inference.model_runners][INFO] - Timestep 27, input to next step: ----------------------------------------------------------------------------------------------
[2026-04-19 21:03:10,646][rfdiffusion.inference.model_runners][INFO] - Timestep 26, input to next step: ----------------------------------------------------------------------------------------------
[2026-04-19 21:03:12,113][rfdiffusion.inference.model_runners][INFO] - Timestep 25, input to next step: ----------------------------------------------------------------------------------------------
[2026-04-19 21:03:13,666][rfdiffusion.inference.model_runners][INFO] - Timestep 24, input to next step: ----------------------------------------------------------------------------------------------
[2026-04-19 21:03:15,278][rfdiffusion.inference.model_runners][INFO] - Timestep 23, input to next step: ----------------------------------------------------------------------------------------------
[2026-04-19 21:03:16,862][rfdiffusion.inference.model_runners][INFO] - Timestep 22, input to next step: ----------------------------------------------------------------------------------------------
[2026-04-19 21:03:18,769][rfdiffusion.inference.model_runners][INFO] - Timestep 21, input to next step: ----------------------------------------------------------------------------------------------
[2026-04-19 21:03:20,483][rfdiffusion.inference.model_runners][INFO] - Timestep 20, input to next step: ----------------------------------------------------------------------------------------------
[2026-04-19 21:03:22,102][rfdiffusion.inference.model_runners][INFO] - Timestep 19, input to next step: ----------------------------------------------------------------------------------------------
[2026-04-19 21:03:23,626][rfdiffusion.inference.model_runners][INFO] - Timestep 18, input to next step: ----------------------------------------------------------------------------------------------
[2026-04-19 21:03:25,225][rfdiffusion.inference.model_runners][INFO] - Timestep 17, input to next step: ----------------------------------------------------------------------------------------------
[2026-04-19 21:03:26,814][rfdiffusion.inference.model_runners][INFO] - Timestep 16, input to next step: ----------------------------------------------------------------------------------------------
[2026-04-19 21:03:28,302][rfdiffusion.inference.model_runners][INFO] - Timestep 15, input to next step: ----------------------------------------------------------------------------------------------
[2026-04-19 21:03:29,908][rfdiffusion.inference.model_runners][INFO] - Timestep 14, input to next step: ----------------------------------------------------------------------------------------------
[2026-04-19 21:03:31,469][rfdiffusion.inference.model_runners][INFO] - Timestep 13, input to next step: ----------------------------------------------------------------------------------------------
[2026-04-19 21:03:32,988][rfdiffusion.inference.model_runners][INFO] - Timestep 12, input to next step: ----------------------------------------------------------------------------------------------
[2026-04-19 21:03:34,542][rfdiffusion.inference.model_runners][INFO] - Timestep 11, input to next step: ----------------------------------------------------------------------------------------------
[2026-04-19 21:03:36,107][rfdiffusion.inference.model_runners][INFO] - Timestep 10, input to next step: ----------------------------------------------------------------------------------------------
[2026-04-19 21:03:37,711][rfdiffusion.inference.model_runners][INFO] - Timestep 9, input to next step: ----------------------------------------------------------------------------------------------
[2026-04-19 21:03:39,264][rfdiffusion.inference.model_runners][INFO] - Timestep 8, input to next step: ----------------------------------------------------------------------------------------------
[2026-04-19 21:03:40,890][rfdiffusion.inference.model_runners][INFO] - Timestep 7, input to next step: ----------------------------------------------------------------------------------------------
[2026-04-19 21:03:42,476][rfdiffusion.inference.model_runners][INFO] - Timestep 6, input to next step: ----------------------------------------------------------------------------------------------
[2026-04-19 21:03:44,023][rfdiffusion.inference.model_runners][INFO] - Timestep 5, input to next step: ----------------------------------------------------------------------------------------------
[2026-04-19 21:03:45,766][rfdiffusion.inference.model_runners][INFO] - Timestep 4, input to next step: ----------------------------------------------------------------------------------------------
[2026-04-19 21:03:47,366][rfdiffusion.inference.model_runners][INFO] - Timestep 3, input to next step: ----------------------------------------------------------------------------------------------
[2026-04-19 21:03:49,031][rfdiffusion.inference.model_runners][INFO] - Timestep 2, input to next step: ----------------------------------------------------------------------------------------------
[2026-04-19 21:03:52,250][__main__][INFO] - Finished design in 1.40 minutes
[2026-04-19 21:03:52,250][__main__][INFO] - Making design /home/manvi/Team_8_CS598GBL/Assignment/Generate_designs/default/len_094/design_6
[2026-04-19 21:03:52,255][rfdiffusion.inference.model_runners][INFO] - Using contig: ['94-94']
[2026-04-19 21:03:52,276][rfdiffusion.inference.model_runners][INFO] - Sequence init: ----------------------------------------------------------------------------------------------
[2026-04-19 21:03:53,606][rfdiffusion.inference.model_runners][INFO] - Timestep 50, input to next step: ----------------------------------------------------------------------------------------------
[2026-04-19 21:03:55,025][rfdiffusion.inference.model_runners][INFO] - Timestep 49, input to next step: ----------------------------------------------------------------------------------------------
[2026-04-19 21:03:56,676][rfdiffusion.inference.model_runners][INFO] - Timestep 48, input to next step: ----------------------------------------------------------------------------------------------
[2026-04-19 21:03:58,471][rfdiffusion.inference.model_runners][INFO] - Timestep 47, input to next step: ----------------------------------------------------------------------------------------------
[2026-04-19 21:04:00,073][rfdiffusion.inference.model_runners][INFO] - Timestep 46, input to next step: ----------------------------------------------------------------------------------------------
[2026-04-19 21:04:01,695][rfdiffusion.inference.model_runners][INFO] - Timestep 45, input to next step: ----------------------------------------------------------------------------------------------
[2026-04-19 21:04:03,206][rfdiffusion.inference.model_runners][INFO] - Timestep 44, input to next step: ----------------------------------------------------------------------------------------------
[2026-04-19 21:04:04,777][rfdiffusion.inference.model_runners][INFO] - Timestep 43, input to next step: ----------------------------------------------------------------------------------------------
[2026-04-19 21:04:06,337][rfdiffusion.inference.model_runners][INFO] - Timestep 42, input to next step: ----------------------------------------------------------------------------------------------
[2026-04-19 21:04:07,917][rfdiffusion.inference.model_runners][INFO] - Timestep 41, input to next step: ----------------------------------------------------------------------------------------------
[2026-04-19 21:04:09,412][rfdiffusion.inference.model_runners][INFO] - Timestep 40, input to next step: ----------------------------------------------------------------------------------------------
[2026-04-19 21:04:10,965][rfdiffusion.inference.model_runners][INFO] - Timestep 39, input to next step: ----------------------------------------------------------------------------------------------
[2026-04-19 21:04:12,503][rfdiffusion.inference.model_runners][INFO] - Timestep 38, input to next step: ----------------------------------------------------------------------------------------------
[2026-04-19 21:04:13,996][rfdiffusion.inference.model_runners][INFO] - Timestep 37, input to next step: ----------------------------------------------------------------------------------------------
[2026-04-19 21:04:15,495][rfdiffusion.inference.model_runners][INFO] - Timestep 36, input to next step: ----------------------------------------------------------------------------------------------
[2026-04-19 21:04:17,105][rfdiffusion.inference.model_runners][INFO] - Timestep 35, input to next step: ----------------------------------------------------------------------------------------------
[2026-04-19 21:04:18,670][rfdiffusion.inference.model_runners][INFO] - Timestep 34, input to next step: ----------------------------------------------------------------------------------------------
[2026-04-19 21:04:20,069][rfdiffusion.inference.model_runners][INFO] - Timestep 33, input to next step: ----------------------------------------------------------------------------------------------
[2026-04-19 21:04:21,608][rfdiffusion.inference.model_runners][INFO] - Timestep 32, input to next step: ----------------------------------------------------------------------------------------------
[2026-04-19 21:04:23,266][rfdiffusion.inference.model_runners][INFO] - Timestep 31, input to next step: ----------------------------------------------------------------------------------------------
[2026-04-19 21:04:24,850][rfdiffusion.inference.model_runners][INFO] - Timestep 30, input to next step: ----------------------------------------------------------------------------------------------
[2026-04-19 21:04:26,492][rfdiffusion.inference.model_runners][INFO] - Timestep 29, input to next step: ----------------------------------------------------------------------------------------------
[2026-04-19 21:04:28,336][rfdiffusion.inference.model_runners][INFO] - Timestep 28, input to next step: ----------------------------------------------------------------------------------------------
[2026-04-19 21:04:29,896][rfdiffusion.inference.model_runners][INFO] - Timestep 27, input to next step: ----------------------------------------------------------------------------------------------
[2026-04-19 21:04:31,473][rfdiffusion.inference.model_runners][INFO] - Timestep 26, input to next step: ----------------------------------------------------------------------------------------------
[2026-04-19 21:04:32,985][rfdiffusion.inference.model_runners][INFO] - Timestep 25, input to next step: ----------------------------------------------------------------------------------------------
[2026-04-19 21:04:34,607][rfdiffusion.inference.model_runners][INFO] - Timestep 24, input to next step: ----------------------------------------------------------------------------------------------
[2026-04-19 21:04:36,164][rfdiffusion.inference.model_runners][INFO] - Timestep 23, input to next step: ----------------------------------------------------------------------------------------------
[2026-04-19 21:04:37,724][rfdiffusion.inference.model_runners][INFO] - Timestep 22, input to next step: ----------------------------------------------------------------------------------------------
[2026-04-19 21:04:39,312][rfdiffusion.inference.model_runners][INFO] - Timestep 21, input to next step: ----------------------------------------------------------------------------------------------
[2026-04-19 21:04:40,829][rfdiffusion.inference.model_runners][INFO] - Timestep 20, input to next step: ----------------------------------------------------------------------------------------------
[2026-04-19 21:04:42,363][rfdiffusion.inference.model_runners][INFO] - Timestep 19, input to next step: ----------------------------------------------------------------------------------------------
[2026-04-19 21:04:43,980][rfdiffusion.inference.model_runners][INFO] - Timestep 18, input to next step: ----------------------------------------------------------------------------------------------
[2026-04-19 21:04:45,581][rfdiffusion.inference.model_runners][INFO] - Timestep 17, input to next step: ----------------------------------------------------------------------------------------------
[2026-04-19 21:04:47,223][rfdiffusion.inference.model_runners][INFO] - Timestep 16, input to next step: ----------------------------------------------------------------------------------------------
[2026-04-19 21:04:48,759][rfdiffusion.inference.model_runners][INFO] - Timestep 15, input to next step: ----------------------------------------------------------------------------------------------
[2026-04-19 21:04:50,323][rfdiffusion.inference.model_runners][INFO] - Timestep 14, input to next step: ----------------------------------------------------------------------------------------------
[2026-04-19 21:04:51,949][rfdiffusion.inference.model_runners][INFO] - Timestep 13, input to next step: ----------------------------------------------------------------------------------------------
[2026-04-19 21:04:53,548][rfdiffusion.inference.model_runners][INFO] - Timestep 12, input to next step: ----------------------------------------------------------------------------------------------
[2026-04-19 21:04:55,167][rfdiffusion.inference.model_runners][INFO] - Timestep 11, input to next step: ----------------------------------------------------------------------------------------------
[2026-04-19 21:04:56,673][rfdiffusion.inference.model_runners][INFO] - Timestep 10, input to next step: ----------------------------------------------------------------------------------------------
[2026-04-19 21:04:58,314][rfdiffusion.inference.model_runners][INFO] - Timestep 9, input to next step: ----------------------------------------------------------------------------------------------
[2026-04-19 21:04:59,889][rfdiffusion.inference.model_runners][INFO] - Timestep 8, input to next step: ----------------------------------------------------------------------------------------------
[2026-04-19 21:05:01,331][rfdiffusion.inference.model_runners][INFO] - Timestep 7, input to next step: ----------------------------------------------------------------------------------------------
[2026-04-19 21:05:02,874][rfdiffusion.inference.model_runners][INFO] - Timestep 6, input to next step: ----------------------------------------------------------------------------------------------
[2026-04-19 21:05:04,406][rfdiffusion.inference.model_runners][INFO] - Timestep 5, input to next step: ----------------------------------------------------------------------------------------------
[2026-04-19 21:05:06,002][rfdiffusion.inference.model_runners][INFO] - Timestep 4, input to next step: ----------------------------------------------------------------------------------------------
[2026-04-19 21:05:07,572][rfdiffusion.inference.model_runners][INFO] - Timestep 3, input to next step: ----------------------------------------------------------------------------------------------
[2026-04-19 21:05:09,204][rfdiffusion.inference.model_runners][INFO] - Timestep 2, input to next step: ----------------------------------------------------------------------------------------------
[2026-04-19 21:05:12,349][__main__][INFO] - Finished design in 1.33 minutes
[2026-04-19 21:05:12,349][__main__][INFO] - Making design /home/manvi/Team_8_CS598GBL/Assignment/Generate_designs/default/len_094/design_7
[2026-04-19 21:05:12,354][rfdiffusion.inference.model_runners][INFO] - Using contig: ['94-94']
[2026-04-19 21:05:12,374][rfdiffusion.inference.model_runners][INFO] - Sequence init: ----------------------------------------------------------------------------------------------
[2026-04-19 21:05:13,796][rfdiffusion.inference.model_runners][INFO] - Timestep 50, input to next step: ----------------------------------------------------------------------------------------------
[2026-04-19 21:05:15,356][rfdiffusion.inference.model_runners][INFO] - Timestep 49, input to next step: ----------------------------------------------------------------------------------------------
[2026-04-19 21:05:16,954][rfdiffusion.inference.model_runners][INFO] - Timestep 48, input to next step: ----------------------------------------------------------------------------------------------
[2026-04-19 21:05:18,413][rfdiffusion.inference.model_runners][INFO] - Timestep 47, input to next step: ----------------------------------------------------------------------------------------------
[2026-04-19 21:05:19,919][rfdiffusion.inference.model_runners][INFO] - Timestep 46, input to next step: ----------------------------------------------------------------------------------------------
[2026-04-19 21:05:21,612][rfdiffusion.inference.model_runners][INFO] - Timestep 45, input to next step: ----------------------------------------------------------------------------------------------
[2026-04-19 21:05:23,298][rfdiffusion.inference.model_runners][INFO] - Timestep 44, input to next step: ----------------------------------------------------------------------------------------------
[2026-04-19 21:05:25,010][rfdiffusion.inference.model_runners][INFO] - Timestep 43, input to next step: ----------------------------------------------------------------------------------------------
[2026-04-19 21:05:26,531][rfdiffusion.inference.model_runners][INFO] - Timestep 42, input to next step: ----------------------------------------------------------------------------------------------
[2026-04-19 21:05:28,129][rfdiffusion.inference.model_runners][INFO] - Timestep 41, input to next step: ----------------------------------------------------------------------------------------------
[2026-04-19 21:05:29,817][rfdiffusion.inference.model_runners][INFO] - Timestep 40, input to next step: ----------------------------------------------------------------------------------------------
[2026-04-19 21:05:31,533][rfdiffusion.inference.model_runners][INFO] - Timestep 39, input to next step: ----------------------------------------------------------------------------------------------
[2026-04-19 21:05:33,265][rfdiffusion.inference.model_runners][INFO] - Timestep 38, input to next step: ----------------------------------------------------------------------------------------------
[2026-04-19 21:05:34,856][rfdiffusion.inference.model_runners][INFO] - Timestep 37, input to next step: ----------------------------------------------------------------------------------------------
[2026-04-19 21:05:36,562][rfdiffusion.inference.model_runners][INFO] - Timestep 36, input to next step: ----------------------------------------------------------------------------------------------
[2026-04-19 21:05:38,310][rfdiffusion.inference.model_runners][INFO] - Timestep 35, input to next step: ----------------------------------------------------------------------------------------------
[2026-04-19 21:05:40,116][rfdiffusion.inference.model_runners][INFO] - Timestep 34, input to next step: ----------------------------------------------------------------------------------------------
[2026-04-19 21:05:41,999][rfdiffusion.inference.model_runners][INFO] - Timestep 33, input to next step: ----------------------------------------------------------------------------------------------
[2026-04-19 21:05:43,783][rfdiffusion.inference.model_runners][INFO] - Timestep 32, input to next step: ----------------------------------------------------------------------------------------------
[2026-04-19 21:05:45,629][rfdiffusion.inference.model_runners][INFO] - Timestep 31, input to next step: ----------------------------------------------------------------------------------------------
[2026-04-19 21:05:47,893][rfdiffusion.inference.model_runners][INFO] - Timestep 30, input to next step: ----------------------------------------------------------------------------------------------
[2026-04-19 21:05:49,577][rfdiffusion.inference.model_runners][INFO] - Timestep 29, input to next step: ----------------------------------------------------------------------------------------------
[2026-04-19 21:05:51,274][rfdiffusion.inference.model_runners][INFO] - Timestep 28, input to next step: ----------------------------------------------------------------------------------------------
[2026-04-19 21:05:53,017][rfdiffusion.inference.model_runners][INFO] - Timestep 27, input to next step: ----------------------------------------------------------------------------------------------
[2026-04-19 21:05:54,831][rfdiffusion.inference.model_runners][INFO] - Timestep 26, input to next step: ----------------------------------------------------------------------------------------------
[2026-04-19 21:05:56,547][rfdiffusion.inference.model_runners][INFO] - Timestep 25, input to next step: ----------------------------------------------------------------------------------------------
[2026-04-19 21:05:58,135][rfdiffusion.inference.model_runners][INFO] - Timestep 24, input to next step: ----------------------------------------------------------------------------------------------
[2026-04-19 21:05:59,850][rfdiffusion.inference.model_runners][INFO] - Timestep 23, input to next step: ----------------------------------------------------------------------------------------------
[2026-04-19 21:06:01,615][rfdiffusion.inference.model_runners][INFO] - Timestep 22, input to next step: ----------------------------------------------------------------------------------------------
[2026-04-19 21:06:03,265][rfdiffusion.inference.model_runners][INFO] - Timestep 21, input to next step: ----------------------------------------------------------------------------------------------
[2026-04-19 21:06:04,858][rfdiffusion.inference.model_runners][INFO] - Timestep 20, input to next step: ----------------------------------------------------------------------------------------------
[2026-04-19 21:06:06,491][rfdiffusion.inference.model_runners][INFO] - Timestep 19, input to next step: ----------------------------------------------------------------------------------------------
[2026-04-19 21:06:08,190][rfdiffusion.inference.model_runners][INFO] - Timestep 18, input to next step: ----------------------------------------------------------------------------------------------
[2026-04-19 21:06:09,812][rfdiffusion.inference.model_runners][INFO] - Timestep 17, input to next step: ----------------------------------------------------------------------------------------------
[2026-04-19 21:06:11,487][rfdiffusion.inference.model_runners][INFO] - Timestep 16, input to next step: ----------------------------------------------------------------------------------------------
[2026-04-19 21:06:13,196][rfdiffusion.inference.model_runners][INFO] - Timestep 15, input to next step: ----------------------------------------------------------------------------------------------
[2026-04-19 21:06:15,511][rfdiffusion.inference.model_runners][INFO] - Timestep 14, input to next step: ----------------------------------------------------------------------------------------------
[2026-04-19 21:06:17,241][rfdiffusion.inference.model_runners][INFO] - Timestep 13, input to next step: ----------------------------------------------------------------------------------------------
[2026-04-19 21:06:18,947][rfdiffusion.inference.model_runners][INFO] - Timestep 12, input to next step: ----------------------------------------------------------------------------------------------
[2026-04-19 21:06:21,073][rfdiffusion.inference.model_runners][INFO] - Timestep 11, input to next step: ----------------------------------------------------------------------------------------------
[2026-04-19 21:06:23,048][rfdiffusion.inference.model_runners][INFO] - Timestep 10, input to next step: ----------------------------------------------------------------------------------------------
[2026-04-19 21:06:24,823][rfdiffusion.inference.model_runners][INFO] - Timestep 9, input to next step: ----------------------------------------------------------------------------------------------
[2026-04-19 21:06:26,663][rfdiffusion.inference.model_runners][INFO] - Timestep 8, input to next step: ----------------------------------------------------------------------------------------------
[2026-04-19 21:06:28,379][rfdiffusion.inference.model_runners][INFO] - Timestep 7, input to next step: ----------------------------------------------------------------------------------------------
[2026-04-19 21:06:30,140][rfdiffusion.inference.model_runners][INFO] - Timestep 6, input to next step: ----------------------------------------------------------------------------------------------
[2026-04-19 21:06:31,904][rfdiffusion.inference.model_runners][INFO] - Timestep 5, input to next step: ----------------------------------------------------------------------------------------------
[2026-04-19 21:06:33,893][rfdiffusion.inference.model_runners][INFO] - Timestep 4, input to next step: ----------------------------------------------------------------------------------------------
[2026-04-19 21:06:35,615][rfdiffusion.inference.model_runners][INFO] - Timestep 3, input to next step: ----------------------------------------------------------------------------------------------
[2026-04-19 21:06:37,806][rfdiffusion.inference.model_runners][INFO] - Timestep 2, input to next step: ----------------------------------------------------------------------------------------------
[2026-04-19 21:06:41,508][__main__][INFO] - Finished design in 1.49 minutes
[2026-04-19 21:06:41,509][__main__][INFO] - Making design /home/manvi/Team_8_CS598GBL/Assignment/Generate_designs/default/len_094/design_8
[2026-04-19 21:06:41,514][rfdiffusion.inference.model_runners][INFO] - Using contig: ['94-94']
[2026-04-19 21:06:41,535][rfdiffusion.inference.model_runners][INFO] - Sequence init: ----------------------------------------------------------------------------------------------
[2026-04-19 21:06:43,034][rfdiffusion.inference.model_runners][INFO] - Timestep 50, input to next step: ----------------------------------------------------------------------------------------------
[2026-04-19 21:06:44,650][rfdiffusion.inference.model_runners][INFO] - Timestep 49, input to next step: ----------------------------------------------------------------------------------------------
[2026-04-19 21:06:46,902][rfdiffusion.inference.model_runners][INFO] - Timestep 48, input to next step: ----------------------------------------------------------------------------------------------
[2026-04-19 21:06:48,952][rfdiffusion.inference.model_runners][INFO] - Timestep 47, input to next step: ----------------------------------------------------------------------------------------------
[2026-04-19 21:06:51,508][rfdiffusion.inference.model_runners][INFO] - Timestep 46, input to next step: ----------------------------------------------------------------------------------------------
[2026-04-19 21:06:54,465][rfdiffusion.inference.model_runners][INFO] - Timestep 45, input to next step: ----------------------------------------------------------------------------------------------
[2026-04-19 21:06:57,099][rfdiffusion.inference.model_runners][INFO] - Timestep 44, input to next step: ----------------------------------------------------------------------------------------------
[2026-04-19 21:06:58,789][rfdiffusion.inference.model_runners][INFO] - Timestep 43, input to next step: ----------------------------------------------------------------------------------------------
[2026-04-19 21:07:00,560][rfdiffusion.inference.model_runners][INFO] - Timestep 42, input to next step: ----------------------------------------------------------------------------------------------
[2026-04-19 21:07:02,253][rfdiffusion.inference.model_runners][INFO] - Timestep 41, input to next step: ----------------------------------------------------------------------------------------------
[2026-04-19 21:07:03,939][rfdiffusion.inference.model_runners][INFO] - Timestep 40, input to next step: ----------------------------------------------------------------------------------------------
[2026-04-19 21:07:05,812][rfdiffusion.inference.model_runners][INFO] - Timestep 39, input to next step: ----------------------------------------------------------------------------------------------
[2026-04-19 21:07:07,595][rfdiffusion.inference.model_runners][INFO] - Timestep 38, input to next step: ----------------------------------------------------------------------------------------------
[2026-04-19 21:07:09,337][rfdiffusion.inference.model_runners][INFO] - Timestep 37, input to next step: ----------------------------------------------------------------------------------------------
[2026-04-19 21:07:11,167][rfdiffusion.inference.model_runners][INFO] - Timestep 36, input to next step: ----------------------------------------------------------------------------------------------
[2026-04-19 21:07:12,948][rfdiffusion.inference.model_runners][INFO] - Timestep 35, input to next step: ----------------------------------------------------------------------------------------------
[2026-04-19 21:07:14,655][rfdiffusion.inference.model_runners][INFO] - Timestep 34, input to next step: ----------------------------------------------------------------------------------------------
[2026-04-19 21:07:16,480][rfdiffusion.inference.model_runners][INFO] - Timestep 33, input to next step: ----------------------------------------------------------------------------------------------
[2026-04-19 21:07:18,328][rfdiffusion.inference.model_runners][INFO] - Timestep 32, input to next step: ----------------------------------------------------------------------------------------------
[2026-04-19 21:07:20,151][rfdiffusion.inference.model_runners][INFO] - Timestep 31, input to next step: ----------------------------------------------------------------------------------------------
[2026-04-19 21:07:21,908][rfdiffusion.inference.model_runners][INFO] - Timestep 30, input to next step: ----------------------------------------------------------------------------------------------
[2026-04-19 21:07:23,683][rfdiffusion.inference.model_runners][INFO] - Timestep 29, input to next step: ----------------------------------------------------------------------------------------------
[2026-04-19 21:07:26,349][rfdiffusion.inference.model_runners][INFO] - Timestep 28, input to next step: ----------------------------------------------------------------------------------------------
[2026-04-19 21:07:29,115][rfdiffusion.inference.model_runners][INFO] - Timestep 27, input to next step: ----------------------------------------------------------------------------------------------
[2026-04-19 21:07:30,826][rfdiffusion.inference.model_runners][INFO] - Timestep 26, input to next step: ----------------------------------------------------------------------------------------------
[2026-04-19 21:07:32,662][rfdiffusion.inference.model_runners][INFO] - Timestep 25, input to next step: ----------------------------------------------------------------------------------------------
[2026-04-19 21:07:34,982][rfdiffusion.inference.model_runners][INFO] - Timestep 24, input to next step: ----------------------------------------------------------------------------------------------
[2026-04-19 21:07:36,539][rfdiffusion.inference.model_runners][INFO] - Timestep 23, input to next step: ----------------------------------------------------------------------------------------------
[2026-04-19 21:07:38,208][rfdiffusion.inference.model_runners][INFO] - Timestep 22, input to next step: ----------------------------------------------------------------------------------------------
[2026-04-19 21:07:40,019][rfdiffusion.inference.model_runners][INFO] - Timestep 21, input to next step: ----------------------------------------------------------------------------------------------
[2026-04-19 21:07:41,840][rfdiffusion.inference.model_runners][INFO] - Timestep 20, input to next step: ----------------------------------------------------------------------------------------------
[2026-04-19 21:07:43,580][rfdiffusion.inference.model_runners][INFO] - Timestep 19, input to next step: ----------------------------------------------------------------------------------------------
[2026-04-19 21:07:45,339][rfdiffusion.inference.model_runners][INFO] - Timestep 18, input to next step: ----------------------------------------------------------------------------------------------
[2026-04-19 21:07:47,698][rfdiffusion.inference.model_runners][INFO] - Timestep 17, input to next step: ----------------------------------------------------------------------------------------------
[2026-04-19 21:07:49,204][rfdiffusion.inference.model_runners][INFO] - Timestep 16, input to next step: ----------------------------------------------------------------------------------------------
[2026-04-19 21:07:50,829][rfdiffusion.inference.model_runners][INFO] - Timestep 15, input to next step: ----------------------------------------------------------------------------------------------
[2026-04-19 21:07:52,562][rfdiffusion.inference.model_runners][INFO] - Timestep 14, input to next step: ----------------------------------------------------------------------------------------------
[2026-04-19 21:07:54,323][rfdiffusion.inference.model_runners][INFO] - Timestep 13, input to next step: ----------------------------------------------------------------------------------------------
[2026-04-19 21:07:56,142][rfdiffusion.inference.model_runners][INFO] - Timestep 12, input to next step: ----------------------------------------------------------------------------------------------
[2026-04-19 21:07:57,976][rfdiffusion.inference.model_runners][INFO] - Timestep 11, input to next step: ----------------------------------------------------------------------------------------------
[2026-04-19 21:07:59,789][rfdiffusion.inference.model_runners][INFO] - Timestep 10, input to next step: ----------------------------------------------------------------------------------------------
[2026-04-19 21:08:01,680][rfdiffusion.inference.model_runners][INFO] - Timestep 9, input to next step: ----------------------------------------------------------------------------------------------
[2026-04-19 21:08:03,774][rfdiffusion.inference.model_runners][INFO] - Timestep 8, input to next step: ----------------------------------------------------------------------------------------------
[2026-04-19 21:08:05,492][rfdiffusion.inference.model_runners][INFO] - Timestep 7, input to next step: ----------------------------------------------------------------------------------------------
[2026-04-19 21:08:07,320][rfdiffusion.inference.model_runners][INFO] - Timestep 6, input to next step: ----------------------------------------------------------------------------------------------
[2026-04-19 21:08:09,111][rfdiffusion.inference.model_runners][INFO] - Timestep 5, input to next step: ----------------------------------------------------------------------------------------------
[2026-04-19 21:08:10,866][rfdiffusion.inference.model_runners][INFO] - Timestep 4, input to next step: ----------------------------------------------------------------------------------------------
[2026-04-19 21:08:12,754][rfdiffusion.inference.model_runners][INFO] - Timestep 3, input to next step: ----------------------------------------------------------------------------------------------
[2026-04-19 21:08:14,559][rfdiffusion.inference.model_runners][INFO] - Timestep 2, input to next step: ----------------------------------------------------------------------------------------------
[2026-04-19 21:08:18,689][__main__][INFO] - Finished design in 1.62 minutes
[2026-04-19 21:08:18,689][__main__][INFO] - Making design /home/manvi/Team_8_CS598GBL/Assignment/Generate_designs/default/len_094/design_9
[2026-04-19 21:08:18,694][rfdiffusion.inference.model_runners][INFO] - Using contig: ['94-94']
[2026-04-19 21:08:18,722][rfdiffusion.inference.model_runners][INFO] - Sequence init: ----------------------------------------------------------------------------------------------
[2026-04-19 21:08:20,327][rfdiffusion.inference.model_runners][INFO] - Timestep 50, input to next step: ----------------------------------------------------------------------------------------------
[2026-04-19 21:08:22,156][rfdiffusion.inference.model_runners][INFO] - Timestep 49, input to next step: ----------------------------------------------------------------------------------------------
[2026-04-19 21:08:23,814][rfdiffusion.inference.model_runners][INFO] - Timestep 48, input to next step: ----------------------------------------------------------------------------------------------
[2026-04-19 21:08:25,512][rfdiffusion.inference.model_runners][INFO] - Timestep 47, input to next step: ----------------------------------------------------------------------------------------------
[2026-04-19 21:08:27,363][rfdiffusion.inference.model_runners][INFO] - Timestep 46, input to next step: ----------------------------------------------------------------------------------------------
[2026-04-19 21:08:29,143][rfdiffusion.inference.model_runners][INFO] - Timestep 45, input to next step: ----------------------------------------------------------------------------------------------
[2026-04-19 21:08:30,881][rfdiffusion.inference.model_runners][INFO] - Timestep 44, input to next step: ----------------------------------------------------------------------------------------------
[2026-04-19 21:08:32,697][rfdiffusion.inference.model_runners][INFO] - Timestep 43, input to next step: ----------------------------------------------------------------------------------------------
[2026-04-19 21:08:34,484][rfdiffusion.inference.model_runners][INFO] - Timestep 42, input to next step: ----------------------------------------------------------------------------------------------
[2026-04-19 21:08:36,318][rfdiffusion.inference.model_runners][INFO] - Timestep 41, input to next step: ----------------------------------------------------------------------------------------------
[2026-04-19 21:08:38,192][rfdiffusion.inference.model_runners][INFO] - Timestep 40, input to next step: ----------------------------------------------------------------------------------------------
[2026-04-19 21:08:40,161][rfdiffusion.inference.model_runners][INFO] - Timestep 39, input to next step: ----------------------------------------------------------------------------------------------
[2026-04-19 21:08:42,035][rfdiffusion.inference.model_runners][INFO] - Timestep 38, input to next step: ----------------------------------------------------------------------------------------------
[2026-04-19 21:08:43,863][rfdiffusion.inference.model_runners][INFO] - Timestep 37, input to next step: ----------------------------------------------------------------------------------------------
[2026-04-19 21:08:45,708][rfdiffusion.inference.model_runners][INFO] - Timestep 36, input to next step: ----------------------------------------------------------------------------------------------
[2026-04-19 21:08:47,486][rfdiffusion.inference.model_runners][INFO] - Timestep 35, input to next step: ----------------------------------------------------------------------------------------------
[2026-04-19 21:08:49,550][rfdiffusion.inference.model_runners][INFO] - Timestep 34, input to next step: ----------------------------------------------------------------------------------------------
[2026-04-19 21:08:51,228][rfdiffusion.inference.model_runners][INFO] - Timestep 33, input to next step: ----------------------------------------------------------------------------------------------
[2026-04-19 21:08:53,031][rfdiffusion.inference.model_runners][INFO] - Timestep 32, input to next step: ----------------------------------------------------------------------------------------------
[2026-04-19 21:08:54,857][rfdiffusion.inference.model_runners][INFO] - Timestep 31, input to next step: ----------------------------------------------------------------------------------------------
[2026-04-19 21:08:56,754][rfdiffusion.inference.model_runners][INFO] - Timestep 30, input to next step: ----------------------------------------------------------------------------------------------
[2026-04-19 21:08:58,446][rfdiffusion.inference.model_runners][INFO] - Timestep 29, input to next step: ----------------------------------------------------------------------------------------------
[2026-04-19 21:09:00,286][rfdiffusion.inference.model_runners][INFO] - Timestep 28, input to next step: ----------------------------------------------------------------------------------------------
[2026-04-19 21:09:02,105][rfdiffusion.inference.model_runners][INFO] - Timestep 27, input to next step: ----------------------------------------------------------------------------------------------
[2026-04-19 21:09:03,974][rfdiffusion.inference.model_runners][INFO] - Timestep 26, input to next step: ----------------------------------------------------------------------------------------------
[2026-04-19 21:09:05,778][rfdiffusion.inference.model_runners][INFO] - Timestep 25, input to next step: ----------------------------------------------------------------------------------------------
[2026-04-19 21:09:07,599][rfdiffusion.inference.model_runners][INFO] - Timestep 24, input to next step: ----------------------------------------------------------------------------------------------
[2026-04-19 21:09:09,420][rfdiffusion.inference.model_runners][INFO] - Timestep 23, input to next step: ----------------------------------------------------------------------------------------------
[2026-04-19 21:09:11,205][rfdiffusion.inference.model_runners][INFO] - Timestep 22, input to next step: ----------------------------------------------------------------------------------------------
[2026-04-19 21:09:13,051][rfdiffusion.inference.model_runners][INFO] - Timestep 21, input to next step: ----------------------------------------------------------------------------------------------
[2026-04-19 21:09:14,791][rfdiffusion.inference.model_runners][INFO] - Timestep 20, input to next step: ----------------------------------------------------------------------------------------------
[2026-04-19 21:09:16,601][rfdiffusion.inference.model_runners][INFO] - Timestep 19, input to next step: ----------------------------------------------------------------------------------------------
[2026-04-19 21:09:18,371][rfdiffusion.inference.model_runners][INFO] - Timestep 18, input to next step: ----------------------------------------------------------------------------------------------
[2026-04-19 21:09:20,097][rfdiffusion.inference.model_runners][INFO] - Timestep 17, input to next step: ----------------------------------------------------------------------------------------------
[2026-04-19 21:09:21,789][rfdiffusion.inference.model_runners][INFO] - Timestep 16, input to next step: ----------------------------------------------------------------------------------------------
[2026-04-19 21:09:23,573][rfdiffusion.inference.model_runners][INFO] - Timestep 15, input to next step: ----------------------------------------------------------------------------------------------
[2026-04-19 21:09:25,366][rfdiffusion.inference.model_runners][INFO] - Timestep 14, input to next step: ----------------------------------------------------------------------------------------------
[2026-04-19 21:09:27,151][rfdiffusion.inference.model_runners][INFO] - Timestep 13, input to next step: ----------------------------------------------------------------------------------------------
[2026-04-19 21:09:28,867][rfdiffusion.inference.model_runners][INFO] - Timestep 12, input to next step: ----------------------------------------------------------------------------------------------
[2026-04-19 21:09:30,698][rfdiffusion.inference.model_runners][INFO] - Timestep 11, input to next step: ----------------------------------------------------------------------------------------------
[2026-04-19 21:09:32,489][rfdiffusion.inference.model_runners][INFO] - Timestep 10, input to next step: ----------------------------------------------------------------------------------------------
[2026-04-19 21:09:34,203][rfdiffusion.inference.model_runners][INFO] - Timestep 9, input to next step: ----------------------------------------------------------------------------------------------
[2026-04-19 21:09:36,007][rfdiffusion.inference.model_runners][INFO] - Timestep 8, input to next step: ----------------------------------------------------------------------------------------------
[2026-04-19 21:09:37,825][rfdiffusion.inference.model_runners][INFO] - Timestep 7, input to next step: ----------------------------------------------------------------------------------------------
[2026-04-19 21:09:39,595][rfdiffusion.inference.model_runners][INFO] - Timestep 6, input to next step: ----------------------------------------------------------------------------------------------
[2026-04-19 21:09:41,343][rfdiffusion.inference.model_runners][INFO] - Timestep 5, input to next step: ----------------------------------------------------------------------------------------------
[2026-04-19 21:09:43,070][rfdiffusion.inference.model_runners][INFO] - Timestep 4, input to next step: ----------------------------------------------------------------------------------------------
[2026-04-19 21:09:44,920][rfdiffusion.inference.model_runners][INFO] - Timestep 3, input to next step: ----------------------------------------------------------------------------------------------
[2026-04-19 21:09:46,638][rfdiffusion.inference.model_runners][INFO] - Timestep 2, input to next step: ----------------------------------------------------------------------------------------------
[2026-04-19 21:09:50,311][__main__][INFO] - Finished design in 1.53 minutes
