[2026-04-20 01:20:23,809][__main__][INFO] - Found GPU with device_name NVIDIA GeForce RTX 3050 Ti Laptop GPU. Will run RFdiffusion on NVIDIA GeForce RTX 3050 Ti Laptop GPU
[2026-04-20 01:20:23,810][rfdiffusion.inference.model_runners][INFO] - Reading checkpoint from /home/manvi/Team_8_CS598GBL/RFdiffusion/rfdiffusion/inference/../../models/Base_ckpt.pt
[2026-04-20 01:20:31,605][rfdiffusion.inference.model_runners][INFO] - Loading checkpoint.
[2026-04-20 01:20:31,926][rfdiffusion.diffusion][INFO] - Using cached IGSO3.
[2026-04-20 01:20:31,940][__main__][INFO] - Making design /home/manvi/Team_8_CS598GBL/Assignment/Generate_designs/default/len_110/design_0
[2026-04-20 01:20:31,944][rfdiffusion.inference.model_runners][INFO] - Using contig: ['110-110']
[2026-04-20 01:20:31,993][rfdiffusion.inference.model_runners][INFO] - Sequence init: --------------------------------------------------------------------------------------------------------------
[2026-04-20 01:20:36,702][rfdiffusion.inference.model_runners][INFO] - Timestep 50, input to next step: --------------------------------------------------------------------------------------------------------------
[2026-04-20 01:20:38,325][rfdiffusion.inference.model_runners][INFO] - Timestep 49, input to next step: --------------------------------------------------------------------------------------------------------------
[2026-04-20 01:20:40,089][rfdiffusion.inference.model_runners][INFO] - Timestep 48, input to next step: --------------------------------------------------------------------------------------------------------------
[2026-04-20 01:20:41,828][rfdiffusion.inference.model_runners][INFO] - Timestep 47, input to next step: --------------------------------------------------------------------------------------------------------------
[2026-04-20 01:20:43,546][rfdiffusion.inference.model_runners][INFO] - Timestep 46, input to next step: --------------------------------------------------------------------------------------------------------------
[2026-04-20 01:20:45,310][rfdiffusion.inference.model_runners][INFO] - Timestep 45, input to next step: --------------------------------------------------------------------------------------------------------------
[2026-04-20 01:20:47,091][rfdiffusion.inference.model_runners][INFO] - Timestep 44, input to next step: --------------------------------------------------------------------------------------------------------------
[2026-04-20 01:20:48,966][rfdiffusion.inference.model_runners][INFO] - Timestep 43, input to next step: --------------------------------------------------------------------------------------------------------------
[2026-04-20 01:20:50,895][rfdiffusion.inference.model_runners][INFO] - Timestep 42, input to next step: --------------------------------------------------------------------------------------------------------------
[2026-04-20 01:20:52,806][rfdiffusion.inference.model_runners][INFO] - Timestep 41, input to next step: --------------------------------------------------------------------------------------------------------------
[2026-04-20 01:20:54,561][rfdiffusion.inference.model_runners][INFO] - Timestep 40, input to next step: --------------------------------------------------------------------------------------------------------------
[2026-04-20 01:20:56,376][rfdiffusion.inference.model_runners][INFO] - Timestep 39, input to next step: --------------------------------------------------------------------------------------------------------------
[2026-04-20 01:20:57,960][rfdiffusion.inference.model_runners][INFO] - Timestep 38, input to next step: --------------------------------------------------------------------------------------------------------------
[2026-04-20 01:20:59,729][rfdiffusion.inference.model_runners][INFO] - Timestep 37, input to next step: --------------------------------------------------------------------------------------------------------------
[2026-04-20 01:21:01,619][rfdiffusion.inference.model_runners][INFO] - Timestep 36, input to next step: --------------------------------------------------------------------------------------------------------------
[2026-04-20 01:21:03,398][rfdiffusion.inference.model_runners][INFO] - Timestep 35, input to next step: --------------------------------------------------------------------------------------------------------------
[2026-04-20 01:21:05,191][rfdiffusion.inference.model_runners][INFO] - Timestep 34, input to next step: --------------------------------------------------------------------------------------------------------------
[2026-04-20 01:21:06,963][rfdiffusion.inference.model_runners][INFO] - Timestep 33, input to next step: --------------------------------------------------------------------------------------------------------------
[2026-04-20 01:21:08,712][rfdiffusion.inference.model_runners][INFO] - Timestep 32, input to next step: --------------------------------------------------------------------------------------------------------------
[2026-04-20 01:21:10,480][rfdiffusion.inference.model_runners][INFO] - Timestep 31, input to next step: --------------------------------------------------------------------------------------------------------------
[2026-04-20 01:21:12,405][rfdiffusion.inference.model_runners][INFO] - Timestep 30, input to next step: --------------------------------------------------------------------------------------------------------------
[2026-04-20 01:21:14,219][rfdiffusion.inference.model_runners][INFO] - Timestep 29, input to next step: --------------------------------------------------------------------------------------------------------------
[2026-04-20 01:21:16,035][rfdiffusion.inference.model_runners][INFO] - Timestep 28, input to next step: --------------------------------------------------------------------------------------------------------------
[2026-04-20 01:21:17,996][rfdiffusion.inference.model_runners][INFO] - Timestep 27, input to next step: --------------------------------------------------------------------------------------------------------------
[2026-04-20 01:21:19,864][rfdiffusion.inference.model_runners][INFO] - Timestep 26, input to next step: --------------------------------------------------------------------------------------------------------------
[2026-04-20 01:21:22,193][rfdiffusion.inference.model_runners][INFO] - Timestep 25, input to next step: --------------------------------------------------------------------------------------------------------------
[2026-04-20 01:21:24,217][rfdiffusion.inference.model_runners][INFO] - Timestep 24, input to next step: --------------------------------------------------------------------------------------------------------------
[2026-04-20 01:21:26,032][rfdiffusion.inference.model_runners][INFO] - Timestep 23, input to next step: --------------------------------------------------------------------------------------------------------------
[2026-04-20 01:21:28,134][rfdiffusion.inference.model_runners][INFO] - Timestep 22, input to next step: --------------------------------------------------------------------------------------------------------------
[2026-04-20 01:21:29,998][rfdiffusion.inference.model_runners][INFO] - Timestep 21, input to next step: --------------------------------------------------------------------------------------------------------------
[2026-04-20 01:21:31,996][rfdiffusion.inference.model_runners][INFO] - Timestep 20, input to next step: --------------------------------------------------------------------------------------------------------------
[2026-04-20 01:21:34,043][rfdiffusion.inference.model_runners][INFO] - Timestep 19, input to next step: --------------------------------------------------------------------------------------------------------------
[2026-04-20 01:21:36,035][rfdiffusion.inference.model_runners][INFO] - Timestep 18, input to next step: --------------------------------------------------------------------------------------------------------------
[2026-04-20 01:21:37,856][rfdiffusion.inference.model_runners][INFO] - Timestep 17, input to next step: --------------------------------------------------------------------------------------------------------------
[2026-04-20 01:21:39,655][rfdiffusion.inference.model_runners][INFO] - Timestep 16, input to next step: --------------------------------------------------------------------------------------------------------------
[2026-04-20 01:21:41,587][rfdiffusion.inference.model_runners][INFO] - Timestep 15, input to next step: --------------------------------------------------------------------------------------------------------------
[2026-04-20 01:21:43,361][rfdiffusion.inference.model_runners][INFO] - Timestep 14, input to next step: --------------------------------------------------------------------------------------------------------------
[2026-04-20 01:21:45,167][rfdiffusion.inference.model_runners][INFO] - Timestep 13, input to next step: --------------------------------------------------------------------------------------------------------------
[2026-04-20 01:21:47,015][rfdiffusion.inference.model_runners][INFO] - Timestep 12, input to next step: --------------------------------------------------------------------------------------------------------------
[2026-04-20 01:21:48,869][rfdiffusion.inference.model_runners][INFO] - Timestep 11, input to next step: --------------------------------------------------------------------------------------------------------------
[2026-04-20 01:21:50,745][rfdiffusion.inference.model_runners][INFO] - Timestep 10, input to next step: --------------------------------------------------------------------------------------------------------------
[2026-04-20 01:21:52,810][rfdiffusion.inference.model_runners][INFO] - Timestep 9, input to next step: --------------------------------------------------------------------------------------------------------------
[2026-04-20 01:21:54,439][rfdiffusion.inference.model_runners][INFO] - Timestep 8, input to next step: --------------------------------------------------------------------------------------------------------------
[2026-04-20 01:21:56,326][rfdiffusion.inference.model_runners][INFO] - Timestep 7, input to next step: --------------------------------------------------------------------------------------------------------------
[2026-04-20 01:21:58,246][rfdiffusion.inference.model_runners][INFO] - Timestep 6, input to next step: --------------------------------------------------------------------------------------------------------------
[2026-04-20 01:22:00,118][rfdiffusion.inference.model_runners][INFO] - Timestep 5, input to next step: --------------------------------------------------------------------------------------------------------------
[2026-04-20 01:22:02,150][rfdiffusion.inference.model_runners][INFO] - Timestep 4, input to next step: --------------------------------------------------------------------------------------------------------------
[2026-04-20 01:22:03,976][rfdiffusion.inference.model_runners][INFO] - Timestep 3, input to next step: --------------------------------------------------------------------------------------------------------------
[2026-04-20 01:22:05,790][rfdiffusion.inference.model_runners][INFO] - Timestep 2, input to next step: --------------------------------------------------------------------------------------------------------------
[2026-04-20 01:22:09,485][__main__][INFO] - Finished design in 1.63 minutes
[2026-04-20 01:22:09,485][__main__][INFO] - Making design /home/manvi/Team_8_CS598GBL/Assignment/Generate_designs/default/len_110/design_1
[2026-04-20 01:22:09,489][rfdiffusion.inference.model_runners][INFO] - Using contig: ['110-110']
[2026-04-20 01:22:09,513][rfdiffusion.inference.model_runners][INFO] - Sequence init: --------------------------------------------------------------------------------------------------------------
[2026-04-20 01:22:11,413][rfdiffusion.inference.model_runners][INFO] - Timestep 50, input to next step: --------------------------------------------------------------------------------------------------------------
[2026-04-20 01:22:13,627][rfdiffusion.inference.model_runners][INFO] - Timestep 49, input to next step: --------------------------------------------------------------------------------------------------------------
[2026-04-20 01:22:15,449][rfdiffusion.inference.model_runners][INFO] - Timestep 48, input to next step: --------------------------------------------------------------------------------------------------------------
[2026-04-20 01:22:17,312][rfdiffusion.inference.model_runners][INFO] - Timestep 47, input to next step: --------------------------------------------------------------------------------------------------------------
[2026-04-20 01:22:19,191][rfdiffusion.inference.model_runners][INFO] - Timestep 46, input to next step: --------------------------------------------------------------------------------------------------------------
[2026-04-20 01:22:20,967][rfdiffusion.inference.model_runners][INFO] - Timestep 45, input to next step: --------------------------------------------------------------------------------------------------------------
[2026-04-20 01:22:22,613][rfdiffusion.inference.model_runners][INFO] - Timestep 44, input to next step: --------------------------------------------------------------------------------------------------------------
[2026-04-20 01:22:24,364][rfdiffusion.inference.model_runners][INFO] - Timestep 43, input to next step: --------------------------------------------------------------------------------------------------------------
[2026-04-20 01:22:26,125][rfdiffusion.inference.model_runners][INFO] - Timestep 42, input to next step: --------------------------------------------------------------------------------------------------------------
[2026-04-20 01:22:27,860][rfdiffusion.inference.model_runners][INFO] - Timestep 41, input to next step: --------------------------------------------------------------------------------------------------------------
[2026-04-20 01:22:29,605][rfdiffusion.inference.model_runners][INFO] - Timestep 40, input to next step: --------------------------------------------------------------------------------------------------------------
[2026-04-20 01:22:31,335][rfdiffusion.inference.model_runners][INFO] - Timestep 39, input to next step: --------------------------------------------------------------------------------------------------------------
[2026-04-20 01:22:33,096][rfdiffusion.inference.model_runners][INFO] - Timestep 38, input to next step: --------------------------------------------------------------------------------------------------------------
[2026-04-20 01:22:34,846][rfdiffusion.inference.model_runners][INFO] - Timestep 37, input to next step: --------------------------------------------------------------------------------------------------------------
[2026-04-20 01:22:36,557][rfdiffusion.inference.model_runners][INFO] - Timestep 36, input to next step: --------------------------------------------------------------------------------------------------------------
[2026-04-20 01:22:38,320][rfdiffusion.inference.model_runners][INFO] - Timestep 35, input to next step: --------------------------------------------------------------------------------------------------------------
[2026-04-20 01:22:40,067][rfdiffusion.inference.model_runners][INFO] - Timestep 34, input to next step: --------------------------------------------------------------------------------------------------------------
[2026-04-20 01:22:41,767][rfdiffusion.inference.model_runners][INFO] - Timestep 33, input to next step: --------------------------------------------------------------------------------------------------------------
[2026-04-20 01:22:43,459][rfdiffusion.inference.model_runners][INFO] - Timestep 32, input to next step: --------------------------------------------------------------------------------------------------------------
[2026-04-20 01:22:45,147][rfdiffusion.inference.model_runners][INFO] - Timestep 31, input to next step: --------------------------------------------------------------------------------------------------------------
[2026-04-20 01:22:46,817][rfdiffusion.inference.model_runners][INFO] - Timestep 30, input to next step: --------------------------------------------------------------------------------------------------------------
[2026-04-20 01:22:48,545][rfdiffusion.inference.model_runners][INFO] - Timestep 29, input to next step: --------------------------------------------------------------------------------------------------------------
[2026-04-20 01:22:50,307][rfdiffusion.inference.model_runners][INFO] - Timestep 28, input to next step: --------------------------------------------------------------------------------------------------------------
[2026-04-20 01:22:52,038][rfdiffusion.inference.model_runners][INFO] - Timestep 27, input to next step: --------------------------------------------------------------------------------------------------------------
[2026-04-20 01:22:53,795][rfdiffusion.inference.model_runners][INFO] - Timestep 26, input to next step: --------------------------------------------------------------------------------------------------------------
[2026-04-20 01:22:55,473][rfdiffusion.inference.model_runners][INFO] - Timestep 25, input to next step: --------------------------------------------------------------------------------------------------------------
[2026-04-20 01:22:57,538][rfdiffusion.inference.model_runners][INFO] - Timestep 24, input to next step: --------------------------------------------------------------------------------------------------------------
[2026-04-20 01:22:59,284][rfdiffusion.inference.model_runners][INFO] - Timestep 23, input to next step: --------------------------------------------------------------------------------------------------------------
[2026-04-20 01:23:01,109][rfdiffusion.inference.model_runners][INFO] - Timestep 22, input to next step: --------------------------------------------------------------------------------------------------------------
[2026-04-20 01:23:03,055][rfdiffusion.inference.model_runners][INFO] - Timestep 21, input to next step: --------------------------------------------------------------------------------------------------------------
[2026-04-20 01:23:04,861][rfdiffusion.inference.model_runners][INFO] - Timestep 20, input to next step: --------------------------------------------------------------------------------------------------------------
[2026-04-20 01:23:06,665][rfdiffusion.inference.model_runners][INFO] - Timestep 19, input to next step: --------------------------------------------------------------------------------------------------------------
[2026-04-20 01:23:08,386][rfdiffusion.inference.model_runners][INFO] - Timestep 18, input to next step: --------------------------------------------------------------------------------------------------------------
[2026-04-20 01:23:10,118][rfdiffusion.inference.model_runners][INFO] - Timestep 17, input to next step: --------------------------------------------------------------------------------------------------------------
[2026-04-20 01:23:11,868][rfdiffusion.inference.model_runners][INFO] - Timestep 16, input to next step: --------------------------------------------------------------------------------------------------------------
[2026-04-20 01:23:13,646][rfdiffusion.inference.model_runners][INFO] - Timestep 15, input to next step: --------------------------------------------------------------------------------------------------------------
[2026-04-20 01:23:15,426][rfdiffusion.inference.model_runners][INFO] - Timestep 14, input to next step: --------------------------------------------------------------------------------------------------------------
[2026-04-20 01:23:17,200][rfdiffusion.inference.model_runners][INFO] - Timestep 13, input to next step: --------------------------------------------------------------------------------------------------------------
[2026-04-20 01:23:19,484][rfdiffusion.inference.model_runners][INFO] - Timestep 12, input to next step: --------------------------------------------------------------------------------------------------------------
[2026-04-20 01:23:21,398][rfdiffusion.inference.model_runners][INFO] - Timestep 11, input to next step: --------------------------------------------------------------------------------------------------------------
[2026-04-20 01:23:23,139][rfdiffusion.inference.model_runners][INFO] - Timestep 10, input to next step: --------------------------------------------------------------------------------------------------------------
[2026-04-20 01:23:24,853][rfdiffusion.inference.model_runners][INFO] - Timestep 9, input to next step: --------------------------------------------------------------------------------------------------------------
[2026-04-20 01:23:26,470][rfdiffusion.inference.model_runners][INFO] - Timestep 8, input to next step: --------------------------------------------------------------------------------------------------------------
[2026-04-20 01:23:28,094][rfdiffusion.inference.model_runners][INFO] - Timestep 7, input to next step: --------------------------------------------------------------------------------------------------------------
[2026-04-20 01:23:29,835][rfdiffusion.inference.model_runners][INFO] - Timestep 6, input to next step: --------------------------------------------------------------------------------------------------------------
[2026-04-20 01:23:31,524][rfdiffusion.inference.model_runners][INFO] - Timestep 5, input to next step: --------------------------------------------------------------------------------------------------------------
[2026-04-20 01:23:33,232][rfdiffusion.inference.model_runners][INFO] - Timestep 4, input to next step: --------------------------------------------------------------------------------------------------------------
[2026-04-20 01:23:34,918][rfdiffusion.inference.model_runners][INFO] - Timestep 3, input to next step: --------------------------------------------------------------------------------------------------------------
[2026-04-20 01:23:36,561][rfdiffusion.inference.model_runners][INFO] - Timestep 2, input to next step: --------------------------------------------------------------------------------------------------------------
[2026-04-20 01:23:39,969][__main__][INFO] - Finished design in 1.51 minutes
[2026-04-20 01:23:39,969][__main__][INFO] - Making design /home/manvi/Team_8_CS598GBL/Assignment/Generate_designs/default/len_110/design_2
[2026-04-20 01:23:39,973][rfdiffusion.inference.model_runners][INFO] - Using contig: ['110-110']
[2026-04-20 01:23:39,990][rfdiffusion.inference.model_runners][INFO] - Sequence init: --------------------------------------------------------------------------------------------------------------
[2026-04-20 01:23:41,568][rfdiffusion.inference.model_runners][INFO] - Timestep 50, input to next step: --------------------------------------------------------------------------------------------------------------
[2026-04-20 01:23:43,176][rfdiffusion.inference.model_runners][INFO] - Timestep 49, input to next step: --------------------------------------------------------------------------------------------------------------
[2026-04-20 01:23:44,830][rfdiffusion.inference.model_runners][INFO] - Timestep 48, input to next step: --------------------------------------------------------------------------------------------------------------
[2026-04-20 01:23:46,531][rfdiffusion.inference.model_runners][INFO] - Timestep 47, input to next step: --------------------------------------------------------------------------------------------------------------
[2026-04-20 01:23:48,054][rfdiffusion.inference.model_runners][INFO] - Timestep 46, input to next step: --------------------------------------------------------------------------------------------------------------
[2026-04-20 01:23:49,900][rfdiffusion.inference.model_runners][INFO] - Timestep 45, input to next step: --------------------------------------------------------------------------------------------------------------
[2026-04-20 01:23:52,487][rfdiffusion.inference.model_runners][INFO] - Timestep 44, input to next step: --------------------------------------------------------------------------------------------------------------
[2026-04-20 01:23:54,837][rfdiffusion.inference.model_runners][INFO] - Timestep 43, input to next step: --------------------------------------------------------------------------------------------------------------
[2026-04-20 01:23:57,136][rfdiffusion.inference.model_runners][INFO] - Timestep 42, input to next step: --------------------------------------------------------------------------------------------------------------
[2026-04-20 01:23:59,339][rfdiffusion.inference.model_runners][INFO] - Timestep 41, input to next step: --------------------------------------------------------------------------------------------------------------
[2026-04-20 01:24:01,573][rfdiffusion.inference.model_runners][INFO] - Timestep 40, input to next step: --------------------------------------------------------------------------------------------------------------
[2026-04-20 01:24:03,343][rfdiffusion.inference.model_runners][INFO] - Timestep 39, input to next step: --------------------------------------------------------------------------------------------------------------
[2026-04-20 01:24:05,117][rfdiffusion.inference.model_runners][INFO] - Timestep 38, input to next step: --------------------------------------------------------------------------------------------------------------
[2026-04-20 01:24:06,831][rfdiffusion.inference.model_runners][INFO] - Timestep 37, input to next step: --------------------------------------------------------------------------------------------------------------
[2026-04-20 01:24:08,546][rfdiffusion.inference.model_runners][INFO] - Timestep 36, input to next step: --------------------------------------------------------------------------------------------------------------
[2026-04-20 01:24:10,384][rfdiffusion.inference.model_runners][INFO] - Timestep 35, input to next step: --------------------------------------------------------------------------------------------------------------
[2026-04-20 01:24:12,148][rfdiffusion.inference.model_runners][INFO] - Timestep 34, input to next step: --------------------------------------------------------------------------------------------------------------
[2026-04-20 01:24:13,890][rfdiffusion.inference.model_runners][INFO] - Timestep 33, input to next step: --------------------------------------------------------------------------------------------------------------
[2026-04-20 01:24:15,594][rfdiffusion.inference.model_runners][INFO] - Timestep 32, input to next step: --------------------------------------------------------------------------------------------------------------
[2026-04-20 01:24:17,338][rfdiffusion.inference.model_runners][INFO] - Timestep 31, input to next step: --------------------------------------------------------------------------------------------------------------
[2026-04-20 01:24:19,144][rfdiffusion.inference.model_runners][INFO] - Timestep 30, input to next step: --------------------------------------------------------------------------------------------------------------
[2026-04-20 01:24:20,941][rfdiffusion.inference.model_runners][INFO] - Timestep 29, input to next step: --------------------------------------------------------------------------------------------------------------
[2026-04-20 01:24:22,663][rfdiffusion.inference.model_runners][INFO] - Timestep 28, input to next step: --------------------------------------------------------------------------------------------------------------
[2026-04-20 01:24:24,334][rfdiffusion.inference.model_runners][INFO] - Timestep 27, input to next step: --------------------------------------------------------------------------------------------------------------
[2026-04-20 01:24:26,121][rfdiffusion.inference.model_runners][INFO] - Timestep 26, input to next step: --------------------------------------------------------------------------------------------------------------
[2026-04-20 01:24:27,856][rfdiffusion.inference.model_runners][INFO] - Timestep 25, input to next step: --------------------------------------------------------------------------------------------------------------
[2026-04-20 01:24:29,641][rfdiffusion.inference.model_runners][INFO] - Timestep 24, input to next step: --------------------------------------------------------------------------------------------------------------
[2026-04-20 01:24:31,304][rfdiffusion.inference.model_runners][INFO] - Timestep 23, input to next step: --------------------------------------------------------------------------------------------------------------
[2026-04-20 01:24:33,012][rfdiffusion.inference.model_runners][INFO] - Timestep 22, input to next step: --------------------------------------------------------------------------------------------------------------
[2026-04-20 01:24:34,713][rfdiffusion.inference.model_runners][INFO] - Timestep 21, input to next step: --------------------------------------------------------------------------------------------------------------
[2026-04-20 01:24:36,407][rfdiffusion.inference.model_runners][INFO] - Timestep 20, input to next step: --------------------------------------------------------------------------------------------------------------
[2026-04-20 01:24:38,100][rfdiffusion.inference.model_runners][INFO] - Timestep 19, input to next step: --------------------------------------------------------------------------------------------------------------
[2026-04-20 01:24:39,827][rfdiffusion.inference.model_runners][INFO] - Timestep 18, input to next step: --------------------------------------------------------------------------------------------------------------
[2026-04-20 01:24:41,560][rfdiffusion.inference.model_runners][INFO] - Timestep 17, input to next step: --------------------------------------------------------------------------------------------------------------
[2026-04-20 01:24:43,301][rfdiffusion.inference.model_runners][INFO] - Timestep 16, input to next step: --------------------------------------------------------------------------------------------------------------
[2026-04-20 01:24:44,984][rfdiffusion.inference.model_runners][INFO] - Timestep 15, input to next step: --------------------------------------------------------------------------------------------------------------
[2026-04-20 01:24:46,724][rfdiffusion.inference.model_runners][INFO] - Timestep 14, input to next step: --------------------------------------------------------------------------------------------------------------
[2026-04-20 01:24:48,401][rfdiffusion.inference.model_runners][INFO] - Timestep 13, input to next step: --------------------------------------------------------------------------------------------------------------
[2026-04-20 01:24:50,092][rfdiffusion.inference.model_runners][INFO] - Timestep 12, input to next step: --------------------------------------------------------------------------------------------------------------
[2026-04-20 01:24:51,976][rfdiffusion.inference.model_runners][INFO] - Timestep 11, input to next step: --------------------------------------------------------------------------------------------------------------
[2026-04-20 01:24:53,631][rfdiffusion.inference.model_runners][INFO] - Timestep 10, input to next step: --------------------------------------------------------------------------------------------------------------
[2026-04-20 01:24:55,324][rfdiffusion.inference.model_runners][INFO] - Timestep 9, input to next step: --------------------------------------------------------------------------------------------------------------
[2026-04-20 01:24:57,044][rfdiffusion.inference.model_runners][INFO] - Timestep 8, input to next step: --------------------------------------------------------------------------------------------------------------
[2026-04-20 01:24:58,707][rfdiffusion.inference.model_runners][INFO] - Timestep 7, input to next step: --------------------------------------------------------------------------------------------------------------
[2026-04-20 01:25:00,491][rfdiffusion.inference.model_runners][INFO] - Timestep 6, input to next step: --------------------------------------------------------------------------------------------------------------
[2026-04-20 01:25:02,226][rfdiffusion.inference.model_runners][INFO] - Timestep 5, input to next step: --------------------------------------------------------------------------------------------------------------
[2026-04-20 01:25:03,917][rfdiffusion.inference.model_runners][INFO] - Timestep 4, input to next step: --------------------------------------------------------------------------------------------------------------
[2026-04-20 01:25:05,594][rfdiffusion.inference.model_runners][INFO] - Timestep 3, input to next step: --------------------------------------------------------------------------------------------------------------
[2026-04-20 01:25:07,320][rfdiffusion.inference.model_runners][INFO] - Timestep 2, input to next step: --------------------------------------------------------------------------------------------------------------
[2026-04-20 01:25:11,090][__main__][INFO] - Finished design in 1.52 minutes
[2026-04-20 01:25:11,091][__main__][INFO] - Making design /home/manvi/Team_8_CS598GBL/Assignment/Generate_designs/default/len_110/design_3
[2026-04-20 01:25:11,095][rfdiffusion.inference.model_runners][INFO] - Using contig: ['110-110']
[2026-04-20 01:25:11,115][rfdiffusion.inference.model_runners][INFO] - Sequence init: --------------------------------------------------------------------------------------------------------------
[2026-04-20 01:25:12,808][rfdiffusion.inference.model_runners][INFO] - Timestep 50, input to next step: --------------------------------------------------------------------------------------------------------------
[2026-04-20 01:25:14,555][rfdiffusion.inference.model_runners][INFO] - Timestep 49, input to next step: --------------------------------------------------------------------------------------------------------------
[2026-04-20 01:25:16,254][rfdiffusion.inference.model_runners][INFO] - Timestep 48, input to next step: --------------------------------------------------------------------------------------------------------------
[2026-04-20 01:25:17,958][rfdiffusion.inference.model_runners][INFO] - Timestep 47, input to next step: --------------------------------------------------------------------------------------------------------------
[2026-04-20 01:25:19,761][rfdiffusion.inference.model_runners][INFO] - Timestep 46, input to next step: --------------------------------------------------------------------------------------------------------------
[2026-04-20 01:25:21,575][rfdiffusion.inference.model_runners][INFO] - Timestep 45, input to next step: --------------------------------------------------------------------------------------------------------------
[2026-04-20 01:25:23,282][rfdiffusion.inference.model_runners][INFO] - Timestep 44, input to next step: --------------------------------------------------------------------------------------------------------------
[2026-04-20 01:25:25,042][rfdiffusion.inference.model_runners][INFO] - Timestep 43, input to next step: --------------------------------------------------------------------------------------------------------------
[2026-04-20 01:25:26,783][rfdiffusion.inference.model_runners][INFO] - Timestep 42, input to next step: --------------------------------------------------------------------------------------------------------------
[2026-04-20 01:25:28,509][rfdiffusion.inference.model_runners][INFO] - Timestep 41, input to next step: --------------------------------------------------------------------------------------------------------------
[2026-04-20 01:25:30,197][rfdiffusion.inference.model_runners][INFO] - Timestep 40, input to next step: --------------------------------------------------------------------------------------------------------------
[2026-04-20 01:25:31,945][rfdiffusion.inference.model_runners][INFO] - Timestep 39, input to next step: --------------------------------------------------------------------------------------------------------------
[2026-04-20 01:25:33,688][rfdiffusion.inference.model_runners][INFO] - Timestep 38, input to next step: --------------------------------------------------------------------------------------------------------------
[2026-04-20 01:25:35,454][rfdiffusion.inference.model_runners][INFO] - Timestep 37, input to next step: --------------------------------------------------------------------------------------------------------------
[2026-04-20 01:25:37,213][rfdiffusion.inference.model_runners][INFO] - Timestep 36, input to next step: --------------------------------------------------------------------------------------------------------------
[2026-04-20 01:25:38,944][rfdiffusion.inference.model_runners][INFO] - Timestep 35, input to next step: --------------------------------------------------------------------------------------------------------------
[2026-04-20 01:25:40,676][rfdiffusion.inference.model_runners][INFO] - Timestep 34, input to next step: --------------------------------------------------------------------------------------------------------------
[2026-04-20 01:25:42,402][rfdiffusion.inference.model_runners][INFO] - Timestep 33, input to next step: --------------------------------------------------------------------------------------------------------------
[2026-04-20 01:25:44,140][rfdiffusion.inference.model_runners][INFO] - Timestep 32, input to next step: --------------------------------------------------------------------------------------------------------------
[2026-04-20 01:25:45,813][rfdiffusion.inference.model_runners][INFO] - Timestep 31, input to next step: --------------------------------------------------------------------------------------------------------------
[2026-04-20 01:25:47,655][rfdiffusion.inference.model_runners][INFO] - Timestep 30, input to next step: --------------------------------------------------------------------------------------------------------------
[2026-04-20 01:25:49,412][rfdiffusion.inference.model_runners][INFO] - Timestep 29, input to next step: --------------------------------------------------------------------------------------------------------------
[2026-04-20 01:25:51,049][rfdiffusion.inference.model_runners][INFO] - Timestep 28, input to next step: --------------------------------------------------------------------------------------------------------------
[2026-04-20 01:25:52,997][rfdiffusion.inference.model_runners][INFO] - Timestep 27, input to next step: --------------------------------------------------------------------------------------------------------------
[2026-04-20 01:25:54,852][rfdiffusion.inference.model_runners][INFO] - Timestep 26, input to next step: --------------------------------------------------------------------------------------------------------------
[2026-04-20 01:25:56,639][rfdiffusion.inference.model_runners][INFO] - Timestep 25, input to next step: --------------------------------------------------------------------------------------------------------------
[2026-04-20 01:25:58,343][rfdiffusion.inference.model_runners][INFO] - Timestep 24, input to next step: --------------------------------------------------------------------------------------------------------------
[2026-04-20 01:26:00,076][rfdiffusion.inference.model_runners][INFO] - Timestep 23, input to next step: --------------------------------------------------------------------------------------------------------------
[2026-04-20 01:26:01,783][rfdiffusion.inference.model_runners][INFO] - Timestep 22, input to next step: --------------------------------------------------------------------------------------------------------------
[2026-04-20 01:26:03,603][rfdiffusion.inference.model_runners][INFO] - Timestep 21, input to next step: --------------------------------------------------------------------------------------------------------------
[2026-04-20 01:26:05,328][rfdiffusion.inference.model_runners][INFO] - Timestep 20, input to next step: --------------------------------------------------------------------------------------------------------------
[2026-04-20 01:26:07,048][rfdiffusion.inference.model_runners][INFO] - Timestep 19, input to next step: --------------------------------------------------------------------------------------------------------------
[2026-04-20 01:26:08,801][rfdiffusion.inference.model_runners][INFO] - Timestep 18, input to next step: --------------------------------------------------------------------------------------------------------------
[2026-04-20 01:26:10,495][rfdiffusion.inference.model_runners][INFO] - Timestep 17, input to next step: --------------------------------------------------------------------------------------------------------------
[2026-04-20 01:26:12,239][rfdiffusion.inference.model_runners][INFO] - Timestep 16, input to next step: --------------------------------------------------------------------------------------------------------------
[2026-04-20 01:26:14,316][rfdiffusion.inference.model_runners][INFO] - Timestep 15, input to next step: --------------------------------------------------------------------------------------------------------------
[2026-04-20 01:26:16,170][rfdiffusion.inference.model_runners][INFO] - Timestep 14, input to next step: --------------------------------------------------------------------------------------------------------------
[2026-04-20 01:26:17,921][rfdiffusion.inference.model_runners][INFO] - Timestep 13, input to next step: --------------------------------------------------------------------------------------------------------------
[2026-04-20 01:26:19,708][rfdiffusion.inference.model_runners][INFO] - Timestep 12, input to next step: --------------------------------------------------------------------------------------------------------------
[2026-04-20 01:26:21,756][rfdiffusion.inference.model_runners][INFO] - Timestep 11, input to next step: --------------------------------------------------------------------------------------------------------------
[2026-04-20 01:26:23,611][rfdiffusion.inference.model_runners][INFO] - Timestep 10, input to next step: --------------------------------------------------------------------------------------------------------------
[2026-04-20 01:26:25,314][rfdiffusion.inference.model_runners][INFO] - Timestep 9, input to next step: --------------------------------------------------------------------------------------------------------------
[2026-04-20 01:26:27,073][rfdiffusion.inference.model_runners][INFO] - Timestep 8, input to next step: --------------------------------------------------------------------------------------------------------------
[2026-04-20 01:26:28,831][rfdiffusion.inference.model_runners][INFO] - Timestep 7, input to next step: --------------------------------------------------------------------------------------------------------------
[2026-04-20 01:26:30,666][rfdiffusion.inference.model_runners][INFO] - Timestep 6, input to next step: --------------------------------------------------------------------------------------------------------------
[2026-04-20 01:26:32,699][rfdiffusion.inference.model_runners][INFO] - Timestep 5, input to next step: --------------------------------------------------------------------------------------------------------------
[2026-04-20 01:26:34,949][rfdiffusion.inference.model_runners][INFO] - Timestep 4, input to next step: --------------------------------------------------------------------------------------------------------------
[2026-04-20 01:26:36,848][rfdiffusion.inference.model_runners][INFO] - Timestep 3, input to next step: --------------------------------------------------------------------------------------------------------------
[2026-04-20 01:26:38,592][rfdiffusion.inference.model_runners][INFO] - Timestep 2, input to next step: --------------------------------------------------------------------------------------------------------------
[2026-04-20 01:26:42,150][__main__][INFO] - Finished design in 1.52 minutes
[2026-04-20 01:26:42,151][__main__][INFO] - Making design /home/manvi/Team_8_CS598GBL/Assignment/Generate_designs/default/len_110/design_4
[2026-04-20 01:26:42,155][rfdiffusion.inference.model_runners][INFO] - Using contig: ['110-110']
[2026-04-20 01:26:42,175][rfdiffusion.inference.model_runners][INFO] - Sequence init: --------------------------------------------------------------------------------------------------------------
[2026-04-20 01:26:43,724][rfdiffusion.inference.model_runners][INFO] - Timestep 50, input to next step: --------------------------------------------------------------------------------------------------------------
[2026-04-20 01:26:45,390][rfdiffusion.inference.model_runners][INFO] - Timestep 49, input to next step: --------------------------------------------------------------------------------------------------------------
[2026-04-20 01:26:47,146][rfdiffusion.inference.model_runners][INFO] - Timestep 48, input to next step: --------------------------------------------------------------------------------------------------------------
[2026-04-20 01:26:48,860][rfdiffusion.inference.model_runners][INFO] - Timestep 47, input to next step: --------------------------------------------------------------------------------------------------------------
[2026-04-20 01:26:50,693][rfdiffusion.inference.model_runners][INFO] - Timestep 46, input to next step: --------------------------------------------------------------------------------------------------------------
[2026-04-20 01:26:52,808][rfdiffusion.inference.model_runners][INFO] - Timestep 45, input to next step: --------------------------------------------------------------------------------------------------------------
[2026-04-20 01:26:54,479][rfdiffusion.inference.model_runners][INFO] - Timestep 44, input to next step: --------------------------------------------------------------------------------------------------------------
[2026-04-20 01:26:56,272][rfdiffusion.inference.model_runners][INFO] - Timestep 43, input to next step: --------------------------------------------------------------------------------------------------------------
[2026-04-20 01:26:58,097][rfdiffusion.inference.model_runners][INFO] - Timestep 42, input to next step: --------------------------------------------------------------------------------------------------------------
[2026-04-20 01:26:59,824][rfdiffusion.inference.model_runners][INFO] - Timestep 41, input to next step: --------------------------------------------------------------------------------------------------------------
[2026-04-20 01:27:01,566][rfdiffusion.inference.model_runners][INFO] - Timestep 40, input to next step: --------------------------------------------------------------------------------------------------------------
[2026-04-20 01:27:03,340][rfdiffusion.inference.model_runners][INFO] - Timestep 39, input to next step: --------------------------------------------------------------------------------------------------------------
[2026-04-20 01:27:05,090][rfdiffusion.inference.model_runners][INFO] - Timestep 38, input to next step: --------------------------------------------------------------------------------------------------------------
[2026-04-20 01:27:06,868][rfdiffusion.inference.model_runners][INFO] - Timestep 37, input to next step: --------------------------------------------------------------------------------------------------------------
[2026-04-20 01:27:08,706][rfdiffusion.inference.model_runners][INFO] - Timestep 36, input to next step: --------------------------------------------------------------------------------------------------------------
[2026-04-20 01:27:10,554][rfdiffusion.inference.model_runners][INFO] - Timestep 35, input to next step: --------------------------------------------------------------------------------------------------------------
[2026-04-20 01:27:12,542][rfdiffusion.inference.model_runners][INFO] - Timestep 34, input to next step: --------------------------------------------------------------------------------------------------------------
[2026-04-20 01:27:14,340][rfdiffusion.inference.model_runners][INFO] - Timestep 33, input to next step: --------------------------------------------------------------------------------------------------------------
[2026-04-20 01:27:16,152][rfdiffusion.inference.model_runners][INFO] - Timestep 32, input to next step: --------------------------------------------------------------------------------------------------------------
[2026-04-20 01:27:17,882][rfdiffusion.inference.model_runners][INFO] - Timestep 31, input to next step: --------------------------------------------------------------------------------------------------------------
[2026-04-20 01:27:19,611][rfdiffusion.inference.model_runners][INFO] - Timestep 30, input to next step: --------------------------------------------------------------------------------------------------------------
[2026-04-20 01:27:21,448][rfdiffusion.inference.model_runners][INFO] - Timestep 29, input to next step: --------------------------------------------------------------------------------------------------------------
[2026-04-20 01:27:23,209][rfdiffusion.inference.model_runners][INFO] - Timestep 28, input to next step: --------------------------------------------------------------------------------------------------------------
[2026-04-20 01:27:25,020][rfdiffusion.inference.model_runners][INFO] - Timestep 27, input to next step: --------------------------------------------------------------------------------------------------------------
[2026-04-20 01:27:28,043][rfdiffusion.inference.model_runners][INFO] - Timestep 26, input to next step: --------------------------------------------------------------------------------------------------------------
[2026-04-20 01:27:29,502][rfdiffusion.inference.model_runners][INFO] - Timestep 25, input to next step: --------------------------------------------------------------------------------------------------------------
[2026-04-20 01:27:31,082][rfdiffusion.inference.model_runners][INFO] - Timestep 24, input to next step: --------------------------------------------------------------------------------------------------------------
[2026-04-20 01:27:32,953][rfdiffusion.inference.model_runners][INFO] - Timestep 23, input to next step: --------------------------------------------------------------------------------------------------------------
[2026-04-20 01:27:34,932][rfdiffusion.inference.model_runners][INFO] - Timestep 22, input to next step: --------------------------------------------------------------------------------------------------------------
[2026-04-20 01:27:36,757][rfdiffusion.inference.model_runners][INFO] - Timestep 21, input to next step: --------------------------------------------------------------------------------------------------------------
[2026-04-20 01:27:38,546][rfdiffusion.inference.model_runners][INFO] - Timestep 20, input to next step: --------------------------------------------------------------------------------------------------------------
[2026-04-20 01:27:40,341][rfdiffusion.inference.model_runners][INFO] - Timestep 19, input to next step: --------------------------------------------------------------------------------------------------------------
[2026-04-20 01:27:42,044][rfdiffusion.inference.model_runners][INFO] - Timestep 18, input to next step: --------------------------------------------------------------------------------------------------------------
[2026-04-20 01:27:43,770][rfdiffusion.inference.model_runners][INFO] - Timestep 17, input to next step: --------------------------------------------------------------------------------------------------------------
[2026-04-20 01:27:45,501][rfdiffusion.inference.model_runners][INFO] - Timestep 16, input to next step: --------------------------------------------------------------------------------------------------------------
[2026-04-20 01:27:47,209][rfdiffusion.inference.model_runners][INFO] - Timestep 15, input to next step: --------------------------------------------------------------------------------------------------------------
[2026-04-20 01:27:48,903][rfdiffusion.inference.model_runners][INFO] - Timestep 14, input to next step: --------------------------------------------------------------------------------------------------------------
[2026-04-20 01:27:50,732][rfdiffusion.inference.model_runners][INFO] - Timestep 13, input to next step: --------------------------------------------------------------------------------------------------------------
[2026-04-20 01:27:52,692][rfdiffusion.inference.model_runners][INFO] - Timestep 12, input to next step: --------------------------------------------------------------------------------------------------------------
[2026-04-20 01:27:54,501][rfdiffusion.inference.model_runners][INFO] - Timestep 11, input to next step: --------------------------------------------------------------------------------------------------------------
[2026-04-20 01:27:56,308][rfdiffusion.inference.model_runners][INFO] - Timestep 10, input to next step: --------------------------------------------------------------------------------------------------------------
[2026-04-20 01:27:58,148][rfdiffusion.inference.model_runners][INFO] - Timestep 9, input to next step: --------------------------------------------------------------------------------------------------------------
[2026-04-20 01:27:59,858][rfdiffusion.inference.model_runners][INFO] - Timestep 8, input to next step: --------------------------------------------------------------------------------------------------------------
[2026-04-20 01:28:01,591][rfdiffusion.inference.model_runners][INFO] - Timestep 7, input to next step: --------------------------------------------------------------------------------------------------------------
[2026-04-20 01:28:03,422][rfdiffusion.inference.model_runners][INFO] - Timestep 6, input to next step: --------------------------------------------------------------------------------------------------------------
[2026-04-20 01:28:05,161][rfdiffusion.inference.model_runners][INFO] - Timestep 5, input to next step: --------------------------------------------------------------------------------------------------------------
[2026-04-20 01:28:06,979][rfdiffusion.inference.model_runners][INFO] - Timestep 4, input to next step: --------------------------------------------------------------------------------------------------------------
[2026-04-20 01:28:08,768][rfdiffusion.inference.model_runners][INFO] - Timestep 3, input to next step: --------------------------------------------------------------------------------------------------------------
[2026-04-20 01:28:11,070][rfdiffusion.inference.model_runners][INFO] - Timestep 2, input to next step: --------------------------------------------------------------------------------------------------------------
[2026-04-20 01:28:14,845][__main__][INFO] - Finished design in 1.54 minutes
[2026-04-20 01:28:14,845][__main__][INFO] - Making design /home/manvi/Team_8_CS598GBL/Assignment/Generate_designs/default/len_110/design_5
[2026-04-20 01:28:14,851][rfdiffusion.inference.model_runners][INFO] - Using contig: ['110-110']
[2026-04-20 01:28:14,874][rfdiffusion.inference.model_runners][INFO] - Sequence init: --------------------------------------------------------------------------------------------------------------
[2026-04-20 01:28:16,473][rfdiffusion.inference.model_runners][INFO] - Timestep 50, input to next step: --------------------------------------------------------------------------------------------------------------
[2026-04-20 01:28:18,519][rfdiffusion.inference.model_runners][INFO] - Timestep 49, input to next step: --------------------------------------------------------------------------------------------------------------
[2026-04-20 01:28:20,147][rfdiffusion.inference.model_runners][INFO] - Timestep 48, input to next step: --------------------------------------------------------------------------------------------------------------
[2026-04-20 01:28:21,947][rfdiffusion.inference.model_runners][INFO] - Timestep 47, input to next step: --------------------------------------------------------------------------------------------------------------
[2026-04-20 01:28:23,913][rfdiffusion.inference.model_runners][INFO] - Timestep 46, input to next step: --------------------------------------------------------------------------------------------------------------
[2026-04-20 01:28:25,742][rfdiffusion.inference.model_runners][INFO] - Timestep 45, input to next step: --------------------------------------------------------------------------------------------------------------
[2026-04-20 01:28:27,464][rfdiffusion.inference.model_runners][INFO] - Timestep 44, input to next step: --------------------------------------------------------------------------------------------------------------
[2026-04-20 01:28:29,215][rfdiffusion.inference.model_runners][INFO] - Timestep 43, input to next step: --------------------------------------------------------------------------------------------------------------
[2026-04-20 01:28:30,963][rfdiffusion.inference.model_runners][INFO] - Timestep 42, input to next step: --------------------------------------------------------------------------------------------------------------
[2026-04-20 01:28:32,741][rfdiffusion.inference.model_runners][INFO] - Timestep 41, input to next step: --------------------------------------------------------------------------------------------------------------
[2026-04-20 01:28:34,611][rfdiffusion.inference.model_runners][INFO] - Timestep 40, input to next step: --------------------------------------------------------------------------------------------------------------
[2026-04-20 01:28:36,393][rfdiffusion.inference.model_runners][INFO] - Timestep 39, input to next step: --------------------------------------------------------------------------------------------------------------
[2026-04-20 01:28:38,213][rfdiffusion.inference.model_runners][INFO] - Timestep 38, input to next step: --------------------------------------------------------------------------------------------------------------
[2026-04-20 01:28:39,962][rfdiffusion.inference.model_runners][INFO] - Timestep 37, input to next step: --------------------------------------------------------------------------------------------------------------
[2026-04-20 01:28:41,869][rfdiffusion.inference.model_runners][INFO] - Timestep 36, input to next step: --------------------------------------------------------------------------------------------------------------
[2026-04-20 01:28:43,685][rfdiffusion.inference.model_runners][INFO] - Timestep 35, input to next step: --------------------------------------------------------------------------------------------------------------
[2026-04-20 01:28:45,381][rfdiffusion.inference.model_runners][INFO] - Timestep 34, input to next step: --------------------------------------------------------------------------------------------------------------
[2026-04-20 01:28:47,217][rfdiffusion.inference.model_runners][INFO] - Timestep 33, input to next step: --------------------------------------------------------------------------------------------------------------
[2026-04-20 01:28:49,093][rfdiffusion.inference.model_runners][INFO] - Timestep 32, input to next step: --------------------------------------------------------------------------------------------------------------
[2026-04-20 01:28:51,270][rfdiffusion.inference.model_runners][INFO] - Timestep 31, input to next step: --------------------------------------------------------------------------------------------------------------
[2026-04-20 01:28:53,518][rfdiffusion.inference.model_runners][INFO] - Timestep 30, input to next step: --------------------------------------------------------------------------------------------------------------
[2026-04-20 01:28:55,480][rfdiffusion.inference.model_runners][INFO] - Timestep 29, input to next step: --------------------------------------------------------------------------------------------------------------
[2026-04-20 01:28:57,238][rfdiffusion.inference.model_runners][INFO] - Timestep 28, input to next step: --------------------------------------------------------------------------------------------------------------
[2026-04-20 01:28:59,075][rfdiffusion.inference.model_runners][INFO] - Timestep 27, input to next step: --------------------------------------------------------------------------------------------------------------
[2026-04-20 01:29:01,050][rfdiffusion.inference.model_runners][INFO] - Timestep 26, input to next step: --------------------------------------------------------------------------------------------------------------
[2026-04-20 01:29:03,312][rfdiffusion.inference.model_runners][INFO] - Timestep 25, input to next step: --------------------------------------------------------------------------------------------------------------
[2026-04-20 01:29:05,108][rfdiffusion.inference.model_runners][INFO] - Timestep 24, input to next step: --------------------------------------------------------------------------------------------------------------
[2026-04-20 01:29:06,903][rfdiffusion.inference.model_runners][INFO] - Timestep 23, input to next step: --------------------------------------------------------------------------------------------------------------
[2026-04-20 01:29:08,665][rfdiffusion.inference.model_runners][INFO] - Timestep 22, input to next step: --------------------------------------------------------------------------------------------------------------
[2026-04-20 01:29:10,209][rfdiffusion.inference.model_runners][INFO] - Timestep 21, input to next step: --------------------------------------------------------------------------------------------------------------
[2026-04-20 01:29:11,865][rfdiffusion.inference.model_runners][INFO] - Timestep 20, input to next step: --------------------------------------------------------------------------------------------------------------
[2026-04-20 01:29:13,690][rfdiffusion.inference.model_runners][INFO] - Timestep 19, input to next step: --------------------------------------------------------------------------------------------------------------
[2026-04-20 01:29:15,348][rfdiffusion.inference.model_runners][INFO] - Timestep 18, input to next step: --------------------------------------------------------------------------------------------------------------
[2026-04-20 01:29:17,271][rfdiffusion.inference.model_runners][INFO] - Timestep 17, input to next step: --------------------------------------------------------------------------------------------------------------
[2026-04-20 01:29:19,034][rfdiffusion.inference.model_runners][INFO] - Timestep 16, input to next step: --------------------------------------------------------------------------------------------------------------
[2026-04-20 01:29:20,840][rfdiffusion.inference.model_runners][INFO] - Timestep 15, input to next step: --------------------------------------------------------------------------------------------------------------
[2026-04-20 01:29:22,890][rfdiffusion.inference.model_runners][INFO] - Timestep 14, input to next step: --------------------------------------------------------------------------------------------------------------
[2026-04-20 01:29:24,678][rfdiffusion.inference.model_runners][INFO] - Timestep 13, input to next step: --------------------------------------------------------------------------------------------------------------
[2026-04-20 01:29:26,448][rfdiffusion.inference.model_runners][INFO] - Timestep 12, input to next step: --------------------------------------------------------------------------------------------------------------
[2026-04-20 01:29:28,208][rfdiffusion.inference.model_runners][INFO] - Timestep 11, input to next step: --------------------------------------------------------------------------------------------------------------
[2026-04-20 01:29:29,892][rfdiffusion.inference.model_runners][INFO] - Timestep 10, input to next step: --------------------------------------------------------------------------------------------------------------
[2026-04-20 01:29:31,618][rfdiffusion.inference.model_runners][INFO] - Timestep 9, input to next step: --------------------------------------------------------------------------------------------------------------
[2026-04-20 01:29:33,331][rfdiffusion.inference.model_runners][INFO] - Timestep 8, input to next step: --------------------------------------------------------------------------------------------------------------
[2026-04-20 01:29:35,078][rfdiffusion.inference.model_runners][INFO] - Timestep 7, input to next step: --------------------------------------------------------------------------------------------------------------
[2026-04-20 01:29:36,777][rfdiffusion.inference.model_runners][INFO] - Timestep 6, input to next step: --------------------------------------------------------------------------------------------------------------
[2026-04-20 01:29:38,466][rfdiffusion.inference.model_runners][INFO] - Timestep 5, input to next step: --------------------------------------------------------------------------------------------------------------
[2026-04-20 01:29:40,204][rfdiffusion.inference.model_runners][INFO] - Timestep 4, input to next step: --------------------------------------------------------------------------------------------------------------
[2026-04-20 01:29:41,883][rfdiffusion.inference.model_runners][INFO] - Timestep 3, input to next step: --------------------------------------------------------------------------------------------------------------
[2026-04-20 01:29:43,592][rfdiffusion.inference.model_runners][INFO] - Timestep 2, input to next step: --------------------------------------------------------------------------------------------------------------
[2026-04-20 01:29:47,072][__main__][INFO] - Finished design in 1.54 minutes
[2026-04-20 01:29:47,072][__main__][INFO] - Making design /home/manvi/Team_8_CS598GBL/Assignment/Generate_designs/default/len_110/design_6
[2026-04-20 01:29:47,078][rfdiffusion.inference.model_runners][INFO] - Using contig: ['110-110']
[2026-04-20 01:29:47,102][rfdiffusion.inference.model_runners][INFO] - Sequence init: --------------------------------------------------------------------------------------------------------------
[2026-04-20 01:29:48,679][rfdiffusion.inference.model_runners][INFO] - Timestep 50, input to next step: --------------------------------------------------------------------------------------------------------------
[2026-04-20 01:29:50,307][rfdiffusion.inference.model_runners][INFO] - Timestep 49, input to next step: --------------------------------------------------------------------------------------------------------------
[2026-04-20 01:29:52,094][rfdiffusion.inference.model_runners][INFO] - Timestep 48, input to next step: --------------------------------------------------------------------------------------------------------------
[2026-04-20 01:29:54,006][rfdiffusion.inference.model_runners][INFO] - Timestep 47, input to next step: --------------------------------------------------------------------------------------------------------------
[2026-04-20 01:29:55,871][rfdiffusion.inference.model_runners][INFO] - Timestep 46, input to next step: --------------------------------------------------------------------------------------------------------------
[2026-04-20 01:29:57,569][rfdiffusion.inference.model_runners][INFO] - Timestep 45, input to next step: --------------------------------------------------------------------------------------------------------------
[2026-04-20 01:29:59,283][rfdiffusion.inference.model_runners][INFO] - Timestep 44, input to next step: --------------------------------------------------------------------------------------------------------------
[2026-04-20 01:30:01,005][rfdiffusion.inference.model_runners][INFO] - Timestep 43, input to next step: --------------------------------------------------------------------------------------------------------------
[2026-04-20 01:30:02,801][rfdiffusion.inference.model_runners][INFO] - Timestep 42, input to next step: --------------------------------------------------------------------------------------------------------------
[2026-04-20 01:30:05,225][rfdiffusion.inference.model_runners][INFO] - Timestep 41, input to next step: --------------------------------------------------------------------------------------------------------------
[2026-04-20 01:30:07,050][rfdiffusion.inference.model_runners][INFO] - Timestep 40, input to next step: --------------------------------------------------------------------------------------------------------------
[2026-04-20 01:30:08,659][rfdiffusion.inference.model_runners][INFO] - Timestep 39, input to next step: --------------------------------------------------------------------------------------------------------------
[2026-04-20 01:30:10,318][rfdiffusion.inference.model_runners][INFO] - Timestep 38, input to next step: --------------------------------------------------------------------------------------------------------------
[2026-04-20 01:30:11,937][rfdiffusion.inference.model_runners][INFO] - Timestep 37, input to next step: --------------------------------------------------------------------------------------------------------------
[2026-04-20 01:30:13,619][rfdiffusion.inference.model_runners][INFO] - Timestep 36, input to next step: --------------------------------------------------------------------------------------------------------------
[2026-04-20 01:30:15,313][rfdiffusion.inference.model_runners][INFO] - Timestep 35, input to next step: --------------------------------------------------------------------------------------------------------------
[2026-04-20 01:30:17,035][rfdiffusion.inference.model_runners][INFO] - Timestep 34, input to next step: --------------------------------------------------------------------------------------------------------------
[2026-04-20 01:30:18,739][rfdiffusion.inference.model_runners][INFO] - Timestep 33, input to next step: --------------------------------------------------------------------------------------------------------------
[2026-04-20 01:30:20,455][rfdiffusion.inference.model_runners][INFO] - Timestep 32, input to next step: --------------------------------------------------------------------------------------------------------------
[2026-04-20 01:30:22,303][rfdiffusion.inference.model_runners][INFO] - Timestep 31, input to next step: --------------------------------------------------------------------------------------------------------------
[2026-04-20 01:30:23,980][rfdiffusion.inference.model_runners][INFO] - Timestep 30, input to next step: --------------------------------------------------------------------------------------------------------------
[2026-04-20 01:30:25,655][rfdiffusion.inference.model_runners][INFO] - Timestep 29, input to next step: --------------------------------------------------------------------------------------------------------------
[2026-04-20 01:30:27,383][rfdiffusion.inference.model_runners][INFO] - Timestep 28, input to next step: --------------------------------------------------------------------------------------------------------------
[2026-04-20 01:30:29,140][rfdiffusion.inference.model_runners][INFO] - Timestep 27, input to next step: --------------------------------------------------------------------------------------------------------------
[2026-04-20 01:30:30,936][rfdiffusion.inference.model_runners][INFO] - Timestep 26, input to next step: --------------------------------------------------------------------------------------------------------------
[2026-04-20 01:30:32,883][rfdiffusion.inference.model_runners][INFO] - Timestep 25, input to next step: --------------------------------------------------------------------------------------------------------------
[2026-04-20 01:30:34,745][rfdiffusion.inference.model_runners][INFO] - Timestep 24, input to next step: --------------------------------------------------------------------------------------------------------------
[2026-04-20 01:30:36,604][rfdiffusion.inference.model_runners][INFO] - Timestep 23, input to next step: --------------------------------------------------------------------------------------------------------------
[2026-04-20 01:30:38,350][rfdiffusion.inference.model_runners][INFO] - Timestep 22, input to next step: --------------------------------------------------------------------------------------------------------------
[2026-04-20 01:30:40,107][rfdiffusion.inference.model_runners][INFO] - Timestep 21, input to next step: --------------------------------------------------------------------------------------------------------------
[2026-04-20 01:30:41,832][rfdiffusion.inference.model_runners][INFO] - Timestep 20, input to next step: --------------------------------------------------------------------------------------------------------------
[2026-04-20 01:30:43,620][rfdiffusion.inference.model_runners][INFO] - Timestep 19, input to next step: --------------------------------------------------------------------------------------------------------------
[2026-04-20 01:30:45,315][rfdiffusion.inference.model_runners][INFO] - Timestep 18, input to next step: --------------------------------------------------------------------------------------------------------------
[2026-04-20 01:30:47,043][rfdiffusion.inference.model_runners][INFO] - Timestep 17, input to next step: --------------------------------------------------------------------------------------------------------------
[2026-04-20 01:30:48,786][rfdiffusion.inference.model_runners][INFO] - Timestep 16, input to next step: --------------------------------------------------------------------------------------------------------------
[2026-04-20 01:30:50,570][rfdiffusion.inference.model_runners][INFO] - Timestep 15, input to next step: --------------------------------------------------------------------------------------------------------------
[2026-04-20 01:30:52,275][rfdiffusion.inference.model_runners][INFO] - Timestep 14, input to next step: --------------------------------------------------------------------------------------------------------------
[2026-04-20 01:30:53,979][rfdiffusion.inference.model_runners][INFO] - Timestep 13, input to next step: --------------------------------------------------------------------------------------------------------------
[2026-04-20 01:30:55,747][rfdiffusion.inference.model_runners][INFO] - Timestep 12, input to next step: --------------------------------------------------------------------------------------------------------------
[2026-04-20 01:30:57,463][rfdiffusion.inference.model_runners][INFO] - Timestep 11, input to next step: --------------------------------------------------------------------------------------------------------------
[2026-04-20 01:30:59,091][rfdiffusion.inference.model_runners][INFO] - Timestep 10, input to next step: --------------------------------------------------------------------------------------------------------------
[2026-04-20 01:31:00,800][rfdiffusion.inference.model_runners][INFO] - Timestep 9, input to next step: --------------------------------------------------------------------------------------------------------------
[2026-04-20 01:31:02,514][rfdiffusion.inference.model_runners][INFO] - Timestep 8, input to next step: --------------------------------------------------------------------------------------------------------------
[2026-04-20 01:31:04,174][rfdiffusion.inference.model_runners][INFO] - Timestep 7, input to next step: --------------------------------------------------------------------------------------------------------------
[2026-04-20 01:31:05,855][rfdiffusion.inference.model_runners][INFO] - Timestep 6, input to next step: --------------------------------------------------------------------------------------------------------------
[2026-04-20 01:31:07,558][rfdiffusion.inference.model_runners][INFO] - Timestep 5, input to next step: --------------------------------------------------------------------------------------------------------------
[2026-04-20 01:31:09,291][rfdiffusion.inference.model_runners][INFO] - Timestep 4, input to next step: --------------------------------------------------------------------------------------------------------------
[2026-04-20 01:31:10,989][rfdiffusion.inference.model_runners][INFO] - Timestep 3, input to next step: --------------------------------------------------------------------------------------------------------------
[2026-04-20 01:31:12,705][rfdiffusion.inference.model_runners][INFO] - Timestep 2, input to next step: --------------------------------------------------------------------------------------------------------------
[2026-04-20 01:31:16,093][__main__][INFO] - Finished design in 1.48 minutes
[2026-04-20 01:31:16,094][__main__][INFO] - Making design /home/manvi/Team_8_CS598GBL/Assignment/Generate_designs/default/len_110/design_7
[2026-04-20 01:31:16,099][rfdiffusion.inference.model_runners][INFO] - Using contig: ['110-110']
[2026-04-20 01:31:16,121][rfdiffusion.inference.model_runners][INFO] - Sequence init: --------------------------------------------------------------------------------------------------------------
[2026-04-20 01:31:17,705][rfdiffusion.inference.model_runners][INFO] - Timestep 50, input to next step: --------------------------------------------------------------------------------------------------------------
[2026-04-20 01:31:19,310][rfdiffusion.inference.model_runners][INFO] - Timestep 49, input to next step: --------------------------------------------------------------------------------------------------------------
[2026-04-20 01:31:21,105][rfdiffusion.inference.model_runners][INFO] - Timestep 48, input to next step: --------------------------------------------------------------------------------------------------------------
[2026-04-20 01:31:23,208][rfdiffusion.inference.model_runners][INFO] - Timestep 47, input to next step: --------------------------------------------------------------------------------------------------------------
[2026-04-20 01:31:25,264][rfdiffusion.inference.model_runners][INFO] - Timestep 46, input to next step: --------------------------------------------------------------------------------------------------------------
[2026-04-20 01:31:27,131][rfdiffusion.inference.model_runners][INFO] - Timestep 45, input to next step: --------------------------------------------------------------------------------------------------------------
[2026-04-20 01:31:28,888][rfdiffusion.inference.model_runners][INFO] - Timestep 44, input to next step: --------------------------------------------------------------------------------------------------------------
[2026-04-20 01:31:30,663][rfdiffusion.inference.model_runners][INFO] - Timestep 43, input to next step: --------------------------------------------------------------------------------------------------------------
[2026-04-20 01:31:32,342][rfdiffusion.inference.model_runners][INFO] - Timestep 42, input to next step: --------------------------------------------------------------------------------------------------------------
[2026-04-20 01:31:34,019][rfdiffusion.inference.model_runners][INFO] - Timestep 41, input to next step: --------------------------------------------------------------------------------------------------------------
[2026-04-20 01:31:35,667][rfdiffusion.inference.model_runners][INFO] - Timestep 40, input to next step: --------------------------------------------------------------------------------------------------------------
[2026-04-20 01:31:37,257][rfdiffusion.inference.model_runners][INFO] - Timestep 39, input to next step: --------------------------------------------------------------------------------------------------------------
[2026-04-20 01:31:38,887][rfdiffusion.inference.model_runners][INFO] - Timestep 38, input to next step: --------------------------------------------------------------------------------------------------------------
[2026-04-20 01:31:40,610][rfdiffusion.inference.model_runners][INFO] - Timestep 37, input to next step: --------------------------------------------------------------------------------------------------------------
[2026-04-20 01:31:42,298][rfdiffusion.inference.model_runners][INFO] - Timestep 36, input to next step: --------------------------------------------------------------------------------------------------------------
[2026-04-20 01:31:43,972][rfdiffusion.inference.model_runners][INFO] - Timestep 35, input to next step: --------------------------------------------------------------------------------------------------------------
[2026-04-20 01:31:45,697][rfdiffusion.inference.model_runners][INFO] - Timestep 34, input to next step: --------------------------------------------------------------------------------------------------------------
[2026-04-20 01:31:47,492][rfdiffusion.inference.model_runners][INFO] - Timestep 33, input to next step: --------------------------------------------------------------------------------------------------------------
[2026-04-20 01:31:49,183][rfdiffusion.inference.model_runners][INFO] - Timestep 32, input to next step: --------------------------------------------------------------------------------------------------------------
[2026-04-20 01:31:50,878][rfdiffusion.inference.model_runners][INFO] - Timestep 31, input to next step: --------------------------------------------------------------------------------------------------------------
[2026-04-20 01:31:52,653][rfdiffusion.inference.model_runners][INFO] - Timestep 30, input to next step: --------------------------------------------------------------------------------------------------------------
[2026-04-20 01:31:54,509][rfdiffusion.inference.model_runners][INFO] - Timestep 29, input to next step: --------------------------------------------------------------------------------------------------------------
[2026-04-20 01:31:56,676][rfdiffusion.inference.model_runners][INFO] - Timestep 28, input to next step: --------------------------------------------------------------------------------------------------------------
[2026-04-20 01:31:58,498][rfdiffusion.inference.model_runners][INFO] - Timestep 27, input to next step: --------------------------------------------------------------------------------------------------------------
[2026-04-20 01:32:00,227][rfdiffusion.inference.model_runners][INFO] - Timestep 26, input to next step: --------------------------------------------------------------------------------------------------------------
[2026-04-20 01:32:01,995][rfdiffusion.inference.model_runners][INFO] - Timestep 25, input to next step: --------------------------------------------------------------------------------------------------------------
[2026-04-20 01:32:03,688][rfdiffusion.inference.model_runners][INFO] - Timestep 24, input to next step: --------------------------------------------------------------------------------------------------------------
[2026-04-20 01:32:05,436][rfdiffusion.inference.model_runners][INFO] - Timestep 23, input to next step: --------------------------------------------------------------------------------------------------------------
[2026-04-20 01:32:07,227][rfdiffusion.inference.model_runners][INFO] - Timestep 22, input to next step: --------------------------------------------------------------------------------------------------------------
[2026-04-20 01:32:08,927][rfdiffusion.inference.model_runners][INFO] - Timestep 21, input to next step: --------------------------------------------------------------------------------------------------------------
[2026-04-20 01:32:10,602][rfdiffusion.inference.model_runners][INFO] - Timestep 20, input to next step: --------------------------------------------------------------------------------------------------------------
[2026-04-20 01:32:12,287][rfdiffusion.inference.model_runners][INFO] - Timestep 19, input to next step: --------------------------------------------------------------------------------------------------------------
[2026-04-20 01:32:14,020][rfdiffusion.inference.model_runners][INFO] - Timestep 18, input to next step: --------------------------------------------------------------------------------------------------------------
[2026-04-20 01:32:15,768][rfdiffusion.inference.model_runners][INFO] - Timestep 17, input to next step: --------------------------------------------------------------------------------------------------------------
[2026-04-20 01:32:17,474][rfdiffusion.inference.model_runners][INFO] - Timestep 16, input to next step: --------------------------------------------------------------------------------------------------------------
[2026-04-20 01:32:19,223][rfdiffusion.inference.model_runners][INFO] - Timestep 15, input to next step: --------------------------------------------------------------------------------------------------------------
[2026-04-20 01:32:20,928][rfdiffusion.inference.model_runners][INFO] - Timestep 14, input to next step: --------------------------------------------------------------------------------------------------------------
[2026-04-20 01:32:22,637][rfdiffusion.inference.model_runners][INFO] - Timestep 13, input to next step: --------------------------------------------------------------------------------------------------------------
[2026-04-20 01:32:24,398][rfdiffusion.inference.model_runners][INFO] - Timestep 12, input to next step: --------------------------------------------------------------------------------------------------------------
[2026-04-20 01:32:26,127][rfdiffusion.inference.model_runners][INFO] - Timestep 11, input to next step: --------------------------------------------------------------------------------------------------------------
[2026-04-20 01:32:27,859][rfdiffusion.inference.model_runners][INFO] - Timestep 10, input to next step: --------------------------------------------------------------------------------------------------------------
[2026-04-20 01:32:29,510][rfdiffusion.inference.model_runners][INFO] - Timestep 9, input to next step: --------------------------------------------------------------------------------------------------------------
[2026-04-20 01:32:31,207][rfdiffusion.inference.model_runners][INFO] - Timestep 8, input to next step: --------------------------------------------------------------------------------------------------------------
[2026-04-20 01:32:32,906][rfdiffusion.inference.model_runners][INFO] - Timestep 7, input to next step: --------------------------------------------------------------------------------------------------------------
[2026-04-20 01:32:34,707][rfdiffusion.inference.model_runners][INFO] - Timestep 6, input to next step: --------------------------------------------------------------------------------------------------------------
[2026-04-20 01:32:36,443][rfdiffusion.inference.model_runners][INFO] - Timestep 5, input to next step: --------------------------------------------------------------------------------------------------------------
[2026-04-20 01:32:38,129][rfdiffusion.inference.model_runners][INFO] - Timestep 4, input to next step: --------------------------------------------------------------------------------------------------------------
[2026-04-20 01:32:39,778][rfdiffusion.inference.model_runners][INFO] - Timestep 3, input to next step: --------------------------------------------------------------------------------------------------------------
[2026-04-20 01:32:41,510][rfdiffusion.inference.model_runners][INFO] - Timestep 2, input to next step: --------------------------------------------------------------------------------------------------------------
[2026-04-20 01:32:45,092][__main__][INFO] - Finished design in 1.48 minutes
[2026-04-20 01:32:45,092][__main__][INFO] - Making design /home/manvi/Team_8_CS598GBL/Assignment/Generate_designs/default/len_110/design_8
[2026-04-20 01:32:45,096][rfdiffusion.inference.model_runners][INFO] - Using contig: ['110-110']
[2026-04-20 01:32:45,114][rfdiffusion.inference.model_runners][INFO] - Sequence init: --------------------------------------------------------------------------------------------------------------
[2026-04-20 01:32:46,696][rfdiffusion.inference.model_runners][INFO] - Timestep 50, input to next step: --------------------------------------------------------------------------------------------------------------
[2026-04-20 01:32:48,289][rfdiffusion.inference.model_runners][INFO] - Timestep 49, input to next step: --------------------------------------------------------------------------------------------------------------
[2026-04-20 01:32:49,956][rfdiffusion.inference.model_runners][INFO] - Timestep 48, input to next step: --------------------------------------------------------------------------------------------------------------
[2026-04-20 01:32:51,731][rfdiffusion.inference.model_runners][INFO] - Timestep 47, input to next step: --------------------------------------------------------------------------------------------------------------
[2026-04-20 01:32:53,535][rfdiffusion.inference.model_runners][INFO] - Timestep 46, input to next step: --------------------------------------------------------------------------------------------------------------
[2026-04-20 01:32:55,291][rfdiffusion.inference.model_runners][INFO] - Timestep 45, input to next step: --------------------------------------------------------------------------------------------------------------
[2026-04-20 01:32:57,075][rfdiffusion.inference.model_runners][INFO] - Timestep 44, input to next step: --------------------------------------------------------------------------------------------------------------
[2026-04-20 01:32:58,790][rfdiffusion.inference.model_runners][INFO] - Timestep 43, input to next step: --------------------------------------------------------------------------------------------------------------
[2026-04-20 01:33:00,559][rfdiffusion.inference.model_runners][INFO] - Timestep 42, input to next step: --------------------------------------------------------------------------------------------------------------
[2026-04-20 01:33:02,351][rfdiffusion.inference.model_runners][INFO] - Timestep 41, input to next step: --------------------------------------------------------------------------------------------------------------
[2026-04-20 01:33:04,104][rfdiffusion.inference.model_runners][INFO] - Timestep 40, input to next step: --------------------------------------------------------------------------------------------------------------
[2026-04-20 01:33:05,821][rfdiffusion.inference.model_runners][INFO] - Timestep 39, input to next step: --------------------------------------------------------------------------------------------------------------
[2026-04-20 01:33:07,562][rfdiffusion.inference.model_runners][INFO] - Timestep 38, input to next step: --------------------------------------------------------------------------------------------------------------
[2026-04-20 01:33:09,310][rfdiffusion.inference.model_runners][INFO] - Timestep 37, input to next step: --------------------------------------------------------------------------------------------------------------
[2026-04-20 01:33:11,217][rfdiffusion.inference.model_runners][INFO] - Timestep 36, input to next step: --------------------------------------------------------------------------------------------------------------
[2026-04-20 01:33:13,020][rfdiffusion.inference.model_runners][INFO] - Timestep 35, input to next step: --------------------------------------------------------------------------------------------------------------
[2026-04-20 01:33:14,782][rfdiffusion.inference.model_runners][INFO] - Timestep 34, input to next step: --------------------------------------------------------------------------------------------------------------
[2026-04-20 01:33:16,523][rfdiffusion.inference.model_runners][INFO] - Timestep 33, input to next step: --------------------------------------------------------------------------------------------------------------
[2026-04-20 01:33:18,375][rfdiffusion.inference.model_runners][INFO] - Timestep 32, input to next step: --------------------------------------------------------------------------------------------------------------
[2026-04-20 01:33:20,290][rfdiffusion.inference.model_runners][INFO] - Timestep 31, input to next step: --------------------------------------------------------------------------------------------------------------
[2026-04-20 01:33:22,000][rfdiffusion.inference.model_runners][INFO] - Timestep 30, input to next step: --------------------------------------------------------------------------------------------------------------
[2026-04-20 01:33:23,757][rfdiffusion.inference.model_runners][INFO] - Timestep 29, input to next step: --------------------------------------------------------------------------------------------------------------
[2026-04-20 01:33:25,507][rfdiffusion.inference.model_runners][INFO] - Timestep 28, input to next step: --------------------------------------------------------------------------------------------------------------
[2026-04-20 01:33:27,231][rfdiffusion.inference.model_runners][INFO] - Timestep 27, input to next step: --------------------------------------------------------------------------------------------------------------
[2026-04-20 01:33:28,963][rfdiffusion.inference.model_runners][INFO] - Timestep 26, input to next step: --------------------------------------------------------------------------------------------------------------
[2026-04-20 01:33:30,661][rfdiffusion.inference.model_runners][INFO] - Timestep 25, input to next step: --------------------------------------------------------------------------------------------------------------
[2026-04-20 01:33:32,356][rfdiffusion.inference.model_runners][INFO] - Timestep 24, input to next step: --------------------------------------------------------------------------------------------------------------
[2026-04-20 01:33:34,072][rfdiffusion.inference.model_runners][INFO] - Timestep 23, input to next step: --------------------------------------------------------------------------------------------------------------
[2026-04-20 01:33:35,746][rfdiffusion.inference.model_runners][INFO] - Timestep 22, input to next step: --------------------------------------------------------------------------------------------------------------
[2026-04-20 01:33:37,399][rfdiffusion.inference.model_runners][INFO] - Timestep 21, input to next step: --------------------------------------------------------------------------------------------------------------
[2026-04-20 01:33:39,161][rfdiffusion.inference.model_runners][INFO] - Timestep 20, input to next step: --------------------------------------------------------------------------------------------------------------
[2026-04-20 01:33:40,941][rfdiffusion.inference.model_runners][INFO] - Timestep 19, input to next step: --------------------------------------------------------------------------------------------------------------
[2026-04-20 01:33:42,635][rfdiffusion.inference.model_runners][INFO] - Timestep 18, input to next step: --------------------------------------------------------------------------------------------------------------
[2026-04-20 01:33:44,418][rfdiffusion.inference.model_runners][INFO] - Timestep 17, input to next step: --------------------------------------------------------------------------------------------------------------
[2026-04-20 01:33:46,168][rfdiffusion.inference.model_runners][INFO] - Timestep 16, input to next step: --------------------------------------------------------------------------------------------------------------
[2026-04-20 01:33:47,815][rfdiffusion.inference.model_runners][INFO] - Timestep 15, input to next step: --------------------------------------------------------------------------------------------------------------
[2026-04-20 01:33:49,565][rfdiffusion.inference.model_runners][INFO] - Timestep 14, input to next step: --------------------------------------------------------------------------------------------------------------
[2026-04-20 01:33:51,103][rfdiffusion.inference.model_runners][INFO] - Timestep 13, input to next step: --------------------------------------------------------------------------------------------------------------
[2026-04-20 01:33:52,703][rfdiffusion.inference.model_runners][INFO] - Timestep 12, input to next step: --------------------------------------------------------------------------------------------------------------
[2026-04-20 01:33:54,356][rfdiffusion.inference.model_runners][INFO] - Timestep 11, input to next step: --------------------------------------------------------------------------------------------------------------
[2026-04-20 01:33:56,103][rfdiffusion.inference.model_runners][INFO] - Timestep 10, input to next step: --------------------------------------------------------------------------------------------------------------
[2026-04-20 01:33:57,880][rfdiffusion.inference.model_runners][INFO] - Timestep 9, input to next step: --------------------------------------------------------------------------------------------------------------
[2026-04-20 01:33:59,853][rfdiffusion.inference.model_runners][INFO] - Timestep 8, input to next step: --------------------------------------------------------------------------------------------------------------
[2026-04-20 01:34:01,937][rfdiffusion.inference.model_runners][INFO] - Timestep 7, input to next step: --------------------------------------------------------------------------------------------------------------
[2026-04-20 01:34:03,607][rfdiffusion.inference.model_runners][INFO] - Timestep 6, input to next step: --------------------------------------------------------------------------------------------------------------
[2026-04-20 01:34:05,328][rfdiffusion.inference.model_runners][INFO] - Timestep 5, input to next step: --------------------------------------------------------------------------------------------------------------
[2026-04-20 01:34:07,014][rfdiffusion.inference.model_runners][INFO] - Timestep 4, input to next step: --------------------------------------------------------------------------------------------------------------
[2026-04-20 01:34:08,699][rfdiffusion.inference.model_runners][INFO] - Timestep 3, input to next step: --------------------------------------------------------------------------------------------------------------
[2026-04-20 01:34:10,371][rfdiffusion.inference.model_runners][INFO] - Timestep 2, input to next step: --------------------------------------------------------------------------------------------------------------
[2026-04-20 01:34:14,032][__main__][INFO] - Finished design in 1.48 minutes
[2026-04-20 01:34:14,032][__main__][INFO] - Making design /home/manvi/Team_8_CS598GBL/Assignment/Generate_designs/default/len_110/design_9
[2026-04-20 01:34:14,036][rfdiffusion.inference.model_runners][INFO] - Using contig: ['110-110']
[2026-04-20 01:34:14,056][rfdiffusion.inference.model_runners][INFO] - Sequence init: --------------------------------------------------------------------------------------------------------------
[2026-04-20 01:34:15,722][rfdiffusion.inference.model_runners][INFO] - Timestep 50, input to next step: --------------------------------------------------------------------------------------------------------------
[2026-04-20 01:34:17,242][rfdiffusion.inference.model_runners][INFO] - Timestep 49, input to next step: --------------------------------------------------------------------------------------------------------------
[2026-04-20 01:34:18,858][rfdiffusion.inference.model_runners][INFO] - Timestep 48, input to next step: --------------------------------------------------------------------------------------------------------------
[2026-04-20 01:34:20,578][rfdiffusion.inference.model_runners][INFO] - Timestep 47, input to next step: --------------------------------------------------------------------------------------------------------------
[2026-04-20 01:34:22,339][rfdiffusion.inference.model_runners][INFO] - Timestep 46, input to next step: --------------------------------------------------------------------------------------------------------------
[2026-04-20 01:34:24,041][rfdiffusion.inference.model_runners][INFO] - Timestep 45, input to next step: --------------------------------------------------------------------------------------------------------------
[2026-04-20 01:34:25,803][rfdiffusion.inference.model_runners][INFO] - Timestep 44, input to next step: --------------------------------------------------------------------------------------------------------------
[2026-04-20 01:34:27,559][rfdiffusion.inference.model_runners][INFO] - Timestep 43, input to next step: --------------------------------------------------------------------------------------------------------------
[2026-04-20 01:34:29,260][rfdiffusion.inference.model_runners][INFO] - Timestep 42, input to next step: --------------------------------------------------------------------------------------------------------------
[2026-04-20 01:34:30,929][rfdiffusion.inference.model_runners][INFO] - Timestep 41, input to next step: --------------------------------------------------------------------------------------------------------------
[2026-04-20 01:34:32,680][rfdiffusion.inference.model_runners][INFO] - Timestep 40, input to next step: --------------------------------------------------------------------------------------------------------------
[2026-04-20 01:34:34,514][rfdiffusion.inference.model_runners][INFO] - Timestep 39, input to next step: --------------------------------------------------------------------------------------------------------------
[2026-04-20 01:34:36,229][rfdiffusion.inference.model_runners][INFO] - Timestep 38, input to next step: --------------------------------------------------------------------------------------------------------------
[2026-04-20 01:34:37,975][rfdiffusion.inference.model_runners][INFO] - Timestep 37, input to next step: --------------------------------------------------------------------------------------------------------------
[2026-04-20 01:34:39,783][rfdiffusion.inference.model_runners][INFO] - Timestep 36, input to next step: --------------------------------------------------------------------------------------------------------------
[2026-04-20 01:34:41,526][rfdiffusion.inference.model_runners][INFO] - Timestep 35, input to next step: --------------------------------------------------------------------------------------------------------------
[2026-04-20 01:34:43,221][rfdiffusion.inference.model_runners][INFO] - Timestep 34, input to next step: --------------------------------------------------------------------------------------------------------------
[2026-04-20 01:34:44,946][rfdiffusion.inference.model_runners][INFO] - Timestep 33, input to next step: --------------------------------------------------------------------------------------------------------------
[2026-04-20 01:34:46,761][rfdiffusion.inference.model_runners][INFO] - Timestep 32, input to next step: --------------------------------------------------------------------------------------------------------------
[2026-04-20 01:34:48,468][rfdiffusion.inference.model_runners][INFO] - Timestep 31, input to next step: --------------------------------------------------------------------------------------------------------------
[2026-04-20 01:34:50,131][rfdiffusion.inference.model_runners][INFO] - Timestep 30, input to next step: --------------------------------------------------------------------------------------------------------------
[2026-04-20 01:34:51,874][rfdiffusion.inference.model_runners][INFO] - Timestep 29, input to next step: --------------------------------------------------------------------------------------------------------------
[2026-04-20 01:34:53,549][rfdiffusion.inference.model_runners][INFO] - Timestep 28, input to next step: --------------------------------------------------------------------------------------------------------------
[2026-04-20 01:34:55,341][rfdiffusion.inference.model_runners][INFO] - Timestep 27, input to next step: --------------------------------------------------------------------------------------------------------------
[2026-04-20 01:34:57,120][rfdiffusion.inference.model_runners][INFO] - Timestep 26, input to next step: --------------------------------------------------------------------------------------------------------------
[2026-04-20 01:34:58,830][rfdiffusion.inference.model_runners][INFO] - Timestep 25, input to next step: --------------------------------------------------------------------------------------------------------------
[2026-04-20 01:35:00,532][rfdiffusion.inference.model_runners][INFO] - Timestep 24, input to next step: --------------------------------------------------------------------------------------------------------------
[2026-04-20 01:35:02,268][rfdiffusion.inference.model_runners][INFO] - Timestep 23, input to next step: --------------------------------------------------------------------------------------------------------------
[2026-04-20 01:35:03,999][rfdiffusion.inference.model_runners][INFO] - Timestep 22, input to next step: --------------------------------------------------------------------------------------------------------------
[2026-04-20 01:35:06,106][rfdiffusion.inference.model_runners][INFO] - Timestep 21, input to next step: --------------------------------------------------------------------------------------------------------------
[2026-04-20 01:35:07,963][rfdiffusion.inference.model_runners][INFO] - Timestep 20, input to next step: --------------------------------------------------------------------------------------------------------------
[2026-04-20 01:35:09,635][rfdiffusion.inference.model_runners][INFO] - Timestep 19, input to next step: --------------------------------------------------------------------------------------------------------------
[2026-04-20 01:35:11,393][rfdiffusion.inference.model_runners][INFO] - Timestep 18, input to next step: --------------------------------------------------------------------------------------------------------------
[2026-04-20 01:35:13,309][rfdiffusion.inference.model_runners][INFO] - Timestep 17, input to next step: --------------------------------------------------------------------------------------------------------------
[2026-04-20 01:35:15,053][rfdiffusion.inference.model_runners][INFO] - Timestep 16, input to next step: --------------------------------------------------------------------------------------------------------------
[2026-04-20 01:35:16,706][rfdiffusion.inference.model_runners][INFO] - Timestep 15, input to next step: --------------------------------------------------------------------------------------------------------------
[2026-04-20 01:35:18,432][rfdiffusion.inference.model_runners][INFO] - Timestep 14, input to next step: --------------------------------------------------------------------------------------------------------------
[2026-04-20 01:35:20,122][rfdiffusion.inference.model_runners][INFO] - Timestep 13, input to next step: --------------------------------------------------------------------------------------------------------------
[2026-04-20 01:35:21,825][rfdiffusion.inference.model_runners][INFO] - Timestep 12, input to next step: --------------------------------------------------------------------------------------------------------------
[2026-04-20 01:35:23,592][rfdiffusion.inference.model_runners][INFO] - Timestep 11, input to next step: --------------------------------------------------------------------------------------------------------------
[2026-04-20 01:35:25,341][rfdiffusion.inference.model_runners][INFO] - Timestep 10, input to next step: --------------------------------------------------------------------------------------------------------------
[2026-04-20 01:35:27,499][rfdiffusion.inference.model_runners][INFO] - Timestep 9, input to next step: --------------------------------------------------------------------------------------------------------------
[2026-04-20 01:35:29,232][rfdiffusion.inference.model_runners][INFO] - Timestep 8, input to next step: --------------------------------------------------------------------------------------------------------------
[2026-04-20 01:35:30,889][rfdiffusion.inference.model_runners][INFO] - Timestep 7, input to next step: --------------------------------------------------------------------------------------------------------------
[2026-04-20 01:35:32,688][rfdiffusion.inference.model_runners][INFO] - Timestep 6, input to next step: --------------------------------------------------------------------------------------------------------------
[2026-04-20 01:35:34,425][rfdiffusion.inference.model_runners][INFO] - Timestep 5, input to next step: --------------------------------------------------------------------------------------------------------------
[2026-04-20 01:35:36,156][rfdiffusion.inference.model_runners][INFO] - Timestep 4, input to next step: --------------------------------------------------------------------------------------------------------------
[2026-04-20 01:35:37,982][rfdiffusion.inference.model_runners][INFO] - Timestep 3, input to next step: --------------------------------------------------------------------------------------------------------------
[2026-04-20 01:35:39,752][rfdiffusion.inference.model_runners][INFO] - Timestep 2, input to next step: --------------------------------------------------------------------------------------------------------------
[2026-04-20 01:35:43,429][__main__][INFO] - Finished design in 1.49 minutes
