[2026-04-20 01:35:47,334][__main__][INFO] - Found GPU with device_name NVIDIA GeForce RTX 3050 Ti Laptop GPU. Will run RFdiffusion on NVIDIA GeForce RTX 3050 Ti Laptop GPU
[2026-04-20 01:35:47,335][rfdiffusion.inference.model_runners][INFO] - Reading checkpoint from /home/manvi/Team_8_CS598GBL/RFdiffusion/rfdiffusion/inference/../../models/Base_ckpt.pt
[2026-04-20 01:35:55,193][rfdiffusion.inference.model_runners][INFO] - Loading checkpoint.
[2026-04-20 01:35:55,567][rfdiffusion.diffusion][INFO] - Using cached IGSO3.
[2026-04-20 01:35:55,583][__main__][INFO] - Making design /home/manvi/Team_8_CS598GBL/Assignment/Generate_designs/default/len_111/design_0
[2026-04-20 01:35:55,588][rfdiffusion.inference.model_runners][INFO] - Using contig: ['111-111']
[2026-04-20 01:35:55,641][rfdiffusion.inference.model_runners][INFO] - Sequence init: ---------------------------------------------------------------------------------------------------------------
[2026-04-20 01:36:00,310][rfdiffusion.inference.model_runners][INFO] - Timestep 50, input to next step: ---------------------------------------------------------------------------------------------------------------
[2026-04-20 01:36:01,988][rfdiffusion.inference.model_runners][INFO] - Timestep 49, input to next step: ---------------------------------------------------------------------------------------------------------------
[2026-04-20 01:36:03,754][rfdiffusion.inference.model_runners][INFO] - Timestep 48, input to next step: ---------------------------------------------------------------------------------------------------------------
[2026-04-20 01:36:05,517][rfdiffusion.inference.model_runners][INFO] - Timestep 47, input to next step: ---------------------------------------------------------------------------------------------------------------
[2026-04-20 01:36:07,092][rfdiffusion.inference.model_runners][INFO] - Timestep 46, input to next step: ---------------------------------------------------------------------------------------------------------------
[2026-04-20 01:36:08,783][rfdiffusion.inference.model_runners][INFO] - Timestep 45, input to next step: ---------------------------------------------------------------------------------------------------------------
[2026-04-20 01:36:10,529][rfdiffusion.inference.model_runners][INFO] - Timestep 44, input to next step: ---------------------------------------------------------------------------------------------------------------
[2026-04-20 01:36:12,269][rfdiffusion.inference.model_runners][INFO] - Timestep 43, input to next step: ---------------------------------------------------------------------------------------------------------------
[2026-04-20 01:36:14,439][rfdiffusion.inference.model_runners][INFO] - Timestep 42, input to next step: ---------------------------------------------------------------------------------------------------------------
[2026-04-20 01:36:16,237][rfdiffusion.inference.model_runners][INFO] - Timestep 41, input to next step: ---------------------------------------------------------------------------------------------------------------
[2026-04-20 01:36:18,402][rfdiffusion.inference.model_runners][INFO] - Timestep 40, input to next step: ---------------------------------------------------------------------------------------------------------------
[2026-04-20 01:36:20,706][rfdiffusion.inference.model_runners][INFO] - Timestep 39, input to next step: ---------------------------------------------------------------------------------------------------------------
[2026-04-20 01:36:22,637][rfdiffusion.inference.model_runners][INFO] - Timestep 38, input to next step: ---------------------------------------------------------------------------------------------------------------
[2026-04-20 01:36:24,283][rfdiffusion.inference.model_runners][INFO] - Timestep 37, input to next step: ---------------------------------------------------------------------------------------------------------------
[2026-04-20 01:36:25,919][rfdiffusion.inference.model_runners][INFO] - Timestep 36, input to next step: ---------------------------------------------------------------------------------------------------------------
[2026-04-20 01:36:27,586][rfdiffusion.inference.model_runners][INFO] - Timestep 35, input to next step: ---------------------------------------------------------------------------------------------------------------
[2026-04-20 01:36:29,212][rfdiffusion.inference.model_runners][INFO] - Timestep 34, input to next step: ---------------------------------------------------------------------------------------------------------------
[2026-04-20 01:36:30,951][rfdiffusion.inference.model_runners][INFO] - Timestep 33, input to next step: ---------------------------------------------------------------------------------------------------------------
[2026-04-20 01:36:32,637][rfdiffusion.inference.model_runners][INFO] - Timestep 32, input to next step: ---------------------------------------------------------------------------------------------------------------
[2026-04-20 01:36:34,367][rfdiffusion.inference.model_runners][INFO] - Timestep 31, input to next step: ---------------------------------------------------------------------------------------------------------------
[2026-04-20 01:36:36,030][rfdiffusion.inference.model_runners][INFO] - Timestep 30, input to next step: ---------------------------------------------------------------------------------------------------------------
[2026-04-20 01:36:37,769][rfdiffusion.inference.model_runners][INFO] - Timestep 29, input to next step: ---------------------------------------------------------------------------------------------------------------
[2026-04-20 01:36:39,372][rfdiffusion.inference.model_runners][INFO] - Timestep 28, input to next step: ---------------------------------------------------------------------------------------------------------------
[2026-04-20 01:36:41,021][rfdiffusion.inference.model_runners][INFO] - Timestep 27, input to next step: ---------------------------------------------------------------------------------------------------------------
[2026-04-20 01:36:42,688][rfdiffusion.inference.model_runners][INFO] - Timestep 26, input to next step: ---------------------------------------------------------------------------------------------------------------
[2026-04-20 01:36:44,377][rfdiffusion.inference.model_runners][INFO] - Timestep 25, input to next step: ---------------------------------------------------------------------------------------------------------------
[2026-04-20 01:36:46,063][rfdiffusion.inference.model_runners][INFO] - Timestep 24, input to next step: ---------------------------------------------------------------------------------------------------------------
[2026-04-20 01:36:47,764][rfdiffusion.inference.model_runners][INFO] - Timestep 23, input to next step: ---------------------------------------------------------------------------------------------------------------
[2026-04-20 01:36:49,479][rfdiffusion.inference.model_runners][INFO] - Timestep 22, input to next step: ---------------------------------------------------------------------------------------------------------------
[2026-04-20 01:36:51,335][rfdiffusion.inference.model_runners][INFO] - Timestep 21, input to next step: ---------------------------------------------------------------------------------------------------------------
[2026-04-20 01:36:53,093][rfdiffusion.inference.model_runners][INFO] - Timestep 20, input to next step: ---------------------------------------------------------------------------------------------------------------
[2026-04-20 01:36:54,787][rfdiffusion.inference.model_runners][INFO] - Timestep 19, input to next step: ---------------------------------------------------------------------------------------------------------------
[2026-04-20 01:36:56,657][rfdiffusion.inference.model_runners][INFO] - Timestep 18, input to next step: ---------------------------------------------------------------------------------------------------------------
[2026-04-20 01:36:58,446][rfdiffusion.inference.model_runners][INFO] - Timestep 17, input to next step: ---------------------------------------------------------------------------------------------------------------
[2026-04-20 01:37:00,175][rfdiffusion.inference.model_runners][INFO] - Timestep 16, input to next step: ---------------------------------------------------------------------------------------------------------------
[2026-04-20 01:37:01,896][rfdiffusion.inference.model_runners][INFO] - Timestep 15, input to next step: ---------------------------------------------------------------------------------------------------------------
[2026-04-20 01:37:03,381][rfdiffusion.inference.model_runners][INFO] - Timestep 14, input to next step: ---------------------------------------------------------------------------------------------------------------
[2026-04-20 01:37:05,028][rfdiffusion.inference.model_runners][INFO] - Timestep 13, input to next step: ---------------------------------------------------------------------------------------------------------------
[2026-04-20 01:37:06,652][rfdiffusion.inference.model_runners][INFO] - Timestep 12, input to next step: ---------------------------------------------------------------------------------------------------------------
[2026-04-20 01:37:08,239][rfdiffusion.inference.model_runners][INFO] - Timestep 11, input to next step: ---------------------------------------------------------------------------------------------------------------
[2026-04-20 01:37:09,860][rfdiffusion.inference.model_runners][INFO] - Timestep 10, input to next step: ---------------------------------------------------------------------------------------------------------------
[2026-04-20 01:37:11,529][rfdiffusion.inference.model_runners][INFO] - Timestep 9, input to next step: ---------------------------------------------------------------------------------------------------------------
[2026-04-20 01:37:13,151][rfdiffusion.inference.model_runners][INFO] - Timestep 8, input to next step: ---------------------------------------------------------------------------------------------------------------
[2026-04-20 01:37:14,855][rfdiffusion.inference.model_runners][INFO] - Timestep 7, input to next step: ---------------------------------------------------------------------------------------------------------------
[2026-04-20 01:37:16,568][rfdiffusion.inference.model_runners][INFO] - Timestep 6, input to next step: ---------------------------------------------------------------------------------------------------------------
[2026-04-20 01:37:18,196][rfdiffusion.inference.model_runners][INFO] - Timestep 5, input to next step: ---------------------------------------------------------------------------------------------------------------
[2026-04-20 01:37:19,759][rfdiffusion.inference.model_runners][INFO] - Timestep 4, input to next step: ---------------------------------------------------------------------------------------------------------------
[2026-04-20 01:37:21,353][rfdiffusion.inference.model_runners][INFO] - Timestep 3, input to next step: ---------------------------------------------------------------------------------------------------------------
[2026-04-20 01:37:23,115][rfdiffusion.inference.model_runners][INFO] - Timestep 2, input to next step: ---------------------------------------------------------------------------------------------------------------
[2026-04-20 01:37:27,331][__main__][INFO] - Finished design in 1.53 minutes
[2026-04-20 01:37:27,331][__main__][INFO] - Making design /home/manvi/Team_8_CS598GBL/Assignment/Generate_designs/default/len_111/design_1
[2026-04-20 01:37:27,338][rfdiffusion.inference.model_runners][INFO] - Using contig: ['111-111']
[2026-04-20 01:37:27,368][rfdiffusion.inference.model_runners][INFO] - Sequence init: ---------------------------------------------------------------------------------------------------------------
[2026-04-20 01:37:29,024][rfdiffusion.inference.model_runners][INFO] - Timestep 50, input to next step: ---------------------------------------------------------------------------------------------------------------
[2026-04-20 01:37:30,628][rfdiffusion.inference.model_runners][INFO] - Timestep 49, input to next step: ---------------------------------------------------------------------------------------------------------------
[2026-04-20 01:37:32,328][rfdiffusion.inference.model_runners][INFO] - Timestep 48, input to next step: ---------------------------------------------------------------------------------------------------------------
[2026-04-20 01:37:34,585][rfdiffusion.inference.model_runners][INFO] - Timestep 47, input to next step: ---------------------------------------------------------------------------------------------------------------
[2026-04-20 01:37:36,621][rfdiffusion.inference.model_runners][INFO] - Timestep 46, input to next step: ---------------------------------------------------------------------------------------------------------------
[2026-04-20 01:37:38,434][rfdiffusion.inference.model_runners][INFO] - Timestep 45, input to next step: ---------------------------------------------------------------------------------------------------------------
[2026-04-20 01:37:40,133][rfdiffusion.inference.model_runners][INFO] - Timestep 44, input to next step: ---------------------------------------------------------------------------------------------------------------
[2026-04-20 01:37:41,824][rfdiffusion.inference.model_runners][INFO] - Timestep 43, input to next step: ---------------------------------------------------------------------------------------------------------------
[2026-04-20 01:37:43,621][rfdiffusion.inference.model_runners][INFO] - Timestep 42, input to next step: ---------------------------------------------------------------------------------------------------------------
[2026-04-20 01:37:45,241][rfdiffusion.inference.model_runners][INFO] - Timestep 41, input to next step: ---------------------------------------------------------------------------------------------------------------
[2026-04-20 01:37:46,977][rfdiffusion.inference.model_runners][INFO] - Timestep 40, input to next step: ---------------------------------------------------------------------------------------------------------------
[2026-04-20 01:37:48,707][rfdiffusion.inference.model_runners][INFO] - Timestep 39, input to next step: ---------------------------------------------------------------------------------------------------------------
[2026-04-20 01:37:50,274][rfdiffusion.inference.model_runners][INFO] - Timestep 38, input to next step: ---------------------------------------------------------------------------------------------------------------
[2026-04-20 01:37:51,784][rfdiffusion.inference.model_runners][INFO] - Timestep 37, input to next step: ---------------------------------------------------------------------------------------------------------------
[2026-04-20 01:37:53,163][rfdiffusion.inference.model_runners][INFO] - Timestep 36, input to next step: ---------------------------------------------------------------------------------------------------------------
[2026-04-20 01:37:54,529][rfdiffusion.inference.model_runners][INFO] - Timestep 35, input to next step: ---------------------------------------------------------------------------------------------------------------
[2026-04-20 01:37:55,933][rfdiffusion.inference.model_runners][INFO] - Timestep 34, input to next step: ---------------------------------------------------------------------------------------------------------------
[2026-04-20 01:37:57,333][rfdiffusion.inference.model_runners][INFO] - Timestep 33, input to next step: ---------------------------------------------------------------------------------------------------------------
[2026-04-20 01:37:58,757][rfdiffusion.inference.model_runners][INFO] - Timestep 32, input to next step: ---------------------------------------------------------------------------------------------------------------
[2026-04-20 01:38:00,140][rfdiffusion.inference.model_runners][INFO] - Timestep 31, input to next step: ---------------------------------------------------------------------------------------------------------------
[2026-04-20 01:38:01,508][rfdiffusion.inference.model_runners][INFO] - Timestep 30, input to next step: ---------------------------------------------------------------------------------------------------------------
[2026-04-20 01:38:03,080][rfdiffusion.inference.model_runners][INFO] - Timestep 29, input to next step: ---------------------------------------------------------------------------------------------------------------
[2026-04-20 01:38:04,743][rfdiffusion.inference.model_runners][INFO] - Timestep 28, input to next step: ---------------------------------------------------------------------------------------------------------------
[2026-04-20 01:38:06,372][rfdiffusion.inference.model_runners][INFO] - Timestep 27, input to next step: ---------------------------------------------------------------------------------------------------------------
[2026-04-20 01:38:08,026][rfdiffusion.inference.model_runners][INFO] - Timestep 26, input to next step: ---------------------------------------------------------------------------------------------------------------
[2026-04-20 01:38:09,650][rfdiffusion.inference.model_runners][INFO] - Timestep 25, input to next step: ---------------------------------------------------------------------------------------------------------------
[2026-04-20 01:38:11,230][rfdiffusion.inference.model_runners][INFO] - Timestep 24, input to next step: ---------------------------------------------------------------------------------------------------------------
[2026-04-20 01:38:12,907][rfdiffusion.inference.model_runners][INFO] - Timestep 23, input to next step: ---------------------------------------------------------------------------------------------------------------
[2026-04-20 01:38:14,475][rfdiffusion.inference.model_runners][INFO] - Timestep 22, input to next step: ---------------------------------------------------------------------------------------------------------------
[2026-04-20 01:38:16,098][rfdiffusion.inference.model_runners][INFO] - Timestep 21, input to next step: ---------------------------------------------------------------------------------------------------------------
[2026-04-20 01:38:17,884][rfdiffusion.inference.model_runners][INFO] - Timestep 20, input to next step: ---------------------------------------------------------------------------------------------------------------
[2026-04-20 01:38:19,645][rfdiffusion.inference.model_runners][INFO] - Timestep 19, input to next step: ---------------------------------------------------------------------------------------------------------------
[2026-04-20 01:38:21,310][rfdiffusion.inference.model_runners][INFO] - Timestep 18, input to next step: ---------------------------------------------------------------------------------------------------------------
[2026-04-20 01:38:22,954][rfdiffusion.inference.model_runners][INFO] - Timestep 17, input to next step: ---------------------------------------------------------------------------------------------------------------
[2026-04-20 01:38:24,546][rfdiffusion.inference.model_runners][INFO] - Timestep 16, input to next step: ---------------------------------------------------------------------------------------------------------------
[2026-04-20 01:38:26,194][rfdiffusion.inference.model_runners][INFO] - Timestep 15, input to next step: ---------------------------------------------------------------------------------------------------------------
[2026-04-20 01:38:27,832][rfdiffusion.inference.model_runners][INFO] - Timestep 14, input to next step: ---------------------------------------------------------------------------------------------------------------
[2026-04-20 01:38:29,434][rfdiffusion.inference.model_runners][INFO] - Timestep 13, input to next step: ---------------------------------------------------------------------------------------------------------------
[2026-04-20 01:38:30,992][rfdiffusion.inference.model_runners][INFO] - Timestep 12, input to next step: ---------------------------------------------------------------------------------------------------------------
[2026-04-20 01:38:32,617][rfdiffusion.inference.model_runners][INFO] - Timestep 11, input to next step: ---------------------------------------------------------------------------------------------------------------
[2026-04-20 01:38:34,220][rfdiffusion.inference.model_runners][INFO] - Timestep 10, input to next step: ---------------------------------------------------------------------------------------------------------------
[2026-04-20 01:38:35,867][rfdiffusion.inference.model_runners][INFO] - Timestep 9, input to next step: ---------------------------------------------------------------------------------------------------------------
[2026-04-20 01:38:37,679][rfdiffusion.inference.model_runners][INFO] - Timestep 8, input to next step: ---------------------------------------------------------------------------------------------------------------
[2026-04-20 01:38:39,330][rfdiffusion.inference.model_runners][INFO] - Timestep 7, input to next step: ---------------------------------------------------------------------------------------------------------------
[2026-04-20 01:38:40,952][rfdiffusion.inference.model_runners][INFO] - Timestep 6, input to next step: ---------------------------------------------------------------------------------------------------------------
[2026-04-20 01:38:42,563][rfdiffusion.inference.model_runners][INFO] - Timestep 5, input to next step: ---------------------------------------------------------------------------------------------------------------
[2026-04-20 01:38:44,219][rfdiffusion.inference.model_runners][INFO] - Timestep 4, input to next step: ---------------------------------------------------------------------------------------------------------------
[2026-04-20 01:38:46,253][rfdiffusion.inference.model_runners][INFO] - Timestep 3, input to next step: ---------------------------------------------------------------------------------------------------------------
[2026-04-20 01:38:48,375][rfdiffusion.inference.model_runners][INFO] - Timestep 2, input to next step: ---------------------------------------------------------------------------------------------------------------
[2026-04-20 01:38:53,560][__main__][INFO] - Finished design in 1.44 minutes
[2026-04-20 01:38:53,561][__main__][INFO] - Making design /home/manvi/Team_8_CS598GBL/Assignment/Generate_designs/default/len_111/design_2
[2026-04-20 01:38:53,567][rfdiffusion.inference.model_runners][INFO] - Using contig: ['111-111']
[2026-04-20 01:38:53,603][rfdiffusion.inference.model_runners][INFO] - Sequence init: ---------------------------------------------------------------------------------------------------------------
[2026-04-20 01:38:55,666][rfdiffusion.inference.model_runners][INFO] - Timestep 50, input to next step: ---------------------------------------------------------------------------------------------------------------
[2026-04-20 01:38:57,644][rfdiffusion.inference.model_runners][INFO] - Timestep 49, input to next step: ---------------------------------------------------------------------------------------------------------------
[2026-04-20 01:38:59,610][rfdiffusion.inference.model_runners][INFO] - Timestep 48, input to next step: ---------------------------------------------------------------------------------------------------------------
[2026-04-20 01:39:01,541][rfdiffusion.inference.model_runners][INFO] - Timestep 47, input to next step: ---------------------------------------------------------------------------------------------------------------
[2026-04-20 01:39:03,578][rfdiffusion.inference.model_runners][INFO] - Timestep 46, input to next step: ---------------------------------------------------------------------------------------------------------------
[2026-04-20 01:39:05,561][rfdiffusion.inference.model_runners][INFO] - Timestep 45, input to next step: ---------------------------------------------------------------------------------------------------------------
[2026-04-20 01:39:07,526][rfdiffusion.inference.model_runners][INFO] - Timestep 44, input to next step: ---------------------------------------------------------------------------------------------------------------
[2026-04-20 01:39:09,474][rfdiffusion.inference.model_runners][INFO] - Timestep 43, input to next step: ---------------------------------------------------------------------------------------------------------------
[2026-04-20 01:39:11,497][rfdiffusion.inference.model_runners][INFO] - Timestep 42, input to next step: ---------------------------------------------------------------------------------------------------------------
[2026-04-20 01:39:13,476][rfdiffusion.inference.model_runners][INFO] - Timestep 41, input to next step: ---------------------------------------------------------------------------------------------------------------
[2026-04-20 01:39:15,531][rfdiffusion.inference.model_runners][INFO] - Timestep 40, input to next step: ---------------------------------------------------------------------------------------------------------------
[2026-04-20 01:39:17,562][rfdiffusion.inference.model_runners][INFO] - Timestep 39, input to next step: ---------------------------------------------------------------------------------------------------------------
[2026-04-20 01:39:19,581][rfdiffusion.inference.model_runners][INFO] - Timestep 38, input to next step: ---------------------------------------------------------------------------------------------------------------
[2026-04-20 01:39:21,562][rfdiffusion.inference.model_runners][INFO] - Timestep 37, input to next step: ---------------------------------------------------------------------------------------------------------------
[2026-04-20 01:39:23,543][rfdiffusion.inference.model_runners][INFO] - Timestep 36, input to next step: ---------------------------------------------------------------------------------------------------------------
[2026-04-20 01:39:25,612][rfdiffusion.inference.model_runners][INFO] - Timestep 35, input to next step: ---------------------------------------------------------------------------------------------------------------
[2026-04-20 01:39:27,619][rfdiffusion.inference.model_runners][INFO] - Timestep 34, input to next step: ---------------------------------------------------------------------------------------------------------------
[2026-04-20 01:39:29,622][rfdiffusion.inference.model_runners][INFO] - Timestep 33, input to next step: ---------------------------------------------------------------------------------------------------------------
[2026-04-20 01:39:31,626][rfdiffusion.inference.model_runners][INFO] - Timestep 32, input to next step: ---------------------------------------------------------------------------------------------------------------
[2026-04-20 01:39:33,522][rfdiffusion.inference.model_runners][INFO] - Timestep 31, input to next step: ---------------------------------------------------------------------------------------------------------------
[2026-04-20 01:39:35,502][rfdiffusion.inference.model_runners][INFO] - Timestep 30, input to next step: ---------------------------------------------------------------------------------------------------------------
[2026-04-20 01:39:37,436][rfdiffusion.inference.model_runners][INFO] - Timestep 29, input to next step: ---------------------------------------------------------------------------------------------------------------
[2026-04-20 01:39:39,345][rfdiffusion.inference.model_runners][INFO] - Timestep 28, input to next step: ---------------------------------------------------------------------------------------------------------------
[2026-04-20 01:39:41,266][rfdiffusion.inference.model_runners][INFO] - Timestep 27, input to next step: ---------------------------------------------------------------------------------------------------------------
[2026-04-20 01:39:43,162][rfdiffusion.inference.model_runners][INFO] - Timestep 26, input to next step: ---------------------------------------------------------------------------------------------------------------
[2026-04-20 01:39:45,101][rfdiffusion.inference.model_runners][INFO] - Timestep 25, input to next step: ---------------------------------------------------------------------------------------------------------------
[2026-04-20 01:39:47,127][rfdiffusion.inference.model_runners][INFO] - Timestep 24, input to next step: ---------------------------------------------------------------------------------------------------------------
[2026-04-20 01:39:49,060][rfdiffusion.inference.model_runners][INFO] - Timestep 23, input to next step: ---------------------------------------------------------------------------------------------------------------
[2026-04-20 01:39:51,165][rfdiffusion.inference.model_runners][INFO] - Timestep 22, input to next step: ---------------------------------------------------------------------------------------------------------------
[2026-04-20 01:39:53,129][rfdiffusion.inference.model_runners][INFO] - Timestep 21, input to next step: ---------------------------------------------------------------------------------------------------------------
[2026-04-20 01:39:55,077][rfdiffusion.inference.model_runners][INFO] - Timestep 20, input to next step: ---------------------------------------------------------------------------------------------------------------
[2026-04-20 01:39:57,145][rfdiffusion.inference.model_runners][INFO] - Timestep 19, input to next step: ---------------------------------------------------------------------------------------------------------------
[2026-04-20 01:39:59,099][rfdiffusion.inference.model_runners][INFO] - Timestep 18, input to next step: ---------------------------------------------------------------------------------------------------------------
[2026-04-20 01:40:01,075][rfdiffusion.inference.model_runners][INFO] - Timestep 17, input to next step: ---------------------------------------------------------------------------------------------------------------
[2026-04-20 01:40:03,225][rfdiffusion.inference.model_runners][INFO] - Timestep 16, input to next step: ---------------------------------------------------------------------------------------------------------------
[2026-04-20 01:40:05,206][rfdiffusion.inference.model_runners][INFO] - Timestep 15, input to next step: ---------------------------------------------------------------------------------------------------------------
[2026-04-20 01:40:07,136][rfdiffusion.inference.model_runners][INFO] - Timestep 14, input to next step: ---------------------------------------------------------------------------------------------------------------
[2026-04-20 01:40:09,040][rfdiffusion.inference.model_runners][INFO] - Timestep 13, input to next step: ---------------------------------------------------------------------------------------------------------------
[2026-04-20 01:40:10,842][rfdiffusion.inference.model_runners][INFO] - Timestep 12, input to next step: ---------------------------------------------------------------------------------------------------------------
[2026-04-20 01:40:12,726][rfdiffusion.inference.model_runners][INFO] - Timestep 11, input to next step: ---------------------------------------------------------------------------------------------------------------
[2026-04-20 01:40:14,556][rfdiffusion.inference.model_runners][INFO] - Timestep 10, input to next step: ---------------------------------------------------------------------------------------------------------------
[2026-04-20 01:40:16,429][rfdiffusion.inference.model_runners][INFO] - Timestep 9, input to next step: ---------------------------------------------------------------------------------------------------------------
[2026-04-20 01:40:18,239][rfdiffusion.inference.model_runners][INFO] - Timestep 8, input to next step: ---------------------------------------------------------------------------------------------------------------
[2026-04-20 01:40:20,098][rfdiffusion.inference.model_runners][INFO] - Timestep 7, input to next step: ---------------------------------------------------------------------------------------------------------------
[2026-04-20 01:40:22,201][rfdiffusion.inference.model_runners][INFO] - Timestep 6, input to next step: ---------------------------------------------------------------------------------------------------------------
[2026-04-20 01:40:24,299][rfdiffusion.inference.model_runners][INFO] - Timestep 5, input to next step: ---------------------------------------------------------------------------------------------------------------
[2026-04-20 01:40:26,310][rfdiffusion.inference.model_runners][INFO] - Timestep 4, input to next step: ---------------------------------------------------------------------------------------------------------------
[2026-04-20 01:40:28,249][rfdiffusion.inference.model_runners][INFO] - Timestep 3, input to next step: ---------------------------------------------------------------------------------------------------------------
[2026-04-20 01:40:30,242][rfdiffusion.inference.model_runners][INFO] - Timestep 2, input to next step: ---------------------------------------------------------------------------------------------------------------
[2026-04-20 01:40:35,224][__main__][INFO] - Finished design in 1.69 minutes
[2026-04-20 01:40:35,225][__main__][INFO] - Making design /home/manvi/Team_8_CS598GBL/Assignment/Generate_designs/default/len_111/design_3
[2026-04-20 01:40:35,235][rfdiffusion.inference.model_runners][INFO] - Using contig: ['111-111']
[2026-04-20 01:40:35,281][rfdiffusion.inference.model_runners][INFO] - Sequence init: ---------------------------------------------------------------------------------------------------------------
[2026-04-20 01:40:37,299][rfdiffusion.inference.model_runners][INFO] - Timestep 50, input to next step: ---------------------------------------------------------------------------------------------------------------
[2026-04-20 01:40:38,702][rfdiffusion.inference.model_runners][INFO] - Timestep 49, input to next step: ---------------------------------------------------------------------------------------------------------------
[2026-04-20 01:40:40,095][rfdiffusion.inference.model_runners][INFO] - Timestep 48, input to next step: ---------------------------------------------------------------------------------------------------------------
[2026-04-20 01:40:41,690][rfdiffusion.inference.model_runners][INFO] - Timestep 47, input to next step: ---------------------------------------------------------------------------------------------------------------
[2026-04-20 01:40:44,271][rfdiffusion.inference.model_runners][INFO] - Timestep 46, input to next step: ---------------------------------------------------------------------------------------------------------------
[2026-04-20 01:40:49,429][rfdiffusion.inference.model_runners][INFO] - Timestep 45, input to next step: ---------------------------------------------------------------------------------------------------------------
[2026-04-20 01:40:52,286][rfdiffusion.inference.model_runners][INFO] - Timestep 44, input to next step: ---------------------------------------------------------------------------------------------------------------
[2026-04-20 01:40:54,253][rfdiffusion.inference.model_runners][INFO] - Timestep 43, input to next step: ---------------------------------------------------------------------------------------------------------------
[2026-04-20 01:40:57,083][rfdiffusion.inference.model_runners][INFO] - Timestep 42, input to next step: ---------------------------------------------------------------------------------------------------------------
[2026-04-20 01:41:00,434][rfdiffusion.inference.model_runners][INFO] - Timestep 41, input to next step: ---------------------------------------------------------------------------------------------------------------
[2026-04-20 01:41:02,016][rfdiffusion.inference.model_runners][INFO] - Timestep 40, input to next step: ---------------------------------------------------------------------------------------------------------------
[2026-04-20 01:41:03,682][rfdiffusion.inference.model_runners][INFO] - Timestep 39, input to next step: ---------------------------------------------------------------------------------------------------------------
[2026-04-20 01:41:05,355][rfdiffusion.inference.model_runners][INFO] - Timestep 38, input to next step: ---------------------------------------------------------------------------------------------------------------
[2026-04-20 01:41:06,972][rfdiffusion.inference.model_runners][INFO] - Timestep 37, input to next step: ---------------------------------------------------------------------------------------------------------------
[2026-04-20 01:41:08,602][rfdiffusion.inference.model_runners][INFO] - Timestep 36, input to next step: ---------------------------------------------------------------------------------------------------------------
[2026-04-20 01:41:10,376][rfdiffusion.inference.model_runners][INFO] - Timestep 35, input to next step: ---------------------------------------------------------------------------------------------------------------
[2026-04-20 01:41:11,972][rfdiffusion.inference.model_runners][INFO] - Timestep 34, input to next step: ---------------------------------------------------------------------------------------------------------------
[2026-04-20 01:41:13,600][rfdiffusion.inference.model_runners][INFO] - Timestep 33, input to next step: ---------------------------------------------------------------------------------------------------------------
[2026-04-20 01:41:15,213][rfdiffusion.inference.model_runners][INFO] - Timestep 32, input to next step: ---------------------------------------------------------------------------------------------------------------
[2026-04-20 01:41:16,901][rfdiffusion.inference.model_runners][INFO] - Timestep 31, input to next step: ---------------------------------------------------------------------------------------------------------------
[2026-04-20 01:41:18,554][rfdiffusion.inference.model_runners][INFO] - Timestep 30, input to next step: ---------------------------------------------------------------------------------------------------------------
[2026-04-20 01:41:20,289][rfdiffusion.inference.model_runners][INFO] - Timestep 29, input to next step: ---------------------------------------------------------------------------------------------------------------
[2026-04-20 01:41:21,929][rfdiffusion.inference.model_runners][INFO] - Timestep 28, input to next step: ---------------------------------------------------------------------------------------------------------------
[2026-04-20 01:41:23,672][rfdiffusion.inference.model_runners][INFO] - Timestep 27, input to next step: ---------------------------------------------------------------------------------------------------------------
[2026-04-20 01:41:25,280][rfdiffusion.inference.model_runners][INFO] - Timestep 26, input to next step: ---------------------------------------------------------------------------------------------------------------
[2026-04-20 01:41:26,903][rfdiffusion.inference.model_runners][INFO] - Timestep 25, input to next step: ---------------------------------------------------------------------------------------------------------------
[2026-04-20 01:41:28,551][rfdiffusion.inference.model_runners][INFO] - Timestep 24, input to next step: ---------------------------------------------------------------------------------------------------------------
[2026-04-20 01:41:30,257][rfdiffusion.inference.model_runners][INFO] - Timestep 23, input to next step: ---------------------------------------------------------------------------------------------------------------
[2026-04-20 01:41:31,965][rfdiffusion.inference.model_runners][INFO] - Timestep 22, input to next step: ---------------------------------------------------------------------------------------------------------------
[2026-04-20 01:41:33,579][rfdiffusion.inference.model_runners][INFO] - Timestep 21, input to next step: ---------------------------------------------------------------------------------------------------------------
[2026-04-20 01:41:35,181][rfdiffusion.inference.model_runners][INFO] - Timestep 20, input to next step: ---------------------------------------------------------------------------------------------------------------
[2026-04-20 01:41:36,829][rfdiffusion.inference.model_runners][INFO] - Timestep 19, input to next step: ---------------------------------------------------------------------------------------------------------------
[2026-04-20 01:41:38,453][rfdiffusion.inference.model_runners][INFO] - Timestep 18, input to next step: ---------------------------------------------------------------------------------------------------------------
[2026-04-20 01:41:40,077][rfdiffusion.inference.model_runners][INFO] - Timestep 17, input to next step: ---------------------------------------------------------------------------------------------------------------
[2026-04-20 01:41:41,645][rfdiffusion.inference.model_runners][INFO] - Timestep 16, input to next step: ---------------------------------------------------------------------------------------------------------------
[2026-04-20 01:41:43,265][rfdiffusion.inference.model_runners][INFO] - Timestep 15, input to next step: ---------------------------------------------------------------------------------------------------------------
[2026-04-20 01:41:44,963][rfdiffusion.inference.model_runners][INFO] - Timestep 14, input to next step: ---------------------------------------------------------------------------------------------------------------
[2026-04-20 01:41:46,628][rfdiffusion.inference.model_runners][INFO] - Timestep 13, input to next step: ---------------------------------------------------------------------------------------------------------------
[2026-04-20 01:41:48,311][rfdiffusion.inference.model_runners][INFO] - Timestep 12, input to next step: ---------------------------------------------------------------------------------------------------------------
[2026-04-20 01:41:49,973][rfdiffusion.inference.model_runners][INFO] - Timestep 11, input to next step: ---------------------------------------------------------------------------------------------------------------
[2026-04-20 01:41:51,654][rfdiffusion.inference.model_runners][INFO] - Timestep 10, input to next step: ---------------------------------------------------------------------------------------------------------------
[2026-04-20 01:41:53,236][rfdiffusion.inference.model_runners][INFO] - Timestep 9, input to next step: ---------------------------------------------------------------------------------------------------------------
[2026-04-20 01:41:54,868][rfdiffusion.inference.model_runners][INFO] - Timestep 8, input to next step: ---------------------------------------------------------------------------------------------------------------
[2026-04-20 01:41:56,684][rfdiffusion.inference.model_runners][INFO] - Timestep 7, input to next step: ---------------------------------------------------------------------------------------------------------------
[2026-04-20 01:41:58,344][rfdiffusion.inference.model_runners][INFO] - Timestep 6, input to next step: ---------------------------------------------------------------------------------------------------------------
[2026-04-20 01:42:00,038][rfdiffusion.inference.model_runners][INFO] - Timestep 5, input to next step: ---------------------------------------------------------------------------------------------------------------
[2026-04-20 01:42:01,707][rfdiffusion.inference.model_runners][INFO] - Timestep 4, input to next step: ---------------------------------------------------------------------------------------------------------------
[2026-04-20 01:42:03,347][rfdiffusion.inference.model_runners][INFO] - Timestep 3, input to next step: ---------------------------------------------------------------------------------------------------------------
[2026-04-20 01:42:05,046][rfdiffusion.inference.model_runners][INFO] - Timestep 2, input to next step: ---------------------------------------------------------------------------------------------------------------
[2026-04-20 01:42:08,450][__main__][INFO] - Finished design in 1.55 minutes
[2026-04-20 01:42:08,451][__main__][INFO] - Making design /home/manvi/Team_8_CS598GBL/Assignment/Generate_designs/default/len_111/design_4
[2026-04-20 01:42:08,457][rfdiffusion.inference.model_runners][INFO] - Using contig: ['111-111']
[2026-04-20 01:42:08,477][rfdiffusion.inference.model_runners][INFO] - Sequence init: ---------------------------------------------------------------------------------------------------------------
[2026-04-20 01:42:10,084][rfdiffusion.inference.model_runners][INFO] - Timestep 50, input to next step: ---------------------------------------------------------------------------------------------------------------
[2026-04-20 01:42:11,701][rfdiffusion.inference.model_runners][INFO] - Timestep 49, input to next step: ---------------------------------------------------------------------------------------------------------------
[2026-04-20 01:42:13,452][rfdiffusion.inference.model_runners][INFO] - Timestep 48, input to next step: ---------------------------------------------------------------------------------------------------------------
[2026-04-20 01:42:15,267][rfdiffusion.inference.model_runners][INFO] - Timestep 47, input to next step: ---------------------------------------------------------------------------------------------------------------
[2026-04-20 01:42:16,897][rfdiffusion.inference.model_runners][INFO] - Timestep 46, input to next step: ---------------------------------------------------------------------------------------------------------------
[2026-04-20 01:42:18,543][rfdiffusion.inference.model_runners][INFO] - Timestep 45, input to next step: ---------------------------------------------------------------------------------------------------------------
[2026-04-20 01:42:20,171][rfdiffusion.inference.model_runners][INFO] - Timestep 44, input to next step: ---------------------------------------------------------------------------------------------------------------
[2026-04-20 01:42:21,800][rfdiffusion.inference.model_runners][INFO] - Timestep 43, input to next step: ---------------------------------------------------------------------------------------------------------------
[2026-04-20 01:42:23,460][rfdiffusion.inference.model_runners][INFO] - Timestep 42, input to next step: ---------------------------------------------------------------------------------------------------------------
[2026-04-20 01:42:25,109][rfdiffusion.inference.model_runners][INFO] - Timestep 41, input to next step: ---------------------------------------------------------------------------------------------------------------
[2026-04-20 01:42:26,727][rfdiffusion.inference.model_runners][INFO] - Timestep 40, input to next step: ---------------------------------------------------------------------------------------------------------------
[2026-04-20 01:42:28,491][rfdiffusion.inference.model_runners][INFO] - Timestep 39, input to next step: ---------------------------------------------------------------------------------------------------------------
[2026-04-20 01:42:30,167][rfdiffusion.inference.model_runners][INFO] - Timestep 38, input to next step: ---------------------------------------------------------------------------------------------------------------
[2026-04-20 01:42:31,868][rfdiffusion.inference.model_runners][INFO] - Timestep 37, input to next step: ---------------------------------------------------------------------------------------------------------------
[2026-04-20 01:42:33,481][rfdiffusion.inference.model_runners][INFO] - Timestep 36, input to next step: ---------------------------------------------------------------------------------------------------------------
[2026-04-20 01:42:35,126][rfdiffusion.inference.model_runners][INFO] - Timestep 35, input to next step: ---------------------------------------------------------------------------------------------------------------
[2026-04-20 01:42:36,773][rfdiffusion.inference.model_runners][INFO] - Timestep 34, input to next step: ---------------------------------------------------------------------------------------------------------------
[2026-04-20 01:42:38,407][rfdiffusion.inference.model_runners][INFO] - Timestep 33, input to next step: ---------------------------------------------------------------------------------------------------------------
[2026-04-20 01:42:40,052][rfdiffusion.inference.model_runners][INFO] - Timestep 32, input to next step: ---------------------------------------------------------------------------------------------------------------
[2026-04-20 01:42:41,719][rfdiffusion.inference.model_runners][INFO] - Timestep 31, input to next step: ---------------------------------------------------------------------------------------------------------------
[2026-04-20 01:42:43,314][rfdiffusion.inference.model_runners][INFO] - Timestep 30, input to next step: ---------------------------------------------------------------------------------------------------------------
[2026-04-20 01:42:44,928][rfdiffusion.inference.model_runners][INFO] - Timestep 29, input to next step: ---------------------------------------------------------------------------------------------------------------
[2026-04-20 01:42:46,922][rfdiffusion.inference.model_runners][INFO] - Timestep 28, input to next step: ---------------------------------------------------------------------------------------------------------------
[2026-04-20 01:42:48,584][rfdiffusion.inference.model_runners][INFO] - Timestep 27, input to next step: ---------------------------------------------------------------------------------------------------------------
[2026-04-20 01:42:50,213][rfdiffusion.inference.model_runners][INFO] - Timestep 26, input to next step: ---------------------------------------------------------------------------------------------------------------
[2026-04-20 01:42:51,908][rfdiffusion.inference.model_runners][INFO] - Timestep 25, input to next step: ---------------------------------------------------------------------------------------------------------------
[2026-04-20 01:42:53,513][rfdiffusion.inference.model_runners][INFO] - Timestep 24, input to next step: ---------------------------------------------------------------------------------------------------------------
[2026-04-20 01:42:55,184][rfdiffusion.inference.model_runners][INFO] - Timestep 23, input to next step: ---------------------------------------------------------------------------------------------------------------
[2026-04-20 01:42:56,813][rfdiffusion.inference.model_runners][INFO] - Timestep 22, input to next step: ---------------------------------------------------------------------------------------------------------------
[2026-04-20 01:42:58,404][rfdiffusion.inference.model_runners][INFO] - Timestep 21, input to next step: ---------------------------------------------------------------------------------------------------------------
[2026-04-20 01:43:00,052][rfdiffusion.inference.model_runners][INFO] - Timestep 20, input to next step: ---------------------------------------------------------------------------------------------------------------
[2026-04-20 01:43:01,749][rfdiffusion.inference.model_runners][INFO] - Timestep 19, input to next step: ---------------------------------------------------------------------------------------------------------------
[2026-04-20 01:43:03,393][rfdiffusion.inference.model_runners][INFO] - Timestep 18, input to next step: ---------------------------------------------------------------------------------------------------------------
[2026-04-20 01:43:05,029][rfdiffusion.inference.model_runners][INFO] - Timestep 17, input to next step: ---------------------------------------------------------------------------------------------------------------
[2026-04-20 01:43:06,717][rfdiffusion.inference.model_runners][INFO] - Timestep 16, input to next step: ---------------------------------------------------------------------------------------------------------------
[2026-04-20 01:43:08,355][rfdiffusion.inference.model_runners][INFO] - Timestep 15, input to next step: ---------------------------------------------------------------------------------------------------------------
[2026-04-20 01:43:09,986][rfdiffusion.inference.model_runners][INFO] - Timestep 14, input to next step: ---------------------------------------------------------------------------------------------------------------
[2026-04-20 01:43:11,590][rfdiffusion.inference.model_runners][INFO] - Timestep 13, input to next step: ---------------------------------------------------------------------------------------------------------------
[2026-04-20 01:43:13,265][rfdiffusion.inference.model_runners][INFO] - Timestep 12, input to next step: ---------------------------------------------------------------------------------------------------------------
[2026-04-20 01:43:14,934][rfdiffusion.inference.model_runners][INFO] - Timestep 11, input to next step: ---------------------------------------------------------------------------------------------------------------
[2026-04-20 01:43:16,582][rfdiffusion.inference.model_runners][INFO] - Timestep 10, input to next step: ---------------------------------------------------------------------------------------------------------------
[2026-04-20 01:43:18,478][rfdiffusion.inference.model_runners][INFO] - Timestep 9, input to next step: ---------------------------------------------------------------------------------------------------------------
[2026-04-20 01:43:20,179][rfdiffusion.inference.model_runners][INFO] - Timestep 8, input to next step: ---------------------------------------------------------------------------------------------------------------
[2026-04-20 01:43:21,846][rfdiffusion.inference.model_runners][INFO] - Timestep 7, input to next step: ---------------------------------------------------------------------------------------------------------------
[2026-04-20 01:43:23,462][rfdiffusion.inference.model_runners][INFO] - Timestep 6, input to next step: ---------------------------------------------------------------------------------------------------------------
[2026-04-20 01:43:25,091][rfdiffusion.inference.model_runners][INFO] - Timestep 5, input to next step: ---------------------------------------------------------------------------------------------------------------
[2026-04-20 01:43:26,672][rfdiffusion.inference.model_runners][INFO] - Timestep 4, input to next step: ---------------------------------------------------------------------------------------------------------------
[2026-04-20 01:43:28,398][rfdiffusion.inference.model_runners][INFO] - Timestep 3, input to next step: ---------------------------------------------------------------------------------------------------------------
[2026-04-20 01:43:29,965][rfdiffusion.inference.model_runners][INFO] - Timestep 2, input to next step: ---------------------------------------------------------------------------------------------------------------
[2026-04-20 01:43:33,225][__main__][INFO] - Finished design in 1.41 minutes
[2026-04-20 01:43:33,226][__main__][INFO] - Making design /home/manvi/Team_8_CS598GBL/Assignment/Generate_designs/default/len_111/design_5
[2026-04-20 01:43:33,230][rfdiffusion.inference.model_runners][INFO] - Using contig: ['111-111']
[2026-04-20 01:43:33,251][rfdiffusion.inference.model_runners][INFO] - Sequence init: ---------------------------------------------------------------------------------------------------------------
[2026-04-20 01:43:34,780][rfdiffusion.inference.model_runners][INFO] - Timestep 50, input to next step: ---------------------------------------------------------------------------------------------------------------
[2026-04-20 01:43:36,264][rfdiffusion.inference.model_runners][INFO] - Timestep 49, input to next step: ---------------------------------------------------------------------------------------------------------------
[2026-04-20 01:43:37,805][rfdiffusion.inference.model_runners][INFO] - Timestep 48, input to next step: ---------------------------------------------------------------------------------------------------------------
[2026-04-20 01:43:39,322][rfdiffusion.inference.model_runners][INFO] - Timestep 47, input to next step: ---------------------------------------------------------------------------------------------------------------
[2026-04-20 01:43:40,813][rfdiffusion.inference.model_runners][INFO] - Timestep 46, input to next step: ---------------------------------------------------------------------------------------------------------------
[2026-04-20 01:43:42,403][rfdiffusion.inference.model_runners][INFO] - Timestep 45, input to next step: ---------------------------------------------------------------------------------------------------------------
[2026-04-20 01:43:44,027][rfdiffusion.inference.model_runners][INFO] - Timestep 44, input to next step: ---------------------------------------------------------------------------------------------------------------
[2026-04-20 01:43:45,633][rfdiffusion.inference.model_runners][INFO] - Timestep 43, input to next step: ---------------------------------------------------------------------------------------------------------------
[2026-04-20 01:43:47,206][rfdiffusion.inference.model_runners][INFO] - Timestep 42, input to next step: ---------------------------------------------------------------------------------------------------------------
[2026-04-20 01:43:48,779][rfdiffusion.inference.model_runners][INFO] - Timestep 41, input to next step: ---------------------------------------------------------------------------------------------------------------
[2026-04-20 01:43:50,354][rfdiffusion.inference.model_runners][INFO] - Timestep 40, input to next step: ---------------------------------------------------------------------------------------------------------------
[2026-04-20 01:43:51,907][rfdiffusion.inference.model_runners][INFO] - Timestep 39, input to next step: ---------------------------------------------------------------------------------------------------------------
[2026-04-20 01:43:53,363][rfdiffusion.inference.model_runners][INFO] - Timestep 38, input to next step: ---------------------------------------------------------------------------------------------------------------
[2026-04-20 01:43:54,860][rfdiffusion.inference.model_runners][INFO] - Timestep 37, input to next step: ---------------------------------------------------------------------------------------------------------------
[2026-04-20 01:43:56,490][rfdiffusion.inference.model_runners][INFO] - Timestep 36, input to next step: ---------------------------------------------------------------------------------------------------------------
[2026-04-20 01:43:58,140][rfdiffusion.inference.model_runners][INFO] - Timestep 35, input to next step: ---------------------------------------------------------------------------------------------------------------
[2026-04-20 01:43:59,838][rfdiffusion.inference.model_runners][INFO] - Timestep 34, input to next step: ---------------------------------------------------------------------------------------------------------------
[2026-04-20 01:44:01,538][rfdiffusion.inference.model_runners][INFO] - Timestep 33, input to next step: ---------------------------------------------------------------------------------------------------------------
[2026-04-20 01:44:03,178][rfdiffusion.inference.model_runners][INFO] - Timestep 32, input to next step: ---------------------------------------------------------------------------------------------------------------
[2026-04-20 01:44:04,785][rfdiffusion.inference.model_runners][INFO] - Timestep 31, input to next step: ---------------------------------------------------------------------------------------------------------------
[2026-04-20 01:44:06,338][rfdiffusion.inference.model_runners][INFO] - Timestep 30, input to next step: ---------------------------------------------------------------------------------------------------------------
[2026-04-20 01:44:07,881][rfdiffusion.inference.model_runners][INFO] - Timestep 29, input to next step: ---------------------------------------------------------------------------------------------------------------
[2026-04-20 01:44:09,447][rfdiffusion.inference.model_runners][INFO] - Timestep 28, input to next step: ---------------------------------------------------------------------------------------------------------------
[2026-04-20 01:44:11,009][rfdiffusion.inference.model_runners][INFO] - Timestep 27, input to next step: ---------------------------------------------------------------------------------------------------------------
[2026-04-20 01:44:12,621][rfdiffusion.inference.model_runners][INFO] - Timestep 26, input to next step: ---------------------------------------------------------------------------------------------------------------
[2026-04-20 01:44:14,147][rfdiffusion.inference.model_runners][INFO] - Timestep 25, input to next step: ---------------------------------------------------------------------------------------------------------------
[2026-04-20 01:44:15,681][rfdiffusion.inference.model_runners][INFO] - Timestep 24, input to next step: ---------------------------------------------------------------------------------------------------------------
[2026-04-20 01:44:17,251][rfdiffusion.inference.model_runners][INFO] - Timestep 23, input to next step: ---------------------------------------------------------------------------------------------------------------
[2026-04-20 01:44:18,794][rfdiffusion.inference.model_runners][INFO] - Timestep 22, input to next step: ---------------------------------------------------------------------------------------------------------------
[2026-04-20 01:44:20,379][rfdiffusion.inference.model_runners][INFO] - Timestep 21, input to next step: ---------------------------------------------------------------------------------------------------------------
[2026-04-20 01:44:21,887][rfdiffusion.inference.model_runners][INFO] - Timestep 20, input to next step: ---------------------------------------------------------------------------------------------------------------
[2026-04-20 01:44:23,422][rfdiffusion.inference.model_runners][INFO] - Timestep 19, input to next step: ---------------------------------------------------------------------------------------------------------------
[2026-04-20 01:44:24,930][rfdiffusion.inference.model_runners][INFO] - Timestep 18, input to next step: ---------------------------------------------------------------------------------------------------------------
[2026-04-20 01:44:26,484][rfdiffusion.inference.model_runners][INFO] - Timestep 17, input to next step: ---------------------------------------------------------------------------------------------------------------
[2026-04-20 01:44:27,990][rfdiffusion.inference.model_runners][INFO] - Timestep 16, input to next step: ---------------------------------------------------------------------------------------------------------------
[2026-04-20 01:44:29,612][rfdiffusion.inference.model_runners][INFO] - Timestep 15, input to next step: ---------------------------------------------------------------------------------------------------------------
[2026-04-20 01:44:31,200][rfdiffusion.inference.model_runners][INFO] - Timestep 14, input to next step: ---------------------------------------------------------------------------------------------------------------
[2026-04-20 01:44:32,721][rfdiffusion.inference.model_runners][INFO] - Timestep 13, input to next step: ---------------------------------------------------------------------------------------------------------------
[2026-04-20 01:44:34,284][rfdiffusion.inference.model_runners][INFO] - Timestep 12, input to next step: ---------------------------------------------------------------------------------------------------------------
[2026-04-20 01:44:35,875][rfdiffusion.inference.model_runners][INFO] - Timestep 11, input to next step: ---------------------------------------------------------------------------------------------------------------
[2026-04-20 01:44:37,449][rfdiffusion.inference.model_runners][INFO] - Timestep 10, input to next step: ---------------------------------------------------------------------------------------------------------------
[2026-04-20 01:44:38,998][rfdiffusion.inference.model_runners][INFO] - Timestep 9, input to next step: ---------------------------------------------------------------------------------------------------------------
[2026-04-20 01:44:40,541][rfdiffusion.inference.model_runners][INFO] - Timestep 8, input to next step: ---------------------------------------------------------------------------------------------------------------
[2026-04-20 01:44:42,064][rfdiffusion.inference.model_runners][INFO] - Timestep 7, input to next step: ---------------------------------------------------------------------------------------------------------------
[2026-04-20 01:44:43,629][rfdiffusion.inference.model_runners][INFO] - Timestep 6, input to next step: ---------------------------------------------------------------------------------------------------------------
[2026-04-20 01:44:45,210][rfdiffusion.inference.model_runners][INFO] - Timestep 5, input to next step: ---------------------------------------------------------------------------------------------------------------
[2026-04-20 01:44:46,654][rfdiffusion.inference.model_runners][INFO] - Timestep 4, input to next step: ---------------------------------------------------------------------------------------------------------------
[2026-04-20 01:44:48,128][rfdiffusion.inference.model_runners][INFO] - Timestep 3, input to next step: ---------------------------------------------------------------------------------------------------------------
[2026-04-20 01:44:49,780][rfdiffusion.inference.model_runners][INFO] - Timestep 2, input to next step: ---------------------------------------------------------------------------------------------------------------
[2026-04-20 01:44:53,215][__main__][INFO] - Finished design in 1.33 minutes
[2026-04-20 01:44:53,215][__main__][INFO] - Making design /home/manvi/Team_8_CS598GBL/Assignment/Generate_designs/default/len_111/design_6
[2026-04-20 01:44:53,219][rfdiffusion.inference.model_runners][INFO] - Using contig: ['111-111']
[2026-04-20 01:44:53,236][rfdiffusion.inference.model_runners][INFO] - Sequence init: ---------------------------------------------------------------------------------------------------------------
[2026-04-20 01:44:54,791][rfdiffusion.inference.model_runners][INFO] - Timestep 50, input to next step: ---------------------------------------------------------------------------------------------------------------
[2026-04-20 01:44:56,318][rfdiffusion.inference.model_runners][INFO] - Timestep 49, input to next step: ---------------------------------------------------------------------------------------------------------------
[2026-04-20 01:44:57,846][rfdiffusion.inference.model_runners][INFO] - Timestep 48, input to next step: ---------------------------------------------------------------------------------------------------------------
[2026-04-20 01:44:59,397][rfdiffusion.inference.model_runners][INFO] - Timestep 47, input to next step: ---------------------------------------------------------------------------------------------------------------
[2026-04-20 01:45:01,059][rfdiffusion.inference.model_runners][INFO] - Timestep 46, input to next step: ---------------------------------------------------------------------------------------------------------------
[2026-04-20 01:45:03,112][rfdiffusion.inference.model_runners][INFO] - Timestep 45, input to next step: ---------------------------------------------------------------------------------------------------------------
[2026-04-20 01:45:05,530][rfdiffusion.inference.model_runners][INFO] - Timestep 44, input to next step: ---------------------------------------------------------------------------------------------------------------
[2026-04-20 01:45:07,276][rfdiffusion.inference.model_runners][INFO] - Timestep 43, input to next step: ---------------------------------------------------------------------------------------------------------------
[2026-04-20 01:45:08,822][rfdiffusion.inference.model_runners][INFO] - Timestep 42, input to next step: ---------------------------------------------------------------------------------------------------------------
[2026-04-20 01:45:10,670][rfdiffusion.inference.model_runners][INFO] - Timestep 41, input to next step: ---------------------------------------------------------------------------------------------------------------
[2026-04-20 01:45:12,479][rfdiffusion.inference.model_runners][INFO] - Timestep 40, input to next step: ---------------------------------------------------------------------------------------------------------------
[2026-04-20 01:45:14,362][rfdiffusion.inference.model_runners][INFO] - Timestep 39, input to next step: ---------------------------------------------------------------------------------------------------------------
[2026-04-20 01:45:16,190][rfdiffusion.inference.model_runners][INFO] - Timestep 38, input to next step: ---------------------------------------------------------------------------------------------------------------
[2026-04-20 01:45:18,028][rfdiffusion.inference.model_runners][INFO] - Timestep 37, input to next step: ---------------------------------------------------------------------------------------------------------------
[2026-04-20 01:45:19,757][rfdiffusion.inference.model_runners][INFO] - Timestep 36, input to next step: ---------------------------------------------------------------------------------------------------------------
[2026-04-20 01:45:21,526][rfdiffusion.inference.model_runners][INFO] - Timestep 35, input to next step: ---------------------------------------------------------------------------------------------------------------
[2026-04-20 01:45:23,215][rfdiffusion.inference.model_runners][INFO] - Timestep 34, input to next step: ---------------------------------------------------------------------------------------------------------------
[2026-04-20 01:45:24,744][rfdiffusion.inference.model_runners][INFO] - Timestep 33, input to next step: ---------------------------------------------------------------------------------------------------------------
[2026-04-20 01:45:26,338][rfdiffusion.inference.model_runners][INFO] - Timestep 32, input to next step: ---------------------------------------------------------------------------------------------------------------
[2026-04-20 01:45:27,920][rfdiffusion.inference.model_runners][INFO] - Timestep 31, input to next step: ---------------------------------------------------------------------------------------------------------------
[2026-04-20 01:45:29,471][rfdiffusion.inference.model_runners][INFO] - Timestep 30, input to next step: ---------------------------------------------------------------------------------------------------------------
[2026-04-20 01:45:30,980][rfdiffusion.inference.model_runners][INFO] - Timestep 29, input to next step: ---------------------------------------------------------------------------------------------------------------
[2026-04-20 01:45:32,557][rfdiffusion.inference.model_runners][INFO] - Timestep 28, input to next step: ---------------------------------------------------------------------------------------------------------------
[2026-04-20 01:45:34,100][rfdiffusion.inference.model_runners][INFO] - Timestep 27, input to next step: ---------------------------------------------------------------------------------------------------------------
[2026-04-20 01:45:35,732][rfdiffusion.inference.model_runners][INFO] - Timestep 26, input to next step: ---------------------------------------------------------------------------------------------------------------
[2026-04-20 01:45:37,364][rfdiffusion.inference.model_runners][INFO] - Timestep 25, input to next step: ---------------------------------------------------------------------------------------------------------------
[2026-04-20 01:45:39,109][rfdiffusion.inference.model_runners][INFO] - Timestep 24, input to next step: ---------------------------------------------------------------------------------------------------------------
[2026-04-20 01:45:41,132][rfdiffusion.inference.model_runners][INFO] - Timestep 23, input to next step: ---------------------------------------------------------------------------------------------------------------
[2026-04-20 01:45:42,796][rfdiffusion.inference.model_runners][INFO] - Timestep 22, input to next step: ---------------------------------------------------------------------------------------------------------------
[2026-04-20 01:45:44,417][rfdiffusion.inference.model_runners][INFO] - Timestep 21, input to next step: ---------------------------------------------------------------------------------------------------------------
[2026-04-20 01:45:45,970][rfdiffusion.inference.model_runners][INFO] - Timestep 20, input to next step: ---------------------------------------------------------------------------------------------------------------
[2026-04-20 01:45:47,559][rfdiffusion.inference.model_runners][INFO] - Timestep 19, input to next step: ---------------------------------------------------------------------------------------------------------------
[2026-04-20 01:45:49,137][rfdiffusion.inference.model_runners][INFO] - Timestep 18, input to next step: ---------------------------------------------------------------------------------------------------------------
[2026-04-20 01:45:50,699][rfdiffusion.inference.model_runners][INFO] - Timestep 17, input to next step: ---------------------------------------------------------------------------------------------------------------
[2026-04-20 01:45:52,261][rfdiffusion.inference.model_runners][INFO] - Timestep 16, input to next step: ---------------------------------------------------------------------------------------------------------------
[2026-04-20 01:45:53,750][rfdiffusion.inference.model_runners][INFO] - Timestep 15, input to next step: ---------------------------------------------------------------------------------------------------------------
[2026-04-20 01:45:55,373][rfdiffusion.inference.model_runners][INFO] - Timestep 14, input to next step: ---------------------------------------------------------------------------------------------------------------
[2026-04-20 01:45:57,173][rfdiffusion.inference.model_runners][INFO] - Timestep 13, input to next step: ---------------------------------------------------------------------------------------------------------------
[2026-04-20 01:45:59,098][rfdiffusion.inference.model_runners][INFO] - Timestep 12, input to next step: ---------------------------------------------------------------------------------------------------------------
[2026-04-20 01:46:01,225][rfdiffusion.inference.model_runners][INFO] - Timestep 11, input to next step: ---------------------------------------------------------------------------------------------------------------
[2026-04-20 01:46:02,903][rfdiffusion.inference.model_runners][INFO] - Timestep 10, input to next step: ---------------------------------------------------------------------------------------------------------------
[2026-04-20 01:46:04,437][rfdiffusion.inference.model_runners][INFO] - Timestep 9, input to next step: ---------------------------------------------------------------------------------------------------------------
[2026-04-20 01:46:05,961][rfdiffusion.inference.model_runners][INFO] - Timestep 8, input to next step: ---------------------------------------------------------------------------------------------------------------
[2026-04-20 01:46:07,487][rfdiffusion.inference.model_runners][INFO] - Timestep 7, input to next step: ---------------------------------------------------------------------------------------------------------------
[2026-04-20 01:46:09,021][rfdiffusion.inference.model_runners][INFO] - Timestep 6, input to next step: ---------------------------------------------------------------------------------------------------------------
[2026-04-20 01:46:10,561][rfdiffusion.inference.model_runners][INFO] - Timestep 5, input to next step: ---------------------------------------------------------------------------------------------------------------
[2026-04-20 01:46:12,096][rfdiffusion.inference.model_runners][INFO] - Timestep 4, input to next step: ---------------------------------------------------------------------------------------------------------------
[2026-04-20 01:46:13,700][rfdiffusion.inference.model_runners][INFO] - Timestep 3, input to next step: ---------------------------------------------------------------------------------------------------------------
[2026-04-20 01:46:15,427][rfdiffusion.inference.model_runners][INFO] - Timestep 2, input to next step: ---------------------------------------------------------------------------------------------------------------
[2026-04-20 01:46:19,363][__main__][INFO] - Finished design in 1.44 minutes
[2026-04-20 01:46:19,363][__main__][INFO] - Making design /home/manvi/Team_8_CS598GBL/Assignment/Generate_designs/default/len_111/design_7
[2026-04-20 01:46:19,375][rfdiffusion.inference.model_runners][INFO] - Using contig: ['111-111']
[2026-04-20 01:46:19,421][rfdiffusion.inference.model_runners][INFO] - Sequence init: ---------------------------------------------------------------------------------------------------------------
[2026-04-20 01:46:21,014][rfdiffusion.inference.model_runners][INFO] - Timestep 50, input to next step: ---------------------------------------------------------------------------------------------------------------
[2026-04-20 01:46:22,537][rfdiffusion.inference.model_runners][INFO] - Timestep 49, input to next step: ---------------------------------------------------------------------------------------------------------------
[2026-04-20 01:46:24,187][rfdiffusion.inference.model_runners][INFO] - Timestep 48, input to next step: ---------------------------------------------------------------------------------------------------------------
[2026-04-20 01:46:25,999][rfdiffusion.inference.model_runners][INFO] - Timestep 47, input to next step: ---------------------------------------------------------------------------------------------------------------
[2026-04-20 01:46:27,626][rfdiffusion.inference.model_runners][INFO] - Timestep 46, input to next step: ---------------------------------------------------------------------------------------------------------------
[2026-04-20 01:46:29,170][rfdiffusion.inference.model_runners][INFO] - Timestep 45, input to next step: ---------------------------------------------------------------------------------------------------------------
[2026-04-20 01:46:30,775][rfdiffusion.inference.model_runners][INFO] - Timestep 44, input to next step: ---------------------------------------------------------------------------------------------------------------
[2026-04-20 01:46:32,330][rfdiffusion.inference.model_runners][INFO] - Timestep 43, input to next step: ---------------------------------------------------------------------------------------------------------------
[2026-04-20 01:46:33,980][rfdiffusion.inference.model_runners][INFO] - Timestep 42, input to next step: ---------------------------------------------------------------------------------------------------------------
[2026-04-20 01:46:35,538][rfdiffusion.inference.model_runners][INFO] - Timestep 41, input to next step: ---------------------------------------------------------------------------------------------------------------
[2026-04-20 01:46:37,177][rfdiffusion.inference.model_runners][INFO] - Timestep 40, input to next step: ---------------------------------------------------------------------------------------------------------------
[2026-04-20 01:46:38,799][rfdiffusion.inference.model_runners][INFO] - Timestep 39, input to next step: ---------------------------------------------------------------------------------------------------------------
[2026-04-20 01:46:40,347][rfdiffusion.inference.model_runners][INFO] - Timestep 38, input to next step: ---------------------------------------------------------------------------------------------------------------
[2026-04-20 01:46:41,985][rfdiffusion.inference.model_runners][INFO] - Timestep 37, input to next step: ---------------------------------------------------------------------------------------------------------------
[2026-04-20 01:46:43,430][rfdiffusion.inference.model_runners][INFO] - Timestep 36, input to next step: ---------------------------------------------------------------------------------------------------------------
[2026-04-20 01:46:44,929][rfdiffusion.inference.model_runners][INFO] - Timestep 35, input to next step: ---------------------------------------------------------------------------------------------------------------
[2026-04-20 01:46:46,559][rfdiffusion.inference.model_runners][INFO] - Timestep 34, input to next step: ---------------------------------------------------------------------------------------------------------------
[2026-04-20 01:46:48,122][rfdiffusion.inference.model_runners][INFO] - Timestep 33, input to next step: ---------------------------------------------------------------------------------------------------------------
[2026-04-20 01:46:49,857][rfdiffusion.inference.model_runners][INFO] - Timestep 32, input to next step: ---------------------------------------------------------------------------------------------------------------
[2026-04-20 01:46:51,660][rfdiffusion.inference.model_runners][INFO] - Timestep 31, input to next step: ---------------------------------------------------------------------------------------------------------------
[2026-04-20 01:46:53,271][rfdiffusion.inference.model_runners][INFO] - Timestep 30, input to next step: ---------------------------------------------------------------------------------------------------------------
[2026-04-20 01:46:54,839][rfdiffusion.inference.model_runners][INFO] - Timestep 29, input to next step: ---------------------------------------------------------------------------------------------------------------
[2026-04-20 01:46:56,506][rfdiffusion.inference.model_runners][INFO] - Timestep 28, input to next step: ---------------------------------------------------------------------------------------------------------------
[2026-04-20 01:46:58,327][rfdiffusion.inference.model_runners][INFO] - Timestep 27, input to next step: ---------------------------------------------------------------------------------------------------------------
[2026-04-20 01:47:00,014][rfdiffusion.inference.model_runners][INFO] - Timestep 26, input to next step: ---------------------------------------------------------------------------------------------------------------
[2026-04-20 01:47:01,640][rfdiffusion.inference.model_runners][INFO] - Timestep 25, input to next step: ---------------------------------------------------------------------------------------------------------------
[2026-04-20 01:47:03,227][rfdiffusion.inference.model_runners][INFO] - Timestep 24, input to next step: ---------------------------------------------------------------------------------------------------------------
[2026-04-20 01:47:04,853][rfdiffusion.inference.model_runners][INFO] - Timestep 23, input to next step: ---------------------------------------------------------------------------------------------------------------
[2026-04-20 01:47:06,399][rfdiffusion.inference.model_runners][INFO] - Timestep 22, input to next step: ---------------------------------------------------------------------------------------------------------------
[2026-04-20 01:47:07,974][rfdiffusion.inference.model_runners][INFO] - Timestep 21, input to next step: ---------------------------------------------------------------------------------------------------------------
[2026-04-20 01:47:09,518][rfdiffusion.inference.model_runners][INFO] - Timestep 20, input to next step: ---------------------------------------------------------------------------------------------------------------
[2026-04-20 01:47:11,058][rfdiffusion.inference.model_runners][INFO] - Timestep 19, input to next step: ---------------------------------------------------------------------------------------------------------------
[2026-04-20 01:47:12,577][rfdiffusion.inference.model_runners][INFO] - Timestep 18, input to next step: ---------------------------------------------------------------------------------------------------------------
[2026-04-20 01:47:14,166][rfdiffusion.inference.model_runners][INFO] - Timestep 17, input to next step: ---------------------------------------------------------------------------------------------------------------
[2026-04-20 01:47:15,616][rfdiffusion.inference.model_runners][INFO] - Timestep 16, input to next step: ---------------------------------------------------------------------------------------------------------------
[2026-04-20 01:47:17,152][rfdiffusion.inference.model_runners][INFO] - Timestep 15, input to next step: ---------------------------------------------------------------------------------------------------------------
[2026-04-20 01:47:18,727][rfdiffusion.inference.model_runners][INFO] - Timestep 14, input to next step: ---------------------------------------------------------------------------------------------------------------
[2026-04-20 01:47:20,256][rfdiffusion.inference.model_runners][INFO] - Timestep 13, input to next step: ---------------------------------------------------------------------------------------------------------------
[2026-04-20 01:47:21,840][rfdiffusion.inference.model_runners][INFO] - Timestep 12, input to next step: ---------------------------------------------------------------------------------------------------------------
[2026-04-20 01:47:23,452][rfdiffusion.inference.model_runners][INFO] - Timestep 11, input to next step: ---------------------------------------------------------------------------------------------------------------
[2026-04-20 01:47:25,057][rfdiffusion.inference.model_runners][INFO] - Timestep 10, input to next step: ---------------------------------------------------------------------------------------------------------------
[2026-04-20 01:47:27,705][rfdiffusion.inference.model_runners][INFO] - Timestep 9, input to next step: ---------------------------------------------------------------------------------------------------------------
[2026-04-20 01:47:29,229][rfdiffusion.inference.model_runners][INFO] - Timestep 8, input to next step: ---------------------------------------------------------------------------------------------------------------
[2026-04-20 01:47:30,637][rfdiffusion.inference.model_runners][INFO] - Timestep 7, input to next step: ---------------------------------------------------------------------------------------------------------------
[2026-04-20 01:47:32,129][rfdiffusion.inference.model_runners][INFO] - Timestep 6, input to next step: ---------------------------------------------------------------------------------------------------------------
[2026-04-20 01:47:33,914][rfdiffusion.inference.model_runners][INFO] - Timestep 5, input to next step: ---------------------------------------------------------------------------------------------------------------
[2026-04-20 01:47:35,812][rfdiffusion.inference.model_runners][INFO] - Timestep 4, input to next step: ---------------------------------------------------------------------------------------------------------------
[2026-04-20 01:47:37,512][rfdiffusion.inference.model_runners][INFO] - Timestep 3, input to next step: ---------------------------------------------------------------------------------------------------------------
[2026-04-20 01:47:39,185][rfdiffusion.inference.model_runners][INFO] - Timestep 2, input to next step: ---------------------------------------------------------------------------------------------------------------
[2026-04-20 01:47:42,911][__main__][INFO] - Finished design in 1.39 minutes
[2026-04-20 01:47:42,912][__main__][INFO] - Making design /home/manvi/Team_8_CS598GBL/Assignment/Generate_designs/default/len_111/design_8
[2026-04-20 01:47:42,920][rfdiffusion.inference.model_runners][INFO] - Using contig: ['111-111']
[2026-04-20 01:47:42,947][rfdiffusion.inference.model_runners][INFO] - Sequence init: ---------------------------------------------------------------------------------------------------------------
[2026-04-20 01:47:44,487][rfdiffusion.inference.model_runners][INFO] - Timestep 50, input to next step: ---------------------------------------------------------------------------------------------------------------
[2026-04-20 01:47:45,973][rfdiffusion.inference.model_runners][INFO] - Timestep 49, input to next step: ---------------------------------------------------------------------------------------------------------------
[2026-04-20 01:47:47,579][rfdiffusion.inference.model_runners][INFO] - Timestep 48, input to next step: ---------------------------------------------------------------------------------------------------------------
[2026-04-20 01:47:49,133][rfdiffusion.inference.model_runners][INFO] - Timestep 47, input to next step: ---------------------------------------------------------------------------------------------------------------
[2026-04-20 01:47:50,728][rfdiffusion.inference.model_runners][INFO] - Timestep 46, input to next step: ---------------------------------------------------------------------------------------------------------------
[2026-04-20 01:47:52,305][rfdiffusion.inference.model_runners][INFO] - Timestep 45, input to next step: ---------------------------------------------------------------------------------------------------------------
[2026-04-20 01:47:53,907][rfdiffusion.inference.model_runners][INFO] - Timestep 44, input to next step: ---------------------------------------------------------------------------------------------------------------
[2026-04-20 01:47:55,484][rfdiffusion.inference.model_runners][INFO] - Timestep 43, input to next step: ---------------------------------------------------------------------------------------------------------------
[2026-04-20 01:47:57,085][rfdiffusion.inference.model_runners][INFO] - Timestep 42, input to next step: ---------------------------------------------------------------------------------------------------------------
[2026-04-20 01:47:58,611][rfdiffusion.inference.model_runners][INFO] - Timestep 41, input to next step: ---------------------------------------------------------------------------------------------------------------
[2026-04-20 01:48:00,253][rfdiffusion.inference.model_runners][INFO] - Timestep 40, input to next step: ---------------------------------------------------------------------------------------------------------------
[2026-04-20 01:48:01,881][rfdiffusion.inference.model_runners][INFO] - Timestep 39, input to next step: ---------------------------------------------------------------------------------------------------------------
[2026-04-20 01:48:03,551][rfdiffusion.inference.model_runners][INFO] - Timestep 38, input to next step: ---------------------------------------------------------------------------------------------------------------
[2026-04-20 01:48:05,094][rfdiffusion.inference.model_runners][INFO] - Timestep 37, input to next step: ---------------------------------------------------------------------------------------------------------------
[2026-04-20 01:48:06,720][rfdiffusion.inference.model_runners][INFO] - Timestep 36, input to next step: ---------------------------------------------------------------------------------------------------------------
[2026-04-20 01:48:08,245][rfdiffusion.inference.model_runners][INFO] - Timestep 35, input to next step: ---------------------------------------------------------------------------------------------------------------
[2026-04-20 01:48:09,800][rfdiffusion.inference.model_runners][INFO] - Timestep 34, input to next step: ---------------------------------------------------------------------------------------------------------------
[2026-04-20 01:48:11,480][rfdiffusion.inference.model_runners][INFO] - Timestep 33, input to next step: ---------------------------------------------------------------------------------------------------------------
[2026-04-20 01:48:13,076][rfdiffusion.inference.model_runners][INFO] - Timestep 32, input to next step: ---------------------------------------------------------------------------------------------------------------
[2026-04-20 01:48:14,696][rfdiffusion.inference.model_runners][INFO] - Timestep 31, input to next step: ---------------------------------------------------------------------------------------------------------------
[2026-04-20 01:48:16,300][rfdiffusion.inference.model_runners][INFO] - Timestep 30, input to next step: ---------------------------------------------------------------------------------------------------------------
[2026-04-20 01:48:18,021][rfdiffusion.inference.model_runners][INFO] - Timestep 29, input to next step: ---------------------------------------------------------------------------------------------------------------
[2026-04-20 01:48:19,704][rfdiffusion.inference.model_runners][INFO] - Timestep 28, input to next step: ---------------------------------------------------------------------------------------------------------------
[2026-04-20 01:48:21,258][rfdiffusion.inference.model_runners][INFO] - Timestep 27, input to next step: ---------------------------------------------------------------------------------------------------------------
[2026-04-20 01:48:22,833][rfdiffusion.inference.model_runners][INFO] - Timestep 26, input to next step: ---------------------------------------------------------------------------------------------------------------
[2026-04-20 01:48:24,450][rfdiffusion.inference.model_runners][INFO] - Timestep 25, input to next step: ---------------------------------------------------------------------------------------------------------------
[2026-04-20 01:48:26,025][rfdiffusion.inference.model_runners][INFO] - Timestep 24, input to next step: ---------------------------------------------------------------------------------------------------------------
[2026-04-20 01:48:27,697][rfdiffusion.inference.model_runners][INFO] - Timestep 23, input to next step: ---------------------------------------------------------------------------------------------------------------
[2026-04-20 01:48:29,215][rfdiffusion.inference.model_runners][INFO] - Timestep 22, input to next step: ---------------------------------------------------------------------------------------------------------------
[2026-04-20 01:48:30,757][rfdiffusion.inference.model_runners][INFO] - Timestep 21, input to next step: ---------------------------------------------------------------------------------------------------------------
[2026-04-20 01:48:32,356][rfdiffusion.inference.model_runners][INFO] - Timestep 20, input to next step: ---------------------------------------------------------------------------------------------------------------
[2026-04-20 01:48:33,864][rfdiffusion.inference.model_runners][INFO] - Timestep 19, input to next step: ---------------------------------------------------------------------------------------------------------------
[2026-04-20 01:48:35,495][rfdiffusion.inference.model_runners][INFO] - Timestep 18, input to next step: ---------------------------------------------------------------------------------------------------------------
[2026-04-20 01:48:37,063][rfdiffusion.inference.model_runners][INFO] - Timestep 17, input to next step: ---------------------------------------------------------------------------------------------------------------
[2026-04-20 01:48:38,597][rfdiffusion.inference.model_runners][INFO] - Timestep 16, input to next step: ---------------------------------------------------------------------------------------------------------------
[2026-04-20 01:48:40,122][rfdiffusion.inference.model_runners][INFO] - Timestep 15, input to next step: ---------------------------------------------------------------------------------------------------------------
[2026-04-20 01:48:41,696][rfdiffusion.inference.model_runners][INFO] - Timestep 14, input to next step: ---------------------------------------------------------------------------------------------------------------
[2026-04-20 01:48:43,276][rfdiffusion.inference.model_runners][INFO] - Timestep 13, input to next step: ---------------------------------------------------------------------------------------------------------------
[2026-04-20 01:48:44,859][rfdiffusion.inference.model_runners][INFO] - Timestep 12, input to next step: ---------------------------------------------------------------------------------------------------------------
[2026-04-20 01:48:46,461][rfdiffusion.inference.model_runners][INFO] - Timestep 11, input to next step: ---------------------------------------------------------------------------------------------------------------
[2026-04-20 01:48:48,083][rfdiffusion.inference.model_runners][INFO] - Timestep 10, input to next step: ---------------------------------------------------------------------------------------------------------------
[2026-04-20 01:48:49,669][rfdiffusion.inference.model_runners][INFO] - Timestep 9, input to next step: ---------------------------------------------------------------------------------------------------------------
[2026-04-20 01:48:51,266][rfdiffusion.inference.model_runners][INFO] - Timestep 8, input to next step: ---------------------------------------------------------------------------------------------------------------
[2026-04-20 01:48:52,900][rfdiffusion.inference.model_runners][INFO] - Timestep 7, input to next step: ---------------------------------------------------------------------------------------------------------------
[2026-04-20 01:48:54,447][rfdiffusion.inference.model_runners][INFO] - Timestep 6, input to next step: ---------------------------------------------------------------------------------------------------------------
[2026-04-20 01:48:56,000][rfdiffusion.inference.model_runners][INFO] - Timestep 5, input to next step: ---------------------------------------------------------------------------------------------------------------
[2026-04-20 01:48:57,556][rfdiffusion.inference.model_runners][INFO] - Timestep 4, input to next step: ---------------------------------------------------------------------------------------------------------------
[2026-04-20 01:48:59,237][rfdiffusion.inference.model_runners][INFO] - Timestep 3, input to next step: ---------------------------------------------------------------------------------------------------------------
[2026-04-20 01:49:01,002][rfdiffusion.inference.model_runners][INFO] - Timestep 2, input to next step: ---------------------------------------------------------------------------------------------------------------
[2026-04-20 01:49:04,903][__main__][INFO] - Finished design in 1.37 minutes
[2026-04-20 01:49:04,903][__main__][INFO] - Making design /home/manvi/Team_8_CS598GBL/Assignment/Generate_designs/default/len_111/design_9
[2026-04-20 01:49:04,907][rfdiffusion.inference.model_runners][INFO] - Using contig: ['111-111']
[2026-04-20 01:49:04,926][rfdiffusion.inference.model_runners][INFO] - Sequence init: ---------------------------------------------------------------------------------------------------------------
[2026-04-20 01:49:06,434][rfdiffusion.inference.model_runners][INFO] - Timestep 50, input to next step: ---------------------------------------------------------------------------------------------------------------
[2026-04-20 01:49:07,971][rfdiffusion.inference.model_runners][INFO] - Timestep 49, input to next step: ---------------------------------------------------------------------------------------------------------------
[2026-04-20 01:49:09,537][rfdiffusion.inference.model_runners][INFO] - Timestep 48, input to next step: ---------------------------------------------------------------------------------------------------------------
[2026-04-20 01:49:11,063][rfdiffusion.inference.model_runners][INFO] - Timestep 47, input to next step: ---------------------------------------------------------------------------------------------------------------
[2026-04-20 01:49:12,661][rfdiffusion.inference.model_runners][INFO] - Timestep 46, input to next step: ---------------------------------------------------------------------------------------------------------------
[2026-04-20 01:49:14,210][rfdiffusion.inference.model_runners][INFO] - Timestep 45, input to next step: ---------------------------------------------------------------------------------------------------------------
[2026-04-20 01:49:15,782][rfdiffusion.inference.model_runners][INFO] - Timestep 44, input to next step: ---------------------------------------------------------------------------------------------------------------
[2026-04-20 01:49:17,397][rfdiffusion.inference.model_runners][INFO] - Timestep 43, input to next step: ---------------------------------------------------------------------------------------------------------------
[2026-04-20 01:49:19,011][rfdiffusion.inference.model_runners][INFO] - Timestep 42, input to next step: ---------------------------------------------------------------------------------------------------------------
[2026-04-20 01:49:20,532][rfdiffusion.inference.model_runners][INFO] - Timestep 41, input to next step: ---------------------------------------------------------------------------------------------------------------
[2026-04-20 01:49:22,146][rfdiffusion.inference.model_runners][INFO] - Timestep 40, input to next step: ---------------------------------------------------------------------------------------------------------------
[2026-04-20 01:49:23,744][rfdiffusion.inference.model_runners][INFO] - Timestep 39, input to next step: ---------------------------------------------------------------------------------------------------------------
[2026-04-20 01:49:25,305][rfdiffusion.inference.model_runners][INFO] - Timestep 38, input to next step: ---------------------------------------------------------------------------------------------------------------
[2026-04-20 01:49:26,882][rfdiffusion.inference.model_runners][INFO] - Timestep 37, input to next step: ---------------------------------------------------------------------------------------------------------------
[2026-04-20 01:49:28,479][rfdiffusion.inference.model_runners][INFO] - Timestep 36, input to next step: ---------------------------------------------------------------------------------------------------------------
[2026-04-20 01:49:29,983][rfdiffusion.inference.model_runners][INFO] - Timestep 35, input to next step: ---------------------------------------------------------------------------------------------------------------
[2026-04-20 01:49:31,596][rfdiffusion.inference.model_runners][INFO] - Timestep 34, input to next step: ---------------------------------------------------------------------------------------------------------------
[2026-04-20 01:49:33,211][rfdiffusion.inference.model_runners][INFO] - Timestep 33, input to next step: ---------------------------------------------------------------------------------------------------------------
[2026-04-20 01:49:34,777][rfdiffusion.inference.model_runners][INFO] - Timestep 32, input to next step: ---------------------------------------------------------------------------------------------------------------
[2026-04-20 01:49:36,310][rfdiffusion.inference.model_runners][INFO] - Timestep 31, input to next step: ---------------------------------------------------------------------------------------------------------------
[2026-04-20 01:49:37,950][rfdiffusion.inference.model_runners][INFO] - Timestep 30, input to next step: ---------------------------------------------------------------------------------------------------------------
[2026-04-20 01:49:39,522][rfdiffusion.inference.model_runners][INFO] - Timestep 29, input to next step: ---------------------------------------------------------------------------------------------------------------
[2026-04-20 01:49:41,070][rfdiffusion.inference.model_runners][INFO] - Timestep 28, input to next step: ---------------------------------------------------------------------------------------------------------------
[2026-04-20 01:49:42,503][rfdiffusion.inference.model_runners][INFO] - Timestep 27, input to next step: ---------------------------------------------------------------------------------------------------------------
[2026-04-20 01:49:44,018][rfdiffusion.inference.model_runners][INFO] - Timestep 26, input to next step: ---------------------------------------------------------------------------------------------------------------
[2026-04-20 01:49:45,640][rfdiffusion.inference.model_runners][INFO] - Timestep 25, input to next step: ---------------------------------------------------------------------------------------------------------------
[2026-04-20 01:49:47,224][rfdiffusion.inference.model_runners][INFO] - Timestep 24, input to next step: ---------------------------------------------------------------------------------------------------------------
[2026-04-20 01:49:48,952][rfdiffusion.inference.model_runners][INFO] - Timestep 23, input to next step: ---------------------------------------------------------------------------------------------------------------
[2026-04-20 01:49:50,535][rfdiffusion.inference.model_runners][INFO] - Timestep 22, input to next step: ---------------------------------------------------------------------------------------------------------------
[2026-04-20 01:49:52,101][rfdiffusion.inference.model_runners][INFO] - Timestep 21, input to next step: ---------------------------------------------------------------------------------------------------------------
[2026-04-20 01:49:53,728][rfdiffusion.inference.model_runners][INFO] - Timestep 20, input to next step: ---------------------------------------------------------------------------------------------------------------
[2026-04-20 01:49:55,326][rfdiffusion.inference.model_runners][INFO] - Timestep 19, input to next step: ---------------------------------------------------------------------------------------------------------------
[2026-04-20 01:49:56,893][rfdiffusion.inference.model_runners][INFO] - Timestep 18, input to next step: ---------------------------------------------------------------------------------------------------------------
[2026-04-20 01:49:58,503][rfdiffusion.inference.model_runners][INFO] - Timestep 17, input to next step: ---------------------------------------------------------------------------------------------------------------
[2026-04-20 01:50:00,069][rfdiffusion.inference.model_runners][INFO] - Timestep 16, input to next step: ---------------------------------------------------------------------------------------------------------------
[2026-04-20 01:50:01,692][rfdiffusion.inference.model_runners][INFO] - Timestep 15, input to next step: ---------------------------------------------------------------------------------------------------------------
[2026-04-20 01:50:03,366][rfdiffusion.inference.model_runners][INFO] - Timestep 14, input to next step: ---------------------------------------------------------------------------------------------------------------
[2026-04-20 01:50:04,966][rfdiffusion.inference.model_runners][INFO] - Timestep 13, input to next step: ---------------------------------------------------------------------------------------------------------------
[2026-04-20 01:50:06,608][rfdiffusion.inference.model_runners][INFO] - Timestep 12, input to next step: ---------------------------------------------------------------------------------------------------------------
[2026-04-20 01:50:08,240][rfdiffusion.inference.model_runners][INFO] - Timestep 11, input to next step: ---------------------------------------------------------------------------------------------------------------
[2026-04-20 01:50:09,722][rfdiffusion.inference.model_runners][INFO] - Timestep 10, input to next step: ---------------------------------------------------------------------------------------------------------------
[2026-04-20 01:50:11,305][rfdiffusion.inference.model_runners][INFO] - Timestep 9, input to next step: ---------------------------------------------------------------------------------------------------------------
[2026-04-20 01:50:12,920][rfdiffusion.inference.model_runners][INFO] - Timestep 8, input to next step: ---------------------------------------------------------------------------------------------------------------
[2026-04-20 01:50:14,603][rfdiffusion.inference.model_runners][INFO] - Timestep 7, input to next step: ---------------------------------------------------------------------------------------------------------------
[2026-04-20 01:50:16,179][rfdiffusion.inference.model_runners][INFO] - Timestep 6, input to next step: ---------------------------------------------------------------------------------------------------------------
[2026-04-20 01:50:17,770][rfdiffusion.inference.model_runners][INFO] - Timestep 5, input to next step: ---------------------------------------------------------------------------------------------------------------
[2026-04-20 01:50:19,416][rfdiffusion.inference.model_runners][INFO] - Timestep 4, input to next step: ---------------------------------------------------------------------------------------------------------------
[2026-04-20 01:50:21,062][rfdiffusion.inference.model_runners][INFO] - Timestep 3, input to next step: ---------------------------------------------------------------------------------------------------------------
[2026-04-20 01:50:22,679][rfdiffusion.inference.model_runners][INFO] - Timestep 2, input to next step: ---------------------------------------------------------------------------------------------------------------
[2026-04-20 01:50:25,920][__main__][INFO] - Finished design in 1.35 minutes
