[2026-04-19 22:26:05,579][__main__][INFO] - Found GPU with device_name NVIDIA GeForce RTX 3050 Ti Laptop GPU. Will run RFdiffusion on NVIDIA GeForce RTX 3050 Ti Laptop GPU
[2026-04-19 22:26:05,579][rfdiffusion.inference.model_runners][INFO] - Reading checkpoint from /home/manvi/Team_8_CS598GBL/RFdiffusion/rfdiffusion/inference/../../models/Base_ckpt.pt
[2026-04-19 22:26:11,829][rfdiffusion.inference.model_runners][INFO] - Loading checkpoint.
[2026-04-19 22:26:12,059][rfdiffusion.diffusion][INFO] - Using cached IGSO3.
[2026-04-19 22:26:12,072][__main__][INFO] - Making design /home/manvi/Team_8_CS598GBL/Assignment/Generate_designs/default/len_100/design_0
[2026-04-19 22:26:12,076][rfdiffusion.inference.model_runners][INFO] - Using contig: ['100-100']
[2026-04-19 22:26:12,113][rfdiffusion.inference.model_runners][INFO] - Sequence init: ----------------------------------------------------------------------------------------------------
[2026-04-19 22:26:16,401][rfdiffusion.inference.model_runners][INFO] - Timestep 50, input to next step: ----------------------------------------------------------------------------------------------------
[2026-04-19 22:26:18,001][rfdiffusion.inference.model_runners][INFO] - Timestep 49, input to next step: ----------------------------------------------------------------------------------------------------
[2026-04-19 22:26:19,967][rfdiffusion.inference.model_runners][INFO] - Timestep 48, input to next step: ----------------------------------------------------------------------------------------------------
[2026-04-19 22:26:21,920][rfdiffusion.inference.model_runners][INFO] - Timestep 47, input to next step: ----------------------------------------------------------------------------------------------------
[2026-04-19 22:26:23,908][rfdiffusion.inference.model_runners][INFO] - Timestep 46, input to next step: ----------------------------------------------------------------------------------------------------
[2026-04-19 22:26:25,686][rfdiffusion.inference.model_runners][INFO] - Timestep 45, input to next step: ----------------------------------------------------------------------------------------------------
[2026-04-19 22:26:27,397][rfdiffusion.inference.model_runners][INFO] - Timestep 44, input to next step: ----------------------------------------------------------------------------------------------------
[2026-04-19 22:26:29,191][rfdiffusion.inference.model_runners][INFO] - Timestep 43, input to next step: ----------------------------------------------------------------------------------------------------
[2026-04-19 22:26:30,809][rfdiffusion.inference.model_runners][INFO] - Timestep 42, input to next step: ----------------------------------------------------------------------------------------------------
[2026-04-19 22:26:32,281][rfdiffusion.inference.model_runners][INFO] - Timestep 41, input to next step: ----------------------------------------------------------------------------------------------------
[2026-04-19 22:26:33,957][rfdiffusion.inference.model_runners][INFO] - Timestep 40, input to next step: ----------------------------------------------------------------------------------------------------
[2026-04-19 22:26:35,696][rfdiffusion.inference.model_runners][INFO] - Timestep 39, input to next step: ----------------------------------------------------------------------------------------------------
[2026-04-19 22:26:37,370][rfdiffusion.inference.model_runners][INFO] - Timestep 38, input to next step: ----------------------------------------------------------------------------------------------------
[2026-04-19 22:26:39,034][rfdiffusion.inference.model_runners][INFO] - Timestep 37, input to next step: ----------------------------------------------------------------------------------------------------
[2026-04-19 22:26:40,673][rfdiffusion.inference.model_runners][INFO] - Timestep 36, input to next step: ----------------------------------------------------------------------------------------------------
[2026-04-19 22:26:42,336][rfdiffusion.inference.model_runners][INFO] - Timestep 35, input to next step: ----------------------------------------------------------------------------------------------------
[2026-04-19 22:26:43,971][rfdiffusion.inference.model_runners][INFO] - Timestep 34, input to next step: ----------------------------------------------------------------------------------------------------
[2026-04-19 22:26:45,616][rfdiffusion.inference.model_runners][INFO] - Timestep 33, input to next step: ----------------------------------------------------------------------------------------------------
[2026-04-19 22:26:47,299][rfdiffusion.inference.model_runners][INFO] - Timestep 32, input to next step: ----------------------------------------------------------------------------------------------------
[2026-04-19 22:26:49,030][rfdiffusion.inference.model_runners][INFO] - Timestep 31, input to next step: ----------------------------------------------------------------------------------------------------
[2026-04-19 22:26:51,038][rfdiffusion.inference.model_runners][INFO] - Timestep 30, input to next step: ----------------------------------------------------------------------------------------------------
[2026-04-19 22:26:52,683][rfdiffusion.inference.model_runners][INFO] - Timestep 29, input to next step: ----------------------------------------------------------------------------------------------------
[2026-04-19 22:26:54,407][rfdiffusion.inference.model_runners][INFO] - Timestep 28, input to next step: ----------------------------------------------------------------------------------------------------
[2026-04-19 22:26:56,240][rfdiffusion.inference.model_runners][INFO] - Timestep 27, input to next step: ----------------------------------------------------------------------------------------------------
[2026-04-19 22:26:58,040][rfdiffusion.inference.model_runners][INFO] - Timestep 26, input to next step: ----------------------------------------------------------------------------------------------------
[2026-04-19 22:26:59,854][rfdiffusion.inference.model_runners][INFO] - Timestep 25, input to next step: ----------------------------------------------------------------------------------------------------
[2026-04-19 22:27:01,474][rfdiffusion.inference.model_runners][INFO] - Timestep 24, input to next step: ----------------------------------------------------------------------------------------------------
[2026-04-19 22:27:03,089][rfdiffusion.inference.model_runners][INFO] - Timestep 23, input to next step: ----------------------------------------------------------------------------------------------------
[2026-04-19 22:27:04,727][rfdiffusion.inference.model_runners][INFO] - Timestep 22, input to next step: ----------------------------------------------------------------------------------------------------
[2026-04-19 22:27:06,399][rfdiffusion.inference.model_runners][INFO] - Timestep 21, input to next step: ----------------------------------------------------------------------------------------------------
[2026-04-19 22:27:08,126][rfdiffusion.inference.model_runners][INFO] - Timestep 20, input to next step: ----------------------------------------------------------------------------------------------------
[2026-04-19 22:27:09,744][rfdiffusion.inference.model_runners][INFO] - Timestep 19, input to next step: ----------------------------------------------------------------------------------------------------
[2026-04-19 22:27:11,443][rfdiffusion.inference.model_runners][INFO] - Timestep 18, input to next step: ----------------------------------------------------------------------------------------------------
[2026-04-19 22:27:13,148][rfdiffusion.inference.model_runners][INFO] - Timestep 17, input to next step: ----------------------------------------------------------------------------------------------------
[2026-04-19 22:27:14,837][rfdiffusion.inference.model_runners][INFO] - Timestep 16, input to next step: ----------------------------------------------------------------------------------------------------
[2026-04-19 22:27:16,441][rfdiffusion.inference.model_runners][INFO] - Timestep 15, input to next step: ----------------------------------------------------------------------------------------------------
[2026-04-19 22:27:18,103][rfdiffusion.inference.model_runners][INFO] - Timestep 14, input to next step: ----------------------------------------------------------------------------------------------------
[2026-04-19 22:27:19,699][rfdiffusion.inference.model_runners][INFO] - Timestep 13, input to next step: ----------------------------------------------------------------------------------------------------
[2026-04-19 22:27:21,393][rfdiffusion.inference.model_runners][INFO] - Timestep 12, input to next step: ----------------------------------------------------------------------------------------------------
[2026-04-19 22:27:23,083][rfdiffusion.inference.model_runners][INFO] - Timestep 11, input to next step: ----------------------------------------------------------------------------------------------------
[2026-04-19 22:27:24,751][rfdiffusion.inference.model_runners][INFO] - Timestep 10, input to next step: ----------------------------------------------------------------------------------------------------
[2026-04-19 22:27:27,388][rfdiffusion.inference.model_runners][INFO] - Timestep 9, input to next step: ----------------------------------------------------------------------------------------------------
[2026-04-19 22:27:28,739][rfdiffusion.inference.model_runners][INFO] - Timestep 8, input to next step: ----------------------------------------------------------------------------------------------------
[2026-04-19 22:27:30,060][rfdiffusion.inference.model_runners][INFO] - Timestep 7, input to next step: ----------------------------------------------------------------------------------------------------
[2026-04-19 22:27:31,392][rfdiffusion.inference.model_runners][INFO] - Timestep 6, input to next step: ----------------------------------------------------------------------------------------------------
[2026-04-19 22:27:32,915][rfdiffusion.inference.model_runners][INFO] - Timestep 5, input to next step: ----------------------------------------------------------------------------------------------------
[2026-04-19 22:27:34,465][rfdiffusion.inference.model_runners][INFO] - Timestep 4, input to next step: ----------------------------------------------------------------------------------------------------
[2026-04-19 22:27:35,888][rfdiffusion.inference.model_runners][INFO] - Timestep 3, input to next step: ----------------------------------------------------------------------------------------------------
[2026-04-19 22:27:37,280][rfdiffusion.inference.model_runners][INFO] - Timestep 2, input to next step: ----------------------------------------------------------------------------------------------------
[2026-04-19 22:27:40,000][__main__][INFO] - Finished design in 1.47 minutes
[2026-04-19 22:27:40,001][__main__][INFO] - Making design /home/manvi/Team_8_CS598GBL/Assignment/Generate_designs/default/len_100/design_1
[2026-04-19 22:27:40,004][rfdiffusion.inference.model_runners][INFO] - Using contig: ['100-100']
[2026-04-19 22:27:40,023][rfdiffusion.inference.model_runners][INFO] - Sequence init: ----------------------------------------------------------------------------------------------------
[2026-04-19 22:27:41,291][rfdiffusion.inference.model_runners][INFO] - Timestep 50, input to next step: ----------------------------------------------------------------------------------------------------
[2026-04-19 22:27:42,675][rfdiffusion.inference.model_runners][INFO] - Timestep 49, input to next step: ----------------------------------------------------------------------------------------------------
[2026-04-19 22:27:44,060][rfdiffusion.inference.model_runners][INFO] - Timestep 48, input to next step: ----------------------------------------------------------------------------------------------------
[2026-04-19 22:27:45,454][rfdiffusion.inference.model_runners][INFO] - Timestep 47, input to next step: ----------------------------------------------------------------------------------------------------
[2026-04-19 22:27:46,928][rfdiffusion.inference.model_runners][INFO] - Timestep 46, input to next step: ----------------------------------------------------------------------------------------------------
[2026-04-19 22:27:48,299][rfdiffusion.inference.model_runners][INFO] - Timestep 45, input to next step: ----------------------------------------------------------------------------------------------------
[2026-04-19 22:27:49,680][rfdiffusion.inference.model_runners][INFO] - Timestep 44, input to next step: ----------------------------------------------------------------------------------------------------
[2026-04-19 22:27:51,152][rfdiffusion.inference.model_runners][INFO] - Timestep 43, input to next step: ----------------------------------------------------------------------------------------------------
[2026-04-19 22:27:52,560][rfdiffusion.inference.model_runners][INFO] - Timestep 42, input to next step: ----------------------------------------------------------------------------------------------------
[2026-04-19 22:27:54,001][rfdiffusion.inference.model_runners][INFO] - Timestep 41, input to next step: ----------------------------------------------------------------------------------------------------
[2026-04-19 22:27:55,445][rfdiffusion.inference.model_runners][INFO] - Timestep 40, input to next step: ----------------------------------------------------------------------------------------------------
[2026-04-19 22:27:56,815][rfdiffusion.inference.model_runners][INFO] - Timestep 39, input to next step: ----------------------------------------------------------------------------------------------------
[2026-04-19 22:27:58,230][rfdiffusion.inference.model_runners][INFO] - Timestep 38, input to next step: ----------------------------------------------------------------------------------------------------
[2026-04-19 22:27:59,585][rfdiffusion.inference.model_runners][INFO] - Timestep 37, input to next step: ----------------------------------------------------------------------------------------------------
[2026-04-19 22:28:01,009][rfdiffusion.inference.model_runners][INFO] - Timestep 36, input to next step: ----------------------------------------------------------------------------------------------------
[2026-04-19 22:28:02,480][rfdiffusion.inference.model_runners][INFO] - Timestep 35, input to next step: ----------------------------------------------------------------------------------------------------
[2026-04-19 22:28:03,964][rfdiffusion.inference.model_runners][INFO] - Timestep 34, input to next step: ----------------------------------------------------------------------------------------------------
[2026-04-19 22:28:05,418][rfdiffusion.inference.model_runners][INFO] - Timestep 33, input to next step: ----------------------------------------------------------------------------------------------------
[2026-04-19 22:28:06,861][rfdiffusion.inference.model_runners][INFO] - Timestep 32, input to next step: ----------------------------------------------------------------------------------------------------
[2026-04-19 22:28:08,233][rfdiffusion.inference.model_runners][INFO] - Timestep 31, input to next step: ----------------------------------------------------------------------------------------------------
[2026-04-19 22:28:09,634][rfdiffusion.inference.model_runners][INFO] - Timestep 30, input to next step: ----------------------------------------------------------------------------------------------------
[2026-04-19 22:28:10,986][rfdiffusion.inference.model_runners][INFO] - Timestep 29, input to next step: ----------------------------------------------------------------------------------------------------
[2026-04-19 22:28:12,410][rfdiffusion.inference.model_runners][INFO] - Timestep 28, input to next step: ----------------------------------------------------------------------------------------------------
[2026-04-19 22:28:13,805][rfdiffusion.inference.model_runners][INFO] - Timestep 27, input to next step: ----------------------------------------------------------------------------------------------------
[2026-04-19 22:28:15,228][rfdiffusion.inference.model_runners][INFO] - Timestep 26, input to next step: ----------------------------------------------------------------------------------------------------
[2026-04-19 22:28:16,617][rfdiffusion.inference.model_runners][INFO] - Timestep 25, input to next step: ----------------------------------------------------------------------------------------------------
[2026-04-19 22:28:18,260][rfdiffusion.inference.model_runners][INFO] - Timestep 24, input to next step: ----------------------------------------------------------------------------------------------------
[2026-04-19 22:28:19,673][rfdiffusion.inference.model_runners][INFO] - Timestep 23, input to next step: ----------------------------------------------------------------------------------------------------
[2026-04-19 22:28:21,030][rfdiffusion.inference.model_runners][INFO] - Timestep 22, input to next step: ----------------------------------------------------------------------------------------------------
[2026-04-19 22:28:22,447][rfdiffusion.inference.model_runners][INFO] - Timestep 21, input to next step: ----------------------------------------------------------------------------------------------------
[2026-04-19 22:28:23,872][rfdiffusion.inference.model_runners][INFO] - Timestep 20, input to next step: ----------------------------------------------------------------------------------------------------
[2026-04-19 22:28:25,278][rfdiffusion.inference.model_runners][INFO] - Timestep 19, input to next step: ----------------------------------------------------------------------------------------------------
[2026-04-19 22:28:26,747][rfdiffusion.inference.model_runners][INFO] - Timestep 18, input to next step: ----------------------------------------------------------------------------------------------------
[2026-04-19 22:28:28,203][rfdiffusion.inference.model_runners][INFO] - Timestep 17, input to next step: ----------------------------------------------------------------------------------------------------
[2026-04-19 22:28:29,601][rfdiffusion.inference.model_runners][INFO] - Timestep 16, input to next step: ----------------------------------------------------------------------------------------------------
[2026-04-19 22:28:31,087][rfdiffusion.inference.model_runners][INFO] - Timestep 15, input to next step: ----------------------------------------------------------------------------------------------------
[2026-04-19 22:28:32,676][rfdiffusion.inference.model_runners][INFO] - Timestep 14, input to next step: ----------------------------------------------------------------------------------------------------
[2026-04-19 22:28:34,172][rfdiffusion.inference.model_runners][INFO] - Timestep 13, input to next step: ----------------------------------------------------------------------------------------------------
[2026-04-19 22:28:35,607][rfdiffusion.inference.model_runners][INFO] - Timestep 12, input to next step: ----------------------------------------------------------------------------------------------------
[2026-04-19 22:28:37,092][rfdiffusion.inference.model_runners][INFO] - Timestep 11, input to next step: ----------------------------------------------------------------------------------------------------
[2026-04-19 22:28:38,758][rfdiffusion.inference.model_runners][INFO] - Timestep 10, input to next step: ----------------------------------------------------------------------------------------------------
[2026-04-19 22:28:40,232][rfdiffusion.inference.model_runners][INFO] - Timestep 9, input to next step: ----------------------------------------------------------------------------------------------------
[2026-04-19 22:28:41,570][rfdiffusion.inference.model_runners][INFO] - Timestep 8, input to next step: ----------------------------------------------------------------------------------------------------
[2026-04-19 22:28:43,001][rfdiffusion.inference.model_runners][INFO] - Timestep 7, input to next step: ----------------------------------------------------------------------------------------------------
[2026-04-19 22:28:44,359][rfdiffusion.inference.model_runners][INFO] - Timestep 6, input to next step: ----------------------------------------------------------------------------------------------------
[2026-04-19 22:28:45,747][rfdiffusion.inference.model_runners][INFO] - Timestep 5, input to next step: ----------------------------------------------------------------------------------------------------
[2026-04-19 22:28:47,137][rfdiffusion.inference.model_runners][INFO] - Timestep 4, input to next step: ----------------------------------------------------------------------------------------------------
[2026-04-19 22:28:48,574][rfdiffusion.inference.model_runners][INFO] - Timestep 3, input to next step: ----------------------------------------------------------------------------------------------------
[2026-04-19 22:28:49,994][rfdiffusion.inference.model_runners][INFO] - Timestep 2, input to next step: ----------------------------------------------------------------------------------------------------
[2026-04-19 22:28:52,722][__main__][INFO] - Finished design in 1.21 minutes
[2026-04-19 22:28:52,723][__main__][INFO] - Making design /home/manvi/Team_8_CS598GBL/Assignment/Generate_designs/default/len_100/design_2
[2026-04-19 22:28:52,727][rfdiffusion.inference.model_runners][INFO] - Using contig: ['100-100']
[2026-04-19 22:28:52,745][rfdiffusion.inference.model_runners][INFO] - Sequence init: ----------------------------------------------------------------------------------------------------
[2026-04-19 22:28:54,027][rfdiffusion.inference.model_runners][INFO] - Timestep 50, input to next step: ----------------------------------------------------------------------------------------------------
[2026-04-19 22:28:55,457][rfdiffusion.inference.model_runners][INFO] - Timestep 49, input to next step: ----------------------------------------------------------------------------------------------------
[2026-04-19 22:28:56,789][rfdiffusion.inference.model_runners][INFO] - Timestep 48, input to next step: ----------------------------------------------------------------------------------------------------
[2026-04-19 22:28:58,188][rfdiffusion.inference.model_runners][INFO] - Timestep 47, input to next step: ----------------------------------------------------------------------------------------------------
[2026-04-19 22:28:59,710][rfdiffusion.inference.model_runners][INFO] - Timestep 46, input to next step: ----------------------------------------------------------------------------------------------------
[2026-04-19 22:29:01,102][rfdiffusion.inference.model_runners][INFO] - Timestep 45, input to next step: ----------------------------------------------------------------------------------------------------
[2026-04-19 22:29:02,501][rfdiffusion.inference.model_runners][INFO] - Timestep 44, input to next step: ----------------------------------------------------------------------------------------------------
[2026-04-19 22:29:03,884][rfdiffusion.inference.model_runners][INFO] - Timestep 43, input to next step: ----------------------------------------------------------------------------------------------------
[2026-04-19 22:29:05,159][rfdiffusion.inference.model_runners][INFO] - Timestep 42, input to next step: ----------------------------------------------------------------------------------------------------
[2026-04-19 22:29:06,498][rfdiffusion.inference.model_runners][INFO] - Timestep 41, input to next step: ----------------------------------------------------------------------------------------------------
[2026-04-19 22:29:07,868][rfdiffusion.inference.model_runners][INFO] - Timestep 40, input to next step: ----------------------------------------------------------------------------------------------------
[2026-04-19 22:29:09,344][rfdiffusion.inference.model_runners][INFO] - Timestep 39, input to next step: ----------------------------------------------------------------------------------------------------
[2026-04-19 22:29:10,714][rfdiffusion.inference.model_runners][INFO] - Timestep 38, input to next step: ----------------------------------------------------------------------------------------------------
[2026-04-19 22:29:12,132][rfdiffusion.inference.model_runners][INFO] - Timestep 37, input to next step: ----------------------------------------------------------------------------------------------------
[2026-04-19 22:29:13,530][rfdiffusion.inference.model_runners][INFO] - Timestep 36, input to next step: ----------------------------------------------------------------------------------------------------
[2026-04-19 22:29:14,957][rfdiffusion.inference.model_runners][INFO] - Timestep 35, input to next step: ----------------------------------------------------------------------------------------------------
[2026-04-19 22:29:16,191][rfdiffusion.inference.model_runners][INFO] - Timestep 34, input to next step: ----------------------------------------------------------------------------------------------------
[2026-04-19 22:29:17,538][rfdiffusion.inference.model_runners][INFO] - Timestep 33, input to next step: ----------------------------------------------------------------------------------------------------
[2026-04-19 22:29:18,919][rfdiffusion.inference.model_runners][INFO] - Timestep 32, input to next step: ----------------------------------------------------------------------------------------------------
[2026-04-19 22:29:20,303][rfdiffusion.inference.model_runners][INFO] - Timestep 31, input to next step: ----------------------------------------------------------------------------------------------------
[2026-04-19 22:29:21,657][rfdiffusion.inference.model_runners][INFO] - Timestep 30, input to next step: ----------------------------------------------------------------------------------------------------
[2026-04-19 22:29:23,110][rfdiffusion.inference.model_runners][INFO] - Timestep 29, input to next step: ----------------------------------------------------------------------------------------------------
[2026-04-19 22:29:24,623][rfdiffusion.inference.model_runners][INFO] - Timestep 28, input to next step: ----------------------------------------------------------------------------------------------------
[2026-04-19 22:29:26,079][rfdiffusion.inference.model_runners][INFO] - Timestep 27, input to next step: ----------------------------------------------------------------------------------------------------
[2026-04-19 22:29:27,308][rfdiffusion.inference.model_runners][INFO] - Timestep 26, input to next step: ----------------------------------------------------------------------------------------------------
[2026-04-19 22:29:28,646][rfdiffusion.inference.model_runners][INFO] - Timestep 25, input to next step: ----------------------------------------------------------------------------------------------------
[2026-04-19 22:29:30,010][rfdiffusion.inference.model_runners][INFO] - Timestep 24, input to next step: ----------------------------------------------------------------------------------------------------
[2026-04-19 22:29:31,366][rfdiffusion.inference.model_runners][INFO] - Timestep 23, input to next step: ----------------------------------------------------------------------------------------------------
[2026-04-19 22:29:32,687][rfdiffusion.inference.model_runners][INFO] - Timestep 22, input to next step: ----------------------------------------------------------------------------------------------------
[2026-04-19 22:29:34,096][rfdiffusion.inference.model_runners][INFO] - Timestep 21, input to next step: ----------------------------------------------------------------------------------------------------
[2026-04-19 22:29:35,510][rfdiffusion.inference.model_runners][INFO] - Timestep 20, input to next step: ----------------------------------------------------------------------------------------------------
[2026-04-19 22:29:36,956][rfdiffusion.inference.model_runners][INFO] - Timestep 19, input to next step: ----------------------------------------------------------------------------------------------------
[2026-04-19 22:29:38,364][rfdiffusion.inference.model_runners][INFO] - Timestep 18, input to next step: ----------------------------------------------------------------------------------------------------
[2026-04-19 22:29:39,747][rfdiffusion.inference.model_runners][INFO] - Timestep 17, input to next step: ----------------------------------------------------------------------------------------------------
[2026-04-19 22:29:41,186][rfdiffusion.inference.model_runners][INFO] - Timestep 16, input to next step: ----------------------------------------------------------------------------------------------------
[2026-04-19 22:29:42,585][rfdiffusion.inference.model_runners][INFO] - Timestep 15, input to next step: ----------------------------------------------------------------------------------------------------
[2026-04-19 22:29:43,965][rfdiffusion.inference.model_runners][INFO] - Timestep 14, input to next step: ----------------------------------------------------------------------------------------------------
[2026-04-19 22:29:45,346][rfdiffusion.inference.model_runners][INFO] - Timestep 13, input to next step: ----------------------------------------------------------------------------------------------------
[2026-04-19 22:29:46,819][rfdiffusion.inference.model_runners][INFO] - Timestep 12, input to next step: ----------------------------------------------------------------------------------------------------
[2026-04-19 22:29:48,247][rfdiffusion.inference.model_runners][INFO] - Timestep 11, input to next step: ----------------------------------------------------------------------------------------------------
[2026-04-19 22:29:49,820][rfdiffusion.inference.model_runners][INFO] - Timestep 10, input to next step: ----------------------------------------------------------------------------------------------------
[2026-04-19 22:29:51,222][rfdiffusion.inference.model_runners][INFO] - Timestep 9, input to next step: ----------------------------------------------------------------------------------------------------
[2026-04-19 22:29:52,675][rfdiffusion.inference.model_runners][INFO] - Timestep 8, input to next step: ----------------------------------------------------------------------------------------------------
[2026-04-19 22:29:54,151][rfdiffusion.inference.model_runners][INFO] - Timestep 7, input to next step: ----------------------------------------------------------------------------------------------------
[2026-04-19 22:29:55,597][rfdiffusion.inference.model_runners][INFO] - Timestep 6, input to next step: ----------------------------------------------------------------------------------------------------
[2026-04-19 22:29:57,025][rfdiffusion.inference.model_runners][INFO] - Timestep 5, input to next step: ----------------------------------------------------------------------------------------------------
[2026-04-19 22:29:58,450][rfdiffusion.inference.model_runners][INFO] - Timestep 4, input to next step: ----------------------------------------------------------------------------------------------------
[2026-04-19 22:29:59,827][rfdiffusion.inference.model_runners][INFO] - Timestep 3, input to next step: ----------------------------------------------------------------------------------------------------
[2026-04-19 22:30:01,297][rfdiffusion.inference.model_runners][INFO] - Timestep 2, input to next step: ----------------------------------------------------------------------------------------------------
[2026-04-19 22:30:03,983][__main__][INFO] - Finished design in 1.19 minutes
[2026-04-19 22:30:03,983][__main__][INFO] - Making design /home/manvi/Team_8_CS598GBL/Assignment/Generate_designs/default/len_100/design_3
[2026-04-19 22:30:03,987][rfdiffusion.inference.model_runners][INFO] - Using contig: ['100-100']
[2026-04-19 22:30:04,003][rfdiffusion.inference.model_runners][INFO] - Sequence init: ----------------------------------------------------------------------------------------------------
[2026-04-19 22:30:05,210][rfdiffusion.inference.model_runners][INFO] - Timestep 50, input to next step: ----------------------------------------------------------------------------------------------------
[2026-04-19 22:30:06,506][rfdiffusion.inference.model_runners][INFO] - Timestep 49, input to next step: ----------------------------------------------------------------------------------------------------
[2026-04-19 22:30:07,971][rfdiffusion.inference.model_runners][INFO] - Timestep 48, input to next step: ----------------------------------------------------------------------------------------------------
[2026-04-19 22:30:09,325][rfdiffusion.inference.model_runners][INFO] - Timestep 47, input to next step: ----------------------------------------------------------------------------------------------------
[2026-04-19 22:30:10,628][rfdiffusion.inference.model_runners][INFO] - Timestep 46, input to next step: ----------------------------------------------------------------------------------------------------
[2026-04-19 22:30:11,927][rfdiffusion.inference.model_runners][INFO] - Timestep 45, input to next step: ----------------------------------------------------------------------------------------------------
[2026-04-19 22:30:13,296][rfdiffusion.inference.model_runners][INFO] - Timestep 44, input to next step: ----------------------------------------------------------------------------------------------------
[2026-04-19 22:30:14,643][rfdiffusion.inference.model_runners][INFO] - Timestep 43, input to next step: ----------------------------------------------------------------------------------------------------
[2026-04-19 22:30:16,022][rfdiffusion.inference.model_runners][INFO] - Timestep 42, input to next step: ----------------------------------------------------------------------------------------------------
[2026-04-19 22:30:17,358][rfdiffusion.inference.model_runners][INFO] - Timestep 41, input to next step: ----------------------------------------------------------------------------------------------------
[2026-04-19 22:30:18,768][rfdiffusion.inference.model_runners][INFO] - Timestep 40, input to next step: ----------------------------------------------------------------------------------------------------
[2026-04-19 22:30:20,168][rfdiffusion.inference.model_runners][INFO] - Timestep 39, input to next step: ----------------------------------------------------------------------------------------------------
[2026-04-19 22:30:21,696][rfdiffusion.inference.model_runners][INFO] - Timestep 38, input to next step: ----------------------------------------------------------------------------------------------------
[2026-04-19 22:30:23,141][rfdiffusion.inference.model_runners][INFO] - Timestep 37, input to next step: ----------------------------------------------------------------------------------------------------
[2026-04-19 22:30:24,625][rfdiffusion.inference.model_runners][INFO] - Timestep 36, input to next step: ----------------------------------------------------------------------------------------------------
[2026-04-19 22:30:26,054][rfdiffusion.inference.model_runners][INFO] - Timestep 35, input to next step: ----------------------------------------------------------------------------------------------------
[2026-04-19 22:30:27,444][rfdiffusion.inference.model_runners][INFO] - Timestep 34, input to next step: ----------------------------------------------------------------------------------------------------
[2026-04-19 22:30:28,769][rfdiffusion.inference.model_runners][INFO] - Timestep 33, input to next step: ----------------------------------------------------------------------------------------------------
[2026-04-19 22:30:30,079][rfdiffusion.inference.model_runners][INFO] - Timestep 32, input to next step: ----------------------------------------------------------------------------------------------------
[2026-04-19 22:30:31,542][rfdiffusion.inference.model_runners][INFO] - Timestep 31, input to next step: ----------------------------------------------------------------------------------------------------
[2026-04-19 22:30:32,998][rfdiffusion.inference.model_runners][INFO] - Timestep 30, input to next step: ----------------------------------------------------------------------------------------------------
[2026-04-19 22:30:34,408][rfdiffusion.inference.model_runners][INFO] - Timestep 29, input to next step: ----------------------------------------------------------------------------------------------------
[2026-04-19 22:30:35,775][rfdiffusion.inference.model_runners][INFO] - Timestep 28, input to next step: ----------------------------------------------------------------------------------------------------
[2026-04-19 22:30:37,186][rfdiffusion.inference.model_runners][INFO] - Timestep 27, input to next step: ----------------------------------------------------------------------------------------------------
[2026-04-19 22:30:38,628][rfdiffusion.inference.model_runners][INFO] - Timestep 26, input to next step: ----------------------------------------------------------------------------------------------------
[2026-04-19 22:30:40,046][rfdiffusion.inference.model_runners][INFO] - Timestep 25, input to next step: ----------------------------------------------------------------------------------------------------
[2026-04-19 22:30:41,462][rfdiffusion.inference.model_runners][INFO] - Timestep 24, input to next step: ----------------------------------------------------------------------------------------------------
[2026-04-19 22:30:42,913][rfdiffusion.inference.model_runners][INFO] - Timestep 23, input to next step: ----------------------------------------------------------------------------------------------------
[2026-04-19 22:30:44,296][rfdiffusion.inference.model_runners][INFO] - Timestep 22, input to next step: ----------------------------------------------------------------------------------------------------
[2026-04-19 22:30:45,746][rfdiffusion.inference.model_runners][INFO] - Timestep 21, input to next step: ----------------------------------------------------------------------------------------------------
[2026-04-19 22:30:47,129][rfdiffusion.inference.model_runners][INFO] - Timestep 20, input to next step: ----------------------------------------------------------------------------------------------------
[2026-04-19 22:30:48,491][rfdiffusion.inference.model_runners][INFO] - Timestep 19, input to next step: ----------------------------------------------------------------------------------------------------
[2026-04-19 22:30:49,941][rfdiffusion.inference.model_runners][INFO] - Timestep 18, input to next step: ----------------------------------------------------------------------------------------------------
[2026-04-19 22:30:51,352][rfdiffusion.inference.model_runners][INFO] - Timestep 17, input to next step: ----------------------------------------------------------------------------------------------------
[2026-04-19 22:30:52,729][rfdiffusion.inference.model_runners][INFO] - Timestep 16, input to next step: ----------------------------------------------------------------------------------------------------
[2026-04-19 22:30:54,087][rfdiffusion.inference.model_runners][INFO] - Timestep 15, input to next step: ----------------------------------------------------------------------------------------------------
[2026-04-19 22:30:55,498][rfdiffusion.inference.model_runners][INFO] - Timestep 14, input to next step: ----------------------------------------------------------------------------------------------------
[2026-04-19 22:30:56,840][rfdiffusion.inference.model_runners][INFO] - Timestep 13, input to next step: ----------------------------------------------------------------------------------------------------
[2026-04-19 22:30:58,307][rfdiffusion.inference.model_runners][INFO] - Timestep 12, input to next step: ----------------------------------------------------------------------------------------------------
[2026-04-19 22:30:59,748][rfdiffusion.inference.model_runners][INFO] - Timestep 11, input to next step: ----------------------------------------------------------------------------------------------------
[2026-04-19 22:31:01,169][rfdiffusion.inference.model_runners][INFO] - Timestep 10, input to next step: ----------------------------------------------------------------------------------------------------
[2026-04-19 22:31:02,563][rfdiffusion.inference.model_runners][INFO] - Timestep 9, input to next step: ----------------------------------------------------------------------------------------------------
[2026-04-19 22:31:03,978][rfdiffusion.inference.model_runners][INFO] - Timestep 8, input to next step: ----------------------------------------------------------------------------------------------------
[2026-04-19 22:31:05,355][rfdiffusion.inference.model_runners][INFO] - Timestep 7, input to next step: ----------------------------------------------------------------------------------------------------
[2026-04-19 22:31:06,796][rfdiffusion.inference.model_runners][INFO] - Timestep 6, input to next step: ----------------------------------------------------------------------------------------------------
[2026-04-19 22:31:08,216][rfdiffusion.inference.model_runners][INFO] - Timestep 5, input to next step: ----------------------------------------------------------------------------------------------------
[2026-04-19 22:31:09,559][rfdiffusion.inference.model_runners][INFO] - Timestep 4, input to next step: ----------------------------------------------------------------------------------------------------
[2026-04-19 22:31:10,987][rfdiffusion.inference.model_runners][INFO] - Timestep 3, input to next step: ----------------------------------------------------------------------------------------------------
[2026-04-19 22:31:12,391][rfdiffusion.inference.model_runners][INFO] - Timestep 2, input to next step: ----------------------------------------------------------------------------------------------------
[2026-04-19 22:31:15,334][__main__][INFO] - Finished design in 1.19 minutes
[2026-04-19 22:31:15,335][__main__][INFO] - Making design /home/manvi/Team_8_CS598GBL/Assignment/Generate_designs/default/len_100/design_4
[2026-04-19 22:31:15,339][rfdiffusion.inference.model_runners][INFO] - Using contig: ['100-100']
[2026-04-19 22:31:15,355][rfdiffusion.inference.model_runners][INFO] - Sequence init: ----------------------------------------------------------------------------------------------------
[2026-04-19 22:31:16,555][rfdiffusion.inference.model_runners][INFO] - Timestep 50, input to next step: ----------------------------------------------------------------------------------------------------
[2026-04-19 22:31:17,947][rfdiffusion.inference.model_runners][INFO] - Timestep 49, input to next step: ----------------------------------------------------------------------------------------------------
[2026-04-19 22:31:19,360][rfdiffusion.inference.model_runners][INFO] - Timestep 48, input to next step: ----------------------------------------------------------------------------------------------------
[2026-04-19 22:31:20,760][rfdiffusion.inference.model_runners][INFO] - Timestep 47, input to next step: ----------------------------------------------------------------------------------------------------
[2026-04-19 22:31:22,200][rfdiffusion.inference.model_runners][INFO] - Timestep 46, input to next step: ----------------------------------------------------------------------------------------------------
[2026-04-19 22:31:23,664][rfdiffusion.inference.model_runners][INFO] - Timestep 45, input to next step: ----------------------------------------------------------------------------------------------------
[2026-04-19 22:31:25,154][rfdiffusion.inference.model_runners][INFO] - Timestep 44, input to next step: ----------------------------------------------------------------------------------------------------
[2026-04-19 22:31:26,571][rfdiffusion.inference.model_runners][INFO] - Timestep 43, input to next step: ----------------------------------------------------------------------------------------------------
[2026-04-19 22:31:27,934][rfdiffusion.inference.model_runners][INFO] - Timestep 42, input to next step: ----------------------------------------------------------------------------------------------------
[2026-04-19 22:31:29,324][rfdiffusion.inference.model_runners][INFO] - Timestep 41, input to next step: ----------------------------------------------------------------------------------------------------
[2026-04-19 22:31:30,691][rfdiffusion.inference.model_runners][INFO] - Timestep 40, input to next step: ----------------------------------------------------------------------------------------------------
[2026-04-19 22:31:32,059][rfdiffusion.inference.model_runners][INFO] - Timestep 39, input to next step: ----------------------------------------------------------------------------------------------------
[2026-04-19 22:31:33,524][rfdiffusion.inference.model_runners][INFO] - Timestep 38, input to next step: ----------------------------------------------------------------------------------------------------
[2026-04-19 22:31:34,873][rfdiffusion.inference.model_runners][INFO] - Timestep 37, input to next step: ----------------------------------------------------------------------------------------------------
[2026-04-19 22:31:36,277][rfdiffusion.inference.model_runners][INFO] - Timestep 36, input to next step: ----------------------------------------------------------------------------------------------------
[2026-04-19 22:31:37,631][rfdiffusion.inference.model_runners][INFO] - Timestep 35, input to next step: ----------------------------------------------------------------------------------------------------
[2026-04-19 22:31:39,109][rfdiffusion.inference.model_runners][INFO] - Timestep 34, input to next step: ----------------------------------------------------------------------------------------------------
[2026-04-19 22:31:40,536][rfdiffusion.inference.model_runners][INFO] - Timestep 33, input to next step: ----------------------------------------------------------------------------------------------------
[2026-04-19 22:31:41,917][rfdiffusion.inference.model_runners][INFO] - Timestep 32, input to next step: ----------------------------------------------------------------------------------------------------
[2026-04-19 22:31:43,360][rfdiffusion.inference.model_runners][INFO] - Timestep 31, input to next step: ----------------------------------------------------------------------------------------------------
[2026-04-19 22:31:44,767][rfdiffusion.inference.model_runners][INFO] - Timestep 30, input to next step: ----------------------------------------------------------------------------------------------------
[2026-04-19 22:31:46,235][rfdiffusion.inference.model_runners][INFO] - Timestep 29, input to next step: ----------------------------------------------------------------------------------------------------
[2026-04-19 22:31:47,680][rfdiffusion.inference.model_runners][INFO] - Timestep 28, input to next step: ----------------------------------------------------------------------------------------------------
[2026-04-19 22:31:49,095][rfdiffusion.inference.model_runners][INFO] - Timestep 27, input to next step: ----------------------------------------------------------------------------------------------------
[2026-04-19 22:31:50,496][rfdiffusion.inference.model_runners][INFO] - Timestep 26, input to next step: ----------------------------------------------------------------------------------------------------
[2026-04-19 22:31:51,862][rfdiffusion.inference.model_runners][INFO] - Timestep 25, input to next step: ----------------------------------------------------------------------------------------------------
[2026-04-19 22:31:53,302][rfdiffusion.inference.model_runners][INFO] - Timestep 24, input to next step: ----------------------------------------------------------------------------------------------------
[2026-04-19 22:31:54,780][rfdiffusion.inference.model_runners][INFO] - Timestep 23, input to next step: ----------------------------------------------------------------------------------------------------
[2026-04-19 22:31:56,399][rfdiffusion.inference.model_runners][INFO] - Timestep 22, input to next step: ----------------------------------------------------------------------------------------------------
[2026-04-19 22:31:57,816][rfdiffusion.inference.model_runners][INFO] - Timestep 21, input to next step: ----------------------------------------------------------------------------------------------------
[2026-04-19 22:31:59,257][rfdiffusion.inference.model_runners][INFO] - Timestep 20, input to next step: ----------------------------------------------------------------------------------------------------
[2026-04-19 22:32:00,671][rfdiffusion.inference.model_runners][INFO] - Timestep 19, input to next step: ----------------------------------------------------------------------------------------------------
[2026-04-19 22:32:02,085][rfdiffusion.inference.model_runners][INFO] - Timestep 18, input to next step: ----------------------------------------------------------------------------------------------------
[2026-04-19 22:32:03,614][rfdiffusion.inference.model_runners][INFO] - Timestep 17, input to next step: ----------------------------------------------------------------------------------------------------
[2026-04-19 22:32:05,053][rfdiffusion.inference.model_runners][INFO] - Timestep 16, input to next step: ----------------------------------------------------------------------------------------------------
[2026-04-19 22:32:06,453][rfdiffusion.inference.model_runners][INFO] - Timestep 15, input to next step: ----------------------------------------------------------------------------------------------------
[2026-04-19 22:32:07,813][rfdiffusion.inference.model_runners][INFO] - Timestep 14, input to next step: ----------------------------------------------------------------------------------------------------
[2026-04-19 22:32:09,173][rfdiffusion.inference.model_runners][INFO] - Timestep 13, input to next step: ----------------------------------------------------------------------------------------------------
[2026-04-19 22:32:10,559][rfdiffusion.inference.model_runners][INFO] - Timestep 12, input to next step: ----------------------------------------------------------------------------------------------------
[2026-04-19 22:32:11,945][rfdiffusion.inference.model_runners][INFO] - Timestep 11, input to next step: ----------------------------------------------------------------------------------------------------
[2026-04-19 22:32:13,384][rfdiffusion.inference.model_runners][INFO] - Timestep 10, input to next step: ----------------------------------------------------------------------------------------------------
[2026-04-19 22:32:14,730][rfdiffusion.inference.model_runners][INFO] - Timestep 9, input to next step: ----------------------------------------------------------------------------------------------------
[2026-04-19 22:32:16,079][rfdiffusion.inference.model_runners][INFO] - Timestep 8, input to next step: ----------------------------------------------------------------------------------------------------
[2026-04-19 22:32:17,457][rfdiffusion.inference.model_runners][INFO] - Timestep 7, input to next step: ----------------------------------------------------------------------------------------------------
[2026-04-19 22:32:18,925][rfdiffusion.inference.model_runners][INFO] - Timestep 6, input to next step: ----------------------------------------------------------------------------------------------------
[2026-04-19 22:32:20,315][rfdiffusion.inference.model_runners][INFO] - Timestep 5, input to next step: ----------------------------------------------------------------------------------------------------
[2026-04-19 22:32:21,709][rfdiffusion.inference.model_runners][INFO] - Timestep 4, input to next step: ----------------------------------------------------------------------------------------------------
[2026-04-19 22:32:23,087][rfdiffusion.inference.model_runners][INFO] - Timestep 3, input to next step: ----------------------------------------------------------------------------------------------------
[2026-04-19 22:32:24,624][rfdiffusion.inference.model_runners][INFO] - Timestep 2, input to next step: ----------------------------------------------------------------------------------------------------
[2026-04-19 22:32:27,393][__main__][INFO] - Finished design in 1.20 minutes
[2026-04-19 22:32:27,394][__main__][INFO] - Making design /home/manvi/Team_8_CS598GBL/Assignment/Generate_designs/default/len_100/design_5
[2026-04-19 22:32:27,397][rfdiffusion.inference.model_runners][INFO] - Using contig: ['100-100']
[2026-04-19 22:32:27,415][rfdiffusion.inference.model_runners][INFO] - Sequence init: ----------------------------------------------------------------------------------------------------
[2026-04-19 22:32:28,592][rfdiffusion.inference.model_runners][INFO] - Timestep 50, input to next step: ----------------------------------------------------------------------------------------------------
[2026-04-19 22:32:29,932][rfdiffusion.inference.model_runners][INFO] - Timestep 49, input to next step: ----------------------------------------------------------------------------------------------------
[2026-04-19 22:32:31,343][rfdiffusion.inference.model_runners][INFO] - Timestep 48, input to next step: ----------------------------------------------------------------------------------------------------
[2026-04-19 22:32:32,744][rfdiffusion.inference.model_runners][INFO] - Timestep 47, input to next step: ----------------------------------------------------------------------------------------------------
[2026-04-19 22:32:34,192][rfdiffusion.inference.model_runners][INFO] - Timestep 46, input to next step: ----------------------------------------------------------------------------------------------------
[2026-04-19 22:32:35,656][rfdiffusion.inference.model_runners][INFO] - Timestep 45, input to next step: ----------------------------------------------------------------------------------------------------
[2026-04-19 22:32:37,060][rfdiffusion.inference.model_runners][INFO] - Timestep 44, input to next step: ----------------------------------------------------------------------------------------------------
[2026-04-19 22:32:38,441][rfdiffusion.inference.model_runners][INFO] - Timestep 43, input to next step: ----------------------------------------------------------------------------------------------------
[2026-04-19 22:32:39,857][rfdiffusion.inference.model_runners][INFO] - Timestep 42, input to next step: ----------------------------------------------------------------------------------------------------
[2026-04-19 22:32:41,307][rfdiffusion.inference.model_runners][INFO] - Timestep 41, input to next step: ----------------------------------------------------------------------------------------------------
[2026-04-19 22:32:42,695][rfdiffusion.inference.model_runners][INFO] - Timestep 40, input to next step: ----------------------------------------------------------------------------------------------------
[2026-04-19 22:32:44,119][rfdiffusion.inference.model_runners][INFO] - Timestep 39, input to next step: ----------------------------------------------------------------------------------------------------
[2026-04-19 22:32:45,517][rfdiffusion.inference.model_runners][INFO] - Timestep 38, input to next step: ----------------------------------------------------------------------------------------------------
[2026-04-19 22:32:46,993][rfdiffusion.inference.model_runners][INFO] - Timestep 37, input to next step: ----------------------------------------------------------------------------------------------------
[2026-04-19 22:32:48,375][rfdiffusion.inference.model_runners][INFO] - Timestep 36, input to next step: ----------------------------------------------------------------------------------------------------
[2026-04-19 22:32:49,849][rfdiffusion.inference.model_runners][INFO] - Timestep 35, input to next step: ----------------------------------------------------------------------------------------------------
[2026-04-19 22:32:51,261][rfdiffusion.inference.model_runners][INFO] - Timestep 34, input to next step: ----------------------------------------------------------------------------------------------------
[2026-04-19 22:32:52,524][rfdiffusion.inference.model_runners][INFO] - Timestep 33, input to next step: ----------------------------------------------------------------------------------------------------
[2026-04-19 22:32:53,856][rfdiffusion.inference.model_runners][INFO] - Timestep 32, input to next step: ----------------------------------------------------------------------------------------------------
[2026-04-19 22:32:55,316][rfdiffusion.inference.model_runners][INFO] - Timestep 31, input to next step: ----------------------------------------------------------------------------------------------------
[2026-04-19 22:32:56,763][rfdiffusion.inference.model_runners][INFO] - Timestep 30, input to next step: ----------------------------------------------------------------------------------------------------
[2026-04-19 22:32:58,193][rfdiffusion.inference.model_runners][INFO] - Timestep 29, input to next step: ----------------------------------------------------------------------------------------------------
[2026-04-19 22:32:59,558][rfdiffusion.inference.model_runners][INFO] - Timestep 28, input to next step: ----------------------------------------------------------------------------------------------------
[2026-04-19 22:33:01,045][rfdiffusion.inference.model_runners][INFO] - Timestep 27, input to next step: ----------------------------------------------------------------------------------------------------
[2026-04-19 22:33:02,449][rfdiffusion.inference.model_runners][INFO] - Timestep 26, input to next step: ----------------------------------------------------------------------------------------------------
[2026-04-19 22:33:03,872][rfdiffusion.inference.model_runners][INFO] - Timestep 25, input to next step: ----------------------------------------------------------------------------------------------------
[2026-04-19 22:33:05,332][rfdiffusion.inference.model_runners][INFO] - Timestep 24, input to next step: ----------------------------------------------------------------------------------------------------
[2026-04-19 22:33:06,740][rfdiffusion.inference.model_runners][INFO] - Timestep 23, input to next step: ----------------------------------------------------------------------------------------------------
[2026-04-19 22:33:08,164][rfdiffusion.inference.model_runners][INFO] - Timestep 22, input to next step: ----------------------------------------------------------------------------------------------------
[2026-04-19 22:33:09,604][rfdiffusion.inference.model_runners][INFO] - Timestep 21, input to next step: ----------------------------------------------------------------------------------------------------
[2026-04-19 22:33:10,961][rfdiffusion.inference.model_runners][INFO] - Timestep 20, input to next step: ----------------------------------------------------------------------------------------------------
[2026-04-19 22:33:12,371][rfdiffusion.inference.model_runners][INFO] - Timestep 19, input to next step: ----------------------------------------------------------------------------------------------------
[2026-04-19 22:33:13,833][rfdiffusion.inference.model_runners][INFO] - Timestep 18, input to next step: ----------------------------------------------------------------------------------------------------
[2026-04-19 22:33:15,345][rfdiffusion.inference.model_runners][INFO] - Timestep 17, input to next step: ----------------------------------------------------------------------------------------------------
[2026-04-19 22:33:16,830][rfdiffusion.inference.model_runners][INFO] - Timestep 16, input to next step: ----------------------------------------------------------------------------------------------------
[2026-04-19 22:33:18,534][rfdiffusion.inference.model_runners][INFO] - Timestep 15, input to next step: ----------------------------------------------------------------------------------------------------
[2026-04-19 22:33:19,943][rfdiffusion.inference.model_runners][INFO] - Timestep 14, input to next step: ----------------------------------------------------------------------------------------------------
[2026-04-19 22:33:21,412][rfdiffusion.inference.model_runners][INFO] - Timestep 13, input to next step: ----------------------------------------------------------------------------------------------------
[2026-04-19 22:33:22,827][rfdiffusion.inference.model_runners][INFO] - Timestep 12, input to next step: ----------------------------------------------------------------------------------------------------
[2026-04-19 22:33:24,301][rfdiffusion.inference.model_runners][INFO] - Timestep 11, input to next step: ----------------------------------------------------------------------------------------------------
[2026-04-19 22:33:25,834][rfdiffusion.inference.model_runners][INFO] - Timestep 10, input to next step: ----------------------------------------------------------------------------------------------------
[2026-04-19 22:33:27,288][rfdiffusion.inference.model_runners][INFO] - Timestep 9, input to next step: ----------------------------------------------------------------------------------------------------
[2026-04-19 22:33:28,657][rfdiffusion.inference.model_runners][INFO] - Timestep 8, input to next step: ----------------------------------------------------------------------------------------------------
[2026-04-19 22:33:30,133][rfdiffusion.inference.model_runners][INFO] - Timestep 7, input to next step: ----------------------------------------------------------------------------------------------------
[2026-04-19 22:33:31,575][rfdiffusion.inference.model_runners][INFO] - Timestep 6, input to next step: ----------------------------------------------------------------------------------------------------
[2026-04-19 22:33:32,997][rfdiffusion.inference.model_runners][INFO] - Timestep 5, input to next step: ----------------------------------------------------------------------------------------------------
[2026-04-19 22:33:34,468][rfdiffusion.inference.model_runners][INFO] - Timestep 4, input to next step: ----------------------------------------------------------------------------------------------------
[2026-04-19 22:33:35,884][rfdiffusion.inference.model_runners][INFO] - Timestep 3, input to next step: ----------------------------------------------------------------------------------------------------
[2026-04-19 22:33:37,261][rfdiffusion.inference.model_runners][INFO] - Timestep 2, input to next step: ----------------------------------------------------------------------------------------------------
[2026-04-19 22:33:40,106][__main__][INFO] - Finished design in 1.21 minutes
[2026-04-19 22:33:40,107][__main__][INFO] - Making design /home/manvi/Team_8_CS598GBL/Assignment/Generate_designs/default/len_100/design_6
[2026-04-19 22:33:40,110][rfdiffusion.inference.model_runners][INFO] - Using contig: ['100-100']
[2026-04-19 22:33:40,126][rfdiffusion.inference.model_runners][INFO] - Sequence init: ----------------------------------------------------------------------------------------------------
[2026-04-19 22:33:41,439][rfdiffusion.inference.model_runners][INFO] - Timestep 50, input to next step: ----------------------------------------------------------------------------------------------------
[2026-04-19 22:33:42,822][rfdiffusion.inference.model_runners][INFO] - Timestep 49, input to next step: ----------------------------------------------------------------------------------------------------
[2026-04-19 22:33:44,244][rfdiffusion.inference.model_runners][INFO] - Timestep 48, input to next step: ----------------------------------------------------------------------------------------------------
[2026-04-19 22:33:45,679][rfdiffusion.inference.model_runners][INFO] - Timestep 47, input to next step: ----------------------------------------------------------------------------------------------------
[2026-04-19 22:33:47,173][rfdiffusion.inference.model_runners][INFO] - Timestep 46, input to next step: ----------------------------------------------------------------------------------------------------
[2026-04-19 22:33:48,597][rfdiffusion.inference.model_runners][INFO] - Timestep 45, input to next step: ----------------------------------------------------------------------------------------------------
[2026-04-19 22:33:50,108][rfdiffusion.inference.model_runners][INFO] - Timestep 44, input to next step: ----------------------------------------------------------------------------------------------------
[2026-04-19 22:33:51,556][rfdiffusion.inference.model_runners][INFO] - Timestep 43, input to next step: ----------------------------------------------------------------------------------------------------
[2026-04-19 22:33:52,979][rfdiffusion.inference.model_runners][INFO] - Timestep 42, input to next step: ----------------------------------------------------------------------------------------------------
[2026-04-19 22:33:54,356][rfdiffusion.inference.model_runners][INFO] - Timestep 41, input to next step: ----------------------------------------------------------------------------------------------------
[2026-04-19 22:33:55,732][rfdiffusion.inference.model_runners][INFO] - Timestep 40, input to next step: ----------------------------------------------------------------------------------------------------
[2026-04-19 22:33:57,197][rfdiffusion.inference.model_runners][INFO] - Timestep 39, input to next step: ----------------------------------------------------------------------------------------------------
[2026-04-19 22:33:58,601][rfdiffusion.inference.model_runners][INFO] - Timestep 38, input to next step: ----------------------------------------------------------------------------------------------------
[2026-04-19 22:34:00,045][rfdiffusion.inference.model_runners][INFO] - Timestep 37, input to next step: ----------------------------------------------------------------------------------------------------
[2026-04-19 22:34:01,478][rfdiffusion.inference.model_runners][INFO] - Timestep 36, input to next step: ----------------------------------------------------------------------------------------------------
[2026-04-19 22:34:02,838][rfdiffusion.inference.model_runners][INFO] - Timestep 35, input to next step: ----------------------------------------------------------------------------------------------------
[2026-04-19 22:34:04,279][rfdiffusion.inference.model_runners][INFO] - Timestep 34, input to next step: ----------------------------------------------------------------------------------------------------
[2026-04-19 22:34:05,726][rfdiffusion.inference.model_runners][INFO] - Timestep 33, input to next step: ----------------------------------------------------------------------------------------------------
[2026-04-19 22:34:06,973][rfdiffusion.inference.model_runners][INFO] - Timestep 32, input to next step: ----------------------------------------------------------------------------------------------------
[2026-04-19 22:34:08,383][rfdiffusion.inference.model_runners][INFO] - Timestep 31, input to next step: ----------------------------------------------------------------------------------------------------
[2026-04-19 22:34:09,857][rfdiffusion.inference.model_runners][INFO] - Timestep 30, input to next step: ----------------------------------------------------------------------------------------------------
[2026-04-19 22:34:11,277][rfdiffusion.inference.model_runners][INFO] - Timestep 29, input to next step: ----------------------------------------------------------------------------------------------------
[2026-04-19 22:34:12,665][rfdiffusion.inference.model_runners][INFO] - Timestep 28, input to next step: ----------------------------------------------------------------------------------------------------
[2026-04-19 22:34:14,098][rfdiffusion.inference.model_runners][INFO] - Timestep 27, input to next step: ----------------------------------------------------------------------------------------------------
[2026-04-19 22:34:15,535][rfdiffusion.inference.model_runners][INFO] - Timestep 26, input to next step: ----------------------------------------------------------------------------------------------------
[2026-04-19 22:34:16,950][rfdiffusion.inference.model_runners][INFO] - Timestep 25, input to next step: ----------------------------------------------------------------------------------------------------
[2026-04-19 22:34:18,410][rfdiffusion.inference.model_runners][INFO] - Timestep 24, input to next step: ----------------------------------------------------------------------------------------------------
[2026-04-19 22:34:19,894][rfdiffusion.inference.model_runners][INFO] - Timestep 23, input to next step: ----------------------------------------------------------------------------------------------------
[2026-04-19 22:34:21,332][rfdiffusion.inference.model_runners][INFO] - Timestep 22, input to next step: ----------------------------------------------------------------------------------------------------
[2026-04-19 22:34:22,751][rfdiffusion.inference.model_runners][INFO] - Timestep 21, input to next step: ----------------------------------------------------------------------------------------------------
[2026-04-19 22:34:24,185][rfdiffusion.inference.model_runners][INFO] - Timestep 20, input to next step: ----------------------------------------------------------------------------------------------------
[2026-04-19 22:34:25,568][rfdiffusion.inference.model_runners][INFO] - Timestep 19, input to next step: ----------------------------------------------------------------------------------------------------
[2026-04-19 22:34:27,042][rfdiffusion.inference.model_runners][INFO] - Timestep 18, input to next step: ----------------------------------------------------------------------------------------------------
[2026-04-19 22:34:28,441][rfdiffusion.inference.model_runners][INFO] - Timestep 17, input to next step: ----------------------------------------------------------------------------------------------------
[2026-04-19 22:34:29,808][rfdiffusion.inference.model_runners][INFO] - Timestep 16, input to next step: ----------------------------------------------------------------------------------------------------
[2026-04-19 22:34:31,182][rfdiffusion.inference.model_runners][INFO] - Timestep 15, input to next step: ----------------------------------------------------------------------------------------------------
[2026-04-19 22:34:32,595][rfdiffusion.inference.model_runners][INFO] - Timestep 14, input to next step: ----------------------------------------------------------------------------------------------------
[2026-04-19 22:34:34,006][rfdiffusion.inference.model_runners][INFO] - Timestep 13, input to next step: ----------------------------------------------------------------------------------------------------
[2026-04-19 22:34:35,387][rfdiffusion.inference.model_runners][INFO] - Timestep 12, input to next step: ----------------------------------------------------------------------------------------------------
[2026-04-19 22:34:36,800][rfdiffusion.inference.model_runners][INFO] - Timestep 11, input to next step: ----------------------------------------------------------------------------------------------------
[2026-04-19 22:34:38,191][rfdiffusion.inference.model_runners][INFO] - Timestep 10, input to next step: ----------------------------------------------------------------------------------------------------
[2026-04-19 22:34:39,610][rfdiffusion.inference.model_runners][INFO] - Timestep 9, input to next step: ----------------------------------------------------------------------------------------------------
[2026-04-19 22:34:41,012][rfdiffusion.inference.model_runners][INFO] - Timestep 8, input to next step: ----------------------------------------------------------------------------------------------------
[2026-04-19 22:34:42,352][rfdiffusion.inference.model_runners][INFO] - Timestep 7, input to next step: ----------------------------------------------------------------------------------------------------
[2026-04-19 22:34:43,790][rfdiffusion.inference.model_runners][INFO] - Timestep 6, input to next step: ----------------------------------------------------------------------------------------------------
[2026-04-19 22:34:45,248][rfdiffusion.inference.model_runners][INFO] - Timestep 5, input to next step: ----------------------------------------------------------------------------------------------------
[2026-04-19 22:34:46,715][rfdiffusion.inference.model_runners][INFO] - Timestep 4, input to next step: ----------------------------------------------------------------------------------------------------
[2026-04-19 22:34:48,136][rfdiffusion.inference.model_runners][INFO] - Timestep 3, input to next step: ----------------------------------------------------------------------------------------------------
[2026-04-19 22:34:49,510][rfdiffusion.inference.model_runners][INFO] - Timestep 2, input to next step: ----------------------------------------------------------------------------------------------------
[2026-04-19 22:34:52,427][__main__][INFO] - Finished design in 1.21 minutes
[2026-04-19 22:34:52,427][__main__][INFO] - Making design /home/manvi/Team_8_CS598GBL/Assignment/Generate_designs/default/len_100/design_7
[2026-04-19 22:34:52,431][rfdiffusion.inference.model_runners][INFO] - Using contig: ['100-100']
[2026-04-19 22:34:52,450][rfdiffusion.inference.model_runners][INFO] - Sequence init: ----------------------------------------------------------------------------------------------------
[2026-04-19 22:34:53,702][rfdiffusion.inference.model_runners][INFO] - Timestep 50, input to next step: ----------------------------------------------------------------------------------------------------
[2026-04-19 22:34:55,078][rfdiffusion.inference.model_runners][INFO] - Timestep 49, input to next step: ----------------------------------------------------------------------------------------------------
[2026-04-19 22:34:56,478][rfdiffusion.inference.model_runners][INFO] - Timestep 48, input to next step: ----------------------------------------------------------------------------------------------------
[2026-04-19 22:34:57,902][rfdiffusion.inference.model_runners][INFO] - Timestep 47, input to next step: ----------------------------------------------------------------------------------------------------
[2026-04-19 22:34:59,346][rfdiffusion.inference.model_runners][INFO] - Timestep 46, input to next step: ----------------------------------------------------------------------------------------------------
[2026-04-19 22:35:00,737][rfdiffusion.inference.model_runners][INFO] - Timestep 45, input to next step: ----------------------------------------------------------------------------------------------------
[2026-04-19 22:35:02,163][rfdiffusion.inference.model_runners][INFO] - Timestep 44, input to next step: ----------------------------------------------------------------------------------------------------
[2026-04-19 22:35:03,641][rfdiffusion.inference.model_runners][INFO] - Timestep 43, input to next step: ----------------------------------------------------------------------------------------------------
[2026-04-19 22:35:05,055][rfdiffusion.inference.model_runners][INFO] - Timestep 42, input to next step: ----------------------------------------------------------------------------------------------------
[2026-04-19 22:35:06,471][rfdiffusion.inference.model_runners][INFO] - Timestep 41, input to next step: ----------------------------------------------------------------------------------------------------
[2026-04-19 22:35:07,887][rfdiffusion.inference.model_runners][INFO] - Timestep 40, input to next step: ----------------------------------------------------------------------------------------------------
[2026-04-19 22:35:09,271][rfdiffusion.inference.model_runners][INFO] - Timestep 39, input to next step: ----------------------------------------------------------------------------------------------------
[2026-04-19 22:35:10,669][rfdiffusion.inference.model_runners][INFO] - Timestep 38, input to next step: ----------------------------------------------------------------------------------------------------
[2026-04-19 22:35:12,060][rfdiffusion.inference.model_runners][INFO] - Timestep 37, input to next step: ----------------------------------------------------------------------------------------------------
[2026-04-19 22:35:13,467][rfdiffusion.inference.model_runners][INFO] - Timestep 36, input to next step: ----------------------------------------------------------------------------------------------------
[2026-04-19 22:35:14,923][rfdiffusion.inference.model_runners][INFO] - Timestep 35, input to next step: ----------------------------------------------------------------------------------------------------
[2026-04-19 22:35:16,376][rfdiffusion.inference.model_runners][INFO] - Timestep 34, input to next step: ----------------------------------------------------------------------------------------------------
[2026-04-19 22:35:17,787][rfdiffusion.inference.model_runners][INFO] - Timestep 33, input to next step: ----------------------------------------------------------------------------------------------------
[2026-04-19 22:35:19,198][rfdiffusion.inference.model_runners][INFO] - Timestep 32, input to next step: ----------------------------------------------------------------------------------------------------
[2026-04-19 22:35:20,617][rfdiffusion.inference.model_runners][INFO] - Timestep 31, input to next step: ----------------------------------------------------------------------------------------------------
[2026-04-19 22:35:22,138][rfdiffusion.inference.model_runners][INFO] - Timestep 30, input to next step: ----------------------------------------------------------------------------------------------------
[2026-04-19 22:35:23,531][rfdiffusion.inference.model_runners][INFO] - Timestep 29, input to next step: ----------------------------------------------------------------------------------------------------
[2026-04-19 22:35:25,021][rfdiffusion.inference.model_runners][INFO] - Timestep 28, input to next step: ----------------------------------------------------------------------------------------------------
[2026-04-19 22:35:26,419][rfdiffusion.inference.model_runners][INFO] - Timestep 27, input to next step: ----------------------------------------------------------------------------------------------------
[2026-04-19 22:35:27,888][rfdiffusion.inference.model_runners][INFO] - Timestep 26, input to next step: ----------------------------------------------------------------------------------------------------
[2026-04-19 22:35:29,294][rfdiffusion.inference.model_runners][INFO] - Timestep 25, input to next step: ----------------------------------------------------------------------------------------------------
[2026-04-19 22:35:30,676][rfdiffusion.inference.model_runners][INFO] - Timestep 24, input to next step: ----------------------------------------------------------------------------------------------------
[2026-04-19 22:35:32,264][rfdiffusion.inference.model_runners][INFO] - Timestep 23, input to next step: ----------------------------------------------------------------------------------------------------
[2026-04-19 22:35:34,088][rfdiffusion.inference.model_runners][INFO] - Timestep 22, input to next step: ----------------------------------------------------------------------------------------------------
[2026-04-19 22:35:35,473][rfdiffusion.inference.model_runners][INFO] - Timestep 21, input to next step: ----------------------------------------------------------------------------------------------------
[2026-04-19 22:35:36,907][rfdiffusion.inference.model_runners][INFO] - Timestep 20, input to next step: ----------------------------------------------------------------------------------------------------
[2026-04-19 22:35:38,410][rfdiffusion.inference.model_runners][INFO] - Timestep 19, input to next step: ----------------------------------------------------------------------------------------------------
[2026-04-19 22:35:39,824][rfdiffusion.inference.model_runners][INFO] - Timestep 18, input to next step: ----------------------------------------------------------------------------------------------------
[2026-04-19 22:35:41,260][rfdiffusion.inference.model_runners][INFO] - Timestep 17, input to next step: ----------------------------------------------------------------------------------------------------
[2026-04-19 22:35:42,660][rfdiffusion.inference.model_runners][INFO] - Timestep 16, input to next step: ----------------------------------------------------------------------------------------------------
[2026-04-19 22:35:44,190][rfdiffusion.inference.model_runners][INFO] - Timestep 15, input to next step: ----------------------------------------------------------------------------------------------------
[2026-04-19 22:35:45,641][rfdiffusion.inference.model_runners][INFO] - Timestep 14, input to next step: ----------------------------------------------------------------------------------------------------
[2026-04-19 22:35:47,076][rfdiffusion.inference.model_runners][INFO] - Timestep 13, input to next step: ----------------------------------------------------------------------------------------------------
[2026-04-19 22:35:48,477][rfdiffusion.inference.model_runners][INFO] - Timestep 12, input to next step: ----------------------------------------------------------------------------------------------------
[2026-04-19 22:35:49,961][rfdiffusion.inference.model_runners][INFO] - Timestep 11, input to next step: ----------------------------------------------------------------------------------------------------
[2026-04-19 22:35:51,354][rfdiffusion.inference.model_runners][INFO] - Timestep 10, input to next step: ----------------------------------------------------------------------------------------------------
[2026-04-19 22:35:52,712][rfdiffusion.inference.model_runners][INFO] - Timestep 9, input to next step: ----------------------------------------------------------------------------------------------------
[2026-04-19 22:35:54,206][rfdiffusion.inference.model_runners][INFO] - Timestep 8, input to next step: ----------------------------------------------------------------------------------------------------
[2026-04-19 22:35:55,571][rfdiffusion.inference.model_runners][INFO] - Timestep 7, input to next step: ----------------------------------------------------------------------------------------------------
[2026-04-19 22:35:56,995][rfdiffusion.inference.model_runners][INFO] - Timestep 6, input to next step: ----------------------------------------------------------------------------------------------------
[2026-04-19 22:35:58,404][rfdiffusion.inference.model_runners][INFO] - Timestep 5, input to next step: ----------------------------------------------------------------------------------------------------
[2026-04-19 22:35:59,790][rfdiffusion.inference.model_runners][INFO] - Timestep 4, input to next step: ----------------------------------------------------------------------------------------------------
[2026-04-19 22:36:01,284][rfdiffusion.inference.model_runners][INFO] - Timestep 3, input to next step: ----------------------------------------------------------------------------------------------------
[2026-04-19 22:36:02,644][rfdiffusion.inference.model_runners][INFO] - Timestep 2, input to next step: ----------------------------------------------------------------------------------------------------
[2026-04-19 22:36:05,491][__main__][INFO] - Finished design in 1.22 minutes
[2026-04-19 22:36:05,491][__main__][INFO] - Making design /home/manvi/Team_8_CS598GBL/Assignment/Generate_designs/default/len_100/design_8
[2026-04-19 22:36:05,495][rfdiffusion.inference.model_runners][INFO] - Using contig: ['100-100']
[2026-04-19 22:36:05,515][rfdiffusion.inference.model_runners][INFO] - Sequence init: ----------------------------------------------------------------------------------------------------
[2026-04-19 22:36:06,689][rfdiffusion.inference.model_runners][INFO] - Timestep 50, input to next step: ----------------------------------------------------------------------------------------------------
[2026-04-19 22:36:08,062][rfdiffusion.inference.model_runners][INFO] - Timestep 49, input to next step: ----------------------------------------------------------------------------------------------------
[2026-04-19 22:36:09,480][rfdiffusion.inference.model_runners][INFO] - Timestep 48, input to next step: ----------------------------------------------------------------------------------------------------
[2026-04-19 22:36:10,913][rfdiffusion.inference.model_runners][INFO] - Timestep 47, input to next step: ----------------------------------------------------------------------------------------------------
[2026-04-19 22:36:12,435][rfdiffusion.inference.model_runners][INFO] - Timestep 46, input to next step: ----------------------------------------------------------------------------------------------------
[2026-04-19 22:36:13,742][rfdiffusion.inference.model_runners][INFO] - Timestep 45, input to next step: ----------------------------------------------------------------------------------------------------
[2026-04-19 22:36:15,503][rfdiffusion.inference.model_runners][INFO] - Timestep 44, input to next step: ----------------------------------------------------------------------------------------------------
[2026-04-19 22:36:16,881][rfdiffusion.inference.model_runners][INFO] - Timestep 43, input to next step: ----------------------------------------------------------------------------------------------------
[2026-04-19 22:36:18,391][rfdiffusion.inference.model_runners][INFO] - Timestep 42, input to next step: ----------------------------------------------------------------------------------------------------
[2026-04-19 22:36:19,850][rfdiffusion.inference.model_runners][INFO] - Timestep 41, input to next step: ----------------------------------------------------------------------------------------------------
[2026-04-19 22:36:21,413][rfdiffusion.inference.model_runners][INFO] - Timestep 40, input to next step: ----------------------------------------------------------------------------------------------------
[2026-04-19 22:36:22,922][rfdiffusion.inference.model_runners][INFO] - Timestep 39, input to next step: ----------------------------------------------------------------------------------------------------
[2026-04-19 22:36:24,366][rfdiffusion.inference.model_runners][INFO] - Timestep 38, input to next step: ----------------------------------------------------------------------------------------------------
[2026-04-19 22:36:25,835][rfdiffusion.inference.model_runners][INFO] - Timestep 37, input to next step: ----------------------------------------------------------------------------------------------------
[2026-04-19 22:36:27,309][rfdiffusion.inference.model_runners][INFO] - Timestep 36, input to next step: ----------------------------------------------------------------------------------------------------
[2026-04-19 22:36:28,724][rfdiffusion.inference.model_runners][INFO] - Timestep 35, input to next step: ----------------------------------------------------------------------------------------------------
[2026-04-19 22:36:30,177][rfdiffusion.inference.model_runners][INFO] - Timestep 34, input to next step: ----------------------------------------------------------------------------------------------------
[2026-04-19 22:36:31,590][rfdiffusion.inference.model_runners][INFO] - Timestep 33, input to next step: ----------------------------------------------------------------------------------------------------
[2026-04-19 22:36:32,999][rfdiffusion.inference.model_runners][INFO] - Timestep 32, input to next step: ----------------------------------------------------------------------------------------------------
[2026-04-19 22:36:34,419][rfdiffusion.inference.model_runners][INFO] - Timestep 31, input to next step: ----------------------------------------------------------------------------------------------------
[2026-04-19 22:36:36,004][rfdiffusion.inference.model_runners][INFO] - Timestep 30, input to next step: ----------------------------------------------------------------------------------------------------
[2026-04-19 22:36:37,428][rfdiffusion.inference.model_runners][INFO] - Timestep 29, input to next step: ----------------------------------------------------------------------------------------------------
[2026-04-19 22:36:38,882][rfdiffusion.inference.model_runners][INFO] - Timestep 28, input to next step: ----------------------------------------------------------------------------------------------------
[2026-04-19 22:36:40,345][rfdiffusion.inference.model_runners][INFO] - Timestep 27, input to next step: ----------------------------------------------------------------------------------------------------
[2026-04-19 22:36:41,742][rfdiffusion.inference.model_runners][INFO] - Timestep 26, input to next step: ----------------------------------------------------------------------------------------------------
[2026-04-19 22:36:43,131][rfdiffusion.inference.model_runners][INFO] - Timestep 25, input to next step: ----------------------------------------------------------------------------------------------------
[2026-04-19 22:36:44,538][rfdiffusion.inference.model_runners][INFO] - Timestep 24, input to next step: ----------------------------------------------------------------------------------------------------
[2026-04-19 22:36:46,052][rfdiffusion.inference.model_runners][INFO] - Timestep 23, input to next step: ----------------------------------------------------------------------------------------------------
[2026-04-19 22:36:47,501][rfdiffusion.inference.model_runners][INFO] - Timestep 22, input to next step: ----------------------------------------------------------------------------------------------------
[2026-04-19 22:36:48,886][rfdiffusion.inference.model_runners][INFO] - Timestep 21, input to next step: ----------------------------------------------------------------------------------------------------
[2026-04-19 22:36:50,409][rfdiffusion.inference.model_runners][INFO] - Timestep 20, input to next step: ----------------------------------------------------------------------------------------------------
[2026-04-19 22:36:51,929][rfdiffusion.inference.model_runners][INFO] - Timestep 19, input to next step: ----------------------------------------------------------------------------------------------------
[2026-04-19 22:36:53,373][rfdiffusion.inference.model_runners][INFO] - Timestep 18, input to next step: ----------------------------------------------------------------------------------------------------
[2026-04-19 22:36:54,782][rfdiffusion.inference.model_runners][INFO] - Timestep 17, input to next step: ----------------------------------------------------------------------------------------------------
[2026-04-19 22:36:56,296][rfdiffusion.inference.model_runners][INFO] - Timestep 16, input to next step: ----------------------------------------------------------------------------------------------------
[2026-04-19 22:36:57,780][rfdiffusion.inference.model_runners][INFO] - Timestep 15, input to next step: ----------------------------------------------------------------------------------------------------
[2026-04-19 22:36:59,176][rfdiffusion.inference.model_runners][INFO] - Timestep 14, input to next step: ----------------------------------------------------------------------------------------------------
[2026-04-19 22:37:00,545][rfdiffusion.inference.model_runners][INFO] - Timestep 13, input to next step: ----------------------------------------------------------------------------------------------------
[2026-04-19 22:37:01,986][rfdiffusion.inference.model_runners][INFO] - Timestep 12, input to next step: ----------------------------------------------------------------------------------------------------
[2026-04-19 22:37:03,395][rfdiffusion.inference.model_runners][INFO] - Timestep 11, input to next step: ----------------------------------------------------------------------------------------------------
[2026-04-19 22:37:04,837][rfdiffusion.inference.model_runners][INFO] - Timestep 10, input to next step: ----------------------------------------------------------------------------------------------------
[2026-04-19 22:37:06,281][rfdiffusion.inference.model_runners][INFO] - Timestep 9, input to next step: ----------------------------------------------------------------------------------------------------
[2026-04-19 22:37:07,704][rfdiffusion.inference.model_runners][INFO] - Timestep 8, input to next step: ----------------------------------------------------------------------------------------------------
[2026-04-19 22:37:09,093][rfdiffusion.inference.model_runners][INFO] - Timestep 7, input to next step: ----------------------------------------------------------------------------------------------------
[2026-04-19 22:37:10,465][rfdiffusion.inference.model_runners][INFO] - Timestep 6, input to next step: ----------------------------------------------------------------------------------------------------
[2026-04-19 22:37:11,902][rfdiffusion.inference.model_runners][INFO] - Timestep 5, input to next step: ----------------------------------------------------------------------------------------------------
[2026-04-19 22:37:13,391][rfdiffusion.inference.model_runners][INFO] - Timestep 4, input to next step: ----------------------------------------------------------------------------------------------------
[2026-04-19 22:37:14,803][rfdiffusion.inference.model_runners][INFO] - Timestep 3, input to next step: ----------------------------------------------------------------------------------------------------
[2026-04-19 22:37:16,325][rfdiffusion.inference.model_runners][INFO] - Timestep 2, input to next step: ----------------------------------------------------------------------------------------------------
[2026-04-19 22:37:19,149][__main__][INFO] - Finished design in 1.23 minutes
[2026-04-19 22:37:19,150][__main__][INFO] - Making design /home/manvi/Team_8_CS598GBL/Assignment/Generate_designs/default/len_100/design_9
[2026-04-19 22:37:19,153][rfdiffusion.inference.model_runners][INFO] - Using contig: ['100-100']
[2026-04-19 22:37:19,168][rfdiffusion.inference.model_runners][INFO] - Sequence init: ----------------------------------------------------------------------------------------------------
[2026-04-19 22:37:20,384][rfdiffusion.inference.model_runners][INFO] - Timestep 50, input to next step: ----------------------------------------------------------------------------------------------------
[2026-04-19 22:37:21,838][rfdiffusion.inference.model_runners][INFO] - Timestep 49, input to next step: ----------------------------------------------------------------------------------------------------
[2026-04-19 22:37:23,256][rfdiffusion.inference.model_runners][INFO] - Timestep 48, input to next step: ----------------------------------------------------------------------------------------------------
[2026-04-19 22:37:24,661][rfdiffusion.inference.model_runners][INFO] - Timestep 47, input to next step: ----------------------------------------------------------------------------------------------------
[2026-04-19 22:37:27,416][rfdiffusion.inference.model_runners][INFO] - Timestep 46, input to next step: ----------------------------------------------------------------------------------------------------
[2026-04-19 22:37:28,916][rfdiffusion.inference.model_runners][INFO] - Timestep 45, input to next step: ----------------------------------------------------------------------------------------------------
[2026-04-19 22:37:30,268][rfdiffusion.inference.model_runners][INFO] - Timestep 44, input to next step: ----------------------------------------------------------------------------------------------------
[2026-04-19 22:37:31,720][rfdiffusion.inference.model_runners][INFO] - Timestep 43, input to next step: ----------------------------------------------------------------------------------------------------
[2026-04-19 22:37:33,322][rfdiffusion.inference.model_runners][INFO] - Timestep 42, input to next step: ----------------------------------------------------------------------------------------------------
[2026-04-19 22:37:34,839][rfdiffusion.inference.model_runners][INFO] - Timestep 41, input to next step: ----------------------------------------------------------------------------------------------------
[2026-04-19 22:37:36,355][rfdiffusion.inference.model_runners][INFO] - Timestep 40, input to next step: ----------------------------------------------------------------------------------------------------
[2026-04-19 22:37:37,791][rfdiffusion.inference.model_runners][INFO] - Timestep 39, input to next step: ----------------------------------------------------------------------------------------------------
[2026-04-19 22:37:39,099][rfdiffusion.inference.model_runners][INFO] - Timestep 38, input to next step: ----------------------------------------------------------------------------------------------------
[2026-04-19 22:37:40,494][rfdiffusion.inference.model_runners][INFO] - Timestep 37, input to next step: ----------------------------------------------------------------------------------------------------
[2026-04-19 22:37:41,869][rfdiffusion.inference.model_runners][INFO] - Timestep 36, input to next step: ----------------------------------------------------------------------------------------------------
[2026-04-19 22:37:43,247][rfdiffusion.inference.model_runners][INFO] - Timestep 35, input to next step: ----------------------------------------------------------------------------------------------------
[2026-04-19 22:37:44,649][rfdiffusion.inference.model_runners][INFO] - Timestep 34, input to next step: ----------------------------------------------------------------------------------------------------
[2026-04-19 22:37:46,086][rfdiffusion.inference.model_runners][INFO] - Timestep 33, input to next step: ----------------------------------------------------------------------------------------------------
[2026-04-19 22:37:47,530][rfdiffusion.inference.model_runners][INFO] - Timestep 32, input to next step: ----------------------------------------------------------------------------------------------------
[2026-04-19 22:37:49,059][rfdiffusion.inference.model_runners][INFO] - Timestep 31, input to next step: ----------------------------------------------------------------------------------------------------
[2026-04-19 22:37:50,450][rfdiffusion.inference.model_runners][INFO] - Timestep 30, input to next step: ----------------------------------------------------------------------------------------------------
[2026-04-19 22:37:51,860][rfdiffusion.inference.model_runners][INFO] - Timestep 29, input to next step: ----------------------------------------------------------------------------------------------------
[2026-04-19 22:37:53,333][rfdiffusion.inference.model_runners][INFO] - Timestep 28, input to next step: ----------------------------------------------------------------------------------------------------
[2026-04-19 22:37:54,728][rfdiffusion.inference.model_runners][INFO] - Timestep 27, input to next step: ----------------------------------------------------------------------------------------------------
[2026-04-19 22:37:56,201][rfdiffusion.inference.model_runners][INFO] - Timestep 26, input to next step: ----------------------------------------------------------------------------------------------------
[2026-04-19 22:37:57,648][rfdiffusion.inference.model_runners][INFO] - Timestep 25, input to next step: ----------------------------------------------------------------------------------------------------
[2026-04-19 22:37:59,218][rfdiffusion.inference.model_runners][INFO] - Timestep 24, input to next step: ----------------------------------------------------------------------------------------------------
[2026-04-19 22:38:00,643][rfdiffusion.inference.model_runners][INFO] - Timestep 23, input to next step: ----------------------------------------------------------------------------------------------------
[2026-04-19 22:38:02,053][rfdiffusion.inference.model_runners][INFO] - Timestep 22, input to next step: ----------------------------------------------------------------------------------------------------
[2026-04-19 22:38:03,521][rfdiffusion.inference.model_runners][INFO] - Timestep 21, input to next step: ----------------------------------------------------------------------------------------------------
[2026-04-19 22:38:04,923][rfdiffusion.inference.model_runners][INFO] - Timestep 20, input to next step: ----------------------------------------------------------------------------------------------------
[2026-04-19 22:38:06,305][rfdiffusion.inference.model_runners][INFO] - Timestep 19, input to next step: ----------------------------------------------------------------------------------------------------
[2026-04-19 22:38:07,654][rfdiffusion.inference.model_runners][INFO] - Timestep 18, input to next step: ----------------------------------------------------------------------------------------------------
[2026-04-19 22:38:09,056][rfdiffusion.inference.model_runners][INFO] - Timestep 17, input to next step: ----------------------------------------------------------------------------------------------------
[2026-04-19 22:38:10,507][rfdiffusion.inference.model_runners][INFO] - Timestep 16, input to next step: ----------------------------------------------------------------------------------------------------
[2026-04-19 22:38:11,925][rfdiffusion.inference.model_runners][INFO] - Timestep 15, input to next step: ----------------------------------------------------------------------------------------------------
[2026-04-19 22:38:13,370][rfdiffusion.inference.model_runners][INFO] - Timestep 14, input to next step: ----------------------------------------------------------------------------------------------------
[2026-04-19 22:38:14,915][rfdiffusion.inference.model_runners][INFO] - Timestep 13, input to next step: ----------------------------------------------------------------------------------------------------
[2026-04-19 22:38:16,449][rfdiffusion.inference.model_runners][INFO] - Timestep 12, input to next step: ----------------------------------------------------------------------------------------------------
[2026-04-19 22:38:17,998][rfdiffusion.inference.model_runners][INFO] - Timestep 11, input to next step: ----------------------------------------------------------------------------------------------------
[2026-04-19 22:38:19,487][rfdiffusion.inference.model_runners][INFO] - Timestep 10, input to next step: ----------------------------------------------------------------------------------------------------
[2026-04-19 22:38:20,944][rfdiffusion.inference.model_runners][INFO] - Timestep 9, input to next step: ----------------------------------------------------------------------------------------------------
[2026-04-19 22:38:22,379][rfdiffusion.inference.model_runners][INFO] - Timestep 8, input to next step: ----------------------------------------------------------------------------------------------------
[2026-04-19 22:38:23,805][rfdiffusion.inference.model_runners][INFO] - Timestep 7, input to next step: ----------------------------------------------------------------------------------------------------
[2026-04-19 22:38:25,202][rfdiffusion.inference.model_runners][INFO] - Timestep 6, input to next step: ----------------------------------------------------------------------------------------------------
[2026-04-19 22:38:26,605][rfdiffusion.inference.model_runners][INFO] - Timestep 5, input to next step: ----------------------------------------------------------------------------------------------------
[2026-04-19 22:38:27,967][rfdiffusion.inference.model_runners][INFO] - Timestep 4, input to next step: ----------------------------------------------------------------------------------------------------
[2026-04-19 22:38:29,395][rfdiffusion.inference.model_runners][INFO] - Timestep 3, input to next step: ----------------------------------------------------------------------------------------------------
[2026-04-19 22:38:30,774][rfdiffusion.inference.model_runners][INFO] - Timestep 2, input to next step: ----------------------------------------------------------------------------------------------------
[2026-04-19 22:38:33,599][__main__][INFO] - Finished design in 1.24 minutes
