[2026-04-19 22:11:47,326][__main__][INFO] - Found GPU with device_name NVIDIA GeForce RTX 3050 Ti Laptop GPU. Will run RFdiffusion on NVIDIA GeForce RTX 3050 Ti Laptop GPU
[2026-04-19 22:11:47,341][rfdiffusion.inference.model_runners][INFO] - Reading checkpoint from /home/manvi/Team_8_CS598GBL/RFdiffusion/rfdiffusion/inference/../../models/Base_ckpt.pt
[2026-04-19 22:11:54,672][rfdiffusion.inference.model_runners][INFO] - Loading checkpoint.
[2026-04-19 22:11:55,034][rfdiffusion.diffusion][INFO] - Using cached IGSO3.
[2026-04-19 22:11:55,048][__main__][INFO] - Making design /home/manvi/Team_8_CS598GBL/Assignment/Generate_designs/default/len_099/design_0
[2026-04-19 22:11:55,054][rfdiffusion.inference.model_runners][INFO] - Using contig: ['99-99']
[2026-04-19 22:11:55,138][rfdiffusion.inference.model_runners][INFO] - Sequence init: ---------------------------------------------------------------------------------------------------
[2026-04-19 22:12:00,032][rfdiffusion.inference.model_runners][INFO] - Timestep 50, input to next step: ---------------------------------------------------------------------------------------------------
[2026-04-19 22:12:01,547][rfdiffusion.inference.model_runners][INFO] - Timestep 49, input to next step: ---------------------------------------------------------------------------------------------------
[2026-04-19 22:12:03,332][rfdiffusion.inference.model_runners][INFO] - Timestep 48, input to next step: ---------------------------------------------------------------------------------------------------
[2026-04-19 22:12:05,109][rfdiffusion.inference.model_runners][INFO] - Timestep 47, input to next step: ---------------------------------------------------------------------------------------------------
[2026-04-19 22:12:06,871][rfdiffusion.inference.model_runners][INFO] - Timestep 46, input to next step: ---------------------------------------------------------------------------------------------------
[2026-04-19 22:12:08,728][rfdiffusion.inference.model_runners][INFO] - Timestep 45, input to next step: ---------------------------------------------------------------------------------------------------
[2026-04-19 22:12:10,513][rfdiffusion.inference.model_runners][INFO] - Timestep 44, input to next step: ---------------------------------------------------------------------------------------------------
[2026-04-19 22:12:13,811][rfdiffusion.inference.model_runners][INFO] - Timestep 43, input to next step: ---------------------------------------------------------------------------------------------------
[2026-04-19 22:12:15,864][rfdiffusion.inference.model_runners][INFO] - Timestep 42, input to next step: ---------------------------------------------------------------------------------------------------
[2026-04-19 22:12:18,028][rfdiffusion.inference.model_runners][INFO] - Timestep 41, input to next step: ---------------------------------------------------------------------------------------------------
[2026-04-19 22:12:20,345][rfdiffusion.inference.model_runners][INFO] - Timestep 40, input to next step: ---------------------------------------------------------------------------------------------------
[2026-04-19 22:12:22,206][rfdiffusion.inference.model_runners][INFO] - Timestep 39, input to next step: ---------------------------------------------------------------------------------------------------
[2026-04-19 22:12:24,615][rfdiffusion.inference.model_runners][INFO] - Timestep 38, input to next step: ---------------------------------------------------------------------------------------------------
[2026-04-19 22:12:26,923][rfdiffusion.inference.model_runners][INFO] - Timestep 37, input to next step: ---------------------------------------------------------------------------------------------------
[2026-04-19 22:12:29,081][rfdiffusion.inference.model_runners][INFO] - Timestep 36, input to next step: ---------------------------------------------------------------------------------------------------
[2026-04-19 22:12:30,729][rfdiffusion.inference.model_runners][INFO] - Timestep 35, input to next step: ---------------------------------------------------------------------------------------------------
[2026-04-19 22:12:32,339][rfdiffusion.inference.model_runners][INFO] - Timestep 34, input to next step: ---------------------------------------------------------------------------------------------------
[2026-04-19 22:12:33,969][rfdiffusion.inference.model_runners][INFO] - Timestep 33, input to next step: ---------------------------------------------------------------------------------------------------
[2026-04-19 22:12:35,628][rfdiffusion.inference.model_runners][INFO] - Timestep 32, input to next step: ---------------------------------------------------------------------------------------------------
[2026-04-19 22:12:37,241][rfdiffusion.inference.model_runners][INFO] - Timestep 31, input to next step: ---------------------------------------------------------------------------------------------------
[2026-04-19 22:12:38,884][rfdiffusion.inference.model_runners][INFO] - Timestep 30, input to next step: ---------------------------------------------------------------------------------------------------
[2026-04-19 22:12:40,602][rfdiffusion.inference.model_runners][INFO] - Timestep 29, input to next step: ---------------------------------------------------------------------------------------------------
[2026-04-19 22:12:42,327][rfdiffusion.inference.model_runners][INFO] - Timestep 28, input to next step: ---------------------------------------------------------------------------------------------------
[2026-04-19 22:12:43,903][rfdiffusion.inference.model_runners][INFO] - Timestep 27, input to next step: ---------------------------------------------------------------------------------------------------
[2026-04-19 22:12:45,516][rfdiffusion.inference.model_runners][INFO] - Timestep 26, input to next step: ---------------------------------------------------------------------------------------------------
[2026-04-19 22:12:47,261][rfdiffusion.inference.model_runners][INFO] - Timestep 25, input to next step: ---------------------------------------------------------------------------------------------------
[2026-04-19 22:12:48,800][rfdiffusion.inference.model_runners][INFO] - Timestep 24, input to next step: ---------------------------------------------------------------------------------------------------
[2026-04-19 22:12:50,356][rfdiffusion.inference.model_runners][INFO] - Timestep 23, input to next step: ---------------------------------------------------------------------------------------------------
[2026-04-19 22:12:51,955][rfdiffusion.inference.model_runners][INFO] - Timestep 22, input to next step: ---------------------------------------------------------------------------------------------------
[2026-04-19 22:12:53,554][rfdiffusion.inference.model_runners][INFO] - Timestep 21, input to next step: ---------------------------------------------------------------------------------------------------
[2026-04-19 22:12:55,078][rfdiffusion.inference.model_runners][INFO] - Timestep 20, input to next step: ---------------------------------------------------------------------------------------------------
[2026-04-19 22:12:56,744][rfdiffusion.inference.model_runners][INFO] - Timestep 19, input to next step: ---------------------------------------------------------------------------------------------------
[2026-04-19 22:12:58,297][rfdiffusion.inference.model_runners][INFO] - Timestep 18, input to next step: ---------------------------------------------------------------------------------------------------
[2026-04-19 22:12:59,842][rfdiffusion.inference.model_runners][INFO] - Timestep 17, input to next step: ---------------------------------------------------------------------------------------------------
[2026-04-19 22:13:01,478][rfdiffusion.inference.model_runners][INFO] - Timestep 16, input to next step: ---------------------------------------------------------------------------------------------------
[2026-04-19 22:13:03,072][rfdiffusion.inference.model_runners][INFO] - Timestep 15, input to next step: ---------------------------------------------------------------------------------------------------
[2026-04-19 22:13:04,679][rfdiffusion.inference.model_runners][INFO] - Timestep 14, input to next step: ---------------------------------------------------------------------------------------------------
[2026-04-19 22:13:06,323][rfdiffusion.inference.model_runners][INFO] - Timestep 13, input to next step: ---------------------------------------------------------------------------------------------------
[2026-04-19 22:13:07,797][rfdiffusion.inference.model_runners][INFO] - Timestep 12, input to next step: ---------------------------------------------------------------------------------------------------
[2026-04-19 22:13:09,274][rfdiffusion.inference.model_runners][INFO] - Timestep 11, input to next step: ---------------------------------------------------------------------------------------------------
[2026-04-19 22:13:10,816][rfdiffusion.inference.model_runners][INFO] - Timestep 10, input to next step: ---------------------------------------------------------------------------------------------------
[2026-04-19 22:13:12,366][rfdiffusion.inference.model_runners][INFO] - Timestep 9, input to next step: ---------------------------------------------------------------------------------------------------
[2026-04-19 22:13:13,859][rfdiffusion.inference.model_runners][INFO] - Timestep 8, input to next step: ---------------------------------------------------------------------------------------------------
[2026-04-19 22:13:15,378][rfdiffusion.inference.model_runners][INFO] - Timestep 7, input to next step: ---------------------------------------------------------------------------------------------------
[2026-04-19 22:13:17,142][rfdiffusion.inference.model_runners][INFO] - Timestep 6, input to next step: ---------------------------------------------------------------------------------------------------
[2026-04-19 22:13:19,008][rfdiffusion.inference.model_runners][INFO] - Timestep 5, input to next step: ---------------------------------------------------------------------------------------------------
[2026-04-19 22:13:20,749][rfdiffusion.inference.model_runners][INFO] - Timestep 4, input to next step: ---------------------------------------------------------------------------------------------------
[2026-04-19 22:13:22,332][rfdiffusion.inference.model_runners][INFO] - Timestep 3, input to next step: ---------------------------------------------------------------------------------------------------
[2026-04-19 22:13:23,982][rfdiffusion.inference.model_runners][INFO] - Timestep 2, input to next step: ---------------------------------------------------------------------------------------------------
[2026-04-19 22:13:27,323][__main__][INFO] - Finished design in 1.54 minutes
[2026-04-19 22:13:27,324][__main__][INFO] - Making design /home/manvi/Team_8_CS598GBL/Assignment/Generate_designs/default/len_099/design_1
[2026-04-19 22:13:27,329][rfdiffusion.inference.model_runners][INFO] - Using contig: ['99-99']
[2026-04-19 22:13:27,348][rfdiffusion.inference.model_runners][INFO] - Sequence init: ---------------------------------------------------------------------------------------------------
[2026-04-19 22:13:28,858][rfdiffusion.inference.model_runners][INFO] - Timestep 50, input to next step: ---------------------------------------------------------------------------------------------------
[2026-04-19 22:13:30,531][rfdiffusion.inference.model_runners][INFO] - Timestep 49, input to next step: ---------------------------------------------------------------------------------------------------
[2026-04-19 22:13:32,207][rfdiffusion.inference.model_runners][INFO] - Timestep 48, input to next step: ---------------------------------------------------------------------------------------------------
[2026-04-19 22:13:33,890][rfdiffusion.inference.model_runners][INFO] - Timestep 47, input to next step: ---------------------------------------------------------------------------------------------------
[2026-04-19 22:13:35,532][rfdiffusion.inference.model_runners][INFO] - Timestep 46, input to next step: ---------------------------------------------------------------------------------------------------
[2026-04-19 22:13:37,250][rfdiffusion.inference.model_runners][INFO] - Timestep 45, input to next step: ---------------------------------------------------------------------------------------------------
[2026-04-19 22:13:38,949][rfdiffusion.inference.model_runners][INFO] - Timestep 44, input to next step: ---------------------------------------------------------------------------------------------------
[2026-04-19 22:13:40,674][rfdiffusion.inference.model_runners][INFO] - Timestep 43, input to next step: ---------------------------------------------------------------------------------------------------
[2026-04-19 22:13:42,332][rfdiffusion.inference.model_runners][INFO] - Timestep 42, input to next step: ---------------------------------------------------------------------------------------------------
[2026-04-19 22:13:43,985][rfdiffusion.inference.model_runners][INFO] - Timestep 41, input to next step: ---------------------------------------------------------------------------------------------------
[2026-04-19 22:13:45,642][rfdiffusion.inference.model_runners][INFO] - Timestep 40, input to next step: ---------------------------------------------------------------------------------------------------
[2026-04-19 22:13:47,254][rfdiffusion.inference.model_runners][INFO] - Timestep 39, input to next step: ---------------------------------------------------------------------------------------------------
[2026-04-19 22:13:48,973][rfdiffusion.inference.model_runners][INFO] - Timestep 38, input to next step: ---------------------------------------------------------------------------------------------------
[2026-04-19 22:13:50,700][rfdiffusion.inference.model_runners][INFO] - Timestep 37, input to next step: ---------------------------------------------------------------------------------------------------
[2026-04-19 22:13:52,427][rfdiffusion.inference.model_runners][INFO] - Timestep 36, input to next step: ---------------------------------------------------------------------------------------------------
[2026-04-19 22:13:54,166][rfdiffusion.inference.model_runners][INFO] - Timestep 35, input to next step: ---------------------------------------------------------------------------------------------------
[2026-04-19 22:13:55,873][rfdiffusion.inference.model_runners][INFO] - Timestep 34, input to next step: ---------------------------------------------------------------------------------------------------
[2026-04-19 22:13:57,642][rfdiffusion.inference.model_runners][INFO] - Timestep 33, input to next step: ---------------------------------------------------------------------------------------------------
[2026-04-19 22:13:59,254][rfdiffusion.inference.model_runners][INFO] - Timestep 32, input to next step: ---------------------------------------------------------------------------------------------------
[2026-04-19 22:14:01,009][rfdiffusion.inference.model_runners][INFO] - Timestep 31, input to next step: ---------------------------------------------------------------------------------------------------
[2026-04-19 22:14:02,707][rfdiffusion.inference.model_runners][INFO] - Timestep 30, input to next step: ---------------------------------------------------------------------------------------------------
[2026-04-19 22:14:04,454][rfdiffusion.inference.model_runners][INFO] - Timestep 29, input to next step: ---------------------------------------------------------------------------------------------------
[2026-04-19 22:14:06,105][rfdiffusion.inference.model_runners][INFO] - Timestep 28, input to next step: ---------------------------------------------------------------------------------------------------
[2026-04-19 22:14:07,792][rfdiffusion.inference.model_runners][INFO] - Timestep 27, input to next step: ---------------------------------------------------------------------------------------------------
[2026-04-19 22:14:09,488][rfdiffusion.inference.model_runners][INFO] - Timestep 26, input to next step: ---------------------------------------------------------------------------------------------------
[2026-04-19 22:14:11,307][rfdiffusion.inference.model_runners][INFO] - Timestep 25, input to next step: ---------------------------------------------------------------------------------------------------
[2026-04-19 22:14:12,995][rfdiffusion.inference.model_runners][INFO] - Timestep 24, input to next step: ---------------------------------------------------------------------------------------------------
[2026-04-19 22:14:14,711][rfdiffusion.inference.model_runners][INFO] - Timestep 23, input to next step: ---------------------------------------------------------------------------------------------------
[2026-04-19 22:14:16,497][rfdiffusion.inference.model_runners][INFO] - Timestep 22, input to next step: ---------------------------------------------------------------------------------------------------
[2026-04-19 22:14:18,289][rfdiffusion.inference.model_runners][INFO] - Timestep 21, input to next step: ---------------------------------------------------------------------------------------------------
[2026-04-19 22:14:19,940][rfdiffusion.inference.model_runners][INFO] - Timestep 20, input to next step: ---------------------------------------------------------------------------------------------------
[2026-04-19 22:14:21,583][rfdiffusion.inference.model_runners][INFO] - Timestep 19, input to next step: ---------------------------------------------------------------------------------------------------
[2026-04-19 22:14:23,200][rfdiffusion.inference.model_runners][INFO] - Timestep 18, input to next step: ---------------------------------------------------------------------------------------------------
[2026-04-19 22:14:24,957][rfdiffusion.inference.model_runners][INFO] - Timestep 17, input to next step: ---------------------------------------------------------------------------------------------------
[2026-04-19 22:14:26,995][rfdiffusion.inference.model_runners][INFO] - Timestep 16, input to next step: ---------------------------------------------------------------------------------------------------
[2026-04-19 22:14:28,780][rfdiffusion.inference.model_runners][INFO] - Timestep 15, input to next step: ---------------------------------------------------------------------------------------------------
[2026-04-19 22:14:30,411][rfdiffusion.inference.model_runners][INFO] - Timestep 14, input to next step: ---------------------------------------------------------------------------------------------------
[2026-04-19 22:14:32,156][rfdiffusion.inference.model_runners][INFO] - Timestep 13, input to next step: ---------------------------------------------------------------------------------------------------
[2026-04-19 22:14:33,804][rfdiffusion.inference.model_runners][INFO] - Timestep 12, input to next step: ---------------------------------------------------------------------------------------------------
[2026-04-19 22:14:35,495][rfdiffusion.inference.model_runners][INFO] - Timestep 11, input to next step: ---------------------------------------------------------------------------------------------------
[2026-04-19 22:14:37,178][rfdiffusion.inference.model_runners][INFO] - Timestep 10, input to next step: ---------------------------------------------------------------------------------------------------
[2026-04-19 22:14:38,838][rfdiffusion.inference.model_runners][INFO] - Timestep 9, input to next step: ---------------------------------------------------------------------------------------------------
[2026-04-19 22:14:40,384][rfdiffusion.inference.model_runners][INFO] - Timestep 8, input to next step: ---------------------------------------------------------------------------------------------------
[2026-04-19 22:14:41,940][rfdiffusion.inference.model_runners][INFO] - Timestep 7, input to next step: ---------------------------------------------------------------------------------------------------
[2026-04-19 22:14:43,474][rfdiffusion.inference.model_runners][INFO] - Timestep 6, input to next step: ---------------------------------------------------------------------------------------------------
[2026-04-19 22:14:45,055][rfdiffusion.inference.model_runners][INFO] - Timestep 5, input to next step: ---------------------------------------------------------------------------------------------------
[2026-04-19 22:14:46,671][rfdiffusion.inference.model_runners][INFO] - Timestep 4, input to next step: ---------------------------------------------------------------------------------------------------
[2026-04-19 22:14:48,182][rfdiffusion.inference.model_runners][INFO] - Timestep 3, input to next step: ---------------------------------------------------------------------------------------------------
[2026-04-19 22:14:49,723][rfdiffusion.inference.model_runners][INFO] - Timestep 2, input to next step: ---------------------------------------------------------------------------------------------------
[2026-04-19 22:14:52,665][__main__][INFO] - Finished design in 1.42 minutes
[2026-04-19 22:14:52,665][__main__][INFO] - Making design /home/manvi/Team_8_CS598GBL/Assignment/Generate_designs/default/len_099/design_2
[2026-04-19 22:14:52,669][rfdiffusion.inference.model_runners][INFO] - Using contig: ['99-99']
[2026-04-19 22:14:52,686][rfdiffusion.inference.model_runners][INFO] - Sequence init: ---------------------------------------------------------------------------------------------------
[2026-04-19 22:14:54,015][rfdiffusion.inference.model_runners][INFO] - Timestep 50, input to next step: ---------------------------------------------------------------------------------------------------
[2026-04-19 22:14:55,547][rfdiffusion.inference.model_runners][INFO] - Timestep 49, input to next step: ---------------------------------------------------------------------------------------------------
[2026-04-19 22:14:57,137][rfdiffusion.inference.model_runners][INFO] - Timestep 48, input to next step: ---------------------------------------------------------------------------------------------------
[2026-04-19 22:14:58,723][rfdiffusion.inference.model_runners][INFO] - Timestep 47, input to next step: ---------------------------------------------------------------------------------------------------
[2026-04-19 22:15:00,351][rfdiffusion.inference.model_runners][INFO] - Timestep 46, input to next step: ---------------------------------------------------------------------------------------------------
[2026-04-19 22:15:01,935][rfdiffusion.inference.model_runners][INFO] - Timestep 45, input to next step: ---------------------------------------------------------------------------------------------------
[2026-04-19 22:15:03,521][rfdiffusion.inference.model_runners][INFO] - Timestep 44, input to next step: ---------------------------------------------------------------------------------------------------
[2026-04-19 22:15:05,080][rfdiffusion.inference.model_runners][INFO] - Timestep 43, input to next step: ---------------------------------------------------------------------------------------------------
[2026-04-19 22:15:06,604][rfdiffusion.inference.model_runners][INFO] - Timestep 42, input to next step: ---------------------------------------------------------------------------------------------------
[2026-04-19 22:15:08,288][rfdiffusion.inference.model_runners][INFO] - Timestep 41, input to next step: ---------------------------------------------------------------------------------------------------
[2026-04-19 22:15:09,866][rfdiffusion.inference.model_runners][INFO] - Timestep 40, input to next step: ---------------------------------------------------------------------------------------------------
[2026-04-19 22:15:11,421][rfdiffusion.inference.model_runners][INFO] - Timestep 39, input to next step: ---------------------------------------------------------------------------------------------------
[2026-04-19 22:15:12,986][rfdiffusion.inference.model_runners][INFO] - Timestep 38, input to next step: ---------------------------------------------------------------------------------------------------
[2026-04-19 22:15:14,498][rfdiffusion.inference.model_runners][INFO] - Timestep 37, input to next step: ---------------------------------------------------------------------------------------------------
[2026-04-19 22:15:16,262][rfdiffusion.inference.model_runners][INFO] - Timestep 36, input to next step: ---------------------------------------------------------------------------------------------------
[2026-04-19 22:15:18,166][rfdiffusion.inference.model_runners][INFO] - Timestep 35, input to next step: ---------------------------------------------------------------------------------------------------
[2026-04-19 22:15:19,832][rfdiffusion.inference.model_runners][INFO] - Timestep 34, input to next step: ---------------------------------------------------------------------------------------------------
[2026-04-19 22:15:21,536][rfdiffusion.inference.model_runners][INFO] - Timestep 33, input to next step: ---------------------------------------------------------------------------------------------------
[2026-04-19 22:15:23,214][rfdiffusion.inference.model_runners][INFO] - Timestep 32, input to next step: ---------------------------------------------------------------------------------------------------
[2026-04-19 22:15:24,710][rfdiffusion.inference.model_runners][INFO] - Timestep 31, input to next step: ---------------------------------------------------------------------------------------------------
[2026-04-19 22:15:26,254][rfdiffusion.inference.model_runners][INFO] - Timestep 30, input to next step: ---------------------------------------------------------------------------------------------------
[2026-04-19 22:15:27,761][rfdiffusion.inference.model_runners][INFO] - Timestep 29, input to next step: ---------------------------------------------------------------------------------------------------
[2026-04-19 22:15:29,400][rfdiffusion.inference.model_runners][INFO] - Timestep 28, input to next step: ---------------------------------------------------------------------------------------------------
[2026-04-19 22:15:30,895][rfdiffusion.inference.model_runners][INFO] - Timestep 27, input to next step: ---------------------------------------------------------------------------------------------------
[2026-04-19 22:15:32,450][rfdiffusion.inference.model_runners][INFO] - Timestep 26, input to next step: ---------------------------------------------------------------------------------------------------
[2026-04-19 22:15:33,919][rfdiffusion.inference.model_runners][INFO] - Timestep 25, input to next step: ---------------------------------------------------------------------------------------------------
[2026-04-19 22:15:35,370][rfdiffusion.inference.model_runners][INFO] - Timestep 24, input to next step: ---------------------------------------------------------------------------------------------------
[2026-04-19 22:15:36,801][rfdiffusion.inference.model_runners][INFO] - Timestep 23, input to next step: ---------------------------------------------------------------------------------------------------
[2026-04-19 22:15:39,019][rfdiffusion.inference.model_runners][INFO] - Timestep 22, input to next step: ---------------------------------------------------------------------------------------------------
[2026-04-19 22:15:40,438][rfdiffusion.inference.model_runners][INFO] - Timestep 21, input to next step: ---------------------------------------------------------------------------------------------------
[2026-04-19 22:15:41,904][rfdiffusion.inference.model_runners][INFO] - Timestep 20, input to next step: ---------------------------------------------------------------------------------------------------
[2026-04-19 22:15:43,676][rfdiffusion.inference.model_runners][INFO] - Timestep 19, input to next step: ---------------------------------------------------------------------------------------------------
[2026-04-19 22:15:45,377][rfdiffusion.inference.model_runners][INFO] - Timestep 18, input to next step: ---------------------------------------------------------------------------------------------------
[2026-04-19 22:15:47,157][rfdiffusion.inference.model_runners][INFO] - Timestep 17, input to next step: ---------------------------------------------------------------------------------------------------
[2026-04-19 22:15:48,754][rfdiffusion.inference.model_runners][INFO] - Timestep 16, input to next step: ---------------------------------------------------------------------------------------------------
[2026-04-19 22:15:50,249][rfdiffusion.inference.model_runners][INFO] - Timestep 15, input to next step: ---------------------------------------------------------------------------------------------------
[2026-04-19 22:15:51,841][rfdiffusion.inference.model_runners][INFO] - Timestep 14, input to next step: ---------------------------------------------------------------------------------------------------
[2026-04-19 22:15:53,411][rfdiffusion.inference.model_runners][INFO] - Timestep 13, input to next step: ---------------------------------------------------------------------------------------------------
[2026-04-19 22:15:55,022][rfdiffusion.inference.model_runners][INFO] - Timestep 12, input to next step: ---------------------------------------------------------------------------------------------------
[2026-04-19 22:15:56,560][rfdiffusion.inference.model_runners][INFO] - Timestep 11, input to next step: ---------------------------------------------------------------------------------------------------
[2026-04-19 22:15:58,116][rfdiffusion.inference.model_runners][INFO] - Timestep 10, input to next step: ---------------------------------------------------------------------------------------------------
[2026-04-19 22:15:59,793][rfdiffusion.inference.model_runners][INFO] - Timestep 9, input to next step: ---------------------------------------------------------------------------------------------------
[2026-04-19 22:16:01,266][rfdiffusion.inference.model_runners][INFO] - Timestep 8, input to next step: ---------------------------------------------------------------------------------------------------
[2026-04-19 22:16:03,342][rfdiffusion.inference.model_runners][INFO] - Timestep 7, input to next step: ---------------------------------------------------------------------------------------------------
[2026-04-19 22:16:05,348][rfdiffusion.inference.model_runners][INFO] - Timestep 6, input to next step: ---------------------------------------------------------------------------------------------------
[2026-04-19 22:16:06,994][rfdiffusion.inference.model_runners][INFO] - Timestep 5, input to next step: ---------------------------------------------------------------------------------------------------
[2026-04-19 22:16:08,594][rfdiffusion.inference.model_runners][INFO] - Timestep 4, input to next step: ---------------------------------------------------------------------------------------------------
[2026-04-19 22:16:10,250][rfdiffusion.inference.model_runners][INFO] - Timestep 3, input to next step: ---------------------------------------------------------------------------------------------------
[2026-04-19 22:16:11,975][rfdiffusion.inference.model_runners][INFO] - Timestep 2, input to next step: ---------------------------------------------------------------------------------------------------
[2026-04-19 22:16:15,923][__main__][INFO] - Finished design in 1.39 minutes
[2026-04-19 22:16:15,924][__main__][INFO] - Making design /home/manvi/Team_8_CS598GBL/Assignment/Generate_designs/default/len_099/design_3
[2026-04-19 22:16:15,931][rfdiffusion.inference.model_runners][INFO] - Using contig: ['99-99']
[2026-04-19 22:16:15,955][rfdiffusion.inference.model_runners][INFO] - Sequence init: ---------------------------------------------------------------------------------------------------
[2026-04-19 22:16:17,659][rfdiffusion.inference.model_runners][INFO] - Timestep 50, input to next step: ---------------------------------------------------------------------------------------------------
[2026-04-19 22:16:19,354][rfdiffusion.inference.model_runners][INFO] - Timestep 49, input to next step: ---------------------------------------------------------------------------------------------------
[2026-04-19 22:16:21,230][rfdiffusion.inference.model_runners][INFO] - Timestep 48, input to next step: ---------------------------------------------------------------------------------------------------
[2026-04-19 22:16:23,039][rfdiffusion.inference.model_runners][INFO] - Timestep 47, input to next step: ---------------------------------------------------------------------------------------------------
[2026-04-19 22:16:24,717][rfdiffusion.inference.model_runners][INFO] - Timestep 46, input to next step: ---------------------------------------------------------------------------------------------------
[2026-04-19 22:16:26,394][rfdiffusion.inference.model_runners][INFO] - Timestep 45, input to next step: ---------------------------------------------------------------------------------------------------
[2026-04-19 22:16:27,993][rfdiffusion.inference.model_runners][INFO] - Timestep 44, input to next step: ---------------------------------------------------------------------------------------------------
[2026-04-19 22:16:29,617][rfdiffusion.inference.model_runners][INFO] - Timestep 43, input to next step: ---------------------------------------------------------------------------------------------------
[2026-04-19 22:16:31,174][rfdiffusion.inference.model_runners][INFO] - Timestep 42, input to next step: ---------------------------------------------------------------------------------------------------
[2026-04-19 22:16:32,771][rfdiffusion.inference.model_runners][INFO] - Timestep 41, input to next step: ---------------------------------------------------------------------------------------------------
[2026-04-19 22:16:34,384][rfdiffusion.inference.model_runners][INFO] - Timestep 40, input to next step: ---------------------------------------------------------------------------------------------------
[2026-04-19 22:16:36,019][rfdiffusion.inference.model_runners][INFO] - Timestep 39, input to next step: ---------------------------------------------------------------------------------------------------
[2026-04-19 22:16:37,675][rfdiffusion.inference.model_runners][INFO] - Timestep 38, input to next step: ---------------------------------------------------------------------------------------------------
[2026-04-19 22:16:39,154][rfdiffusion.inference.model_runners][INFO] - Timestep 37, input to next step: ---------------------------------------------------------------------------------------------------
[2026-04-19 22:16:40,638][rfdiffusion.inference.model_runners][INFO] - Timestep 36, input to next step: ---------------------------------------------------------------------------------------------------
[2026-04-19 22:16:42,093][rfdiffusion.inference.model_runners][INFO] - Timestep 35, input to next step: ---------------------------------------------------------------------------------------------------
[2026-04-19 22:16:43,393][rfdiffusion.inference.model_runners][INFO] - Timestep 34, input to next step: ---------------------------------------------------------------------------------------------------
[2026-04-19 22:16:44,912][rfdiffusion.inference.model_runners][INFO] - Timestep 33, input to next step: ---------------------------------------------------------------------------------------------------
[2026-04-19 22:16:46,567][rfdiffusion.inference.model_runners][INFO] - Timestep 32, input to next step: ---------------------------------------------------------------------------------------------------
[2026-04-19 22:16:48,315][rfdiffusion.inference.model_runners][INFO] - Timestep 31, input to next step: ---------------------------------------------------------------------------------------------------
[2026-04-19 22:16:49,939][rfdiffusion.inference.model_runners][INFO] - Timestep 30, input to next step: ---------------------------------------------------------------------------------------------------
[2026-04-19 22:16:51,643][rfdiffusion.inference.model_runners][INFO] - Timestep 29, input to next step: ---------------------------------------------------------------------------------------------------
[2026-04-19 22:16:53,248][rfdiffusion.inference.model_runners][INFO] - Timestep 28, input to next step: ---------------------------------------------------------------------------------------------------
[2026-04-19 22:16:54,800][rfdiffusion.inference.model_runners][INFO] - Timestep 27, input to next step: ---------------------------------------------------------------------------------------------------
[2026-04-19 22:16:56,549][rfdiffusion.inference.model_runners][INFO] - Timestep 26, input to next step: ---------------------------------------------------------------------------------------------------
[2026-04-19 22:16:58,230][rfdiffusion.inference.model_runners][INFO] - Timestep 25, input to next step: ---------------------------------------------------------------------------------------------------
[2026-04-19 22:16:59,852][rfdiffusion.inference.model_runners][INFO] - Timestep 24, input to next step: ---------------------------------------------------------------------------------------------------
[2026-04-19 22:17:01,679][rfdiffusion.inference.model_runners][INFO] - Timestep 23, input to next step: ---------------------------------------------------------------------------------------------------
[2026-04-19 22:17:03,299][rfdiffusion.inference.model_runners][INFO] - Timestep 22, input to next step: ---------------------------------------------------------------------------------------------------
[2026-04-19 22:17:04,927][rfdiffusion.inference.model_runners][INFO] - Timestep 21, input to next step: ---------------------------------------------------------------------------------------------------
[2026-04-19 22:17:06,621][rfdiffusion.inference.model_runners][INFO] - Timestep 20, input to next step: ---------------------------------------------------------------------------------------------------
[2026-04-19 22:17:08,135][rfdiffusion.inference.model_runners][INFO] - Timestep 19, input to next step: ---------------------------------------------------------------------------------------------------
[2026-04-19 22:17:09,744][rfdiffusion.inference.model_runners][INFO] - Timestep 18, input to next step: ---------------------------------------------------------------------------------------------------
[2026-04-19 22:17:11,352][rfdiffusion.inference.model_runners][INFO] - Timestep 17, input to next step: ---------------------------------------------------------------------------------------------------
[2026-04-19 22:17:12,932][rfdiffusion.inference.model_runners][INFO] - Timestep 16, input to next step: ---------------------------------------------------------------------------------------------------
[2026-04-19 22:17:14,525][rfdiffusion.inference.model_runners][INFO] - Timestep 15, input to next step: ---------------------------------------------------------------------------------------------------
[2026-04-19 22:17:16,129][rfdiffusion.inference.model_runners][INFO] - Timestep 14, input to next step: ---------------------------------------------------------------------------------------------------
[2026-04-19 22:17:17,705][rfdiffusion.inference.model_runners][INFO] - Timestep 13, input to next step: ---------------------------------------------------------------------------------------------------
[2026-04-19 22:17:19,371][rfdiffusion.inference.model_runners][INFO] - Timestep 12, input to next step: ---------------------------------------------------------------------------------------------------
[2026-04-19 22:17:20,768][rfdiffusion.inference.model_runners][INFO] - Timestep 11, input to next step: ---------------------------------------------------------------------------------------------------
[2026-04-19 22:17:22,280][rfdiffusion.inference.model_runners][INFO] - Timestep 10, input to next step: ---------------------------------------------------------------------------------------------------
[2026-04-19 22:17:23,889][rfdiffusion.inference.model_runners][INFO] - Timestep 9, input to next step: ---------------------------------------------------------------------------------------------------
[2026-04-19 22:17:25,940][rfdiffusion.inference.model_runners][INFO] - Timestep 8, input to next step: ---------------------------------------------------------------------------------------------------
[2026-04-19 22:17:28,302][rfdiffusion.inference.model_runners][INFO] - Timestep 7, input to next step: ---------------------------------------------------------------------------------------------------
[2026-04-19 22:17:29,928][rfdiffusion.inference.model_runners][INFO] - Timestep 6, input to next step: ---------------------------------------------------------------------------------------------------
[2026-04-19 22:17:31,543][rfdiffusion.inference.model_runners][INFO] - Timestep 5, input to next step: ---------------------------------------------------------------------------------------------------
[2026-04-19 22:17:33,337][rfdiffusion.inference.model_runners][INFO] - Timestep 4, input to next step: ---------------------------------------------------------------------------------------------------
[2026-04-19 22:17:34,952][rfdiffusion.inference.model_runners][INFO] - Timestep 3, input to next step: ---------------------------------------------------------------------------------------------------
[2026-04-19 22:17:36,516][rfdiffusion.inference.model_runners][INFO] - Timestep 2, input to next step: ---------------------------------------------------------------------------------------------------
[2026-04-19 22:17:39,654][__main__][INFO] - Finished design in 1.40 minutes
[2026-04-19 22:17:39,654][__main__][INFO] - Making design /home/manvi/Team_8_CS598GBL/Assignment/Generate_designs/default/len_099/design_4
[2026-04-19 22:17:39,659][rfdiffusion.inference.model_runners][INFO] - Using contig: ['99-99']
[2026-04-19 22:17:39,681][rfdiffusion.inference.model_runners][INFO] - Sequence init: ---------------------------------------------------------------------------------------------------
[2026-04-19 22:17:40,924][rfdiffusion.inference.model_runners][INFO] - Timestep 50, input to next step: ---------------------------------------------------------------------------------------------------
[2026-04-19 22:17:42,431][rfdiffusion.inference.model_runners][INFO] - Timestep 49, input to next step: ---------------------------------------------------------------------------------------------------
[2026-04-19 22:17:43,821][rfdiffusion.inference.model_runners][INFO] - Timestep 48, input to next step: ---------------------------------------------------------------------------------------------------
[2026-04-19 22:17:45,284][rfdiffusion.inference.model_runners][INFO] - Timestep 47, input to next step: ---------------------------------------------------------------------------------------------------
[2026-04-19 22:17:46,852][rfdiffusion.inference.model_runners][INFO] - Timestep 46, input to next step: ---------------------------------------------------------------------------------------------------
[2026-04-19 22:17:48,423][rfdiffusion.inference.model_runners][INFO] - Timestep 45, input to next step: ---------------------------------------------------------------------------------------------------
[2026-04-19 22:17:49,998][rfdiffusion.inference.model_runners][INFO] - Timestep 44, input to next step: ---------------------------------------------------------------------------------------------------
[2026-04-19 22:17:51,480][rfdiffusion.inference.model_runners][INFO] - Timestep 43, input to next step: ---------------------------------------------------------------------------------------------------
[2026-04-19 22:17:53,032][rfdiffusion.inference.model_runners][INFO] - Timestep 42, input to next step: ---------------------------------------------------------------------------------------------------
[2026-04-19 22:17:54,664][rfdiffusion.inference.model_runners][INFO] - Timestep 41, input to next step: ---------------------------------------------------------------------------------------------------
[2026-04-19 22:17:56,249][rfdiffusion.inference.model_runners][INFO] - Timestep 40, input to next step: ---------------------------------------------------------------------------------------------------
[2026-04-19 22:17:58,084][rfdiffusion.inference.model_runners][INFO] - Timestep 39, input to next step: ---------------------------------------------------------------------------------------------------
[2026-04-19 22:17:59,716][rfdiffusion.inference.model_runners][INFO] - Timestep 38, input to next step: ---------------------------------------------------------------------------------------------------
[2026-04-19 22:18:01,300][rfdiffusion.inference.model_runners][INFO] - Timestep 37, input to next step: ---------------------------------------------------------------------------------------------------
[2026-04-19 22:18:02,861][rfdiffusion.inference.model_runners][INFO] - Timestep 36, input to next step: ---------------------------------------------------------------------------------------------------
[2026-04-19 22:18:04,441][rfdiffusion.inference.model_runners][INFO] - Timestep 35, input to next step: ---------------------------------------------------------------------------------------------------
[2026-04-19 22:18:06,099][rfdiffusion.inference.model_runners][INFO] - Timestep 34, input to next step: ---------------------------------------------------------------------------------------------------
[2026-04-19 22:18:07,704][rfdiffusion.inference.model_runners][INFO] - Timestep 33, input to next step: ---------------------------------------------------------------------------------------------------
[2026-04-19 22:18:09,225][rfdiffusion.inference.model_runners][INFO] - Timestep 32, input to next step: ---------------------------------------------------------------------------------------------------
[2026-04-19 22:18:10,805][rfdiffusion.inference.model_runners][INFO] - Timestep 31, input to next step: ---------------------------------------------------------------------------------------------------
[2026-04-19 22:18:12,364][rfdiffusion.inference.model_runners][INFO] - Timestep 30, input to next step: ---------------------------------------------------------------------------------------------------
[2026-04-19 22:18:13,863][rfdiffusion.inference.model_runners][INFO] - Timestep 29, input to next step: ---------------------------------------------------------------------------------------------------
[2026-04-19 22:18:15,479][rfdiffusion.inference.model_runners][INFO] - Timestep 28, input to next step: ---------------------------------------------------------------------------------------------------
[2026-04-19 22:18:17,004][rfdiffusion.inference.model_runners][INFO] - Timestep 27, input to next step: ---------------------------------------------------------------------------------------------------
[2026-04-19 22:18:18,797][rfdiffusion.inference.model_runners][INFO] - Timestep 26, input to next step: ---------------------------------------------------------------------------------------------------
[2026-04-19 22:18:20,388][rfdiffusion.inference.model_runners][INFO] - Timestep 25, input to next step: ---------------------------------------------------------------------------------------------------
[2026-04-19 22:18:21,903][rfdiffusion.inference.model_runners][INFO] - Timestep 24, input to next step: ---------------------------------------------------------------------------------------------------
[2026-04-19 22:18:23,395][rfdiffusion.inference.model_runners][INFO] - Timestep 23, input to next step: ---------------------------------------------------------------------------------------------------
[2026-04-19 22:18:24,976][rfdiffusion.inference.model_runners][INFO] - Timestep 22, input to next step: ---------------------------------------------------------------------------------------------------
[2026-04-19 22:18:26,731][rfdiffusion.inference.model_runners][INFO] - Timestep 21, input to next step: ---------------------------------------------------------------------------------------------------
[2026-04-19 22:18:28,330][rfdiffusion.inference.model_runners][INFO] - Timestep 20, input to next step: ---------------------------------------------------------------------------------------------------
[2026-04-19 22:18:29,895][rfdiffusion.inference.model_runners][INFO] - Timestep 19, input to next step: ---------------------------------------------------------------------------------------------------
[2026-04-19 22:18:31,415][rfdiffusion.inference.model_runners][INFO] - Timestep 18, input to next step: ---------------------------------------------------------------------------------------------------
[2026-04-19 22:18:32,953][rfdiffusion.inference.model_runners][INFO] - Timestep 17, input to next step: ---------------------------------------------------------------------------------------------------
[2026-04-19 22:18:34,571][rfdiffusion.inference.model_runners][INFO] - Timestep 16, input to next step: ---------------------------------------------------------------------------------------------------
[2026-04-19 22:18:36,243][rfdiffusion.inference.model_runners][INFO] - Timestep 15, input to next step: ---------------------------------------------------------------------------------------------------
[2026-04-19 22:18:37,917][rfdiffusion.inference.model_runners][INFO] - Timestep 14, input to next step: ---------------------------------------------------------------------------------------------------
[2026-04-19 22:18:39,669][rfdiffusion.inference.model_runners][INFO] - Timestep 13, input to next step: ---------------------------------------------------------------------------------------------------
[2026-04-19 22:18:41,340][rfdiffusion.inference.model_runners][INFO] - Timestep 12, input to next step: ---------------------------------------------------------------------------------------------------
[2026-04-19 22:18:43,103][rfdiffusion.inference.model_runners][INFO] - Timestep 11, input to next step: ---------------------------------------------------------------------------------------------------
[2026-04-19 22:18:45,185][rfdiffusion.inference.model_runners][INFO] - Timestep 10, input to next step: ---------------------------------------------------------------------------------------------------
[2026-04-19 22:18:47,591][rfdiffusion.inference.model_runners][INFO] - Timestep 9, input to next step: ---------------------------------------------------------------------------------------------------
[2026-04-19 22:18:49,533][rfdiffusion.inference.model_runners][INFO] - Timestep 8, input to next step: ---------------------------------------------------------------------------------------------------
[2026-04-19 22:18:51,423][rfdiffusion.inference.model_runners][INFO] - Timestep 7, input to next step: ---------------------------------------------------------------------------------------------------
[2026-04-19 22:18:52,928][rfdiffusion.inference.model_runners][INFO] - Timestep 6, input to next step: ---------------------------------------------------------------------------------------------------
[2026-04-19 22:18:54,653][rfdiffusion.inference.model_runners][INFO] - Timestep 5, input to next step: ---------------------------------------------------------------------------------------------------
[2026-04-19 22:18:56,992][rfdiffusion.inference.model_runners][INFO] - Timestep 4, input to next step: ---------------------------------------------------------------------------------------------------
[2026-04-19 22:18:58,718][rfdiffusion.inference.model_runners][INFO] - Timestep 3, input to next step: ---------------------------------------------------------------------------------------------------
[2026-04-19 22:19:00,727][rfdiffusion.inference.model_runners][INFO] - Timestep 2, input to next step: ---------------------------------------------------------------------------------------------------
[2026-04-19 22:19:04,322][__main__][INFO] - Finished design in 1.41 minutes
[2026-04-19 22:19:04,322][__main__][INFO] - Making design /home/manvi/Team_8_CS598GBL/Assignment/Generate_designs/default/len_099/design_5
[2026-04-19 22:19:04,327][rfdiffusion.inference.model_runners][INFO] - Using contig: ['99-99']
[2026-04-19 22:19:04,355][rfdiffusion.inference.model_runners][INFO] - Sequence init: ---------------------------------------------------------------------------------------------------
[2026-04-19 22:19:05,954][rfdiffusion.inference.model_runners][INFO] - Timestep 50, input to next step: ---------------------------------------------------------------------------------------------------
[2026-04-19 22:19:07,851][rfdiffusion.inference.model_runners][INFO] - Timestep 49, input to next step: ---------------------------------------------------------------------------------------------------
[2026-04-19 22:19:10,134][rfdiffusion.inference.model_runners][INFO] - Timestep 48, input to next step: ---------------------------------------------------------------------------------------------------
[2026-04-19 22:19:11,863][rfdiffusion.inference.model_runners][INFO] - Timestep 47, input to next step: ---------------------------------------------------------------------------------------------------
[2026-04-19 22:19:13,700][rfdiffusion.inference.model_runners][INFO] - Timestep 46, input to next step: ---------------------------------------------------------------------------------------------------
[2026-04-19 22:19:15,650][rfdiffusion.inference.model_runners][INFO] - Timestep 45, input to next step: ---------------------------------------------------------------------------------------------------
[2026-04-19 22:19:17,706][rfdiffusion.inference.model_runners][INFO] - Timestep 44, input to next step: ---------------------------------------------------------------------------------------------------
[2026-04-19 22:19:19,740][rfdiffusion.inference.model_runners][INFO] - Timestep 43, input to next step: ---------------------------------------------------------------------------------------------------
[2026-04-19 22:19:21,984][rfdiffusion.inference.model_runners][INFO] - Timestep 42, input to next step: ---------------------------------------------------------------------------------------------------
[2026-04-19 22:19:24,533][rfdiffusion.inference.model_runners][INFO] - Timestep 41, input to next step: ---------------------------------------------------------------------------------------------------
[2026-04-19 22:19:26,830][rfdiffusion.inference.model_runners][INFO] - Timestep 40, input to next step: ---------------------------------------------------------------------------------------------------
[2026-04-19 22:19:28,767][rfdiffusion.inference.model_runners][INFO] - Timestep 39, input to next step: ---------------------------------------------------------------------------------------------------
[2026-04-19 22:19:30,580][rfdiffusion.inference.model_runners][INFO] - Timestep 38, input to next step: ---------------------------------------------------------------------------------------------------
[2026-04-19 22:19:32,587][rfdiffusion.inference.model_runners][INFO] - Timestep 37, input to next step: ---------------------------------------------------------------------------------------------------
[2026-04-19 22:19:34,475][rfdiffusion.inference.model_runners][INFO] - Timestep 36, input to next step: ---------------------------------------------------------------------------------------------------
[2026-04-19 22:19:36,144][rfdiffusion.inference.model_runners][INFO] - Timestep 35, input to next step: ---------------------------------------------------------------------------------------------------
[2026-04-19 22:19:37,932][rfdiffusion.inference.model_runners][INFO] - Timestep 34, input to next step: ---------------------------------------------------------------------------------------------------
[2026-04-19 22:19:39,665][rfdiffusion.inference.model_runners][INFO] - Timestep 33, input to next step: ---------------------------------------------------------------------------------------------------
[2026-04-19 22:19:41,416][rfdiffusion.inference.model_runners][INFO] - Timestep 32, input to next step: ---------------------------------------------------------------------------------------------------
[2026-04-19 22:19:43,203][rfdiffusion.inference.model_runners][INFO] - Timestep 31, input to next step: ---------------------------------------------------------------------------------------------------
[2026-04-19 22:19:44,944][rfdiffusion.inference.model_runners][INFO] - Timestep 30, input to next step: ---------------------------------------------------------------------------------------------------
[2026-04-19 22:19:46,853][rfdiffusion.inference.model_runners][INFO] - Timestep 29, input to next step: ---------------------------------------------------------------------------------------------------
[2026-04-19 22:19:49,273][rfdiffusion.inference.model_runners][INFO] - Timestep 28, input to next step: ---------------------------------------------------------------------------------------------------
[2026-04-19 22:19:51,240][rfdiffusion.inference.model_runners][INFO] - Timestep 27, input to next step: ---------------------------------------------------------------------------------------------------
[2026-04-19 22:19:53,535][rfdiffusion.inference.model_runners][INFO] - Timestep 26, input to next step: ---------------------------------------------------------------------------------------------------
[2026-04-19 22:19:55,684][rfdiffusion.inference.model_runners][INFO] - Timestep 25, input to next step: ---------------------------------------------------------------------------------------------------
[2026-04-19 22:19:57,780][rfdiffusion.inference.model_runners][INFO] - Timestep 24, input to next step: ---------------------------------------------------------------------------------------------------
[2026-04-19 22:19:59,496][rfdiffusion.inference.model_runners][INFO] - Timestep 23, input to next step: ---------------------------------------------------------------------------------------------------
[2026-04-19 22:20:01,169][rfdiffusion.inference.model_runners][INFO] - Timestep 22, input to next step: ---------------------------------------------------------------------------------------------------
[2026-04-19 22:20:02,968][rfdiffusion.inference.model_runners][INFO] - Timestep 21, input to next step: ---------------------------------------------------------------------------------------------------
[2026-04-19 22:20:04,715][rfdiffusion.inference.model_runners][INFO] - Timestep 20, input to next step: ---------------------------------------------------------------------------------------------------
[2026-04-19 22:20:06,428][rfdiffusion.inference.model_runners][INFO] - Timestep 19, input to next step: ---------------------------------------------------------------------------------------------------
[2026-04-19 22:20:07,969][rfdiffusion.inference.model_runners][INFO] - Timestep 18, input to next step: ---------------------------------------------------------------------------------------------------
[2026-04-19 22:20:09,734][rfdiffusion.inference.model_runners][INFO] - Timestep 17, input to next step: ---------------------------------------------------------------------------------------------------
[2026-04-19 22:20:11,496][rfdiffusion.inference.model_runners][INFO] - Timestep 16, input to next step: ---------------------------------------------------------------------------------------------------
[2026-04-19 22:20:13,210][rfdiffusion.inference.model_runners][INFO] - Timestep 15, input to next step: ---------------------------------------------------------------------------------------------------
[2026-04-19 22:20:15,044][rfdiffusion.inference.model_runners][INFO] - Timestep 14, input to next step: ---------------------------------------------------------------------------------------------------
[2026-04-19 22:20:16,755][rfdiffusion.inference.model_runners][INFO] - Timestep 13, input to next step: ---------------------------------------------------------------------------------------------------
[2026-04-19 22:20:18,585][rfdiffusion.inference.model_runners][INFO] - Timestep 12, input to next step: ---------------------------------------------------------------------------------------------------
[2026-04-19 22:20:20,417][rfdiffusion.inference.model_runners][INFO] - Timestep 11, input to next step: ---------------------------------------------------------------------------------------------------
[2026-04-19 22:20:22,197][rfdiffusion.inference.model_runners][INFO] - Timestep 10, input to next step: ---------------------------------------------------------------------------------------------------
[2026-04-19 22:20:23,872][rfdiffusion.inference.model_runners][INFO] - Timestep 9, input to next step: ---------------------------------------------------------------------------------------------------
[2026-04-19 22:20:25,592][rfdiffusion.inference.model_runners][INFO] - Timestep 8, input to next step: ---------------------------------------------------------------------------------------------------
[2026-04-19 22:20:27,271][rfdiffusion.inference.model_runners][INFO] - Timestep 7, input to next step: ---------------------------------------------------------------------------------------------------
[2026-04-19 22:20:29,063][rfdiffusion.inference.model_runners][INFO] - Timestep 6, input to next step: ---------------------------------------------------------------------------------------------------
[2026-04-19 22:20:30,814][rfdiffusion.inference.model_runners][INFO] - Timestep 5, input to next step: ---------------------------------------------------------------------------------------------------
[2026-04-19 22:20:32,607][rfdiffusion.inference.model_runners][INFO] - Timestep 4, input to next step: ---------------------------------------------------------------------------------------------------
[2026-04-19 22:20:34,251][rfdiffusion.inference.model_runners][INFO] - Timestep 3, input to next step: ---------------------------------------------------------------------------------------------------
[2026-04-19 22:20:36,005][rfdiffusion.inference.model_runners][INFO] - Timestep 2, input to next step: ---------------------------------------------------------------------------------------------------
[2026-04-19 22:20:39,617][__main__][INFO] - Finished design in 1.59 minutes
[2026-04-19 22:20:39,617][__main__][INFO] - Making design /home/manvi/Team_8_CS598GBL/Assignment/Generate_designs/default/len_099/design_6
[2026-04-19 22:20:39,622][rfdiffusion.inference.model_runners][INFO] - Using contig: ['99-99']
[2026-04-19 22:20:39,645][rfdiffusion.inference.model_runners][INFO] - Sequence init: ---------------------------------------------------------------------------------------------------
[2026-04-19 22:20:41,219][rfdiffusion.inference.model_runners][INFO] - Timestep 50, input to next step: ---------------------------------------------------------------------------------------------------
[2026-04-19 22:20:42,825][rfdiffusion.inference.model_runners][INFO] - Timestep 49, input to next step: ---------------------------------------------------------------------------------------------------
[2026-04-19 22:20:44,740][rfdiffusion.inference.model_runners][INFO] - Timestep 48, input to next step: ---------------------------------------------------------------------------------------------------
[2026-04-19 22:20:46,728][rfdiffusion.inference.model_runners][INFO] - Timestep 47, input to next step: ---------------------------------------------------------------------------------------------------
[2026-04-19 22:20:48,541][rfdiffusion.inference.model_runners][INFO] - Timestep 46, input to next step: ---------------------------------------------------------------------------------------------------
[2026-04-19 22:20:50,398][rfdiffusion.inference.model_runners][INFO] - Timestep 45, input to next step: ---------------------------------------------------------------------------------------------------
[2026-04-19 22:20:52,174][rfdiffusion.inference.model_runners][INFO] - Timestep 44, input to next step: ---------------------------------------------------------------------------------------------------
[2026-04-19 22:20:53,866][rfdiffusion.inference.model_runners][INFO] - Timestep 43, input to next step: ---------------------------------------------------------------------------------------------------
[2026-04-19 22:20:55,727][rfdiffusion.inference.model_runners][INFO] - Timestep 42, input to next step: ---------------------------------------------------------------------------------------------------
[2026-04-19 22:20:57,489][rfdiffusion.inference.model_runners][INFO] - Timestep 41, input to next step: ---------------------------------------------------------------------------------------------------
[2026-04-19 22:20:59,452][rfdiffusion.inference.model_runners][INFO] - Timestep 40, input to next step: ---------------------------------------------------------------------------------------------------
[2026-04-19 22:21:01,494][rfdiffusion.inference.model_runners][INFO] - Timestep 39, input to next step: ---------------------------------------------------------------------------------------------------
[2026-04-19 22:21:03,467][rfdiffusion.inference.model_runners][INFO] - Timestep 38, input to next step: ---------------------------------------------------------------------------------------------------
[2026-04-19 22:21:05,307][rfdiffusion.inference.model_runners][INFO] - Timestep 37, input to next step: ---------------------------------------------------------------------------------------------------
[2026-04-19 22:21:07,842][rfdiffusion.inference.model_runners][INFO] - Timestep 36, input to next step: ---------------------------------------------------------------------------------------------------
[2026-04-19 22:21:09,866][rfdiffusion.inference.model_runners][INFO] - Timestep 35, input to next step: ---------------------------------------------------------------------------------------------------
[2026-04-19 22:21:11,326][rfdiffusion.inference.model_runners][INFO] - Timestep 34, input to next step: ---------------------------------------------------------------------------------------------------
[2026-04-19 22:21:13,009][rfdiffusion.inference.model_runners][INFO] - Timestep 33, input to next step: ---------------------------------------------------------------------------------------------------
[2026-04-19 22:21:14,669][rfdiffusion.inference.model_runners][INFO] - Timestep 32, input to next step: ---------------------------------------------------------------------------------------------------
[2026-04-19 22:21:16,358][rfdiffusion.inference.model_runners][INFO] - Timestep 31, input to next step: ---------------------------------------------------------------------------------------------------
[2026-04-19 22:21:17,998][rfdiffusion.inference.model_runners][INFO] - Timestep 30, input to next step: ---------------------------------------------------------------------------------------------------
[2026-04-19 22:21:19,624][rfdiffusion.inference.model_runners][INFO] - Timestep 29, input to next step: ---------------------------------------------------------------------------------------------------
[2026-04-19 22:21:21,441][rfdiffusion.inference.model_runners][INFO] - Timestep 28, input to next step: ---------------------------------------------------------------------------------------------------
[2026-04-19 22:21:23,136][rfdiffusion.inference.model_runners][INFO] - Timestep 27, input to next step: ---------------------------------------------------------------------------------------------------
[2026-04-19 22:21:24,850][rfdiffusion.inference.model_runners][INFO] - Timestep 26, input to next step: ---------------------------------------------------------------------------------------------------
[2026-04-19 22:21:26,595][rfdiffusion.inference.model_runners][INFO] - Timestep 25, input to next step: ---------------------------------------------------------------------------------------------------
[2026-04-19 22:21:28,637][rfdiffusion.inference.model_runners][INFO] - Timestep 24, input to next step: ---------------------------------------------------------------------------------------------------
[2026-04-19 22:21:30,377][rfdiffusion.inference.model_runners][INFO] - Timestep 23, input to next step: ---------------------------------------------------------------------------------------------------
[2026-04-19 22:21:32,040][rfdiffusion.inference.model_runners][INFO] - Timestep 22, input to next step: ---------------------------------------------------------------------------------------------------
[2026-04-19 22:21:33,631][rfdiffusion.inference.model_runners][INFO] - Timestep 21, input to next step: ---------------------------------------------------------------------------------------------------
[2026-04-19 22:21:35,289][rfdiffusion.inference.model_runners][INFO] - Timestep 20, input to next step: ---------------------------------------------------------------------------------------------------
[2026-04-19 22:21:36,900][rfdiffusion.inference.model_runners][INFO] - Timestep 19, input to next step: ---------------------------------------------------------------------------------------------------
[2026-04-19 22:21:38,555][rfdiffusion.inference.model_runners][INFO] - Timestep 18, input to next step: ---------------------------------------------------------------------------------------------------
[2026-04-19 22:21:40,215][rfdiffusion.inference.model_runners][INFO] - Timestep 17, input to next step: ---------------------------------------------------------------------------------------------------
[2026-04-19 22:21:41,927][rfdiffusion.inference.model_runners][INFO] - Timestep 16, input to next step: ---------------------------------------------------------------------------------------------------
[2026-04-19 22:21:43,641][rfdiffusion.inference.model_runners][INFO] - Timestep 15, input to next step: ---------------------------------------------------------------------------------------------------
[2026-04-19 22:21:45,398][rfdiffusion.inference.model_runners][INFO] - Timestep 14, input to next step: ---------------------------------------------------------------------------------------------------
[2026-04-19 22:21:47,138][rfdiffusion.inference.model_runners][INFO] - Timestep 13, input to next step: ---------------------------------------------------------------------------------------------------
[2026-04-19 22:21:48,945][rfdiffusion.inference.model_runners][INFO] - Timestep 12, input to next step: ---------------------------------------------------------------------------------------------------
[2026-04-19 22:21:50,705][rfdiffusion.inference.model_runners][INFO] - Timestep 11, input to next step: ---------------------------------------------------------------------------------------------------
[2026-04-19 22:21:52,608][rfdiffusion.inference.model_runners][INFO] - Timestep 10, input to next step: ---------------------------------------------------------------------------------------------------
[2026-04-19 22:21:54,256][rfdiffusion.inference.model_runners][INFO] - Timestep 9, input to next step: ---------------------------------------------------------------------------------------------------
[2026-04-19 22:21:56,011][rfdiffusion.inference.model_runners][INFO] - Timestep 8, input to next step: ---------------------------------------------------------------------------------------------------
[2026-04-19 22:21:57,947][rfdiffusion.inference.model_runners][INFO] - Timestep 7, input to next step: ---------------------------------------------------------------------------------------------------
[2026-04-19 22:21:59,776][rfdiffusion.inference.model_runners][INFO] - Timestep 6, input to next step: ---------------------------------------------------------------------------------------------------
[2026-04-19 22:22:01,447][rfdiffusion.inference.model_runners][INFO] - Timestep 5, input to next step: ---------------------------------------------------------------------------------------------------
[2026-04-19 22:22:03,075][rfdiffusion.inference.model_runners][INFO] - Timestep 4, input to next step: ---------------------------------------------------------------------------------------------------
[2026-04-19 22:22:04,676][rfdiffusion.inference.model_runners][INFO] - Timestep 3, input to next step: ---------------------------------------------------------------------------------------------------
[2026-04-19 22:22:06,096][rfdiffusion.inference.model_runners][INFO] - Timestep 2, input to next step: ---------------------------------------------------------------------------------------------------
[2026-04-19 22:22:09,220][__main__][INFO] - Finished design in 1.49 minutes
[2026-04-19 22:22:09,220][__main__][INFO] - Making design /home/manvi/Team_8_CS598GBL/Assignment/Generate_designs/default/len_099/design_7
[2026-04-19 22:22:09,224][rfdiffusion.inference.model_runners][INFO] - Using contig: ['99-99']
[2026-04-19 22:22:09,243][rfdiffusion.inference.model_runners][INFO] - Sequence init: ---------------------------------------------------------------------------------------------------
[2026-04-19 22:22:10,483][rfdiffusion.inference.model_runners][INFO] - Timestep 50, input to next step: ---------------------------------------------------------------------------------------------------
[2026-04-19 22:22:12,160][rfdiffusion.inference.model_runners][INFO] - Timestep 49, input to next step: ---------------------------------------------------------------------------------------------------
[2026-04-19 22:22:13,550][rfdiffusion.inference.model_runners][INFO] - Timestep 48, input to next step: ---------------------------------------------------------------------------------------------------
[2026-04-19 22:22:15,020][rfdiffusion.inference.model_runners][INFO] - Timestep 47, input to next step: ---------------------------------------------------------------------------------------------------
[2026-04-19 22:22:16,484][rfdiffusion.inference.model_runners][INFO] - Timestep 46, input to next step: ---------------------------------------------------------------------------------------------------
[2026-04-19 22:22:18,052][rfdiffusion.inference.model_runners][INFO] - Timestep 45, input to next step: ---------------------------------------------------------------------------------------------------
[2026-04-19 22:22:19,576][rfdiffusion.inference.model_runners][INFO] - Timestep 44, input to next step: ---------------------------------------------------------------------------------------------------
[2026-04-19 22:22:21,156][rfdiffusion.inference.model_runners][INFO] - Timestep 43, input to next step: ---------------------------------------------------------------------------------------------------
[2026-04-19 22:22:22,821][rfdiffusion.inference.model_runners][INFO] - Timestep 42, input to next step: ---------------------------------------------------------------------------------------------------
[2026-04-19 22:22:24,419][rfdiffusion.inference.model_runners][INFO] - Timestep 41, input to next step: ---------------------------------------------------------------------------------------------------
[2026-04-19 22:22:25,894][rfdiffusion.inference.model_runners][INFO] - Timestep 40, input to next step: ---------------------------------------------------------------------------------------------------
[2026-04-19 22:22:27,441][rfdiffusion.inference.model_runners][INFO] - Timestep 39, input to next step: ---------------------------------------------------------------------------------------------------
[2026-04-19 22:22:29,019][rfdiffusion.inference.model_runners][INFO] - Timestep 38, input to next step: ---------------------------------------------------------------------------------------------------
[2026-04-19 22:22:30,572][rfdiffusion.inference.model_runners][INFO] - Timestep 37, input to next step: ---------------------------------------------------------------------------------------------------
[2026-04-19 22:22:32,105][rfdiffusion.inference.model_runners][INFO] - Timestep 36, input to next step: ---------------------------------------------------------------------------------------------------
[2026-04-19 22:22:33,663][rfdiffusion.inference.model_runners][INFO] - Timestep 35, input to next step: ---------------------------------------------------------------------------------------------------
[2026-04-19 22:22:35,162][rfdiffusion.inference.model_runners][INFO] - Timestep 34, input to next step: ---------------------------------------------------------------------------------------------------
[2026-04-19 22:22:36,673][rfdiffusion.inference.model_runners][INFO] - Timestep 33, input to next step: ---------------------------------------------------------------------------------------------------
[2026-04-19 22:22:38,177][rfdiffusion.inference.model_runners][INFO] - Timestep 32, input to next step: ---------------------------------------------------------------------------------------------------
[2026-04-19 22:22:39,730][rfdiffusion.inference.model_runners][INFO] - Timestep 31, input to next step: ---------------------------------------------------------------------------------------------------
[2026-04-19 22:22:41,194][rfdiffusion.inference.model_runners][INFO] - Timestep 30, input to next step: ---------------------------------------------------------------------------------------------------
[2026-04-19 22:22:42,657][rfdiffusion.inference.model_runners][INFO] - Timestep 29, input to next step: ---------------------------------------------------------------------------------------------------
[2026-04-19 22:22:44,124][rfdiffusion.inference.model_runners][INFO] - Timestep 28, input to next step: ---------------------------------------------------------------------------------------------------
[2026-04-19 22:22:45,619][rfdiffusion.inference.model_runners][INFO] - Timestep 27, input to next step: ---------------------------------------------------------------------------------------------------
[2026-04-19 22:22:47,067][rfdiffusion.inference.model_runners][INFO] - Timestep 26, input to next step: ---------------------------------------------------------------------------------------------------
[2026-04-19 22:22:48,518][rfdiffusion.inference.model_runners][INFO] - Timestep 25, input to next step: ---------------------------------------------------------------------------------------------------
[2026-04-19 22:22:49,986][rfdiffusion.inference.model_runners][INFO] - Timestep 24, input to next step: ---------------------------------------------------------------------------------------------------
[2026-04-19 22:22:51,475][rfdiffusion.inference.model_runners][INFO] - Timestep 23, input to next step: ---------------------------------------------------------------------------------------------------
[2026-04-19 22:22:52,990][rfdiffusion.inference.model_runners][INFO] - Timestep 22, input to next step: ---------------------------------------------------------------------------------------------------
[2026-04-19 22:22:54,551][rfdiffusion.inference.model_runners][INFO] - Timestep 21, input to next step: ---------------------------------------------------------------------------------------------------
[2026-04-19 22:22:55,998][rfdiffusion.inference.model_runners][INFO] - Timestep 20, input to next step: ---------------------------------------------------------------------------------------------------
[2026-04-19 22:22:57,473][rfdiffusion.inference.model_runners][INFO] - Timestep 19, input to next step: ---------------------------------------------------------------------------------------------------
[2026-04-19 22:22:58,792][rfdiffusion.inference.model_runners][INFO] - Timestep 18, input to next step: ---------------------------------------------------------------------------------------------------
[2026-04-19 22:23:00,243][rfdiffusion.inference.model_runners][INFO] - Timestep 17, input to next step: ---------------------------------------------------------------------------------------------------
[2026-04-19 22:23:01,742][rfdiffusion.inference.model_runners][INFO] - Timestep 16, input to next step: ---------------------------------------------------------------------------------------------------
[2026-04-19 22:23:03,221][rfdiffusion.inference.model_runners][INFO] - Timestep 15, input to next step: ---------------------------------------------------------------------------------------------------
[2026-04-19 22:23:04,695][rfdiffusion.inference.model_runners][INFO] - Timestep 14, input to next step: ---------------------------------------------------------------------------------------------------
[2026-04-19 22:23:06,173][rfdiffusion.inference.model_runners][INFO] - Timestep 13, input to next step: ---------------------------------------------------------------------------------------------------
[2026-04-19 22:23:07,587][rfdiffusion.inference.model_runners][INFO] - Timestep 12, input to next step: ---------------------------------------------------------------------------------------------------
[2026-04-19 22:23:09,152][rfdiffusion.inference.model_runners][INFO] - Timestep 11, input to next step: ---------------------------------------------------------------------------------------------------
[2026-04-19 22:23:10,632][rfdiffusion.inference.model_runners][INFO] - Timestep 10, input to next step: ---------------------------------------------------------------------------------------------------
[2026-04-19 22:23:12,090][rfdiffusion.inference.model_runners][INFO] - Timestep 9, input to next step: ---------------------------------------------------------------------------------------------------
[2026-04-19 22:23:13,595][rfdiffusion.inference.model_runners][INFO] - Timestep 8, input to next step: ---------------------------------------------------------------------------------------------------
[2026-04-19 22:23:15,060][rfdiffusion.inference.model_runners][INFO] - Timestep 7, input to next step: ---------------------------------------------------------------------------------------------------
[2026-04-19 22:23:16,520][rfdiffusion.inference.model_runners][INFO] - Timestep 6, input to next step: ---------------------------------------------------------------------------------------------------
[2026-04-19 22:23:18,113][rfdiffusion.inference.model_runners][INFO] - Timestep 5, input to next step: ---------------------------------------------------------------------------------------------------
[2026-04-19 22:23:19,748][rfdiffusion.inference.model_runners][INFO] - Timestep 4, input to next step: ---------------------------------------------------------------------------------------------------
[2026-04-19 22:23:21,265][rfdiffusion.inference.model_runners][INFO] - Timestep 3, input to next step: ---------------------------------------------------------------------------------------------------
[2026-04-19 22:23:22,716][rfdiffusion.inference.model_runners][INFO] - Timestep 2, input to next step: ---------------------------------------------------------------------------------------------------
[2026-04-19 22:23:25,604][__main__][INFO] - Finished design in 1.27 minutes
[2026-04-19 22:23:25,604][__main__][INFO] - Making design /home/manvi/Team_8_CS598GBL/Assignment/Generate_designs/default/len_099/design_8
[2026-04-19 22:23:25,608][rfdiffusion.inference.model_runners][INFO] - Using contig: ['99-99']
[2026-04-19 22:23:25,623][rfdiffusion.inference.model_runners][INFO] - Sequence init: ---------------------------------------------------------------------------------------------------
[2026-04-19 22:23:26,881][rfdiffusion.inference.model_runners][INFO] - Timestep 50, input to next step: ---------------------------------------------------------------------------------------------------
[2026-04-19 22:23:28,229][rfdiffusion.inference.model_runners][INFO] - Timestep 49, input to next step: ---------------------------------------------------------------------------------------------------
[2026-04-19 22:23:29,636][rfdiffusion.inference.model_runners][INFO] - Timestep 48, input to next step: ---------------------------------------------------------------------------------------------------
[2026-04-19 22:23:31,043][rfdiffusion.inference.model_runners][INFO] - Timestep 47, input to next step: ---------------------------------------------------------------------------------------------------
[2026-04-19 22:23:32,388][rfdiffusion.inference.model_runners][INFO] - Timestep 46, input to next step: ---------------------------------------------------------------------------------------------------
[2026-04-19 22:23:33,735][rfdiffusion.inference.model_runners][INFO] - Timestep 45, input to next step: ---------------------------------------------------------------------------------------------------
[2026-04-19 22:23:35,180][rfdiffusion.inference.model_runners][INFO] - Timestep 44, input to next step: ---------------------------------------------------------------------------------------------------
[2026-04-19 22:23:36,579][rfdiffusion.inference.model_runners][INFO] - Timestep 43, input to next step: ---------------------------------------------------------------------------------------------------
[2026-04-19 22:23:37,991][rfdiffusion.inference.model_runners][INFO] - Timestep 42, input to next step: ---------------------------------------------------------------------------------------------------
[2026-04-19 22:23:39,430][rfdiffusion.inference.model_runners][INFO] - Timestep 41, input to next step: ---------------------------------------------------------------------------------------------------
[2026-04-19 22:23:40,995][rfdiffusion.inference.model_runners][INFO] - Timestep 40, input to next step: ---------------------------------------------------------------------------------------------------
[2026-04-19 22:23:42,646][rfdiffusion.inference.model_runners][INFO] - Timestep 39, input to next step: ---------------------------------------------------------------------------------------------------
[2026-04-19 22:23:44,353][rfdiffusion.inference.model_runners][INFO] - Timestep 38, input to next step: ---------------------------------------------------------------------------------------------------
[2026-04-19 22:23:46,083][rfdiffusion.inference.model_runners][INFO] - Timestep 37, input to next step: ---------------------------------------------------------------------------------------------------
[2026-04-19 22:23:47,877][rfdiffusion.inference.model_runners][INFO] - Timestep 36, input to next step: ---------------------------------------------------------------------------------------------------
[2026-04-19 22:23:49,518][rfdiffusion.inference.model_runners][INFO] - Timestep 35, input to next step: ---------------------------------------------------------------------------------------------------
[2026-04-19 22:23:51,206][rfdiffusion.inference.model_runners][INFO] - Timestep 34, input to next step: ---------------------------------------------------------------------------------------------------
[2026-04-19 22:23:52,853][rfdiffusion.inference.model_runners][INFO] - Timestep 33, input to next step: ---------------------------------------------------------------------------------------------------
[2026-04-19 22:23:54,540][rfdiffusion.inference.model_runners][INFO] - Timestep 32, input to next step: ---------------------------------------------------------------------------------------------------
[2026-04-19 22:23:56,299][rfdiffusion.inference.model_runners][INFO] - Timestep 31, input to next step: ---------------------------------------------------------------------------------------------------
[2026-04-19 22:23:58,006][rfdiffusion.inference.model_runners][INFO] - Timestep 30, input to next step: ---------------------------------------------------------------------------------------------------
[2026-04-19 22:23:59,775][rfdiffusion.inference.model_runners][INFO] - Timestep 29, input to next step: ---------------------------------------------------------------------------------------------------
[2026-04-19 22:24:01,556][rfdiffusion.inference.model_runners][INFO] - Timestep 28, input to next step: ---------------------------------------------------------------------------------------------------
[2026-04-19 22:24:03,160][rfdiffusion.inference.model_runners][INFO] - Timestep 27, input to next step: ---------------------------------------------------------------------------------------------------
[2026-04-19 22:24:04,796][rfdiffusion.inference.model_runners][INFO] - Timestep 26, input to next step: ---------------------------------------------------------------------------------------------------
[2026-04-19 22:24:06,929][rfdiffusion.inference.model_runners][INFO] - Timestep 25, input to next step: ---------------------------------------------------------------------------------------------------
[2026-04-19 22:24:08,655][rfdiffusion.inference.model_runners][INFO] - Timestep 24, input to next step: ---------------------------------------------------------------------------------------------------
[2026-04-19 22:24:10,498][rfdiffusion.inference.model_runners][INFO] - Timestep 23, input to next step: ---------------------------------------------------------------------------------------------------
[2026-04-19 22:24:12,261][rfdiffusion.inference.model_runners][INFO] - Timestep 22, input to next step: ---------------------------------------------------------------------------------------------------
[2026-04-19 22:24:13,885][rfdiffusion.inference.model_runners][INFO] - Timestep 21, input to next step: ---------------------------------------------------------------------------------------------------
[2026-04-19 22:24:15,586][rfdiffusion.inference.model_runners][INFO] - Timestep 20, input to next step: ---------------------------------------------------------------------------------------------------
[2026-04-19 22:24:17,225][rfdiffusion.inference.model_runners][INFO] - Timestep 19, input to next step: ---------------------------------------------------------------------------------------------------
[2026-04-19 22:24:18,813][rfdiffusion.inference.model_runners][INFO] - Timestep 18, input to next step: ---------------------------------------------------------------------------------------------------
[2026-04-19 22:24:20,508][rfdiffusion.inference.model_runners][INFO] - Timestep 17, input to next step: ---------------------------------------------------------------------------------------------------
[2026-04-19 22:24:22,245][rfdiffusion.inference.model_runners][INFO] - Timestep 16, input to next step: ---------------------------------------------------------------------------------------------------
[2026-04-19 22:24:24,020][rfdiffusion.inference.model_runners][INFO] - Timestep 15, input to next step: ---------------------------------------------------------------------------------------------------
[2026-04-19 22:24:25,485][rfdiffusion.inference.model_runners][INFO] - Timestep 14, input to next step: ---------------------------------------------------------------------------------------------------
[2026-04-19 22:24:27,058][rfdiffusion.inference.model_runners][INFO] - Timestep 13, input to next step: ---------------------------------------------------------------------------------------------------
[2026-04-19 22:24:28,718][rfdiffusion.inference.model_runners][INFO] - Timestep 12, input to next step: ---------------------------------------------------------------------------------------------------
[2026-04-19 22:24:30,413][rfdiffusion.inference.model_runners][INFO] - Timestep 11, input to next step: ---------------------------------------------------------------------------------------------------
[2026-04-19 22:24:32,208][rfdiffusion.inference.model_runners][INFO] - Timestep 10, input to next step: ---------------------------------------------------------------------------------------------------
[2026-04-19 22:24:33,870][rfdiffusion.inference.model_runners][INFO] - Timestep 9, input to next step: ---------------------------------------------------------------------------------------------------
[2026-04-19 22:24:35,666][rfdiffusion.inference.model_runners][INFO] - Timestep 8, input to next step: ---------------------------------------------------------------------------------------------------
[2026-04-19 22:24:37,543][rfdiffusion.inference.model_runners][INFO] - Timestep 7, input to next step: ---------------------------------------------------------------------------------------------------
[2026-04-19 22:24:39,419][rfdiffusion.inference.model_runners][INFO] - Timestep 6, input to next step: ---------------------------------------------------------------------------------------------------
[2026-04-19 22:24:41,558][rfdiffusion.inference.model_runners][INFO] - Timestep 5, input to next step: ---------------------------------------------------------------------------------------------------
[2026-04-19 22:24:43,282][rfdiffusion.inference.model_runners][INFO] - Timestep 4, input to next step: ---------------------------------------------------------------------------------------------------
[2026-04-19 22:24:44,965][rfdiffusion.inference.model_runners][INFO] - Timestep 3, input to next step: ---------------------------------------------------------------------------------------------------
[2026-04-19 22:24:46,539][rfdiffusion.inference.model_runners][INFO] - Timestep 2, input to next step: ---------------------------------------------------------------------------------------------------
[2026-04-19 22:24:49,391][__main__][INFO] - Finished design in 1.40 minutes
[2026-04-19 22:24:49,392][__main__][INFO] - Making design /home/manvi/Team_8_CS598GBL/Assignment/Generate_designs/default/len_099/design_9
[2026-04-19 22:24:49,396][rfdiffusion.inference.model_runners][INFO] - Using contig: ['99-99']
[2026-04-19 22:24:49,420][rfdiffusion.inference.model_runners][INFO] - Sequence init: ---------------------------------------------------------------------------------------------------
[2026-04-19 22:24:50,643][rfdiffusion.inference.model_runners][INFO] - Timestep 50, input to next step: ---------------------------------------------------------------------------------------------------
[2026-04-19 22:24:51,985][rfdiffusion.inference.model_runners][INFO] - Timestep 49, input to next step: ---------------------------------------------------------------------------------------------------
[2026-04-19 22:24:53,446][rfdiffusion.inference.model_runners][INFO] - Timestep 48, input to next step: ---------------------------------------------------------------------------------------------------
[2026-04-19 22:24:54,839][rfdiffusion.inference.model_runners][INFO] - Timestep 47, input to next step: ---------------------------------------------------------------------------------------------------
[2026-04-19 22:24:56,154][rfdiffusion.inference.model_runners][INFO] - Timestep 46, input to next step: ---------------------------------------------------------------------------------------------------
[2026-04-19 22:24:57,542][rfdiffusion.inference.model_runners][INFO] - Timestep 45, input to next step: ---------------------------------------------------------------------------------------------------
[2026-04-19 22:24:58,977][rfdiffusion.inference.model_runners][INFO] - Timestep 44, input to next step: ---------------------------------------------------------------------------------------------------
[2026-04-19 22:25:00,555][rfdiffusion.inference.model_runners][INFO] - Timestep 43, input to next step: ---------------------------------------------------------------------------------------------------
[2026-04-19 22:25:02,087][rfdiffusion.inference.model_runners][INFO] - Timestep 42, input to next step: ---------------------------------------------------------------------------------------------------
[2026-04-19 22:25:03,503][rfdiffusion.inference.model_runners][INFO] - Timestep 41, input to next step: ---------------------------------------------------------------------------------------------------
[2026-04-19 22:25:04,944][rfdiffusion.inference.model_runners][INFO] - Timestep 40, input to next step: ---------------------------------------------------------------------------------------------------
[2026-04-19 22:25:06,332][rfdiffusion.inference.model_runners][INFO] - Timestep 39, input to next step: ---------------------------------------------------------------------------------------------------
[2026-04-19 22:25:07,780][rfdiffusion.inference.model_runners][INFO] - Timestep 38, input to next step: ---------------------------------------------------------------------------------------------------
[2026-04-19 22:25:09,287][rfdiffusion.inference.model_runners][INFO] - Timestep 37, input to next step: ---------------------------------------------------------------------------------------------------
[2026-04-19 22:25:10,612][rfdiffusion.inference.model_runners][INFO] - Timestep 36, input to next step: ---------------------------------------------------------------------------------------------------
[2026-04-19 22:25:12,013][rfdiffusion.inference.model_runners][INFO] - Timestep 35, input to next step: ---------------------------------------------------------------------------------------------------
[2026-04-19 22:25:13,438][rfdiffusion.inference.model_runners][INFO] - Timestep 34, input to next step: ---------------------------------------------------------------------------------------------------
[2026-04-19 22:25:14,848][rfdiffusion.inference.model_runners][INFO] - Timestep 33, input to next step: ---------------------------------------------------------------------------------------------------
[2026-04-19 22:25:16,253][rfdiffusion.inference.model_runners][INFO] - Timestep 32, input to next step: ---------------------------------------------------------------------------------------------------
[2026-04-19 22:25:17,686][rfdiffusion.inference.model_runners][INFO] - Timestep 31, input to next step: ---------------------------------------------------------------------------------------------------
[2026-04-19 22:25:19,115][rfdiffusion.inference.model_runners][INFO] - Timestep 30, input to next step: ---------------------------------------------------------------------------------------------------
[2026-04-19 22:25:20,481][rfdiffusion.inference.model_runners][INFO] - Timestep 29, input to next step: ---------------------------------------------------------------------------------------------------
[2026-04-19 22:25:21,987][rfdiffusion.inference.model_runners][INFO] - Timestep 28, input to next step: ---------------------------------------------------------------------------------------------------
[2026-04-19 22:25:23,366][rfdiffusion.inference.model_runners][INFO] - Timestep 27, input to next step: ---------------------------------------------------------------------------------------------------
[2026-04-19 22:25:24,717][rfdiffusion.inference.model_runners][INFO] - Timestep 26, input to next step: ---------------------------------------------------------------------------------------------------
[2026-04-19 22:25:26,093][rfdiffusion.inference.model_runners][INFO] - Timestep 25, input to next step: ---------------------------------------------------------------------------------------------------
[2026-04-19 22:25:27,437][rfdiffusion.inference.model_runners][INFO] - Timestep 24, input to next step: ---------------------------------------------------------------------------------------------------
[2026-04-19 22:25:28,824][rfdiffusion.inference.model_runners][INFO] - Timestep 23, input to next step: ---------------------------------------------------------------------------------------------------
[2026-04-19 22:25:30,212][rfdiffusion.inference.model_runners][INFO] - Timestep 22, input to next step: ---------------------------------------------------------------------------------------------------
[2026-04-19 22:25:31,614][rfdiffusion.inference.model_runners][INFO] - Timestep 21, input to next step: ---------------------------------------------------------------------------------------------------
[2026-04-19 22:25:33,429][rfdiffusion.inference.model_runners][INFO] - Timestep 20, input to next step: ---------------------------------------------------------------------------------------------------
[2026-04-19 22:25:34,865][rfdiffusion.inference.model_runners][INFO] - Timestep 19, input to next step: ---------------------------------------------------------------------------------------------------
[2026-04-19 22:25:36,258][rfdiffusion.inference.model_runners][INFO] - Timestep 18, input to next step: ---------------------------------------------------------------------------------------------------
[2026-04-19 22:25:37,699][rfdiffusion.inference.model_runners][INFO] - Timestep 17, input to next step: ---------------------------------------------------------------------------------------------------
[2026-04-19 22:25:39,019][rfdiffusion.inference.model_runners][INFO] - Timestep 16, input to next step: ---------------------------------------------------------------------------------------------------
[2026-04-19 22:25:40,426][rfdiffusion.inference.model_runners][INFO] - Timestep 15, input to next step: ---------------------------------------------------------------------------------------------------
[2026-04-19 22:25:41,959][rfdiffusion.inference.model_runners][INFO] - Timestep 14, input to next step: ---------------------------------------------------------------------------------------------------
[2026-04-19 22:25:43,368][rfdiffusion.inference.model_runners][INFO] - Timestep 13, input to next step: ---------------------------------------------------------------------------------------------------
[2026-04-19 22:25:44,776][rfdiffusion.inference.model_runners][INFO] - Timestep 12, input to next step: ---------------------------------------------------------------------------------------------------
[2026-04-19 22:25:46,177][rfdiffusion.inference.model_runners][INFO] - Timestep 11, input to next step: ---------------------------------------------------------------------------------------------------
[2026-04-19 22:25:47,647][rfdiffusion.inference.model_runners][INFO] - Timestep 10, input to next step: ---------------------------------------------------------------------------------------------------
[2026-04-19 22:25:49,037][rfdiffusion.inference.model_runners][INFO] - Timestep 9, input to next step: ---------------------------------------------------------------------------------------------------
[2026-04-19 22:25:50,413][rfdiffusion.inference.model_runners][INFO] - Timestep 8, input to next step: ---------------------------------------------------------------------------------------------------
[2026-04-19 22:25:51,777][rfdiffusion.inference.model_runners][INFO] - Timestep 7, input to next step: ---------------------------------------------------------------------------------------------------
[2026-04-19 22:25:53,288][rfdiffusion.inference.model_runners][INFO] - Timestep 6, input to next step: ---------------------------------------------------------------------------------------------------
[2026-04-19 22:25:54,711][rfdiffusion.inference.model_runners][INFO] - Timestep 5, input to next step: ---------------------------------------------------------------------------------------------------
[2026-04-19 22:25:56,066][rfdiffusion.inference.model_runners][INFO] - Timestep 4, input to next step: ---------------------------------------------------------------------------------------------------
[2026-04-19 22:25:57,430][rfdiffusion.inference.model_runners][INFO] - Timestep 3, input to next step: ---------------------------------------------------------------------------------------------------
[2026-04-19 22:25:58,832][rfdiffusion.inference.model_runners][INFO] - Timestep 2, input to next step: ---------------------------------------------------------------------------------------------------
[2026-04-19 22:26:01,811][__main__][INFO] - Finished design in 1.21 minutes
