[2026-04-20 00:34:35,794][__main__][INFO] - Found GPU with device_name NVIDIA GeForce RTX 3050 Ti Laptop GPU. Will run RFdiffusion on NVIDIA GeForce RTX 3050 Ti Laptop GPU
[2026-04-20 00:34:35,795][rfdiffusion.inference.model_runners][INFO] - Reading checkpoint from /home/manvi/Team_8_CS598GBL/RFdiffusion/rfdiffusion/inference/../../models/Base_ckpt.pt
[2026-04-20 00:34:44,463][rfdiffusion.inference.model_runners][INFO] - Loading checkpoint.
[2026-04-20 00:34:44,852][rfdiffusion.diffusion][INFO] - Using cached IGSO3.
[2026-04-20 00:34:44,867][__main__][INFO] - Making design /home/manvi/Team_8_CS598GBL/Assignment/Generate_designs/default/len_107/design_0
[2026-04-20 00:34:44,873][rfdiffusion.inference.model_runners][INFO] - Using contig: ['107-107']
[2026-04-20 00:34:44,929][rfdiffusion.inference.model_runners][INFO] - Sequence init: -----------------------------------------------------------------------------------------------------------
[2026-04-20 00:34:50,146][rfdiffusion.inference.model_runners][INFO] - Timestep 50, input to next step: -----------------------------------------------------------------------------------------------------------
[2026-04-20 00:34:51,713][rfdiffusion.inference.model_runners][INFO] - Timestep 49, input to next step: -----------------------------------------------------------------------------------------------------------
[2026-04-20 00:34:53,711][rfdiffusion.inference.model_runners][INFO] - Timestep 48, input to next step: -----------------------------------------------------------------------------------------------------------
[2026-04-20 00:34:55,825][rfdiffusion.inference.model_runners][INFO] - Timestep 47, input to next step: -----------------------------------------------------------------------------------------------------------
[2026-04-20 00:34:57,852][rfdiffusion.inference.model_runners][INFO] - Timestep 46, input to next step: -----------------------------------------------------------------------------------------------------------
[2026-04-20 00:34:59,771][rfdiffusion.inference.model_runners][INFO] - Timestep 45, input to next step: -----------------------------------------------------------------------------------------------------------
[2026-04-20 00:35:01,654][rfdiffusion.inference.model_runners][INFO] - Timestep 44, input to next step: -----------------------------------------------------------------------------------------------------------
[2026-04-20 00:35:03,542][rfdiffusion.inference.model_runners][INFO] - Timestep 43, input to next step: -----------------------------------------------------------------------------------------------------------
[2026-04-20 00:35:05,462][rfdiffusion.inference.model_runners][INFO] - Timestep 42, input to next step: -----------------------------------------------------------------------------------------------------------
[2026-04-20 00:35:07,319][rfdiffusion.inference.model_runners][INFO] - Timestep 41, input to next step: -----------------------------------------------------------------------------------------------------------
[2026-04-20 00:35:08,919][rfdiffusion.inference.model_runners][INFO] - Timestep 40, input to next step: -----------------------------------------------------------------------------------------------------------
[2026-04-20 00:35:10,825][rfdiffusion.inference.model_runners][INFO] - Timestep 39, input to next step: -----------------------------------------------------------------------------------------------------------
[2026-04-20 00:35:12,725][rfdiffusion.inference.model_runners][INFO] - Timestep 38, input to next step: -----------------------------------------------------------------------------------------------------------
[2026-04-20 00:35:14,637][rfdiffusion.inference.model_runners][INFO] - Timestep 37, input to next step: -----------------------------------------------------------------------------------------------------------
[2026-04-20 00:35:16,593][rfdiffusion.inference.model_runners][INFO] - Timestep 36, input to next step: -----------------------------------------------------------------------------------------------------------
[2026-04-20 00:35:18,443][rfdiffusion.inference.model_runners][INFO] - Timestep 35, input to next step: -----------------------------------------------------------------------------------------------------------
[2026-04-20 00:35:20,367][rfdiffusion.inference.model_runners][INFO] - Timestep 34, input to next step: -----------------------------------------------------------------------------------------------------------
[2026-04-20 00:35:22,401][rfdiffusion.inference.model_runners][INFO] - Timestep 33, input to next step: -----------------------------------------------------------------------------------------------------------
[2026-04-20 00:35:24,038][rfdiffusion.inference.model_runners][INFO] - Timestep 32, input to next step: -----------------------------------------------------------------------------------------------------------
[2026-04-20 00:35:25,890][rfdiffusion.inference.model_runners][INFO] - Timestep 31, input to next step: -----------------------------------------------------------------------------------------------------------
[2026-04-20 00:35:27,655][rfdiffusion.inference.model_runners][INFO] - Timestep 30, input to next step: -----------------------------------------------------------------------------------------------------------
[2026-04-20 00:35:29,595][rfdiffusion.inference.model_runners][INFO] - Timestep 29, input to next step: -----------------------------------------------------------------------------------------------------------
[2026-04-20 00:35:31,594][rfdiffusion.inference.model_runners][INFO] - Timestep 28, input to next step: -----------------------------------------------------------------------------------------------------------
[2026-04-20 00:35:34,612][rfdiffusion.inference.model_runners][INFO] - Timestep 27, input to next step: -----------------------------------------------------------------------------------------------------------
[2026-04-20 00:35:36,490][rfdiffusion.inference.model_runners][INFO] - Timestep 26, input to next step: -----------------------------------------------------------------------------------------------------------
[2026-04-20 00:35:38,109][rfdiffusion.inference.model_runners][INFO] - Timestep 25, input to next step: -----------------------------------------------------------------------------------------------------------
[2026-04-20 00:35:40,076][rfdiffusion.inference.model_runners][INFO] - Timestep 24, input to next step: -----------------------------------------------------------------------------------------------------------
[2026-04-20 00:35:42,125][rfdiffusion.inference.model_runners][INFO] - Timestep 23, input to next step: -----------------------------------------------------------------------------------------------------------
[2026-04-20 00:35:44,131][rfdiffusion.inference.model_runners][INFO] - Timestep 22, input to next step: -----------------------------------------------------------------------------------------------------------
[2026-04-20 00:35:46,177][rfdiffusion.inference.model_runners][INFO] - Timestep 21, input to next step: -----------------------------------------------------------------------------------------------------------
[2026-04-20 00:35:48,112][rfdiffusion.inference.model_runners][INFO] - Timestep 20, input to next step: -----------------------------------------------------------------------------------------------------------
[2026-04-20 00:35:50,095][rfdiffusion.inference.model_runners][INFO] - Timestep 19, input to next step: -----------------------------------------------------------------------------------------------------------
[2026-04-20 00:35:52,083][rfdiffusion.inference.model_runners][INFO] - Timestep 18, input to next step: -----------------------------------------------------------------------------------------------------------
[2026-04-20 00:35:54,099][rfdiffusion.inference.model_runners][INFO] - Timestep 17, input to next step: -----------------------------------------------------------------------------------------------------------
[2026-04-20 00:35:56,172][rfdiffusion.inference.model_runners][INFO] - Timestep 16, input to next step: -----------------------------------------------------------------------------------------------------------
[2026-04-20 00:35:58,096][rfdiffusion.inference.model_runners][INFO] - Timestep 15, input to next step: -----------------------------------------------------------------------------------------------------------
[2026-04-20 00:36:00,038][rfdiffusion.inference.model_runners][INFO] - Timestep 14, input to next step: -----------------------------------------------------------------------------------------------------------
[2026-04-20 00:36:02,059][rfdiffusion.inference.model_runners][INFO] - Timestep 13, input to next step: -----------------------------------------------------------------------------------------------------------
[2026-04-20 00:36:04,232][rfdiffusion.inference.model_runners][INFO] - Timestep 12, input to next step: -----------------------------------------------------------------------------------------------------------
[2026-04-20 00:36:06,329][rfdiffusion.inference.model_runners][INFO] - Timestep 11, input to next step: -----------------------------------------------------------------------------------------------------------
[2026-04-20 00:36:08,632][rfdiffusion.inference.model_runners][INFO] - Timestep 10, input to next step: -----------------------------------------------------------------------------------------------------------
[2026-04-20 00:36:10,821][rfdiffusion.inference.model_runners][INFO] - Timestep 9, input to next step: -----------------------------------------------------------------------------------------------------------
[2026-04-20 00:36:12,827][rfdiffusion.inference.model_runners][INFO] - Timestep 8, input to next step: -----------------------------------------------------------------------------------------------------------
[2026-04-20 00:36:15,273][rfdiffusion.inference.model_runners][INFO] - Timestep 7, input to next step: -----------------------------------------------------------------------------------------------------------
[2026-04-20 00:36:17,323][rfdiffusion.inference.model_runners][INFO] - Timestep 6, input to next step: -----------------------------------------------------------------------------------------------------------
[2026-04-20 00:36:19,405][rfdiffusion.inference.model_runners][INFO] - Timestep 5, input to next step: -----------------------------------------------------------------------------------------------------------
[2026-04-20 00:36:21,722][rfdiffusion.inference.model_runners][INFO] - Timestep 4, input to next step: -----------------------------------------------------------------------------------------------------------
[2026-04-20 00:36:23,881][rfdiffusion.inference.model_runners][INFO] - Timestep 3, input to next step: -----------------------------------------------------------------------------------------------------------
[2026-04-20 00:36:25,907][rfdiffusion.inference.model_runners][INFO] - Timestep 2, input to next step: -----------------------------------------------------------------------------------------------------------
[2026-04-20 00:36:29,913][__main__][INFO] - Finished design in 1.75 minutes
[2026-04-20 00:36:29,914][__main__][INFO] - Making design /home/manvi/Team_8_CS598GBL/Assignment/Generate_designs/default/len_107/design_1
[2026-04-20 00:36:29,922][rfdiffusion.inference.model_runners][INFO] - Using contig: ['107-107']
[2026-04-20 00:36:29,958][rfdiffusion.inference.model_runners][INFO] - Sequence init: -----------------------------------------------------------------------------------------------------------
[2026-04-20 00:36:31,722][rfdiffusion.inference.model_runners][INFO] - Timestep 50, input to next step: -----------------------------------------------------------------------------------------------------------
[2026-04-20 00:36:33,805][rfdiffusion.inference.model_runners][INFO] - Timestep 49, input to next step: -----------------------------------------------------------------------------------------------------------
[2026-04-20 00:36:35,753][rfdiffusion.inference.model_runners][INFO] - Timestep 48, input to next step: -----------------------------------------------------------------------------------------------------------
[2026-04-20 00:36:37,740][rfdiffusion.inference.model_runners][INFO] - Timestep 47, input to next step: -----------------------------------------------------------------------------------------------------------
[2026-04-20 00:36:39,638][rfdiffusion.inference.model_runners][INFO] - Timestep 46, input to next step: -----------------------------------------------------------------------------------------------------------
[2026-04-20 00:36:41,657][rfdiffusion.inference.model_runners][INFO] - Timestep 45, input to next step: -----------------------------------------------------------------------------------------------------------
[2026-04-20 00:36:43,722][rfdiffusion.inference.model_runners][INFO] - Timestep 44, input to next step: -----------------------------------------------------------------------------------------------------------
[2026-04-20 00:36:45,661][rfdiffusion.inference.model_runners][INFO] - Timestep 43, input to next step: -----------------------------------------------------------------------------------------------------------
[2026-04-20 00:36:47,944][rfdiffusion.inference.model_runners][INFO] - Timestep 42, input to next step: -----------------------------------------------------------------------------------------------------------
[2026-04-20 00:36:50,075][rfdiffusion.inference.model_runners][INFO] - Timestep 41, input to next step: -----------------------------------------------------------------------------------------------------------
[2026-04-20 00:36:52,472][rfdiffusion.inference.model_runners][INFO] - Timestep 40, input to next step: -----------------------------------------------------------------------------------------------------------
[2026-04-20 00:36:54,736][rfdiffusion.inference.model_runners][INFO] - Timestep 39, input to next step: -----------------------------------------------------------------------------------------------------------
[2026-04-20 00:36:57,179][rfdiffusion.inference.model_runners][INFO] - Timestep 38, input to next step: -----------------------------------------------------------------------------------------------------------
[2026-04-20 00:36:59,287][rfdiffusion.inference.model_runners][INFO] - Timestep 37, input to next step: -----------------------------------------------------------------------------------------------------------
[2026-04-20 00:37:01,468][rfdiffusion.inference.model_runners][INFO] - Timestep 36, input to next step: -----------------------------------------------------------------------------------------------------------
[2026-04-20 00:37:03,557][rfdiffusion.inference.model_runners][INFO] - Timestep 35, input to next step: -----------------------------------------------------------------------------------------------------------
[2026-04-20 00:37:05,837][rfdiffusion.inference.model_runners][INFO] - Timestep 34, input to next step: -----------------------------------------------------------------------------------------------------------
[2026-04-20 00:37:07,992][rfdiffusion.inference.model_runners][INFO] - Timestep 33, input to next step: -----------------------------------------------------------------------------------------------------------
[2026-04-20 00:37:10,337][rfdiffusion.inference.model_runners][INFO] - Timestep 32, input to next step: -----------------------------------------------------------------------------------------------------------
[2026-04-20 00:37:13,036][rfdiffusion.inference.model_runners][INFO] - Timestep 31, input to next step: -----------------------------------------------------------------------------------------------------------
[2026-04-20 00:37:15,547][rfdiffusion.inference.model_runners][INFO] - Timestep 30, input to next step: -----------------------------------------------------------------------------------------------------------
[2026-04-20 00:37:18,122][rfdiffusion.inference.model_runners][INFO] - Timestep 29, input to next step: -----------------------------------------------------------------------------------------------------------
[2026-04-20 00:37:20,669][rfdiffusion.inference.model_runners][INFO] - Timestep 28, input to next step: -----------------------------------------------------------------------------------------------------------
[2026-04-20 00:37:23,442][rfdiffusion.inference.model_runners][INFO] - Timestep 27, input to next step: -----------------------------------------------------------------------------------------------------------
[2026-04-20 00:37:26,845][rfdiffusion.inference.model_runners][INFO] - Timestep 26, input to next step: -----------------------------------------------------------------------------------------------------------
[2026-04-20 00:37:29,031][rfdiffusion.inference.model_runners][INFO] - Timestep 25, input to next step: -----------------------------------------------------------------------------------------------------------
[2026-04-20 00:37:31,847][rfdiffusion.inference.model_runners][INFO] - Timestep 24, input to next step: -----------------------------------------------------------------------------------------------------------
[2026-04-20 00:37:35,261][rfdiffusion.inference.model_runners][INFO] - Timestep 23, input to next step: -----------------------------------------------------------------------------------------------------------
[2026-04-20 00:37:37,733][rfdiffusion.inference.model_runners][INFO] - Timestep 22, input to next step: -----------------------------------------------------------------------------------------------------------
[2026-04-20 00:37:40,398][rfdiffusion.inference.model_runners][INFO] - Timestep 21, input to next step: -----------------------------------------------------------------------------------------------------------
[2026-04-20 00:37:42,613][rfdiffusion.inference.model_runners][INFO] - Timestep 20, input to next step: -----------------------------------------------------------------------------------------------------------
[2026-04-20 00:37:44,725][rfdiffusion.inference.model_runners][INFO] - Timestep 19, input to next step: -----------------------------------------------------------------------------------------------------------
[2026-04-20 00:37:47,110][rfdiffusion.inference.model_runners][INFO] - Timestep 18, input to next step: -----------------------------------------------------------------------------------------------------------
[2026-04-20 00:37:50,652][rfdiffusion.inference.model_runners][INFO] - Timestep 17, input to next step: -----------------------------------------------------------------------------------------------------------
[2026-04-20 00:37:52,826][rfdiffusion.inference.model_runners][INFO] - Timestep 16, input to next step: -----------------------------------------------------------------------------------------------------------
[2026-04-20 00:37:55,344][rfdiffusion.inference.model_runners][INFO] - Timestep 15, input to next step: -----------------------------------------------------------------------------------------------------------
[2026-04-20 00:37:58,248][rfdiffusion.inference.model_runners][INFO] - Timestep 14, input to next step: -----------------------------------------------------------------------------------------------------------
[2026-04-20 00:38:00,154][rfdiffusion.inference.model_runners][INFO] - Timestep 13, input to next step: -----------------------------------------------------------------------------------------------------------
[2026-04-20 00:38:01,893][rfdiffusion.inference.model_runners][INFO] - Timestep 12, input to next step: -----------------------------------------------------------------------------------------------------------
[2026-04-20 00:38:03,691][rfdiffusion.inference.model_runners][INFO] - Timestep 11, input to next step: -----------------------------------------------------------------------------------------------------------
[2026-04-20 00:38:05,386][rfdiffusion.inference.model_runners][INFO] - Timestep 10, input to next step: -----------------------------------------------------------------------------------------------------------
[2026-04-20 00:38:07,041][rfdiffusion.inference.model_runners][INFO] - Timestep 9, input to next step: -----------------------------------------------------------------------------------------------------------
[2026-04-20 00:38:08,693][rfdiffusion.inference.model_runners][INFO] - Timestep 8, input to next step: -----------------------------------------------------------------------------------------------------------
[2026-04-20 00:38:10,348][rfdiffusion.inference.model_runners][INFO] - Timestep 7, input to next step: -----------------------------------------------------------------------------------------------------------
[2026-04-20 00:38:12,069][rfdiffusion.inference.model_runners][INFO] - Timestep 6, input to next step: -----------------------------------------------------------------------------------------------------------
[2026-04-20 00:38:13,713][rfdiffusion.inference.model_runners][INFO] - Timestep 5, input to next step: -----------------------------------------------------------------------------------------------------------
[2026-04-20 00:38:15,367][rfdiffusion.inference.model_runners][INFO] - Timestep 4, input to next step: -----------------------------------------------------------------------------------------------------------
[2026-04-20 00:38:17,141][rfdiffusion.inference.model_runners][INFO] - Timestep 3, input to next step: -----------------------------------------------------------------------------------------------------------
[2026-04-20 00:38:19,025][rfdiffusion.inference.model_runners][INFO] - Timestep 2, input to next step: -----------------------------------------------------------------------------------------------------------
[2026-04-20 00:38:22,307][__main__][INFO] - Finished design in 1.87 minutes
[2026-04-20 00:38:22,307][__main__][INFO] - Making design /home/manvi/Team_8_CS598GBL/Assignment/Generate_designs/default/len_107/design_2
[2026-04-20 00:38:22,313][rfdiffusion.inference.model_runners][INFO] - Using contig: ['107-107']
[2026-04-20 00:38:22,330][rfdiffusion.inference.model_runners][INFO] - Sequence init: -----------------------------------------------------------------------------------------------------------
[2026-04-20 00:38:23,673][rfdiffusion.inference.model_runners][INFO] - Timestep 50, input to next step: -----------------------------------------------------------------------------------------------------------
[2026-04-20 00:38:25,145][rfdiffusion.inference.model_runners][INFO] - Timestep 49, input to next step: -----------------------------------------------------------------------------------------------------------
[2026-04-20 00:38:26,642][rfdiffusion.inference.model_runners][INFO] - Timestep 48, input to next step: -----------------------------------------------------------------------------------------------------------
[2026-04-20 00:38:28,115][rfdiffusion.inference.model_runners][INFO] - Timestep 47, input to next step: -----------------------------------------------------------------------------------------------------------
[2026-04-20 00:38:29,744][rfdiffusion.inference.model_runners][INFO] - Timestep 46, input to next step: -----------------------------------------------------------------------------------------------------------
[2026-04-20 00:38:31,368][rfdiffusion.inference.model_runners][INFO] - Timestep 45, input to next step: -----------------------------------------------------------------------------------------------------------
[2026-04-20 00:38:32,980][rfdiffusion.inference.model_runners][INFO] - Timestep 44, input to next step: -----------------------------------------------------------------------------------------------------------
[2026-04-20 00:38:34,568][rfdiffusion.inference.model_runners][INFO] - Timestep 43, input to next step: -----------------------------------------------------------------------------------------------------------
[2026-04-20 00:38:36,099][rfdiffusion.inference.model_runners][INFO] - Timestep 42, input to next step: -----------------------------------------------------------------------------------------------------------
[2026-04-20 00:38:37,735][rfdiffusion.inference.model_runners][INFO] - Timestep 41, input to next step: -----------------------------------------------------------------------------------------------------------
[2026-04-20 00:38:39,245][rfdiffusion.inference.model_runners][INFO] - Timestep 40, input to next step: -----------------------------------------------------------------------------------------------------------
[2026-04-20 00:38:40,745][rfdiffusion.inference.model_runners][INFO] - Timestep 39, input to next step: -----------------------------------------------------------------------------------------------------------
[2026-04-20 00:38:42,338][rfdiffusion.inference.model_runners][INFO] - Timestep 38, input to next step: -----------------------------------------------------------------------------------------------------------
[2026-04-20 00:38:43,854][rfdiffusion.inference.model_runners][INFO] - Timestep 37, input to next step: -----------------------------------------------------------------------------------------------------------
[2026-04-20 00:38:45,271][rfdiffusion.inference.model_runners][INFO] - Timestep 36, input to next step: -----------------------------------------------------------------------------------------------------------
[2026-04-20 00:38:46,731][rfdiffusion.inference.model_runners][INFO] - Timestep 35, input to next step: -----------------------------------------------------------------------------------------------------------
[2026-04-20 00:38:48,144][rfdiffusion.inference.model_runners][INFO] - Timestep 34, input to next step: -----------------------------------------------------------------------------------------------------------
[2026-04-20 00:38:49,573][rfdiffusion.inference.model_runners][INFO] - Timestep 33, input to next step: -----------------------------------------------------------------------------------------------------------
[2026-04-20 00:38:51,141][rfdiffusion.inference.model_runners][INFO] - Timestep 32, input to next step: -----------------------------------------------------------------------------------------------------------
[2026-04-20 00:38:52,612][rfdiffusion.inference.model_runners][INFO] - Timestep 31, input to next step: -----------------------------------------------------------------------------------------------------------
[2026-04-20 00:38:54,010][rfdiffusion.inference.model_runners][INFO] - Timestep 30, input to next step: -----------------------------------------------------------------------------------------------------------
[2026-04-20 00:38:55,442][rfdiffusion.inference.model_runners][INFO] - Timestep 29, input to next step: -----------------------------------------------------------------------------------------------------------
[2026-04-20 00:38:56,868][rfdiffusion.inference.model_runners][INFO] - Timestep 28, input to next step: -----------------------------------------------------------------------------------------------------------
[2026-04-20 00:38:58,285][rfdiffusion.inference.model_runners][INFO] - Timestep 27, input to next step: -----------------------------------------------------------------------------------------------------------
[2026-04-20 00:38:59,802][rfdiffusion.inference.model_runners][INFO] - Timestep 26, input to next step: -----------------------------------------------------------------------------------------------------------
[2026-04-20 00:39:01,295][rfdiffusion.inference.model_runners][INFO] - Timestep 25, input to next step: -----------------------------------------------------------------------------------------------------------
[2026-04-20 00:39:02,810][rfdiffusion.inference.model_runners][INFO] - Timestep 24, input to next step: -----------------------------------------------------------------------------------------------------------
[2026-04-20 00:39:04,301][rfdiffusion.inference.model_runners][INFO] - Timestep 23, input to next step: -----------------------------------------------------------------------------------------------------------
[2026-04-20 00:39:05,969][rfdiffusion.inference.model_runners][INFO] - Timestep 22, input to next step: -----------------------------------------------------------------------------------------------------------
[2026-04-20 00:39:07,520][rfdiffusion.inference.model_runners][INFO] - Timestep 21, input to next step: -----------------------------------------------------------------------------------------------------------
[2026-04-20 00:39:09,034][rfdiffusion.inference.model_runners][INFO] - Timestep 20, input to next step: -----------------------------------------------------------------------------------------------------------
[2026-04-20 00:39:10,472][rfdiffusion.inference.model_runners][INFO] - Timestep 19, input to next step: -----------------------------------------------------------------------------------------------------------
[2026-04-20 00:39:12,054][rfdiffusion.inference.model_runners][INFO] - Timestep 18, input to next step: -----------------------------------------------------------------------------------------------------------
[2026-04-20 00:39:13,572][rfdiffusion.inference.model_runners][INFO] - Timestep 17, input to next step: -----------------------------------------------------------------------------------------------------------
[2026-04-20 00:39:15,046][rfdiffusion.inference.model_runners][INFO] - Timestep 16, input to next step: -----------------------------------------------------------------------------------------------------------
[2026-04-20 00:39:16,586][rfdiffusion.inference.model_runners][INFO] - Timestep 15, input to next step: -----------------------------------------------------------------------------------------------------------
[2026-04-20 00:39:17,999][rfdiffusion.inference.model_runners][INFO] - Timestep 14, input to next step: -----------------------------------------------------------------------------------------------------------
[2026-04-20 00:39:19,394][rfdiffusion.inference.model_runners][INFO] - Timestep 13, input to next step: -----------------------------------------------------------------------------------------------------------
[2026-04-20 00:39:20,757][rfdiffusion.inference.model_runners][INFO] - Timestep 12, input to next step: -----------------------------------------------------------------------------------------------------------
[2026-04-20 00:39:22,204][rfdiffusion.inference.model_runners][INFO] - Timestep 11, input to next step: -----------------------------------------------------------------------------------------------------------
[2026-04-20 00:39:23,652][rfdiffusion.inference.model_runners][INFO] - Timestep 10, input to next step: -----------------------------------------------------------------------------------------------------------
[2026-04-20 00:39:25,223][rfdiffusion.inference.model_runners][INFO] - Timestep 9, input to next step: -----------------------------------------------------------------------------------------------------------
[2026-04-20 00:39:26,701][rfdiffusion.inference.model_runners][INFO] - Timestep 8, input to next step: -----------------------------------------------------------------------------------------------------------
[2026-04-20 00:39:28,296][rfdiffusion.inference.model_runners][INFO] - Timestep 7, input to next step: -----------------------------------------------------------------------------------------------------------
[2026-04-20 00:39:29,739][rfdiffusion.inference.model_runners][INFO] - Timestep 6, input to next step: -----------------------------------------------------------------------------------------------------------
[2026-04-20 00:39:31,262][rfdiffusion.inference.model_runners][INFO] - Timestep 5, input to next step: -----------------------------------------------------------------------------------------------------------
[2026-04-20 00:39:32,797][rfdiffusion.inference.model_runners][INFO] - Timestep 4, input to next step: -----------------------------------------------------------------------------------------------------------
[2026-04-20 00:39:34,249][rfdiffusion.inference.model_runners][INFO] - Timestep 3, input to next step: -----------------------------------------------------------------------------------------------------------
[2026-04-20 00:39:35,785][rfdiffusion.inference.model_runners][INFO] - Timestep 2, input to next step: -----------------------------------------------------------------------------------------------------------
[2026-04-20 00:39:38,800][__main__][INFO] - Finished design in 1.27 minutes
[2026-04-20 00:39:38,800][__main__][INFO] - Making design /home/manvi/Team_8_CS598GBL/Assignment/Generate_designs/default/len_107/design_3
[2026-04-20 00:39:38,804][rfdiffusion.inference.model_runners][INFO] - Using contig: ['107-107']
[2026-04-20 00:39:38,824][rfdiffusion.inference.model_runners][INFO] - Sequence init: -----------------------------------------------------------------------------------------------------------
[2026-04-20 00:39:40,210][rfdiffusion.inference.model_runners][INFO] - Timestep 50, input to next step: -----------------------------------------------------------------------------------------------------------
[2026-04-20 00:39:41,657][rfdiffusion.inference.model_runners][INFO] - Timestep 49, input to next step: -----------------------------------------------------------------------------------------------------------
[2026-04-20 00:39:43,213][rfdiffusion.inference.model_runners][INFO] - Timestep 48, input to next step: -----------------------------------------------------------------------------------------------------------
[2026-04-20 00:39:44,716][rfdiffusion.inference.model_runners][INFO] - Timestep 47, input to next step: -----------------------------------------------------------------------------------------------------------
[2026-04-20 00:39:46,157][rfdiffusion.inference.model_runners][INFO] - Timestep 46, input to next step: -----------------------------------------------------------------------------------------------------------
[2026-04-20 00:39:47,739][rfdiffusion.inference.model_runners][INFO] - Timestep 45, input to next step: -----------------------------------------------------------------------------------------------------------
[2026-04-20 00:39:49,246][rfdiffusion.inference.model_runners][INFO] - Timestep 44, input to next step: -----------------------------------------------------------------------------------------------------------
[2026-04-20 00:39:50,771][rfdiffusion.inference.model_runners][INFO] - Timestep 43, input to next step: -----------------------------------------------------------------------------------------------------------
[2026-04-20 00:39:52,281][rfdiffusion.inference.model_runners][INFO] - Timestep 42, input to next step: -----------------------------------------------------------------------------------------------------------
[2026-04-20 00:39:53,868][rfdiffusion.inference.model_runners][INFO] - Timestep 41, input to next step: -----------------------------------------------------------------------------------------------------------
[2026-04-20 00:39:55,493][rfdiffusion.inference.model_runners][INFO] - Timestep 40, input to next step: -----------------------------------------------------------------------------------------------------------
[2026-04-20 00:39:57,297][rfdiffusion.inference.model_runners][INFO] - Timestep 39, input to next step: -----------------------------------------------------------------------------------------------------------
[2026-04-20 00:39:58,925][rfdiffusion.inference.model_runners][INFO] - Timestep 38, input to next step: -----------------------------------------------------------------------------------------------------------
[2026-04-20 00:40:00,645][rfdiffusion.inference.model_runners][INFO] - Timestep 37, input to next step: -----------------------------------------------------------------------------------------------------------
[2026-04-20 00:40:02,379][rfdiffusion.inference.model_runners][INFO] - Timestep 36, input to next step: -----------------------------------------------------------------------------------------------------------
[2026-04-20 00:40:03,849][rfdiffusion.inference.model_runners][INFO] - Timestep 35, input to next step: -----------------------------------------------------------------------------------------------------------
[2026-04-20 00:40:05,610][rfdiffusion.inference.model_runners][INFO] - Timestep 34, input to next step: -----------------------------------------------------------------------------------------------------------
[2026-04-20 00:40:07,154][rfdiffusion.inference.model_runners][INFO] - Timestep 33, input to next step: -----------------------------------------------------------------------------------------------------------
[2026-04-20 00:40:09,119][rfdiffusion.inference.model_runners][INFO] - Timestep 32, input to next step: -----------------------------------------------------------------------------------------------------------
[2026-04-20 00:40:11,481][rfdiffusion.inference.model_runners][INFO] - Timestep 31, input to next step: -----------------------------------------------------------------------------------------------------------
[2026-04-20 00:40:13,307][rfdiffusion.inference.model_runners][INFO] - Timestep 30, input to next step: -----------------------------------------------------------------------------------------------------------
[2026-04-20 00:40:15,215][rfdiffusion.inference.model_runners][INFO] - Timestep 29, input to next step: -----------------------------------------------------------------------------------------------------------
[2026-04-20 00:40:17,015][rfdiffusion.inference.model_runners][INFO] - Timestep 28, input to next step: -----------------------------------------------------------------------------------------------------------
[2026-04-20 00:40:18,890][rfdiffusion.inference.model_runners][INFO] - Timestep 27, input to next step: -----------------------------------------------------------------------------------------------------------
[2026-04-20 00:40:20,734][rfdiffusion.inference.model_runners][INFO] - Timestep 26, input to next step: -----------------------------------------------------------------------------------------------------------
[2026-04-20 00:40:22,688][rfdiffusion.inference.model_runners][INFO] - Timestep 25, input to next step: -----------------------------------------------------------------------------------------------------------
[2026-04-20 00:40:24,595][rfdiffusion.inference.model_runners][INFO] - Timestep 24, input to next step: -----------------------------------------------------------------------------------------------------------
[2026-04-20 00:40:26,400][rfdiffusion.inference.model_runners][INFO] - Timestep 23, input to next step: -----------------------------------------------------------------------------------------------------------
[2026-04-20 00:40:28,195][rfdiffusion.inference.model_runners][INFO] - Timestep 22, input to next step: -----------------------------------------------------------------------------------------------------------
[2026-04-20 00:40:29,986][rfdiffusion.inference.model_runners][INFO] - Timestep 21, input to next step: -----------------------------------------------------------------------------------------------------------
[2026-04-20 00:40:31,777][rfdiffusion.inference.model_runners][INFO] - Timestep 20, input to next step: -----------------------------------------------------------------------------------------------------------
[2026-04-20 00:40:33,666][rfdiffusion.inference.model_runners][INFO] - Timestep 19, input to next step: -----------------------------------------------------------------------------------------------------------
[2026-04-20 00:40:35,908][rfdiffusion.inference.model_runners][INFO] - Timestep 18, input to next step: -----------------------------------------------------------------------------------------------------------
[2026-04-20 00:40:37,516][rfdiffusion.inference.model_runners][INFO] - Timestep 17, input to next step: -----------------------------------------------------------------------------------------------------------
[2026-04-20 00:40:39,087][rfdiffusion.inference.model_runners][INFO] - Timestep 16, input to next step: -----------------------------------------------------------------------------------------------------------
[2026-04-20 00:40:40,639][rfdiffusion.inference.model_runners][INFO] - Timestep 15, input to next step: -----------------------------------------------------------------------------------------------------------
[2026-04-20 00:40:42,391][rfdiffusion.inference.model_runners][INFO] - Timestep 14, input to next step: -----------------------------------------------------------------------------------------------------------
[2026-04-20 00:40:44,172][rfdiffusion.inference.model_runners][INFO] - Timestep 13, input to next step: -----------------------------------------------------------------------------------------------------------
[2026-04-20 00:40:45,852][rfdiffusion.inference.model_runners][INFO] - Timestep 12, input to next step: -----------------------------------------------------------------------------------------------------------
[2026-04-20 00:40:47,489][rfdiffusion.inference.model_runners][INFO] - Timestep 11, input to next step: -----------------------------------------------------------------------------------------------------------
[2026-04-20 00:40:49,481][rfdiffusion.inference.model_runners][INFO] - Timestep 10, input to next step: -----------------------------------------------------------------------------------------------------------
[2026-04-20 00:40:51,155][rfdiffusion.inference.model_runners][INFO] - Timestep 9, input to next step: -----------------------------------------------------------------------------------------------------------
[2026-04-20 00:40:52,700][rfdiffusion.inference.model_runners][INFO] - Timestep 8, input to next step: -----------------------------------------------------------------------------------------------------------
[2026-04-20 00:40:54,190][rfdiffusion.inference.model_runners][INFO] - Timestep 7, input to next step: -----------------------------------------------------------------------------------------------------------
[2026-04-20 00:40:55,656][rfdiffusion.inference.model_runners][INFO] - Timestep 6, input to next step: -----------------------------------------------------------------------------------------------------------
[2026-04-20 00:40:57,250][rfdiffusion.inference.model_runners][INFO] - Timestep 5, input to next step: -----------------------------------------------------------------------------------------------------------
[2026-04-20 00:40:58,907][rfdiffusion.inference.model_runners][INFO] - Timestep 4, input to next step: -----------------------------------------------------------------------------------------------------------
[2026-04-20 00:41:00,399][rfdiffusion.inference.model_runners][INFO] - Timestep 3, input to next step: -----------------------------------------------------------------------------------------------------------
[2026-04-20 00:41:02,017][rfdiffusion.inference.model_runners][INFO] - Timestep 2, input to next step: -----------------------------------------------------------------------------------------------------------
[2026-04-20 00:41:05,093][__main__][INFO] - Finished design in 1.44 minutes
[2026-04-20 00:41:05,094][__main__][INFO] - Making design /home/manvi/Team_8_CS598GBL/Assignment/Generate_designs/default/len_107/design_4
[2026-04-20 00:41:05,099][rfdiffusion.inference.model_runners][INFO] - Using contig: ['107-107']
[2026-04-20 00:41:05,122][rfdiffusion.inference.model_runners][INFO] - Sequence init: -----------------------------------------------------------------------------------------------------------
[2026-04-20 00:41:06,479][rfdiffusion.inference.model_runners][INFO] - Timestep 50, input to next step: -----------------------------------------------------------------------------------------------------------
[2026-04-20 00:41:07,943][rfdiffusion.inference.model_runners][INFO] - Timestep 49, input to next step: -----------------------------------------------------------------------------------------------------------
[2026-04-20 00:41:09,435][rfdiffusion.inference.model_runners][INFO] - Timestep 48, input to next step: -----------------------------------------------------------------------------------------------------------
[2026-04-20 00:41:10,945][rfdiffusion.inference.model_runners][INFO] - Timestep 47, input to next step: -----------------------------------------------------------------------------------------------------------
[2026-04-20 00:41:12,404][rfdiffusion.inference.model_runners][INFO] - Timestep 46, input to next step: -----------------------------------------------------------------------------------------------------------
[2026-04-20 00:41:13,992][rfdiffusion.inference.model_runners][INFO] - Timestep 45, input to next step: -----------------------------------------------------------------------------------------------------------
[2026-04-20 00:41:15,586][rfdiffusion.inference.model_runners][INFO] - Timestep 44, input to next step: -----------------------------------------------------------------------------------------------------------
[2026-04-20 00:41:17,090][rfdiffusion.inference.model_runners][INFO] - Timestep 43, input to next step: -----------------------------------------------------------------------------------------------------------
[2026-04-20 00:41:18,607][rfdiffusion.inference.model_runners][INFO] - Timestep 42, input to next step: -----------------------------------------------------------------------------------------------------------
[2026-04-20 00:41:20,212][rfdiffusion.inference.model_runners][INFO] - Timestep 41, input to next step: -----------------------------------------------------------------------------------------------------------
[2026-04-20 00:41:22,072][rfdiffusion.inference.model_runners][INFO] - Timestep 40, input to next step: -----------------------------------------------------------------------------------------------------------
[2026-04-20 00:41:23,772][rfdiffusion.inference.model_runners][INFO] - Timestep 39, input to next step: -----------------------------------------------------------------------------------------------------------
[2026-04-20 00:41:25,459][rfdiffusion.inference.model_runners][INFO] - Timestep 38, input to next step: -----------------------------------------------------------------------------------------------------------
[2026-04-20 00:41:27,196][rfdiffusion.inference.model_runners][INFO] - Timestep 37, input to next step: -----------------------------------------------------------------------------------------------------------
[2026-04-20 00:41:29,220][rfdiffusion.inference.model_runners][INFO] - Timestep 36, input to next step: -----------------------------------------------------------------------------------------------------------
[2026-04-20 00:41:31,216][rfdiffusion.inference.model_runners][INFO] - Timestep 35, input to next step: -----------------------------------------------------------------------------------------------------------
[2026-04-20 00:41:32,871][rfdiffusion.inference.model_runners][INFO] - Timestep 34, input to next step: -----------------------------------------------------------------------------------------------------------
[2026-04-20 00:41:34,510][rfdiffusion.inference.model_runners][INFO] - Timestep 33, input to next step: -----------------------------------------------------------------------------------------------------------
[2026-04-20 00:41:36,160][rfdiffusion.inference.model_runners][INFO] - Timestep 32, input to next step: -----------------------------------------------------------------------------------------------------------
[2026-04-20 00:41:37,873][rfdiffusion.inference.model_runners][INFO] - Timestep 31, input to next step: -----------------------------------------------------------------------------------------------------------
[2026-04-20 00:41:39,530][rfdiffusion.inference.model_runners][INFO] - Timestep 30, input to next step: -----------------------------------------------------------------------------------------------------------
[2026-04-20 00:41:41,262][rfdiffusion.inference.model_runners][INFO] - Timestep 29, input to next step: -----------------------------------------------------------------------------------------------------------
[2026-04-20 00:41:42,849][rfdiffusion.inference.model_runners][INFO] - Timestep 28, input to next step: -----------------------------------------------------------------------------------------------------------
[2026-04-20 00:41:44,514][rfdiffusion.inference.model_runners][INFO] - Timestep 27, input to next step: -----------------------------------------------------------------------------------------------------------
[2026-04-20 00:41:46,124][rfdiffusion.inference.model_runners][INFO] - Timestep 26, input to next step: -----------------------------------------------------------------------------------------------------------
[2026-04-20 00:41:47,788][rfdiffusion.inference.model_runners][INFO] - Timestep 25, input to next step: -----------------------------------------------------------------------------------------------------------
[2026-04-20 00:41:49,531][rfdiffusion.inference.model_runners][INFO] - Timestep 24, input to next step: -----------------------------------------------------------------------------------------------------------
[2026-04-20 00:41:51,202][rfdiffusion.inference.model_runners][INFO] - Timestep 23, input to next step: -----------------------------------------------------------------------------------------------------------
[2026-04-20 00:41:52,866][rfdiffusion.inference.model_runners][INFO] - Timestep 22, input to next step: -----------------------------------------------------------------------------------------------------------
[2026-04-20 00:41:54,566][rfdiffusion.inference.model_runners][INFO] - Timestep 21, input to next step: -----------------------------------------------------------------------------------------------------------
[2026-04-20 00:41:56,204][rfdiffusion.inference.model_runners][INFO] - Timestep 20, input to next step: -----------------------------------------------------------------------------------------------------------
[2026-04-20 00:41:58,103][rfdiffusion.inference.model_runners][INFO] - Timestep 19, input to next step: -----------------------------------------------------------------------------------------------------------
[2026-04-20 00:41:59,905][rfdiffusion.inference.model_runners][INFO] - Timestep 18, input to next step: -----------------------------------------------------------------------------------------------------------
[2026-04-20 00:42:01,641][rfdiffusion.inference.model_runners][INFO] - Timestep 17, input to next step: -----------------------------------------------------------------------------------------------------------
[2026-04-20 00:42:03,307][rfdiffusion.inference.model_runners][INFO] - Timestep 16, input to next step: -----------------------------------------------------------------------------------------------------------
[2026-04-20 00:42:05,067][rfdiffusion.inference.model_runners][INFO] - Timestep 15, input to next step: -----------------------------------------------------------------------------------------------------------
[2026-04-20 00:42:06,990][rfdiffusion.inference.model_runners][INFO] - Timestep 14, input to next step: -----------------------------------------------------------------------------------------------------------
[2026-04-20 00:42:09,391][rfdiffusion.inference.model_runners][INFO] - Timestep 13, input to next step: -----------------------------------------------------------------------------------------------------------
[2026-04-20 00:42:11,795][rfdiffusion.inference.model_runners][INFO] - Timestep 12, input to next step: -----------------------------------------------------------------------------------------------------------
[2026-04-20 00:42:14,487][rfdiffusion.inference.model_runners][INFO] - Timestep 11, input to next step: -----------------------------------------------------------------------------------------------------------
[2026-04-20 00:42:17,673][rfdiffusion.inference.model_runners][INFO] - Timestep 10, input to next step: -----------------------------------------------------------------------------------------------------------
[2026-04-20 00:42:20,034][rfdiffusion.inference.model_runners][INFO] - Timestep 9, input to next step: -----------------------------------------------------------------------------------------------------------
[2026-04-20 00:42:22,029][rfdiffusion.inference.model_runners][INFO] - Timestep 8, input to next step: -----------------------------------------------------------------------------------------------------------
[2026-04-20 00:42:25,289][rfdiffusion.inference.model_runners][INFO] - Timestep 7, input to next step: -----------------------------------------------------------------------------------------------------------
[2026-04-20 00:42:27,527][rfdiffusion.inference.model_runners][INFO] - Timestep 6, input to next step: -----------------------------------------------------------------------------------------------------------
[2026-04-20 00:42:29,426][rfdiffusion.inference.model_runners][INFO] - Timestep 5, input to next step: -----------------------------------------------------------------------------------------------------------
[2026-04-20 00:42:31,207][rfdiffusion.inference.model_runners][INFO] - Timestep 4, input to next step: -----------------------------------------------------------------------------------------------------------
[2026-04-20 00:42:33,052][rfdiffusion.inference.model_runners][INFO] - Timestep 3, input to next step: -----------------------------------------------------------------------------------------------------------
[2026-04-20 00:42:35,427][rfdiffusion.inference.model_runners][INFO] - Timestep 2, input to next step: -----------------------------------------------------------------------------------------------------------
[2026-04-20 00:42:40,085][__main__][INFO] - Finished design in 1.58 minutes
[2026-04-20 00:42:40,085][__main__][INFO] - Making design /home/manvi/Team_8_CS598GBL/Assignment/Generate_designs/default/len_107/design_5
[2026-04-20 00:42:40,091][rfdiffusion.inference.model_runners][INFO] - Using contig: ['107-107']
[2026-04-20 00:42:40,117][rfdiffusion.inference.model_runners][INFO] - Sequence init: -----------------------------------------------------------------------------------------------------------
[2026-04-20 00:42:41,933][rfdiffusion.inference.model_runners][INFO] - Timestep 50, input to next step: -----------------------------------------------------------------------------------------------------------
[2026-04-20 00:42:44,423][rfdiffusion.inference.model_runners][INFO] - Timestep 49, input to next step: -----------------------------------------------------------------------------------------------------------
[2026-04-20 00:42:46,335][rfdiffusion.inference.model_runners][INFO] - Timestep 48, input to next step: -----------------------------------------------------------------------------------------------------------
[2026-04-20 00:42:48,730][rfdiffusion.inference.model_runners][INFO] - Timestep 47, input to next step: -----------------------------------------------------------------------------------------------------------
[2026-04-20 00:42:51,603][rfdiffusion.inference.model_runners][INFO] - Timestep 46, input to next step: -----------------------------------------------------------------------------------------------------------
[2026-04-20 00:42:53,940][rfdiffusion.inference.model_runners][INFO] - Timestep 45, input to next step: -----------------------------------------------------------------------------------------------------------
[2026-04-20 00:42:56,703][rfdiffusion.inference.model_runners][INFO] - Timestep 44, input to next step: -----------------------------------------------------------------------------------------------------------
[2026-04-20 00:42:59,403][rfdiffusion.inference.model_runners][INFO] - Timestep 43, input to next step: -----------------------------------------------------------------------------------------------------------
[2026-04-20 00:43:02,126][rfdiffusion.inference.model_runners][INFO] - Timestep 42, input to next step: -----------------------------------------------------------------------------------------------------------
[2026-04-20 00:43:03,843][rfdiffusion.inference.model_runners][INFO] - Timestep 41, input to next step: -----------------------------------------------------------------------------------------------------------
[2026-04-20 00:43:05,562][rfdiffusion.inference.model_runners][INFO] - Timestep 40, input to next step: -----------------------------------------------------------------------------------------------------------
[2026-04-20 00:43:07,380][rfdiffusion.inference.model_runners][INFO] - Timestep 39, input to next step: -----------------------------------------------------------------------------------------------------------
[2026-04-20 00:43:09,129][rfdiffusion.inference.model_runners][INFO] - Timestep 38, input to next step: -----------------------------------------------------------------------------------------------------------
[2026-04-20 00:43:10,960][rfdiffusion.inference.model_runners][INFO] - Timestep 37, input to next step: -----------------------------------------------------------------------------------------------------------
[2026-04-20 00:43:12,761][rfdiffusion.inference.model_runners][INFO] - Timestep 36, input to next step: -----------------------------------------------------------------------------------------------------------
[2026-04-20 00:43:14,466][rfdiffusion.inference.model_runners][INFO] - Timestep 35, input to next step: -----------------------------------------------------------------------------------------------------------
[2026-04-20 00:43:16,154][rfdiffusion.inference.model_runners][INFO] - Timestep 34, input to next step: -----------------------------------------------------------------------------------------------------------
[2026-04-20 00:43:18,262][rfdiffusion.inference.model_runners][INFO] - Timestep 33, input to next step: -----------------------------------------------------------------------------------------------------------
[2026-04-20 00:43:20,177][rfdiffusion.inference.model_runners][INFO] - Timestep 32, input to next step: -----------------------------------------------------------------------------------------------------------
[2026-04-20 00:43:21,999][rfdiffusion.inference.model_runners][INFO] - Timestep 31, input to next step: -----------------------------------------------------------------------------------------------------------
[2026-04-20 00:43:24,250][rfdiffusion.inference.model_runners][INFO] - Timestep 30, input to next step: -----------------------------------------------------------------------------------------------------------
[2026-04-20 00:43:26,639][rfdiffusion.inference.model_runners][INFO] - Timestep 29, input to next step: -----------------------------------------------------------------------------------------------------------
[2026-04-20 00:43:29,071][rfdiffusion.inference.model_runners][INFO] - Timestep 28, input to next step: -----------------------------------------------------------------------------------------------------------
[2026-04-20 00:43:31,341][rfdiffusion.inference.model_runners][INFO] - Timestep 27, input to next step: -----------------------------------------------------------------------------------------------------------
[2026-04-20 00:43:33,641][rfdiffusion.inference.model_runners][INFO] - Timestep 26, input to next step: -----------------------------------------------------------------------------------------------------------
[2026-04-20 00:43:35,898][rfdiffusion.inference.model_runners][INFO] - Timestep 25, input to next step: -----------------------------------------------------------------------------------------------------------
[2026-04-20 00:43:38,291][rfdiffusion.inference.model_runners][INFO] - Timestep 24, input to next step: -----------------------------------------------------------------------------------------------------------
[2026-04-20 00:43:40,517][rfdiffusion.inference.model_runners][INFO] - Timestep 23, input to next step: -----------------------------------------------------------------------------------------------------------
[2026-04-20 00:43:42,884][rfdiffusion.inference.model_runners][INFO] - Timestep 22, input to next step: -----------------------------------------------------------------------------------------------------------
[2026-04-20 00:43:44,806][rfdiffusion.inference.model_runners][INFO] - Timestep 21, input to next step: -----------------------------------------------------------------------------------------------------------
[2026-04-20 00:43:46,898][rfdiffusion.inference.model_runners][INFO] - Timestep 20, input to next step: -----------------------------------------------------------------------------------------------------------
[2026-04-20 00:43:49,066][rfdiffusion.inference.model_runners][INFO] - Timestep 19, input to next step: -----------------------------------------------------------------------------------------------------------
[2026-04-20 00:43:51,299][rfdiffusion.inference.model_runners][INFO] - Timestep 18, input to next step: -----------------------------------------------------------------------------------------------------------
[2026-04-20 00:43:53,486][rfdiffusion.inference.model_runners][INFO] - Timestep 17, input to next step: -----------------------------------------------------------------------------------------------------------
[2026-04-20 00:43:55,568][rfdiffusion.inference.model_runners][INFO] - Timestep 16, input to next step: -----------------------------------------------------------------------------------------------------------
[2026-04-20 00:43:57,669][rfdiffusion.inference.model_runners][INFO] - Timestep 15, input to next step: -----------------------------------------------------------------------------------------------------------
[2026-04-20 00:43:59,800][rfdiffusion.inference.model_runners][INFO] - Timestep 14, input to next step: -----------------------------------------------------------------------------------------------------------
[2026-04-20 00:44:01,562][rfdiffusion.inference.model_runners][INFO] - Timestep 13, input to next step: -----------------------------------------------------------------------------------------------------------
[2026-04-20 00:44:03,295][rfdiffusion.inference.model_runners][INFO] - Timestep 12, input to next step: -----------------------------------------------------------------------------------------------------------
[2026-04-20 00:44:05,109][rfdiffusion.inference.model_runners][INFO] - Timestep 11, input to next step: -----------------------------------------------------------------------------------------------------------
[2026-04-20 00:44:07,063][rfdiffusion.inference.model_runners][INFO] - Timestep 10, input to next step: -----------------------------------------------------------------------------------------------------------
[2026-04-20 00:44:09,134][rfdiffusion.inference.model_runners][INFO] - Timestep 9, input to next step: -----------------------------------------------------------------------------------------------------------
[2026-04-20 00:44:11,166][rfdiffusion.inference.model_runners][INFO] - Timestep 8, input to next step: -----------------------------------------------------------------------------------------------------------
[2026-04-20 00:44:13,388][rfdiffusion.inference.model_runners][INFO] - Timestep 7, input to next step: -----------------------------------------------------------------------------------------------------------
[2026-04-20 00:44:15,253][rfdiffusion.inference.model_runners][INFO] - Timestep 6, input to next step: -----------------------------------------------------------------------------------------------------------
[2026-04-20 00:44:17,175][rfdiffusion.inference.model_runners][INFO] - Timestep 5, input to next step: -----------------------------------------------------------------------------------------------------------
[2026-04-20 00:44:18,805][rfdiffusion.inference.model_runners][INFO] - Timestep 4, input to next step: -----------------------------------------------------------------------------------------------------------
[2026-04-20 00:44:20,692][rfdiffusion.inference.model_runners][INFO] - Timestep 3, input to next step: -----------------------------------------------------------------------------------------------------------
[2026-04-20 00:44:22,599][rfdiffusion.inference.model_runners][INFO] - Timestep 2, input to next step: -----------------------------------------------------------------------------------------------------------
[2026-04-20 00:44:26,512][__main__][INFO] - Finished design in 1.77 minutes
[2026-04-20 00:44:26,512][__main__][INFO] - Making design /home/manvi/Team_8_CS598GBL/Assignment/Generate_designs/default/len_107/design_6
[2026-04-20 00:44:26,517][rfdiffusion.inference.model_runners][INFO] - Using contig: ['107-107']
[2026-04-20 00:44:26,538][rfdiffusion.inference.model_runners][INFO] - Sequence init: -----------------------------------------------------------------------------------------------------------
[2026-04-20 00:44:28,092][rfdiffusion.inference.model_runners][INFO] - Timestep 50, input to next step: -----------------------------------------------------------------------------------------------------------
[2026-04-20 00:44:29,830][rfdiffusion.inference.model_runners][INFO] - Timestep 49, input to next step: -----------------------------------------------------------------------------------------------------------
[2026-04-20 00:44:31,689][rfdiffusion.inference.model_runners][INFO] - Timestep 48, input to next step: -----------------------------------------------------------------------------------------------------------
[2026-04-20 00:44:33,666][rfdiffusion.inference.model_runners][INFO] - Timestep 47, input to next step: -----------------------------------------------------------------------------------------------------------
[2026-04-20 00:44:35,633][rfdiffusion.inference.model_runners][INFO] - Timestep 46, input to next step: -----------------------------------------------------------------------------------------------------------
[2026-04-20 00:44:37,757][rfdiffusion.inference.model_runners][INFO] - Timestep 45, input to next step: -----------------------------------------------------------------------------------------------------------
[2026-04-20 00:44:39,765][rfdiffusion.inference.model_runners][INFO] - Timestep 44, input to next step: -----------------------------------------------------------------------------------------------------------
[2026-04-20 00:44:41,615][rfdiffusion.inference.model_runners][INFO] - Timestep 43, input to next step: -----------------------------------------------------------------------------------------------------------
[2026-04-20 00:44:43,591][rfdiffusion.inference.model_runners][INFO] - Timestep 42, input to next step: -----------------------------------------------------------------------------------------------------------
[2026-04-20 00:44:45,524][rfdiffusion.inference.model_runners][INFO] - Timestep 41, input to next step: -----------------------------------------------------------------------------------------------------------
[2026-04-20 00:44:47,552][rfdiffusion.inference.model_runners][INFO] - Timestep 40, input to next step: -----------------------------------------------------------------------------------------------------------
[2026-04-20 00:44:49,785][rfdiffusion.inference.model_runners][INFO] - Timestep 39, input to next step: -----------------------------------------------------------------------------------------------------------
[2026-04-20 00:44:51,803][rfdiffusion.inference.model_runners][INFO] - Timestep 38, input to next step: -----------------------------------------------------------------------------------------------------------
[2026-04-20 00:44:53,415][rfdiffusion.inference.model_runners][INFO] - Timestep 37, input to next step: -----------------------------------------------------------------------------------------------------------
[2026-04-20 00:44:55,189][rfdiffusion.inference.model_runners][INFO] - Timestep 36, input to next step: -----------------------------------------------------------------------------------------------------------
[2026-04-20 00:44:56,995][rfdiffusion.inference.model_runners][INFO] - Timestep 35, input to next step: -----------------------------------------------------------------------------------------------------------
[2026-04-20 00:44:58,949][rfdiffusion.inference.model_runners][INFO] - Timestep 34, input to next step: -----------------------------------------------------------------------------------------------------------
[2026-04-20 00:45:01,138][rfdiffusion.inference.model_runners][INFO] - Timestep 33, input to next step: -----------------------------------------------------------------------------------------------------------
[2026-04-20 00:45:03,005][rfdiffusion.inference.model_runners][INFO] - Timestep 32, input to next step: -----------------------------------------------------------------------------------------------------------
[2026-04-20 00:45:04,865][rfdiffusion.inference.model_runners][INFO] - Timestep 31, input to next step: -----------------------------------------------------------------------------------------------------------
[2026-04-20 00:45:06,650][rfdiffusion.inference.model_runners][INFO] - Timestep 30, input to next step: -----------------------------------------------------------------------------------------------------------
[2026-04-20 00:45:08,482][rfdiffusion.inference.model_runners][INFO] - Timestep 29, input to next step: -----------------------------------------------------------------------------------------------------------
[2026-04-20 00:45:10,298][rfdiffusion.inference.model_runners][INFO] - Timestep 28, input to next step: -----------------------------------------------------------------------------------------------------------
[2026-04-20 00:45:12,091][rfdiffusion.inference.model_runners][INFO] - Timestep 27, input to next step: -----------------------------------------------------------------------------------------------------------
[2026-04-20 00:45:13,946][rfdiffusion.inference.model_runners][INFO] - Timestep 26, input to next step: -----------------------------------------------------------------------------------------------------------
[2026-04-20 00:45:15,726][rfdiffusion.inference.model_runners][INFO] - Timestep 25, input to next step: -----------------------------------------------------------------------------------------------------------
[2026-04-20 00:45:17,704][rfdiffusion.inference.model_runners][INFO] - Timestep 24, input to next step: -----------------------------------------------------------------------------------------------------------
[2026-04-20 00:45:19,613][rfdiffusion.inference.model_runners][INFO] - Timestep 23, input to next step: -----------------------------------------------------------------------------------------------------------
[2026-04-20 00:45:21,617][rfdiffusion.inference.model_runners][INFO] - Timestep 22, input to next step: -----------------------------------------------------------------------------------------------------------
[2026-04-20 00:45:23,435][rfdiffusion.inference.model_runners][INFO] - Timestep 21, input to next step: -----------------------------------------------------------------------------------------------------------
[2026-04-20 00:45:25,146][rfdiffusion.inference.model_runners][INFO] - Timestep 20, input to next step: -----------------------------------------------------------------------------------------------------------
[2026-04-20 00:45:26,910][rfdiffusion.inference.model_runners][INFO] - Timestep 19, input to next step: -----------------------------------------------------------------------------------------------------------
[2026-04-20 00:45:28,610][rfdiffusion.inference.model_runners][INFO] - Timestep 18, input to next step: -----------------------------------------------------------------------------------------------------------
[2026-04-20 00:45:30,360][rfdiffusion.inference.model_runners][INFO] - Timestep 17, input to next step: -----------------------------------------------------------------------------------------------------------
[2026-04-20 00:45:32,317][rfdiffusion.inference.model_runners][INFO] - Timestep 16, input to next step: -----------------------------------------------------------------------------------------------------------
[2026-04-20 00:45:34,411][rfdiffusion.inference.model_runners][INFO] - Timestep 15, input to next step: -----------------------------------------------------------------------------------------------------------
[2026-04-20 00:45:36,278][rfdiffusion.inference.model_runners][INFO] - Timestep 14, input to next step: -----------------------------------------------------------------------------------------------------------
[2026-04-20 00:45:38,140][rfdiffusion.inference.model_runners][INFO] - Timestep 13, input to next step: -----------------------------------------------------------------------------------------------------------
[2026-04-20 00:45:39,844][rfdiffusion.inference.model_runners][INFO] - Timestep 12, input to next step: -----------------------------------------------------------------------------------------------------------
[2026-04-20 00:45:41,630][rfdiffusion.inference.model_runners][INFO] - Timestep 11, input to next step: -----------------------------------------------------------------------------------------------------------
[2026-04-20 00:45:43,471][rfdiffusion.inference.model_runners][INFO] - Timestep 10, input to next step: -----------------------------------------------------------------------------------------------------------
[2026-04-20 00:45:45,256][rfdiffusion.inference.model_runners][INFO] - Timestep 9, input to next step: -----------------------------------------------------------------------------------------------------------
[2026-04-20 00:45:47,107][rfdiffusion.inference.model_runners][INFO] - Timestep 8, input to next step: -----------------------------------------------------------------------------------------------------------
[2026-04-20 00:45:48,974][rfdiffusion.inference.model_runners][INFO] - Timestep 7, input to next step: -----------------------------------------------------------------------------------------------------------
[2026-04-20 00:45:50,833][rfdiffusion.inference.model_runners][INFO] - Timestep 6, input to next step: -----------------------------------------------------------------------------------------------------------
[2026-04-20 00:45:52,639][rfdiffusion.inference.model_runners][INFO] - Timestep 5, input to next step: -----------------------------------------------------------------------------------------------------------
[2026-04-20 00:45:54,339][rfdiffusion.inference.model_runners][INFO] - Timestep 4, input to next step: -----------------------------------------------------------------------------------------------------------
[2026-04-20 00:45:56,102][rfdiffusion.inference.model_runners][INFO] - Timestep 3, input to next step: -----------------------------------------------------------------------------------------------------------
[2026-04-20 00:45:58,044][rfdiffusion.inference.model_runners][INFO] - Timestep 2, input to next step: -----------------------------------------------------------------------------------------------------------
[2026-04-20 00:46:01,720][__main__][INFO] - Finished design in 1.59 minutes
[2026-04-20 00:46:01,721][__main__][INFO] - Making design /home/manvi/Team_8_CS598GBL/Assignment/Generate_designs/default/len_107/design_7
[2026-04-20 00:46:01,726][rfdiffusion.inference.model_runners][INFO] - Using contig: ['107-107']
[2026-04-20 00:46:01,785][rfdiffusion.inference.model_runners][INFO] - Sequence init: -----------------------------------------------------------------------------------------------------------
[2026-04-20 00:46:03,580][rfdiffusion.inference.model_runners][INFO] - Timestep 50, input to next step: -----------------------------------------------------------------------------------------------------------
[2026-04-20 00:46:05,405][rfdiffusion.inference.model_runners][INFO] - Timestep 49, input to next step: -----------------------------------------------------------------------------------------------------------
[2026-04-20 00:46:07,528][rfdiffusion.inference.model_runners][INFO] - Timestep 48, input to next step: -----------------------------------------------------------------------------------------------------------
[2026-04-20 00:46:09,499][rfdiffusion.inference.model_runners][INFO] - Timestep 47, input to next step: -----------------------------------------------------------------------------------------------------------
[2026-04-20 00:46:11,321][rfdiffusion.inference.model_runners][INFO] - Timestep 46, input to next step: -----------------------------------------------------------------------------------------------------------
[2026-04-20 00:46:13,184][rfdiffusion.inference.model_runners][INFO] - Timestep 45, input to next step: -----------------------------------------------------------------------------------------------------------
[2026-04-20 00:46:15,117][rfdiffusion.inference.model_runners][INFO] - Timestep 44, input to next step: -----------------------------------------------------------------------------------------------------------
[2026-04-20 00:46:16,814][rfdiffusion.inference.model_runners][INFO] - Timestep 43, input to next step: -----------------------------------------------------------------------------------------------------------
[2026-04-20 00:46:18,592][rfdiffusion.inference.model_runners][INFO] - Timestep 42, input to next step: -----------------------------------------------------------------------------------------------------------
[2026-04-20 00:46:20,531][rfdiffusion.inference.model_runners][INFO] - Timestep 41, input to next step: -----------------------------------------------------------------------------------------------------------
[2026-04-20 00:46:22,606][rfdiffusion.inference.model_runners][INFO] - Timestep 40, input to next step: -----------------------------------------------------------------------------------------------------------
[2026-04-20 00:46:24,540][rfdiffusion.inference.model_runners][INFO] - Timestep 39, input to next step: -----------------------------------------------------------------------------------------------------------
[2026-04-20 00:46:26,303][rfdiffusion.inference.model_runners][INFO] - Timestep 38, input to next step: -----------------------------------------------------------------------------------------------------------
[2026-04-20 00:46:28,094][rfdiffusion.inference.model_runners][INFO] - Timestep 37, input to next step: -----------------------------------------------------------------------------------------------------------
[2026-04-20 00:46:29,858][rfdiffusion.inference.model_runners][INFO] - Timestep 36, input to next step: -----------------------------------------------------------------------------------------------------------
[2026-04-20 00:46:31,628][rfdiffusion.inference.model_runners][INFO] - Timestep 35, input to next step: -----------------------------------------------------------------------------------------------------------
[2026-04-20 00:46:33,352][rfdiffusion.inference.model_runners][INFO] - Timestep 34, input to next step: -----------------------------------------------------------------------------------------------------------
[2026-04-20 00:46:35,097][rfdiffusion.inference.model_runners][INFO] - Timestep 33, input to next step: -----------------------------------------------------------------------------------------------------------
[2026-04-20 00:46:36,931][rfdiffusion.inference.model_runners][INFO] - Timestep 32, input to next step: -----------------------------------------------------------------------------------------------------------
[2026-04-20 00:46:38,705][rfdiffusion.inference.model_runners][INFO] - Timestep 31, input to next step: -----------------------------------------------------------------------------------------------------------
[2026-04-20 00:46:40,324][rfdiffusion.inference.model_runners][INFO] - Timestep 30, input to next step: -----------------------------------------------------------------------------------------------------------
[2026-04-20 00:46:42,025][rfdiffusion.inference.model_runners][INFO] - Timestep 29, input to next step: -----------------------------------------------------------------------------------------------------------
[2026-04-20 00:46:43,677][rfdiffusion.inference.model_runners][INFO] - Timestep 28, input to next step: -----------------------------------------------------------------------------------------------------------
[2026-04-20 00:46:45,262][rfdiffusion.inference.model_runners][INFO] - Timestep 27, input to next step: -----------------------------------------------------------------------------------------------------------
[2026-04-20 00:46:46,927][rfdiffusion.inference.model_runners][INFO] - Timestep 26, input to next step: -----------------------------------------------------------------------------------------------------------
[2026-04-20 00:46:48,574][rfdiffusion.inference.model_runners][INFO] - Timestep 25, input to next step: -----------------------------------------------------------------------------------------------------------
[2026-04-20 00:46:50,345][rfdiffusion.inference.model_runners][INFO] - Timestep 24, input to next step: -----------------------------------------------------------------------------------------------------------
[2026-04-20 00:46:52,271][rfdiffusion.inference.model_runners][INFO] - Timestep 23, input to next step: -----------------------------------------------------------------------------------------------------------
[2026-04-20 00:46:54,023][rfdiffusion.inference.model_runners][INFO] - Timestep 22, input to next step: -----------------------------------------------------------------------------------------------------------
[2026-04-20 00:46:55,737][rfdiffusion.inference.model_runners][INFO] - Timestep 21, input to next step: -----------------------------------------------------------------------------------------------------------
[2026-04-20 00:46:57,481][rfdiffusion.inference.model_runners][INFO] - Timestep 20, input to next step: -----------------------------------------------------------------------------------------------------------
[2026-04-20 00:46:59,102][rfdiffusion.inference.model_runners][INFO] - Timestep 19, input to next step: -----------------------------------------------------------------------------------------------------------
[2026-04-20 00:47:00,783][rfdiffusion.inference.model_runners][INFO] - Timestep 18, input to next step: -----------------------------------------------------------------------------------------------------------
[2026-04-20 00:47:02,438][rfdiffusion.inference.model_runners][INFO] - Timestep 17, input to next step: -----------------------------------------------------------------------------------------------------------
[2026-04-20 00:47:04,071][rfdiffusion.inference.model_runners][INFO] - Timestep 16, input to next step: -----------------------------------------------------------------------------------------------------------
[2026-04-20 00:47:05,710][rfdiffusion.inference.model_runners][INFO] - Timestep 15, input to next step: -----------------------------------------------------------------------------------------------------------
[2026-04-20 00:47:07,336][rfdiffusion.inference.model_runners][INFO] - Timestep 14, input to next step: -----------------------------------------------------------------------------------------------------------
[2026-04-20 00:47:09,029][rfdiffusion.inference.model_runners][INFO] - Timestep 13, input to next step: -----------------------------------------------------------------------------------------------------------
[2026-04-20 00:47:10,641][rfdiffusion.inference.model_runners][INFO] - Timestep 12, input to next step: -----------------------------------------------------------------------------------------------------------
[2026-04-20 00:47:12,266][rfdiffusion.inference.model_runners][INFO] - Timestep 11, input to next step: -----------------------------------------------------------------------------------------------------------
[2026-04-20 00:47:13,926][rfdiffusion.inference.model_runners][INFO] - Timestep 10, input to next step: -----------------------------------------------------------------------------------------------------------
[2026-04-20 00:47:15,532][rfdiffusion.inference.model_runners][INFO] - Timestep 9, input to next step: -----------------------------------------------------------------------------------------------------------
[2026-04-20 00:47:17,130][rfdiffusion.inference.model_runners][INFO] - Timestep 8, input to next step: -----------------------------------------------------------------------------------------------------------
[2026-04-20 00:47:18,806][rfdiffusion.inference.model_runners][INFO] - Timestep 7, input to next step: -----------------------------------------------------------------------------------------------------------
[2026-04-20 00:47:20,401][rfdiffusion.inference.model_runners][INFO] - Timestep 6, input to next step: -----------------------------------------------------------------------------------------------------------
[2026-04-20 00:47:21,886][rfdiffusion.inference.model_runners][INFO] - Timestep 5, input to next step: -----------------------------------------------------------------------------------------------------------
[2026-04-20 00:47:23,500][rfdiffusion.inference.model_runners][INFO] - Timestep 4, input to next step: -----------------------------------------------------------------------------------------------------------
[2026-04-20 00:47:25,207][rfdiffusion.inference.model_runners][INFO] - Timestep 3, input to next step: -----------------------------------------------------------------------------------------------------------
[2026-04-20 00:47:28,480][rfdiffusion.inference.model_runners][INFO] - Timestep 2, input to next step: -----------------------------------------------------------------------------------------------------------
[2026-04-20 00:47:31,689][__main__][INFO] - Finished design in 1.50 minutes
[2026-04-20 00:47:31,690][__main__][INFO] - Making design /home/manvi/Team_8_CS598GBL/Assignment/Generate_designs/default/len_107/design_8
[2026-04-20 00:47:31,693][rfdiffusion.inference.model_runners][INFO] - Using contig: ['107-107']
[2026-04-20 00:47:31,714][rfdiffusion.inference.model_runners][INFO] - Sequence init: -----------------------------------------------------------------------------------------------------------
[2026-04-20 00:47:33,366][rfdiffusion.inference.model_runners][INFO] - Timestep 50, input to next step: -----------------------------------------------------------------------------------------------------------
[2026-04-20 00:47:35,027][rfdiffusion.inference.model_runners][INFO] - Timestep 49, input to next step: -----------------------------------------------------------------------------------------------------------
[2026-04-20 00:47:36,629][rfdiffusion.inference.model_runners][INFO] - Timestep 48, input to next step: -----------------------------------------------------------------------------------------------------------
[2026-04-20 00:47:38,335][rfdiffusion.inference.model_runners][INFO] - Timestep 47, input to next step: -----------------------------------------------------------------------------------------------------------
[2026-04-20 00:47:40,072][rfdiffusion.inference.model_runners][INFO] - Timestep 46, input to next step: -----------------------------------------------------------------------------------------------------------
[2026-04-20 00:47:41,743][rfdiffusion.inference.model_runners][INFO] - Timestep 45, input to next step: -----------------------------------------------------------------------------------------------------------
[2026-04-20 00:47:43,376][rfdiffusion.inference.model_runners][INFO] - Timestep 44, input to next step: -----------------------------------------------------------------------------------------------------------
[2026-04-20 00:47:45,042][rfdiffusion.inference.model_runners][INFO] - Timestep 43, input to next step: -----------------------------------------------------------------------------------------------------------
[2026-04-20 00:47:46,774][rfdiffusion.inference.model_runners][INFO] - Timestep 42, input to next step: -----------------------------------------------------------------------------------------------------------
[2026-04-20 00:47:48,452][rfdiffusion.inference.model_runners][INFO] - Timestep 41, input to next step: -----------------------------------------------------------------------------------------------------------
[2026-04-20 00:47:50,290][rfdiffusion.inference.model_runners][INFO] - Timestep 40, input to next step: -----------------------------------------------------------------------------------------------------------
[2026-04-20 00:47:51,968][rfdiffusion.inference.model_runners][INFO] - Timestep 39, input to next step: -----------------------------------------------------------------------------------------------------------
[2026-04-20 00:47:53,717][rfdiffusion.inference.model_runners][INFO] - Timestep 38, input to next step: -----------------------------------------------------------------------------------------------------------
[2026-04-20 00:47:55,431][rfdiffusion.inference.model_runners][INFO] - Timestep 37, input to next step: -----------------------------------------------------------------------------------------------------------
[2026-04-20 00:47:57,142][rfdiffusion.inference.model_runners][INFO] - Timestep 36, input to next step: -----------------------------------------------------------------------------------------------------------
[2026-04-20 00:47:58,867][rfdiffusion.inference.model_runners][INFO] - Timestep 35, input to next step: -----------------------------------------------------------------------------------------------------------
[2026-04-20 00:48:00,701][rfdiffusion.inference.model_runners][INFO] - Timestep 34, input to next step: -----------------------------------------------------------------------------------------------------------
[2026-04-20 00:48:02,266][rfdiffusion.inference.model_runners][INFO] - Timestep 33, input to next step: -----------------------------------------------------------------------------------------------------------
[2026-04-20 00:48:03,975][rfdiffusion.inference.model_runners][INFO] - Timestep 32, input to next step: -----------------------------------------------------------------------------------------------------------
[2026-04-20 00:48:05,714][rfdiffusion.inference.model_runners][INFO] - Timestep 31, input to next step: -----------------------------------------------------------------------------------------------------------
[2026-04-20 00:48:07,418][rfdiffusion.inference.model_runners][INFO] - Timestep 30, input to next step: -----------------------------------------------------------------------------------------------------------
[2026-04-20 00:48:09,093][rfdiffusion.inference.model_runners][INFO] - Timestep 29, input to next step: -----------------------------------------------------------------------------------------------------------
[2026-04-20 00:48:10,860][rfdiffusion.inference.model_runners][INFO] - Timestep 28, input to next step: -----------------------------------------------------------------------------------------------------------
[2026-04-20 00:48:12,763][rfdiffusion.inference.model_runners][INFO] - Timestep 27, input to next step: -----------------------------------------------------------------------------------------------------------
[2026-04-20 00:48:14,505][rfdiffusion.inference.model_runners][INFO] - Timestep 26, input to next step: -----------------------------------------------------------------------------------------------------------
[2026-04-20 00:48:16,247][rfdiffusion.inference.model_runners][INFO] - Timestep 25, input to next step: -----------------------------------------------------------------------------------------------------------
[2026-04-20 00:48:18,014][rfdiffusion.inference.model_runners][INFO] - Timestep 24, input to next step: -----------------------------------------------------------------------------------------------------------
[2026-04-20 00:48:19,886][rfdiffusion.inference.model_runners][INFO] - Timestep 23, input to next step: -----------------------------------------------------------------------------------------------------------
[2026-04-20 00:48:21,583][rfdiffusion.inference.model_runners][INFO] - Timestep 22, input to next step: -----------------------------------------------------------------------------------------------------------
[2026-04-20 00:48:23,218][rfdiffusion.inference.model_runners][INFO] - Timestep 21, input to next step: -----------------------------------------------------------------------------------------------------------
[2026-04-20 00:48:24,882][rfdiffusion.inference.model_runners][INFO] - Timestep 20, input to next step: -----------------------------------------------------------------------------------------------------------
[2026-04-20 00:48:26,503][rfdiffusion.inference.model_runners][INFO] - Timestep 19, input to next step: -----------------------------------------------------------------------------------------------------------
[2026-04-20 00:48:27,933][rfdiffusion.inference.model_runners][INFO] - Timestep 18, input to next step: -----------------------------------------------------------------------------------------------------------
[2026-04-20 00:48:29,553][rfdiffusion.inference.model_runners][INFO] - Timestep 17, input to next step: -----------------------------------------------------------------------------------------------------------
[2026-04-20 00:48:31,249][rfdiffusion.inference.model_runners][INFO] - Timestep 16, input to next step: -----------------------------------------------------------------------------------------------------------
[2026-04-20 00:48:33,017][rfdiffusion.inference.model_runners][INFO] - Timestep 15, input to next step: -----------------------------------------------------------------------------------------------------------
[2026-04-20 00:48:34,722][rfdiffusion.inference.model_runners][INFO] - Timestep 14, input to next step: -----------------------------------------------------------------------------------------------------------
[2026-04-20 00:48:36,542][rfdiffusion.inference.model_runners][INFO] - Timestep 13, input to next step: -----------------------------------------------------------------------------------------------------------
[2026-04-20 00:48:38,494][rfdiffusion.inference.model_runners][INFO] - Timestep 12, input to next step: -----------------------------------------------------------------------------------------------------------
[2026-04-20 00:48:40,175][rfdiffusion.inference.model_runners][INFO] - Timestep 11, input to next step: -----------------------------------------------------------------------------------------------------------
[2026-04-20 00:48:41,808][rfdiffusion.inference.model_runners][INFO] - Timestep 10, input to next step: -----------------------------------------------------------------------------------------------------------
[2026-04-20 00:48:43,402][rfdiffusion.inference.model_runners][INFO] - Timestep 9, input to next step: -----------------------------------------------------------------------------------------------------------
[2026-04-20 00:48:45,091][rfdiffusion.inference.model_runners][INFO] - Timestep 8, input to next step: -----------------------------------------------------------------------------------------------------------
[2026-04-20 00:48:46,795][rfdiffusion.inference.model_runners][INFO] - Timestep 7, input to next step: -----------------------------------------------------------------------------------------------------------
[2026-04-20 00:48:48,482][rfdiffusion.inference.model_runners][INFO] - Timestep 6, input to next step: -----------------------------------------------------------------------------------------------------------
[2026-04-20 00:48:50,170][rfdiffusion.inference.model_runners][INFO] - Timestep 5, input to next step: -----------------------------------------------------------------------------------------------------------
[2026-04-20 00:48:51,841][rfdiffusion.inference.model_runners][INFO] - Timestep 4, input to next step: -----------------------------------------------------------------------------------------------------------
[2026-04-20 00:48:53,490][rfdiffusion.inference.model_runners][INFO] - Timestep 3, input to next step: -----------------------------------------------------------------------------------------------------------
[2026-04-20 00:48:55,704][rfdiffusion.inference.model_runners][INFO] - Timestep 2, input to next step: -----------------------------------------------------------------------------------------------------------
[2026-04-20 00:48:59,860][__main__][INFO] - Finished design in 1.47 minutes
[2026-04-20 00:48:59,861][__main__][INFO] - Making design /home/manvi/Team_8_CS598GBL/Assignment/Generate_designs/default/len_107/design_9
[2026-04-20 00:48:59,865][rfdiffusion.inference.model_runners][INFO] - Using contig: ['107-107']
[2026-04-20 00:48:59,887][rfdiffusion.inference.model_runners][INFO] - Sequence init: -----------------------------------------------------------------------------------------------------------
[2026-04-20 00:49:01,522][rfdiffusion.inference.model_runners][INFO] - Timestep 50, input to next step: -----------------------------------------------------------------------------------------------------------
[2026-04-20 00:49:03,084][rfdiffusion.inference.model_runners][INFO] - Timestep 49, input to next step: -----------------------------------------------------------------------------------------------------------
[2026-04-20 00:49:04,736][rfdiffusion.inference.model_runners][INFO] - Timestep 48, input to next step: -----------------------------------------------------------------------------------------------------------
[2026-04-20 00:49:06,357][rfdiffusion.inference.model_runners][INFO] - Timestep 47, input to next step: -----------------------------------------------------------------------------------------------------------
[2026-04-20 00:49:08,015][rfdiffusion.inference.model_runners][INFO] - Timestep 46, input to next step: -----------------------------------------------------------------------------------------------------------
[2026-04-20 00:49:09,721][rfdiffusion.inference.model_runners][INFO] - Timestep 45, input to next step: -----------------------------------------------------------------------------------------------------------
[2026-04-20 00:49:11,354][rfdiffusion.inference.model_runners][INFO] - Timestep 44, input to next step: -----------------------------------------------------------------------------------------------------------
[2026-04-20 00:49:13,038][rfdiffusion.inference.model_runners][INFO] - Timestep 43, input to next step: -----------------------------------------------------------------------------------------------------------
[2026-04-20 00:49:14,748][rfdiffusion.inference.model_runners][INFO] - Timestep 42, input to next step: -----------------------------------------------------------------------------------------------------------
[2026-04-20 00:49:16,355][rfdiffusion.inference.model_runners][INFO] - Timestep 41, input to next step: -----------------------------------------------------------------------------------------------------------
[2026-04-20 00:49:18,021][rfdiffusion.inference.model_runners][INFO] - Timestep 40, input to next step: -----------------------------------------------------------------------------------------------------------
[2026-04-20 00:49:19,725][rfdiffusion.inference.model_runners][INFO] - Timestep 39, input to next step: -----------------------------------------------------------------------------------------------------------
[2026-04-20 00:49:21,373][rfdiffusion.inference.model_runners][INFO] - Timestep 38, input to next step: -----------------------------------------------------------------------------------------------------------
[2026-04-20 00:49:23,038][rfdiffusion.inference.model_runners][INFO] - Timestep 37, input to next step: -----------------------------------------------------------------------------------------------------------
[2026-04-20 00:49:24,681][rfdiffusion.inference.model_runners][INFO] - Timestep 36, input to next step: -----------------------------------------------------------------------------------------------------------
[2026-04-20 00:49:26,425][rfdiffusion.inference.model_runners][INFO] - Timestep 35, input to next step: -----------------------------------------------------------------------------------------------------------
[2026-04-20 00:49:28,039][rfdiffusion.inference.model_runners][INFO] - Timestep 34, input to next step: -----------------------------------------------------------------------------------------------------------
[2026-04-20 00:49:29,707][rfdiffusion.inference.model_runners][INFO] - Timestep 33, input to next step: -----------------------------------------------------------------------------------------------------------
[2026-04-20 00:49:31,417][rfdiffusion.inference.model_runners][INFO] - Timestep 32, input to next step: -----------------------------------------------------------------------------------------------------------
[2026-04-20 00:49:32,924][rfdiffusion.inference.model_runners][INFO] - Timestep 31, input to next step: -----------------------------------------------------------------------------------------------------------
[2026-04-20 00:49:34,458][rfdiffusion.inference.model_runners][INFO] - Timestep 30, input to next step: -----------------------------------------------------------------------------------------------------------
[2026-04-20 00:49:36,047][rfdiffusion.inference.model_runners][INFO] - Timestep 29, input to next step: -----------------------------------------------------------------------------------------------------------
[2026-04-20 00:49:37,609][rfdiffusion.inference.model_runners][INFO] - Timestep 28, input to next step: -----------------------------------------------------------------------------------------------------------
[2026-04-20 00:49:39,463][rfdiffusion.inference.model_runners][INFO] - Timestep 27, input to next step: -----------------------------------------------------------------------------------------------------------
[2026-04-20 00:49:41,099][rfdiffusion.inference.model_runners][INFO] - Timestep 26, input to next step: -----------------------------------------------------------------------------------------------------------
[2026-04-20 00:49:42,638][rfdiffusion.inference.model_runners][INFO] - Timestep 25, input to next step: -----------------------------------------------------------------------------------------------------------
[2026-04-20 00:49:44,236][rfdiffusion.inference.model_runners][INFO] - Timestep 24, input to next step: -----------------------------------------------------------------------------------------------------------
[2026-04-20 00:49:45,784][rfdiffusion.inference.model_runners][INFO] - Timestep 23, input to next step: -----------------------------------------------------------------------------------------------------------
[2026-04-20 00:49:47,450][rfdiffusion.inference.model_runners][INFO] - Timestep 22, input to next step: -----------------------------------------------------------------------------------------------------------
[2026-04-20 00:49:49,047][rfdiffusion.inference.model_runners][INFO] - Timestep 21, input to next step: -----------------------------------------------------------------------------------------------------------
[2026-04-20 00:49:50,619][rfdiffusion.inference.model_runners][INFO] - Timestep 20, input to next step: -----------------------------------------------------------------------------------------------------------
[2026-04-20 00:49:52,234][rfdiffusion.inference.model_runners][INFO] - Timestep 19, input to next step: -----------------------------------------------------------------------------------------------------------
[2026-04-20 00:49:53,849][rfdiffusion.inference.model_runners][INFO] - Timestep 18, input to next step: -----------------------------------------------------------------------------------------------------------
[2026-04-20 00:49:55,419][rfdiffusion.inference.model_runners][INFO] - Timestep 17, input to next step: -----------------------------------------------------------------------------------------------------------
[2026-04-20 00:49:56,948][rfdiffusion.inference.model_runners][INFO] - Timestep 16, input to next step: -----------------------------------------------------------------------------------------------------------
[2026-04-20 00:49:58,514][rfdiffusion.inference.model_runners][INFO] - Timestep 15, input to next step: -----------------------------------------------------------------------------------------------------------
[2026-04-20 00:50:00,219][rfdiffusion.inference.model_runners][INFO] - Timestep 14, input to next step: -----------------------------------------------------------------------------------------------------------
[2026-04-20 00:50:01,891][rfdiffusion.inference.model_runners][INFO] - Timestep 13, input to next step: -----------------------------------------------------------------------------------------------------------
[2026-04-20 00:50:03,568][rfdiffusion.inference.model_runners][INFO] - Timestep 12, input to next step: -----------------------------------------------------------------------------------------------------------
[2026-04-20 00:50:05,354][rfdiffusion.inference.model_runners][INFO] - Timestep 11, input to next step: -----------------------------------------------------------------------------------------------------------
[2026-04-20 00:50:07,001][rfdiffusion.inference.model_runners][INFO] - Timestep 10, input to next step: -----------------------------------------------------------------------------------------------------------
[2026-04-20 00:50:08,861][rfdiffusion.inference.model_runners][INFO] - Timestep 9, input to next step: -----------------------------------------------------------------------------------------------------------
[2026-04-20 00:50:10,621][rfdiffusion.inference.model_runners][INFO] - Timestep 8, input to next step: -----------------------------------------------------------------------------------------------------------
[2026-04-20 00:50:12,186][rfdiffusion.inference.model_runners][INFO] - Timestep 7, input to next step: -----------------------------------------------------------------------------------------------------------
[2026-04-20 00:50:13,758][rfdiffusion.inference.model_runners][INFO] - Timestep 6, input to next step: -----------------------------------------------------------------------------------------------------------
[2026-04-20 00:50:15,306][rfdiffusion.inference.model_runners][INFO] - Timestep 5, input to next step: -----------------------------------------------------------------------------------------------------------
[2026-04-20 00:50:16,819][rfdiffusion.inference.model_runners][INFO] - Timestep 4, input to next step: -----------------------------------------------------------------------------------------------------------
[2026-04-20 00:50:18,399][rfdiffusion.inference.model_runners][INFO] - Timestep 3, input to next step: -----------------------------------------------------------------------------------------------------------
[2026-04-20 00:50:19,934][rfdiffusion.inference.model_runners][INFO] - Timestep 2, input to next step: -----------------------------------------------------------------------------------------------------------
[2026-04-20 00:50:23,174][__main__][INFO] - Finished design in 1.39 minutes
