[2026-04-19 20:17:05,145][__main__][INFO] - Found GPU with device_name NVIDIA GeForce RTX 3050 Ti Laptop GPU. Will run RFdiffusion on NVIDIA GeForce RTX 3050 Ti Laptop GPU
[2026-04-19 20:17:05,147][rfdiffusion.inference.model_runners][INFO] - Reading checkpoint from /home/manvi/Team_8_CS598GBL/RFdiffusion/rfdiffusion/inference/../../models/Base_ckpt.pt
[2026-04-19 20:17:13,485][rfdiffusion.inference.model_runners][INFO] - Loading checkpoint.
[2026-04-19 20:17:13,864][rfdiffusion.diffusion][INFO] - Using cached IGSO3.
[2026-04-19 20:17:13,881][__main__][INFO] - Making design /home/manvi/Team_8_CS598GBL/Assignment/Generate_designs/default/len_092/design_0
[2026-04-19 20:17:13,886][rfdiffusion.inference.model_runners][INFO] - Using contig: ['92-92']
[2026-04-19 20:17:13,938][rfdiffusion.inference.model_runners][INFO] - Sequence init: --------------------------------------------------------------------------------------------
[2026-04-19 20:17:18,550][rfdiffusion.inference.model_runners][INFO] - Timestep 50, input to next step: --------------------------------------------------------------------------------------------
[2026-04-19 20:17:20,134][rfdiffusion.inference.model_runners][INFO] - Timestep 49, input to next step: --------------------------------------------------------------------------------------------
[2026-04-19 20:17:21,935][rfdiffusion.inference.model_runners][INFO] - Timestep 48, input to next step: --------------------------------------------------------------------------------------------
[2026-04-19 20:17:23,987][rfdiffusion.inference.model_runners][INFO] - Timestep 47, input to next step: --------------------------------------------------------------------------------------------
[2026-04-19 20:17:27,900][rfdiffusion.inference.model_runners][INFO] - Timestep 46, input to next step: --------------------------------------------------------------------------------------------
[2026-04-19 20:17:30,127][rfdiffusion.inference.model_runners][INFO] - Timestep 45, input to next step: --------------------------------------------------------------------------------------------
[2026-04-19 20:17:32,075][rfdiffusion.inference.model_runners][INFO] - Timestep 44, input to next step: --------------------------------------------------------------------------------------------
[2026-04-19 20:17:34,143][rfdiffusion.inference.model_runners][INFO] - Timestep 43, input to next step: --------------------------------------------------------------------------------------------
[2026-04-19 20:17:36,008][rfdiffusion.inference.model_runners][INFO] - Timestep 42, input to next step: --------------------------------------------------------------------------------------------
[2026-04-19 20:17:37,829][rfdiffusion.inference.model_runners][INFO] - Timestep 41, input to next step: --------------------------------------------------------------------------------------------
[2026-04-19 20:17:39,576][rfdiffusion.inference.model_runners][INFO] - Timestep 40, input to next step: --------------------------------------------------------------------------------------------
[2026-04-19 20:17:41,359][rfdiffusion.inference.model_runners][INFO] - Timestep 39, input to next step: --------------------------------------------------------------------------------------------
[2026-04-19 20:17:43,264][rfdiffusion.inference.model_runners][INFO] - Timestep 38, input to next step: --------------------------------------------------------------------------------------------
[2026-04-19 20:17:45,165][rfdiffusion.inference.model_runners][INFO] - Timestep 37, input to next step: --------------------------------------------------------------------------------------------
[2026-04-19 20:17:47,113][rfdiffusion.inference.model_runners][INFO] - Timestep 36, input to next step: --------------------------------------------------------------------------------------------
[2026-04-19 20:17:48,974][rfdiffusion.inference.model_runners][INFO] - Timestep 35, input to next step: --------------------------------------------------------------------------------------------
[2026-04-19 20:17:50,857][rfdiffusion.inference.model_runners][INFO] - Timestep 34, input to next step: --------------------------------------------------------------------------------------------
[2026-04-19 20:17:52,823][rfdiffusion.inference.model_runners][INFO] - Timestep 33, input to next step: --------------------------------------------------------------------------------------------
[2026-04-19 20:17:54,630][rfdiffusion.inference.model_runners][INFO] - Timestep 32, input to next step: --------------------------------------------------------------------------------------------
[2026-04-19 20:17:56,654][rfdiffusion.inference.model_runners][INFO] - Timestep 31, input to next step: --------------------------------------------------------------------------------------------
[2026-04-19 20:17:58,402][rfdiffusion.inference.model_runners][INFO] - Timestep 30, input to next step: --------------------------------------------------------------------------------------------
[2026-04-19 20:18:00,269][rfdiffusion.inference.model_runners][INFO] - Timestep 29, input to next step: --------------------------------------------------------------------------------------------
[2026-04-19 20:18:02,016][rfdiffusion.inference.model_runners][INFO] - Timestep 28, input to next step: --------------------------------------------------------------------------------------------
[2026-04-19 20:18:04,154][rfdiffusion.inference.model_runners][INFO] - Timestep 27, input to next step: --------------------------------------------------------------------------------------------
[2026-04-19 20:18:05,937][rfdiffusion.inference.model_runners][INFO] - Timestep 26, input to next step: --------------------------------------------------------------------------------------------
[2026-04-19 20:18:08,100][rfdiffusion.inference.model_runners][INFO] - Timestep 25, input to next step: --------------------------------------------------------------------------------------------
[2026-04-19 20:18:09,883][rfdiffusion.inference.model_runners][INFO] - Timestep 24, input to next step: --------------------------------------------------------------------------------------------
[2026-04-19 20:18:11,685][rfdiffusion.inference.model_runners][INFO] - Timestep 23, input to next step: --------------------------------------------------------------------------------------------
[2026-04-19 20:18:13,477][rfdiffusion.inference.model_runners][INFO] - Timestep 22, input to next step: --------------------------------------------------------------------------------------------
[2026-04-19 20:18:15,280][rfdiffusion.inference.model_runners][INFO] - Timestep 21, input to next step: --------------------------------------------------------------------------------------------
[2026-04-19 20:18:16,914][rfdiffusion.inference.model_runners][INFO] - Timestep 20, input to next step: --------------------------------------------------------------------------------------------
[2026-04-19 20:18:19,180][rfdiffusion.inference.model_runners][INFO] - Timestep 19, input to next step: --------------------------------------------------------------------------------------------
[2026-04-19 20:18:21,031][rfdiffusion.inference.model_runners][INFO] - Timestep 18, input to next step: --------------------------------------------------------------------------------------------
[2026-04-19 20:18:22,950][rfdiffusion.inference.model_runners][INFO] - Timestep 17, input to next step: --------------------------------------------------------------------------------------------
[2026-04-19 20:18:25,052][rfdiffusion.inference.model_runners][INFO] - Timestep 16, input to next step: --------------------------------------------------------------------------------------------
[2026-04-19 20:18:26,964][rfdiffusion.inference.model_runners][INFO] - Timestep 15, input to next step: --------------------------------------------------------------------------------------------
[2026-04-19 20:18:28,884][rfdiffusion.inference.model_runners][INFO] - Timestep 14, input to next step: --------------------------------------------------------------------------------------------
[2026-04-19 20:18:30,661][rfdiffusion.inference.model_runners][INFO] - Timestep 13, input to next step: --------------------------------------------------------------------------------------------
[2026-04-19 20:18:32,516][rfdiffusion.inference.model_runners][INFO] - Timestep 12, input to next step: --------------------------------------------------------------------------------------------
[2026-04-19 20:18:34,425][rfdiffusion.inference.model_runners][INFO] - Timestep 11, input to next step: --------------------------------------------------------------------------------------------
[2026-04-19 20:18:36,248][rfdiffusion.inference.model_runners][INFO] - Timestep 10, input to next step: --------------------------------------------------------------------------------------------
[2026-04-19 20:18:38,071][rfdiffusion.inference.model_runners][INFO] - Timestep 9, input to next step: --------------------------------------------------------------------------------------------
[2026-04-19 20:18:39,929][rfdiffusion.inference.model_runners][INFO] - Timestep 8, input to next step: --------------------------------------------------------------------------------------------
[2026-04-19 20:18:41,732][rfdiffusion.inference.model_runners][INFO] - Timestep 7, input to next step: --------------------------------------------------------------------------------------------
[2026-04-19 20:18:43,502][rfdiffusion.inference.model_runners][INFO] - Timestep 6, input to next step: --------------------------------------------------------------------------------------------
[2026-04-19 20:18:45,437][rfdiffusion.inference.model_runners][INFO] - Timestep 5, input to next step: --------------------------------------------------------------------------------------------
[2026-04-19 20:18:47,362][rfdiffusion.inference.model_runners][INFO] - Timestep 4, input to next step: --------------------------------------------------------------------------------------------
[2026-04-19 20:18:49,143][rfdiffusion.inference.model_runners][INFO] - Timestep 3, input to next step: --------------------------------------------------------------------------------------------
[2026-04-19 20:18:50,953][rfdiffusion.inference.model_runners][INFO] - Timestep 2, input to next step: --------------------------------------------------------------------------------------------
[2026-04-19 20:18:54,323][__main__][INFO] - Finished design in 1.67 minutes
[2026-04-19 20:18:54,324][__main__][INFO] - Making design /home/manvi/Team_8_CS598GBL/Assignment/Generate_designs/default/len_092/design_1
[2026-04-19 20:18:54,328][rfdiffusion.inference.model_runners][INFO] - Using contig: ['92-92']
[2026-04-19 20:18:54,349][rfdiffusion.inference.model_runners][INFO] - Sequence init: --------------------------------------------------------------------------------------------
[2026-04-19 20:18:55,898][rfdiffusion.inference.model_runners][INFO] - Timestep 50, input to next step: --------------------------------------------------------------------------------------------
[2026-04-19 20:18:57,647][rfdiffusion.inference.model_runners][INFO] - Timestep 49, input to next step: --------------------------------------------------------------------------------------------
[2026-04-19 20:18:59,450][rfdiffusion.inference.model_runners][INFO] - Timestep 48, input to next step: --------------------------------------------------------------------------------------------
[2026-04-19 20:19:01,432][rfdiffusion.inference.model_runners][INFO] - Timestep 47, input to next step: --------------------------------------------------------------------------------------------
[2026-04-19 20:19:03,226][rfdiffusion.inference.model_runners][INFO] - Timestep 46, input to next step: --------------------------------------------------------------------------------------------
[2026-04-19 20:19:05,016][rfdiffusion.inference.model_runners][INFO] - Timestep 45, input to next step: --------------------------------------------------------------------------------------------
[2026-04-19 20:19:06,611][rfdiffusion.inference.model_runners][INFO] - Timestep 44, input to next step: --------------------------------------------------------------------------------------------
[2026-04-19 20:19:08,197][rfdiffusion.inference.model_runners][INFO] - Timestep 43, input to next step: --------------------------------------------------------------------------------------------
[2026-04-19 20:19:09,957][rfdiffusion.inference.model_runners][INFO] - Timestep 42, input to next step: --------------------------------------------------------------------------------------------
[2026-04-19 20:19:11,854][rfdiffusion.inference.model_runners][INFO] - Timestep 41, input to next step: --------------------------------------------------------------------------------------------
[2026-04-19 20:19:13,646][rfdiffusion.inference.model_runners][INFO] - Timestep 40, input to next step: --------------------------------------------------------------------------------------------
[2026-04-19 20:19:15,429][rfdiffusion.inference.model_runners][INFO] - Timestep 39, input to next step: --------------------------------------------------------------------------------------------
[2026-04-19 20:19:17,328][rfdiffusion.inference.model_runners][INFO] - Timestep 38, input to next step: --------------------------------------------------------------------------------------------
[2026-04-19 20:19:19,241][rfdiffusion.inference.model_runners][INFO] - Timestep 37, input to next step: --------------------------------------------------------------------------------------------
[2026-04-19 20:19:21,032][rfdiffusion.inference.model_runners][INFO] - Timestep 36, input to next step: --------------------------------------------------------------------------------------------
[2026-04-19 20:19:23,813][rfdiffusion.inference.model_runners][INFO] - Timestep 35, input to next step: --------------------------------------------------------------------------------------------
[2026-04-19 20:19:26,400][rfdiffusion.inference.model_runners][INFO] - Timestep 34, input to next step: --------------------------------------------------------------------------------------------
[2026-04-19 20:19:28,383][rfdiffusion.inference.model_runners][INFO] - Timestep 33, input to next step: --------------------------------------------------------------------------------------------
[2026-04-19 20:19:30,489][rfdiffusion.inference.model_runners][INFO] - Timestep 32, input to next step: --------------------------------------------------------------------------------------------
[2026-04-19 20:19:32,952][rfdiffusion.inference.model_runners][INFO] - Timestep 31, input to next step: --------------------------------------------------------------------------------------------
[2026-04-19 20:19:34,675][rfdiffusion.inference.model_runners][INFO] - Timestep 30, input to next step: --------------------------------------------------------------------------------------------
[2026-04-19 20:19:36,830][rfdiffusion.inference.model_runners][INFO] - Timestep 29, input to next step: --------------------------------------------------------------------------------------------
[2026-04-19 20:19:38,775][rfdiffusion.inference.model_runners][INFO] - Timestep 28, input to next step: --------------------------------------------------------------------------------------------
[2026-04-19 20:19:40,331][rfdiffusion.inference.model_runners][INFO] - Timestep 27, input to next step: --------------------------------------------------------------------------------------------
[2026-04-19 20:19:42,130][rfdiffusion.inference.model_runners][INFO] - Timestep 26, input to next step: --------------------------------------------------------------------------------------------
[2026-04-19 20:19:43,944][rfdiffusion.inference.model_runners][INFO] - Timestep 25, input to next step: --------------------------------------------------------------------------------------------
[2026-04-19 20:19:45,756][rfdiffusion.inference.model_runners][INFO] - Timestep 24, input to next step: --------------------------------------------------------------------------------------------
[2026-04-19 20:19:47,716][rfdiffusion.inference.model_runners][INFO] - Timestep 23, input to next step: --------------------------------------------------------------------------------------------
[2026-04-19 20:19:50,033][rfdiffusion.inference.model_runners][INFO] - Timestep 22, input to next step: --------------------------------------------------------------------------------------------
[2026-04-19 20:19:52,005][rfdiffusion.inference.model_runners][INFO] - Timestep 21, input to next step: --------------------------------------------------------------------------------------------
[2026-04-19 20:19:53,813][rfdiffusion.inference.model_runners][INFO] - Timestep 20, input to next step: --------------------------------------------------------------------------------------------
[2026-04-19 20:19:55,821][rfdiffusion.inference.model_runners][INFO] - Timestep 19, input to next step: --------------------------------------------------------------------------------------------
[2026-04-19 20:19:57,977][rfdiffusion.inference.model_runners][INFO] - Timestep 18, input to next step: --------------------------------------------------------------------------------------------
[2026-04-19 20:19:59,720][rfdiffusion.inference.model_runners][INFO] - Timestep 17, input to next step: --------------------------------------------------------------------------------------------
[2026-04-19 20:20:01,670][rfdiffusion.inference.model_runners][INFO] - Timestep 16, input to next step: --------------------------------------------------------------------------------------------
[2026-04-19 20:20:03,385][rfdiffusion.inference.model_runners][INFO] - Timestep 15, input to next step: --------------------------------------------------------------------------------------------
[2026-04-19 20:20:05,117][rfdiffusion.inference.model_runners][INFO] - Timestep 14, input to next step: --------------------------------------------------------------------------------------------
[2026-04-19 20:20:07,002][rfdiffusion.inference.model_runners][INFO] - Timestep 13, input to next step: --------------------------------------------------------------------------------------------
[2026-04-19 20:20:08,899][rfdiffusion.inference.model_runners][INFO] - Timestep 12, input to next step: --------------------------------------------------------------------------------------------
[2026-04-19 20:20:10,719][rfdiffusion.inference.model_runners][INFO] - Timestep 11, input to next step: --------------------------------------------------------------------------------------------
[2026-04-19 20:20:12,561][rfdiffusion.inference.model_runners][INFO] - Timestep 10, input to next step: --------------------------------------------------------------------------------------------
[2026-04-19 20:20:14,389][rfdiffusion.inference.model_runners][INFO] - Timestep 9, input to next step: --------------------------------------------------------------------------------------------
[2026-04-19 20:20:16,321][rfdiffusion.inference.model_runners][INFO] - Timestep 8, input to next step: --------------------------------------------------------------------------------------------
[2026-04-19 20:20:18,148][rfdiffusion.inference.model_runners][INFO] - Timestep 7, input to next step: --------------------------------------------------------------------------------------------
[2026-04-19 20:20:20,056][rfdiffusion.inference.model_runners][INFO] - Timestep 6, input to next step: --------------------------------------------------------------------------------------------
[2026-04-19 20:20:22,133][rfdiffusion.inference.model_runners][INFO] - Timestep 5, input to next step: --------------------------------------------------------------------------------------------
[2026-04-19 20:20:23,995][rfdiffusion.inference.model_runners][INFO] - Timestep 4, input to next step: --------------------------------------------------------------------------------------------
[2026-04-19 20:20:25,939][rfdiffusion.inference.model_runners][INFO] - Timestep 3, input to next step: --------------------------------------------------------------------------------------------
[2026-04-19 20:20:27,862][rfdiffusion.inference.model_runners][INFO] - Timestep 2, input to next step: --------------------------------------------------------------------------------------------
[2026-04-19 20:20:31,473][__main__][INFO] - Finished design in 1.62 minutes
[2026-04-19 20:20:31,473][__main__][INFO] - Making design /home/manvi/Team_8_CS598GBL/Assignment/Generate_designs/default/len_092/design_2
[2026-04-19 20:20:31,482][rfdiffusion.inference.model_runners][INFO] - Using contig: ['92-92']
[2026-04-19 20:20:31,518][rfdiffusion.inference.model_runners][INFO] - Sequence init: --------------------------------------------------------------------------------------------
[2026-04-19 20:20:34,181][rfdiffusion.inference.model_runners][INFO] - Timestep 50, input to next step: --------------------------------------------------------------------------------------------
[2026-04-19 20:20:36,396][rfdiffusion.inference.model_runners][INFO] - Timestep 49, input to next step: --------------------------------------------------------------------------------------------
[2026-04-19 20:20:38,023][rfdiffusion.inference.model_runners][INFO] - Timestep 48, input to next step: --------------------------------------------------------------------------------------------
[2026-04-19 20:20:39,826][rfdiffusion.inference.model_runners][INFO] - Timestep 47, input to next step: --------------------------------------------------------------------------------------------
[2026-04-19 20:20:41,740][rfdiffusion.inference.model_runners][INFO] - Timestep 46, input to next step: --------------------------------------------------------------------------------------------
[2026-04-19 20:20:43,624][rfdiffusion.inference.model_runners][INFO] - Timestep 45, input to next step: --------------------------------------------------------------------------------------------
[2026-04-19 20:20:45,420][rfdiffusion.inference.model_runners][INFO] - Timestep 44, input to next step: --------------------------------------------------------------------------------------------
[2026-04-19 20:20:47,287][rfdiffusion.inference.model_runners][INFO] - Timestep 43, input to next step: --------------------------------------------------------------------------------------------
[2026-04-19 20:20:49,150][rfdiffusion.inference.model_runners][INFO] - Timestep 42, input to next step: --------------------------------------------------------------------------------------------
[2026-04-19 20:20:51,150][rfdiffusion.inference.model_runners][INFO] - Timestep 41, input to next step: --------------------------------------------------------------------------------------------
[2026-04-19 20:20:52,969][rfdiffusion.inference.model_runners][INFO] - Timestep 40, input to next step: --------------------------------------------------------------------------------------------
[2026-04-19 20:20:54,866][rfdiffusion.inference.model_runners][INFO] - Timestep 39, input to next step: --------------------------------------------------------------------------------------------
[2026-04-19 20:20:56,817][rfdiffusion.inference.model_runners][INFO] - Timestep 38, input to next step: --------------------------------------------------------------------------------------------
[2026-04-19 20:20:58,710][rfdiffusion.inference.model_runners][INFO] - Timestep 37, input to next step: --------------------------------------------------------------------------------------------
[2026-04-19 20:21:00,506][rfdiffusion.inference.model_runners][INFO] - Timestep 36, input to next step: --------------------------------------------------------------------------------------------
[2026-04-19 20:21:02,302][rfdiffusion.inference.model_runners][INFO] - Timestep 35, input to next step: --------------------------------------------------------------------------------------------
[2026-04-19 20:21:04,061][rfdiffusion.inference.model_runners][INFO] - Timestep 34, input to next step: --------------------------------------------------------------------------------------------
[2026-04-19 20:21:05,910][rfdiffusion.inference.model_runners][INFO] - Timestep 33, input to next step: --------------------------------------------------------------------------------------------
[2026-04-19 20:21:07,843][rfdiffusion.inference.model_runners][INFO] - Timestep 32, input to next step: --------------------------------------------------------------------------------------------
[2026-04-19 20:21:09,619][rfdiffusion.inference.model_runners][INFO] - Timestep 31, input to next step: --------------------------------------------------------------------------------------------
[2026-04-19 20:21:11,404][rfdiffusion.inference.model_runners][INFO] - Timestep 30, input to next step: --------------------------------------------------------------------------------------------
[2026-04-19 20:21:13,366][rfdiffusion.inference.model_runners][INFO] - Timestep 29, input to next step: --------------------------------------------------------------------------------------------
[2026-04-19 20:21:15,184][rfdiffusion.inference.model_runners][INFO] - Timestep 28, input to next step: --------------------------------------------------------------------------------------------
[2026-04-19 20:21:17,043][rfdiffusion.inference.model_runners][INFO] - Timestep 27, input to next step: --------------------------------------------------------------------------------------------
[2026-04-19 20:21:18,923][rfdiffusion.inference.model_runners][INFO] - Timestep 26, input to next step: --------------------------------------------------------------------------------------------
[2026-04-19 20:21:20,935][rfdiffusion.inference.model_runners][INFO] - Timestep 25, input to next step: --------------------------------------------------------------------------------------------
[2026-04-19 20:21:23,135][rfdiffusion.inference.model_runners][INFO] - Timestep 24, input to next step: --------------------------------------------------------------------------------------------
[2026-04-19 20:21:25,160][rfdiffusion.inference.model_runners][INFO] - Timestep 23, input to next step: --------------------------------------------------------------------------------------------
[2026-04-19 20:21:27,343][rfdiffusion.inference.model_runners][INFO] - Timestep 22, input to next step: --------------------------------------------------------------------------------------------
[2026-04-19 20:21:29,380][rfdiffusion.inference.model_runners][INFO] - Timestep 21, input to next step: --------------------------------------------------------------------------------------------
[2026-04-19 20:21:31,343][rfdiffusion.inference.model_runners][INFO] - Timestep 20, input to next step: --------------------------------------------------------------------------------------------
[2026-04-19 20:21:33,284][rfdiffusion.inference.model_runners][INFO] - Timestep 19, input to next step: --------------------------------------------------------------------------------------------
[2026-04-19 20:21:35,981][rfdiffusion.inference.model_runners][INFO] - Timestep 18, input to next step: --------------------------------------------------------------------------------------------
[2026-04-19 20:21:38,234][rfdiffusion.inference.model_runners][INFO] - Timestep 17, input to next step: --------------------------------------------------------------------------------------------
[2026-04-19 20:21:39,999][rfdiffusion.inference.model_runners][INFO] - Timestep 16, input to next step: --------------------------------------------------------------------------------------------
[2026-04-19 20:21:41,860][rfdiffusion.inference.model_runners][INFO] - Timestep 15, input to next step: --------------------------------------------------------------------------------------------
[2026-04-19 20:21:43,446][rfdiffusion.inference.model_runners][INFO] - Timestep 14, input to next step: --------------------------------------------------------------------------------------------
[2026-04-19 20:21:45,364][rfdiffusion.inference.model_runners][INFO] - Timestep 13, input to next step: --------------------------------------------------------------------------------------------
[2026-04-19 20:21:47,141][rfdiffusion.inference.model_runners][INFO] - Timestep 12, input to next step: --------------------------------------------------------------------------------------------
[2026-04-19 20:21:49,037][rfdiffusion.inference.model_runners][INFO] - Timestep 11, input to next step: --------------------------------------------------------------------------------------------
[2026-04-19 20:21:50,859][rfdiffusion.inference.model_runners][INFO] - Timestep 10, input to next step: --------------------------------------------------------------------------------------------
[2026-04-19 20:21:52,705][rfdiffusion.inference.model_runners][INFO] - Timestep 9, input to next step: --------------------------------------------------------------------------------------------
[2026-04-19 20:21:54,573][rfdiffusion.inference.model_runners][INFO] - Timestep 8, input to next step: --------------------------------------------------------------------------------------------
[2026-04-19 20:21:56,638][rfdiffusion.inference.model_runners][INFO] - Timestep 7, input to next step: --------------------------------------------------------------------------------------------
[2026-04-19 20:21:58,589][rfdiffusion.inference.model_runners][INFO] - Timestep 6, input to next step: --------------------------------------------------------------------------------------------
[2026-04-19 20:22:00,422][rfdiffusion.inference.model_runners][INFO] - Timestep 5, input to next step: --------------------------------------------------------------------------------------------
[2026-04-19 20:22:02,307][rfdiffusion.inference.model_runners][INFO] - Timestep 4, input to next step: --------------------------------------------------------------------------------------------
[2026-04-19 20:22:04,112][rfdiffusion.inference.model_runners][INFO] - Timestep 3, input to next step: --------------------------------------------------------------------------------------------
[2026-04-19 20:22:06,093][rfdiffusion.inference.model_runners][INFO] - Timestep 2, input to next step: --------------------------------------------------------------------------------------------
[2026-04-19 20:22:09,783][__main__][INFO] - Finished design in 1.64 minutes
[2026-04-19 20:22:09,784][__main__][INFO] - Making design /home/manvi/Team_8_CS598GBL/Assignment/Generate_designs/default/len_092/design_3
[2026-04-19 20:22:09,789][rfdiffusion.inference.model_runners][INFO] - Using contig: ['92-92']
[2026-04-19 20:22:09,811][rfdiffusion.inference.model_runners][INFO] - Sequence init: --------------------------------------------------------------------------------------------
[2026-04-19 20:22:11,686][rfdiffusion.inference.model_runners][INFO] - Timestep 50, input to next step: --------------------------------------------------------------------------------------------
[2026-04-19 20:22:13,749][rfdiffusion.inference.model_runners][INFO] - Timestep 49, input to next step: --------------------------------------------------------------------------------------------
[2026-04-19 20:22:15,792][rfdiffusion.inference.model_runners][INFO] - Timestep 48, input to next step: --------------------------------------------------------------------------------------------
[2026-04-19 20:22:17,690][rfdiffusion.inference.model_runners][INFO] - Timestep 47, input to next step: --------------------------------------------------------------------------------------------
[2026-04-19 20:22:19,599][rfdiffusion.inference.model_runners][INFO] - Timestep 46, input to next step: --------------------------------------------------------------------------------------------
[2026-04-19 20:22:21,531][rfdiffusion.inference.model_runners][INFO] - Timestep 45, input to next step: --------------------------------------------------------------------------------------------
[2026-04-19 20:22:23,439][rfdiffusion.inference.model_runners][INFO] - Timestep 44, input to next step: --------------------------------------------------------------------------------------------
[2026-04-19 20:22:25,348][rfdiffusion.inference.model_runners][INFO] - Timestep 43, input to next step: --------------------------------------------------------------------------------------------
[2026-04-19 20:22:27,395][rfdiffusion.inference.model_runners][INFO] - Timestep 42, input to next step: --------------------------------------------------------------------------------------------
[2026-04-19 20:22:29,248][rfdiffusion.inference.model_runners][INFO] - Timestep 41, input to next step: --------------------------------------------------------------------------------------------
[2026-04-19 20:22:30,991][rfdiffusion.inference.model_runners][INFO] - Timestep 40, input to next step: --------------------------------------------------------------------------------------------
[2026-04-19 20:22:32,614][rfdiffusion.inference.model_runners][INFO] - Timestep 39, input to next step: --------------------------------------------------------------------------------------------
[2026-04-19 20:22:34,299][rfdiffusion.inference.model_runners][INFO] - Timestep 38, input to next step: --------------------------------------------------------------------------------------------
[2026-04-19 20:22:36,181][rfdiffusion.inference.model_runners][INFO] - Timestep 37, input to next step: --------------------------------------------------------------------------------------------
[2026-04-19 20:22:37,987][rfdiffusion.inference.model_runners][INFO] - Timestep 36, input to next step: --------------------------------------------------------------------------------------------
[2026-04-19 20:22:39,809][rfdiffusion.inference.model_runners][INFO] - Timestep 35, input to next step: --------------------------------------------------------------------------------------------
[2026-04-19 20:22:41,687][rfdiffusion.inference.model_runners][INFO] - Timestep 34, input to next step: --------------------------------------------------------------------------------------------
[2026-04-19 20:22:43,568][rfdiffusion.inference.model_runners][INFO] - Timestep 33, input to next step: --------------------------------------------------------------------------------------------
[2026-04-19 20:22:45,354][rfdiffusion.inference.model_runners][INFO] - Timestep 32, input to next step: --------------------------------------------------------------------------------------------
[2026-04-19 20:22:47,151][rfdiffusion.inference.model_runners][INFO] - Timestep 31, input to next step: --------------------------------------------------------------------------------------------
[2026-04-19 20:22:48,921][rfdiffusion.inference.model_runners][INFO] - Timestep 30, input to next step: --------------------------------------------------------------------------------------------
[2026-04-19 20:22:50,525][rfdiffusion.inference.model_runners][INFO] - Timestep 29, input to next step: --------------------------------------------------------------------------------------------
[2026-04-19 20:22:52,641][rfdiffusion.inference.model_runners][INFO] - Timestep 28, input to next step: --------------------------------------------------------------------------------------------
[2026-04-19 20:22:54,473][rfdiffusion.inference.model_runners][INFO] - Timestep 27, input to next step: --------------------------------------------------------------------------------------------
[2026-04-19 20:22:56,191][rfdiffusion.inference.model_runners][INFO] - Timestep 26, input to next step: --------------------------------------------------------------------------------------------
[2026-04-19 20:22:57,992][rfdiffusion.inference.model_runners][INFO] - Timestep 25, input to next step: --------------------------------------------------------------------------------------------
[2026-04-19 20:22:59,864][rfdiffusion.inference.model_runners][INFO] - Timestep 24, input to next step: --------------------------------------------------------------------------------------------
[2026-04-19 20:23:01,700][rfdiffusion.inference.model_runners][INFO] - Timestep 23, input to next step: --------------------------------------------------------------------------------------------
[2026-04-19 20:23:03,610][rfdiffusion.inference.model_runners][INFO] - Timestep 22, input to next step: --------------------------------------------------------------------------------------------
[2026-04-19 20:23:05,393][rfdiffusion.inference.model_runners][INFO] - Timestep 21, input to next step: --------------------------------------------------------------------------------------------
[2026-04-19 20:23:07,307][rfdiffusion.inference.model_runners][INFO] - Timestep 20, input to next step: --------------------------------------------------------------------------------------------
[2026-04-19 20:23:09,111][rfdiffusion.inference.model_runners][INFO] - Timestep 19, input to next step: --------------------------------------------------------------------------------------------
[2026-04-19 20:23:10,939][rfdiffusion.inference.model_runners][INFO] - Timestep 18, input to next step: --------------------------------------------------------------------------------------------
[2026-04-19 20:23:12,750][rfdiffusion.inference.model_runners][INFO] - Timestep 17, input to next step: --------------------------------------------------------------------------------------------
[2026-04-19 20:23:14,592][rfdiffusion.inference.model_runners][INFO] - Timestep 16, input to next step: --------------------------------------------------------------------------------------------
[2026-04-19 20:23:16,580][rfdiffusion.inference.model_runners][INFO] - Timestep 15, input to next step: --------------------------------------------------------------------------------------------
[2026-04-19 20:23:18,953][rfdiffusion.inference.model_runners][INFO] - Timestep 14, input to next step: --------------------------------------------------------------------------------------------
[2026-04-19 20:23:20,859][rfdiffusion.inference.model_runners][INFO] - Timestep 13, input to next step: --------------------------------------------------------------------------------------------
[2026-04-19 20:23:22,669][rfdiffusion.inference.model_runners][INFO] - Timestep 12, input to next step: --------------------------------------------------------------------------------------------
[2026-04-19 20:23:24,542][rfdiffusion.inference.model_runners][INFO] - Timestep 11, input to next step: --------------------------------------------------------------------------------------------
[2026-04-19 20:23:26,374][rfdiffusion.inference.model_runners][INFO] - Timestep 10, input to next step: --------------------------------------------------------------------------------------------
[2026-04-19 20:23:28,094][rfdiffusion.inference.model_runners][INFO] - Timestep 9, input to next step: --------------------------------------------------------------------------------------------
[2026-04-19 20:23:29,912][rfdiffusion.inference.model_runners][INFO] - Timestep 8, input to next step: --------------------------------------------------------------------------------------------
[2026-04-19 20:23:31,812][rfdiffusion.inference.model_runners][INFO] - Timestep 7, input to next step: --------------------------------------------------------------------------------------------
[2026-04-19 20:23:34,306][rfdiffusion.inference.model_runners][INFO] - Timestep 6, input to next step: --------------------------------------------------------------------------------------------
[2026-04-19 20:23:36,135][rfdiffusion.inference.model_runners][INFO] - Timestep 5, input to next step: --------------------------------------------------------------------------------------------
[2026-04-19 20:23:37,918][rfdiffusion.inference.model_runners][INFO] - Timestep 4, input to next step: --------------------------------------------------------------------------------------------
[2026-04-19 20:23:39,751][rfdiffusion.inference.model_runners][INFO] - Timestep 3, input to next step: --------------------------------------------------------------------------------------------
[2026-04-19 20:23:41,660][rfdiffusion.inference.model_runners][INFO] - Timestep 2, input to next step: --------------------------------------------------------------------------------------------
[2026-04-19 20:23:45,305][__main__][INFO] - Finished design in 1.59 minutes
[2026-04-19 20:23:45,305][__main__][INFO] - Making design /home/manvi/Team_8_CS598GBL/Assignment/Generate_designs/default/len_092/design_4
[2026-04-19 20:23:45,310][rfdiffusion.inference.model_runners][INFO] - Using contig: ['92-92']
[2026-04-19 20:23:45,332][rfdiffusion.inference.model_runners][INFO] - Sequence init: --------------------------------------------------------------------------------------------
[2026-04-19 20:23:46,938][rfdiffusion.inference.model_runners][INFO] - Timestep 50, input to next step: --------------------------------------------------------------------------------------------
[2026-04-19 20:23:48,598][rfdiffusion.inference.model_runners][INFO] - Timestep 49, input to next step: --------------------------------------------------------------------------------------------
[2026-04-19 20:23:50,811][rfdiffusion.inference.model_runners][INFO] - Timestep 48, input to next step: --------------------------------------------------------------------------------------------
[2026-04-19 20:23:54,081][rfdiffusion.inference.model_runners][INFO] - Timestep 47, input to next step: --------------------------------------------------------------------------------------------
[2026-04-19 20:23:57,872][rfdiffusion.inference.model_runners][INFO] - Timestep 46, input to next step: --------------------------------------------------------------------------------------------
[2026-04-19 20:24:00,501][rfdiffusion.inference.model_runners][INFO] - Timestep 45, input to next step: --------------------------------------------------------------------------------------------
[2026-04-19 20:24:03,063][rfdiffusion.inference.model_runners][INFO] - Timestep 44, input to next step: --------------------------------------------------------------------------------------------
[2026-04-19 20:24:05,426][rfdiffusion.inference.model_runners][INFO] - Timestep 43, input to next step: --------------------------------------------------------------------------------------------
[2026-04-19 20:24:07,848][rfdiffusion.inference.model_runners][INFO] - Timestep 42, input to next step: --------------------------------------------------------------------------------------------
[2026-04-19 20:24:09,595][rfdiffusion.inference.model_runners][INFO] - Timestep 41, input to next step: --------------------------------------------------------------------------------------------
[2026-04-19 20:24:11,427][rfdiffusion.inference.model_runners][INFO] - Timestep 40, input to next step: --------------------------------------------------------------------------------------------
[2026-04-19 20:24:13,313][rfdiffusion.inference.model_runners][INFO] - Timestep 39, input to next step: --------------------------------------------------------------------------------------------
[2026-04-19 20:24:15,124][rfdiffusion.inference.model_runners][INFO] - Timestep 38, input to next step: --------------------------------------------------------------------------------------------
[2026-04-19 20:24:16,971][rfdiffusion.inference.model_runners][INFO] - Timestep 37, input to next step: --------------------------------------------------------------------------------------------
[2026-04-19 20:24:18,835][rfdiffusion.inference.model_runners][INFO] - Timestep 36, input to next step: --------------------------------------------------------------------------------------------
[2026-04-19 20:24:20,796][rfdiffusion.inference.model_runners][INFO] - Timestep 35, input to next step: --------------------------------------------------------------------------------------------
[2026-04-19 20:24:22,573][rfdiffusion.inference.model_runners][INFO] - Timestep 34, input to next step: --------------------------------------------------------------------------------------------
[2026-04-19 20:24:24,483][rfdiffusion.inference.model_runners][INFO] - Timestep 33, input to next step: --------------------------------------------------------------------------------------------
[2026-04-19 20:24:26,279][rfdiffusion.inference.model_runners][INFO] - Timestep 32, input to next step: --------------------------------------------------------------------------------------------
[2026-04-19 20:24:28,240][rfdiffusion.inference.model_runners][INFO] - Timestep 31, input to next step: --------------------------------------------------------------------------------------------
[2026-04-19 20:24:30,113][rfdiffusion.inference.model_runners][INFO] - Timestep 30, input to next step: --------------------------------------------------------------------------------------------
[2026-04-19 20:24:31,961][rfdiffusion.inference.model_runners][INFO] - Timestep 29, input to next step: --------------------------------------------------------------------------------------------
[2026-04-19 20:24:33,826][rfdiffusion.inference.model_runners][INFO] - Timestep 28, input to next step: --------------------------------------------------------------------------------------------
[2026-04-19 20:24:35,688][rfdiffusion.inference.model_runners][INFO] - Timestep 27, input to next step: --------------------------------------------------------------------------------------------
[2026-04-19 20:24:37,511][rfdiffusion.inference.model_runners][INFO] - Timestep 26, input to next step: --------------------------------------------------------------------------------------------
[2026-04-19 20:24:39,333][rfdiffusion.inference.model_runners][INFO] - Timestep 25, input to next step: --------------------------------------------------------------------------------------------
[2026-04-19 20:24:41,269][rfdiffusion.inference.model_runners][INFO] - Timestep 24, input to next step: --------------------------------------------------------------------------------------------
[2026-04-19 20:24:43,095][rfdiffusion.inference.model_runners][INFO] - Timestep 23, input to next step: --------------------------------------------------------------------------------------------
[2026-04-19 20:24:44,874][rfdiffusion.inference.model_runners][INFO] - Timestep 22, input to next step: --------------------------------------------------------------------------------------------
[2026-04-19 20:24:46,672][rfdiffusion.inference.model_runners][INFO] - Timestep 21, input to next step: --------------------------------------------------------------------------------------------
[2026-04-19 20:24:48,497][rfdiffusion.inference.model_runners][INFO] - Timestep 20, input to next step: --------------------------------------------------------------------------------------------
[2026-04-19 20:24:50,126][rfdiffusion.inference.model_runners][INFO] - Timestep 19, input to next step: --------------------------------------------------------------------------------------------
[2026-04-19 20:24:52,091][rfdiffusion.inference.model_runners][INFO] - Timestep 18, input to next step: --------------------------------------------------------------------------------------------
[2026-04-19 20:24:53,865][rfdiffusion.inference.model_runners][INFO] - Timestep 17, input to next step: --------------------------------------------------------------------------------------------
[2026-04-19 20:24:55,547][rfdiffusion.inference.model_runners][INFO] - Timestep 16, input to next step: --------------------------------------------------------------------------------------------
[2026-04-19 20:24:57,053][rfdiffusion.inference.model_runners][INFO] - Timestep 15, input to next step: --------------------------------------------------------------------------------------------
[2026-04-19 20:24:59,005][rfdiffusion.inference.model_runners][INFO] - Timestep 14, input to next step: --------------------------------------------------------------------------------------------
[2026-04-19 20:25:00,921][rfdiffusion.inference.model_runners][INFO] - Timestep 13, input to next step: --------------------------------------------------------------------------------------------
[2026-04-19 20:25:02,792][rfdiffusion.inference.model_runners][INFO] - Timestep 12, input to next step: --------------------------------------------------------------------------------------------
[2026-04-19 20:25:04,622][rfdiffusion.inference.model_runners][INFO] - Timestep 11, input to next step: --------------------------------------------------------------------------------------------
[2026-04-19 20:25:06,444][rfdiffusion.inference.model_runners][INFO] - Timestep 10, input to next step: --------------------------------------------------------------------------------------------
[2026-04-19 20:25:08,355][rfdiffusion.inference.model_runners][INFO] - Timestep 9, input to next step: --------------------------------------------------------------------------------------------
[2026-04-19 20:25:10,741][rfdiffusion.inference.model_runners][INFO] - Timestep 8, input to next step: --------------------------------------------------------------------------------------------
[2026-04-19 20:25:12,520][rfdiffusion.inference.model_runners][INFO] - Timestep 7, input to next step: --------------------------------------------------------------------------------------------
[2026-04-19 20:25:14,234][rfdiffusion.inference.model_runners][INFO] - Timestep 6, input to next step: --------------------------------------------------------------------------------------------
[2026-04-19 20:25:16,081][rfdiffusion.inference.model_runners][INFO] - Timestep 5, input to next step: --------------------------------------------------------------------------------------------
[2026-04-19 20:25:17,943][rfdiffusion.inference.model_runners][INFO] - Timestep 4, input to next step: --------------------------------------------------------------------------------------------
[2026-04-19 20:25:19,913][rfdiffusion.inference.model_runners][INFO] - Timestep 3, input to next step: --------------------------------------------------------------------------------------------
[2026-04-19 20:25:21,729][rfdiffusion.inference.model_runners][INFO] - Timestep 2, input to next step: --------------------------------------------------------------------------------------------
[2026-04-19 20:25:25,254][__main__][INFO] - Finished design in 1.67 minutes
[2026-04-19 20:25:25,255][__main__][INFO] - Making design /home/manvi/Team_8_CS598GBL/Assignment/Generate_designs/default/len_092/design_5
[2026-04-19 20:25:25,260][rfdiffusion.inference.model_runners][INFO] - Using contig: ['92-92']
[2026-04-19 20:25:25,282][rfdiffusion.inference.model_runners][INFO] - Sequence init: --------------------------------------------------------------------------------------------
[2026-04-19 20:25:26,787][rfdiffusion.inference.model_runners][INFO] - Timestep 50, input to next step: --------------------------------------------------------------------------------------------
[2026-04-19 20:25:28,562][rfdiffusion.inference.model_runners][INFO] - Timestep 49, input to next step: --------------------------------------------------------------------------------------------
[2026-04-19 20:25:30,583][rfdiffusion.inference.model_runners][INFO] - Timestep 48, input to next step: --------------------------------------------------------------------------------------------
[2026-04-19 20:25:32,563][rfdiffusion.inference.model_runners][INFO] - Timestep 47, input to next step: --------------------------------------------------------------------------------------------
[2026-04-19 20:25:34,444][rfdiffusion.inference.model_runners][INFO] - Timestep 46, input to next step: --------------------------------------------------------------------------------------------
[2026-04-19 20:25:36,448][rfdiffusion.inference.model_runners][INFO] - Timestep 45, input to next step: --------------------------------------------------------------------------------------------
[2026-04-19 20:25:38,405][rfdiffusion.inference.model_runners][INFO] - Timestep 44, input to next step: --------------------------------------------------------------------------------------------
[2026-04-19 20:25:40,406][rfdiffusion.inference.model_runners][INFO] - Timestep 43, input to next step: --------------------------------------------------------------------------------------------
[2026-04-19 20:25:42,253][rfdiffusion.inference.model_runners][INFO] - Timestep 42, input to next step: --------------------------------------------------------------------------------------------
[2026-04-19 20:25:44,639][rfdiffusion.inference.model_runners][INFO] - Timestep 41, input to next step: --------------------------------------------------------------------------------------------
[2026-04-19 20:25:46,674][rfdiffusion.inference.model_runners][INFO] - Timestep 40, input to next step: --------------------------------------------------------------------------------------------
[2026-04-19 20:25:48,539][rfdiffusion.inference.model_runners][INFO] - Timestep 39, input to next step: --------------------------------------------------------------------------------------------
[2026-04-19 20:25:50,450][rfdiffusion.inference.model_runners][INFO] - Timestep 38, input to next step: --------------------------------------------------------------------------------------------
[2026-04-19 20:25:52,533][rfdiffusion.inference.model_runners][INFO] - Timestep 37, input to next step: --------------------------------------------------------------------------------------------
[2026-04-19 20:25:54,581][rfdiffusion.inference.model_runners][INFO] - Timestep 36, input to next step: --------------------------------------------------------------------------------------------
[2026-04-19 20:25:56,420][rfdiffusion.inference.model_runners][INFO] - Timestep 35, input to next step: --------------------------------------------------------------------------------------------
[2026-04-19 20:25:58,267][rfdiffusion.inference.model_runners][INFO] - Timestep 34, input to next step: --------------------------------------------------------------------------------------------
[2026-04-19 20:26:00,218][rfdiffusion.inference.model_runners][INFO] - Timestep 33, input to next step: --------------------------------------------------------------------------------------------
[2026-04-19 20:26:02,139][rfdiffusion.inference.model_runners][INFO] - Timestep 32, input to next step: --------------------------------------------------------------------------------------------
[2026-04-19 20:26:04,064][rfdiffusion.inference.model_runners][INFO] - Timestep 31, input to next step: --------------------------------------------------------------------------------------------
[2026-04-19 20:26:05,949][rfdiffusion.inference.model_runners][INFO] - Timestep 30, input to next step: --------------------------------------------------------------------------------------------
[2026-04-19 20:26:07,765][rfdiffusion.inference.model_runners][INFO] - Timestep 29, input to next step: --------------------------------------------------------------------------------------------
[2026-04-19 20:26:09,646][rfdiffusion.inference.model_runners][INFO] - Timestep 28, input to next step: --------------------------------------------------------------------------------------------
[2026-04-19 20:26:11,470][rfdiffusion.inference.model_runners][INFO] - Timestep 27, input to next step: --------------------------------------------------------------------------------------------
[2026-04-19 20:26:13,291][rfdiffusion.inference.model_runners][INFO] - Timestep 26, input to next step: --------------------------------------------------------------------------------------------
[2026-04-19 20:26:15,674][rfdiffusion.inference.model_runners][INFO] - Timestep 25, input to next step: --------------------------------------------------------------------------------------------
[2026-04-19 20:26:17,449][rfdiffusion.inference.model_runners][INFO] - Timestep 24, input to next step: --------------------------------------------------------------------------------------------
[2026-04-19 20:26:19,272][rfdiffusion.inference.model_runners][INFO] - Timestep 23, input to next step: --------------------------------------------------------------------------------------------
[2026-04-19 20:26:21,602][rfdiffusion.inference.model_runners][INFO] - Timestep 22, input to next step: --------------------------------------------------------------------------------------------
[2026-04-19 20:26:23,646][rfdiffusion.inference.model_runners][INFO] - Timestep 21, input to next step: --------------------------------------------------------------------------------------------
[2026-04-19 20:26:25,600][rfdiffusion.inference.model_runners][INFO] - Timestep 20, input to next step: --------------------------------------------------------------------------------------------
[2026-04-19 20:26:27,463][rfdiffusion.inference.model_runners][INFO] - Timestep 19, input to next step: --------------------------------------------------------------------------------------------
[2026-04-19 20:26:29,371][rfdiffusion.inference.model_runners][INFO] - Timestep 18, input to next step: --------------------------------------------------------------------------------------------
[2026-04-19 20:26:31,249][rfdiffusion.inference.model_runners][INFO] - Timestep 17, input to next step: --------------------------------------------------------------------------------------------
[2026-04-19 20:26:33,075][rfdiffusion.inference.model_runners][INFO] - Timestep 16, input to next step: --------------------------------------------------------------------------------------------
[2026-04-19 20:26:34,949][rfdiffusion.inference.model_runners][INFO] - Timestep 15, input to next step: --------------------------------------------------------------------------------------------
[2026-04-19 20:26:36,772][rfdiffusion.inference.model_runners][INFO] - Timestep 14, input to next step: --------------------------------------------------------------------------------------------
[2026-04-19 20:26:38,522][rfdiffusion.inference.model_runners][INFO] - Timestep 13, input to next step: --------------------------------------------------------------------------------------------
[2026-04-19 20:26:40,414][rfdiffusion.inference.model_runners][INFO] - Timestep 12, input to next step: --------------------------------------------------------------------------------------------
[2026-04-19 20:26:42,336][rfdiffusion.inference.model_runners][INFO] - Timestep 11, input to next step: --------------------------------------------------------------------------------------------
[2026-04-19 20:26:44,088][rfdiffusion.inference.model_runners][INFO] - Timestep 10, input to next step: --------------------------------------------------------------------------------------------
[2026-04-19 20:26:45,941][rfdiffusion.inference.model_runners][INFO] - Timestep 9, input to next step: --------------------------------------------------------------------------------------------
[2026-04-19 20:26:47,828][rfdiffusion.inference.model_runners][INFO] - Timestep 8, input to next step: --------------------------------------------------------------------------------------------
[2026-04-19 20:26:49,794][rfdiffusion.inference.model_runners][INFO] - Timestep 7, input to next step: --------------------------------------------------------------------------------------------
[2026-04-19 20:26:52,499][rfdiffusion.inference.model_runners][INFO] - Timestep 6, input to next step: --------------------------------------------------------------------------------------------
[2026-04-19 20:26:54,376][rfdiffusion.inference.model_runners][INFO] - Timestep 5, input to next step: --------------------------------------------------------------------------------------------
[2026-04-19 20:26:56,475][rfdiffusion.inference.model_runners][INFO] - Timestep 4, input to next step: --------------------------------------------------------------------------------------------
[2026-04-19 20:26:58,476][rfdiffusion.inference.model_runners][INFO] - Timestep 3, input to next step: --------------------------------------------------------------------------------------------
[2026-04-19 20:27:00,360][rfdiffusion.inference.model_runners][INFO] - Timestep 2, input to next step: --------------------------------------------------------------------------------------------
[2026-04-19 20:27:03,975][__main__][INFO] - Finished design in 1.65 minutes
[2026-04-19 20:27:03,975][__main__][INFO] - Making design /home/manvi/Team_8_CS598GBL/Assignment/Generate_designs/default/len_092/design_6
[2026-04-19 20:27:03,982][rfdiffusion.inference.model_runners][INFO] - Using contig: ['92-92']
[2026-04-19 20:27:04,007][rfdiffusion.inference.model_runners][INFO] - Sequence init: --------------------------------------------------------------------------------------------
[2026-04-19 20:27:05,542][rfdiffusion.inference.model_runners][INFO] - Timestep 50, input to next step: --------------------------------------------------------------------------------------------
[2026-04-19 20:27:07,321][rfdiffusion.inference.model_runners][INFO] - Timestep 49, input to next step: --------------------------------------------------------------------------------------------
[2026-04-19 20:27:09,108][rfdiffusion.inference.model_runners][INFO] - Timestep 48, input to next step: --------------------------------------------------------------------------------------------
[2026-04-19 20:27:10,992][rfdiffusion.inference.model_runners][INFO] - Timestep 47, input to next step: --------------------------------------------------------------------------------------------
[2026-04-19 20:27:13,028][rfdiffusion.inference.model_runners][INFO] - Timestep 46, input to next step: --------------------------------------------------------------------------------------------
[2026-04-19 20:27:14,995][rfdiffusion.inference.model_runners][INFO] - Timestep 45, input to next step: --------------------------------------------------------------------------------------------
[2026-04-19 20:27:16,886][rfdiffusion.inference.model_runners][INFO] - Timestep 44, input to next step: --------------------------------------------------------------------------------------------
[2026-04-19 20:27:18,937][rfdiffusion.inference.model_runners][INFO] - Timestep 43, input to next step: --------------------------------------------------------------------------------------------
[2026-04-19 20:27:20,721][rfdiffusion.inference.model_runners][INFO] - Timestep 42, input to next step: --------------------------------------------------------------------------------------------
[2026-04-19 20:27:22,584][rfdiffusion.inference.model_runners][INFO] - Timestep 41, input to next step: --------------------------------------------------------------------------------------------
[2026-04-19 20:27:24,400][rfdiffusion.inference.model_runners][INFO] - Timestep 40, input to next step: --------------------------------------------------------------------------------------------
[2026-04-19 20:27:27,960][rfdiffusion.inference.model_runners][INFO] - Timestep 39, input to next step: --------------------------------------------------------------------------------------------
[2026-04-19 20:27:29,706][rfdiffusion.inference.model_runners][INFO] - Timestep 38, input to next step: --------------------------------------------------------------------------------------------
[2026-04-19 20:27:31,278][rfdiffusion.inference.model_runners][INFO] - Timestep 37, input to next step: --------------------------------------------------------------------------------------------
[2026-04-19 20:27:32,761][rfdiffusion.inference.model_runners][INFO] - Timestep 36, input to next step: --------------------------------------------------------------------------------------------
[2026-04-19 20:27:34,507][rfdiffusion.inference.model_runners][INFO] - Timestep 35, input to next step: --------------------------------------------------------------------------------------------
[2026-04-19 20:27:36,018][rfdiffusion.inference.model_runners][INFO] - Timestep 34, input to next step: --------------------------------------------------------------------------------------------
[2026-04-19 20:27:37,690][rfdiffusion.inference.model_runners][INFO] - Timestep 33, input to next step: --------------------------------------------------------------------------------------------
[2026-04-19 20:27:39,327][rfdiffusion.inference.model_runners][INFO] - Timestep 32, input to next step: --------------------------------------------------------------------------------------------
[2026-04-19 20:27:40,968][rfdiffusion.inference.model_runners][INFO] - Timestep 31, input to next step: --------------------------------------------------------------------------------------------
[2026-04-19 20:27:42,844][rfdiffusion.inference.model_runners][INFO] - Timestep 30, input to next step: --------------------------------------------------------------------------------------------
[2026-04-19 20:27:44,842][rfdiffusion.inference.model_runners][INFO] - Timestep 29, input to next step: --------------------------------------------------------------------------------------------
[2026-04-19 20:27:46,680][rfdiffusion.inference.model_runners][INFO] - Timestep 28, input to next step: --------------------------------------------------------------------------------------------
[2026-04-19 20:27:48,514][rfdiffusion.inference.model_runners][INFO] - Timestep 27, input to next step: --------------------------------------------------------------------------------------------
[2026-04-19 20:27:50,272][rfdiffusion.inference.model_runners][INFO] - Timestep 26, input to next step: --------------------------------------------------------------------------------------------
[2026-04-19 20:27:52,048][rfdiffusion.inference.model_runners][INFO] - Timestep 25, input to next step: --------------------------------------------------------------------------------------------
[2026-04-19 20:27:53,901][rfdiffusion.inference.model_runners][INFO] - Timestep 24, input to next step: --------------------------------------------------------------------------------------------
[2026-04-19 20:27:55,703][rfdiffusion.inference.model_runners][INFO] - Timestep 23, input to next step: --------------------------------------------------------------------------------------------
[2026-04-19 20:27:57,462][rfdiffusion.inference.model_runners][INFO] - Timestep 22, input to next step: --------------------------------------------------------------------------------------------
[2026-04-19 20:27:59,420][rfdiffusion.inference.model_runners][INFO] - Timestep 21, input to next step: --------------------------------------------------------------------------------------------
[2026-04-19 20:28:01,328][rfdiffusion.inference.model_runners][INFO] - Timestep 20, input to next step: --------------------------------------------------------------------------------------------
[2026-04-19 20:28:03,213][rfdiffusion.inference.model_runners][INFO] - Timestep 19, input to next step: --------------------------------------------------------------------------------------------
[2026-04-19 20:28:04,935][rfdiffusion.inference.model_runners][INFO] - Timestep 18, input to next step: --------------------------------------------------------------------------------------------
[2026-04-19 20:28:06,651][rfdiffusion.inference.model_runners][INFO] - Timestep 17, input to next step: --------------------------------------------------------------------------------------------
[2026-04-19 20:28:08,600][rfdiffusion.inference.model_runners][INFO] - Timestep 16, input to next step: --------------------------------------------------------------------------------------------
[2026-04-19 20:28:10,919][rfdiffusion.inference.model_runners][INFO] - Timestep 15, input to next step: --------------------------------------------------------------------------------------------
[2026-04-19 20:28:12,614][rfdiffusion.inference.model_runners][INFO] - Timestep 14, input to next step: --------------------------------------------------------------------------------------------
[2026-04-19 20:28:14,438][rfdiffusion.inference.model_runners][INFO] - Timestep 13, input to next step: --------------------------------------------------------------------------------------------
[2026-04-19 20:28:16,335][rfdiffusion.inference.model_runners][INFO] - Timestep 12, input to next step: --------------------------------------------------------------------------------------------
[2026-04-19 20:28:18,565][rfdiffusion.inference.model_runners][INFO] - Timestep 11, input to next step: --------------------------------------------------------------------------------------------
[2026-04-19 20:28:20,639][rfdiffusion.inference.model_runners][INFO] - Timestep 10, input to next step: --------------------------------------------------------------------------------------------
[2026-04-19 20:28:22,141][rfdiffusion.inference.model_runners][INFO] - Timestep 9, input to next step: --------------------------------------------------------------------------------------------
[2026-04-19 20:28:23,838][rfdiffusion.inference.model_runners][INFO] - Timestep 8, input to next step: --------------------------------------------------------------------------------------------
[2026-04-19 20:28:25,777][rfdiffusion.inference.model_runners][INFO] - Timestep 7, input to next step: --------------------------------------------------------------------------------------------
[2026-04-19 20:28:27,599][rfdiffusion.inference.model_runners][INFO] - Timestep 6, input to next step: --------------------------------------------------------------------------------------------
[2026-04-19 20:28:29,504][rfdiffusion.inference.model_runners][INFO] - Timestep 5, input to next step: --------------------------------------------------------------------------------------------
[2026-04-19 20:28:31,511][rfdiffusion.inference.model_runners][INFO] - Timestep 4, input to next step: --------------------------------------------------------------------------------------------
[2026-04-19 20:28:33,364][rfdiffusion.inference.model_runners][INFO] - Timestep 3, input to next step: --------------------------------------------------------------------------------------------
[2026-04-19 20:28:35,046][rfdiffusion.inference.model_runners][INFO] - Timestep 2, input to next step: --------------------------------------------------------------------------------------------
[2026-04-19 20:28:38,757][__main__][INFO] - Finished design in 1.58 minutes
[2026-04-19 20:28:38,758][__main__][INFO] - Making design /home/manvi/Team_8_CS598GBL/Assignment/Generate_designs/default/len_092/design_7
[2026-04-19 20:28:38,763][rfdiffusion.inference.model_runners][INFO] - Using contig: ['92-92']
[2026-04-19 20:28:38,787][rfdiffusion.inference.model_runners][INFO] - Sequence init: --------------------------------------------------------------------------------------------
[2026-04-19 20:28:40,497][rfdiffusion.inference.model_runners][INFO] - Timestep 50, input to next step: --------------------------------------------------------------------------------------------
[2026-04-19 20:28:42,402][rfdiffusion.inference.model_runners][INFO] - Timestep 49, input to next step: --------------------------------------------------------------------------------------------
[2026-04-19 20:28:44,296][rfdiffusion.inference.model_runners][INFO] - Timestep 48, input to next step: --------------------------------------------------------------------------------------------
[2026-04-19 20:28:46,152][rfdiffusion.inference.model_runners][INFO] - Timestep 47, input to next step: --------------------------------------------------------------------------------------------
[2026-04-19 20:28:48,084][rfdiffusion.inference.model_runners][INFO] - Timestep 46, input to next step: --------------------------------------------------------------------------------------------
[2026-04-19 20:28:49,907][rfdiffusion.inference.model_runners][INFO] - Timestep 45, input to next step: --------------------------------------------------------------------------------------------
[2026-04-19 20:28:51,809][rfdiffusion.inference.model_runners][INFO] - Timestep 44, input to next step: --------------------------------------------------------------------------------------------
[2026-04-19 20:28:54,151][rfdiffusion.inference.model_runners][INFO] - Timestep 43, input to next step: --------------------------------------------------------------------------------------------
[2026-04-19 20:28:56,073][rfdiffusion.inference.model_runners][INFO] - Timestep 42, input to next step: --------------------------------------------------------------------------------------------
[2026-04-19 20:28:57,718][rfdiffusion.inference.model_runners][INFO] - Timestep 41, input to next step: --------------------------------------------------------------------------------------------
[2026-04-19 20:28:59,347][rfdiffusion.inference.model_runners][INFO] - Timestep 40, input to next step: --------------------------------------------------------------------------------------------
[2026-04-19 20:29:00,921][rfdiffusion.inference.model_runners][INFO] - Timestep 39, input to next step: --------------------------------------------------------------------------------------------
[2026-04-19 20:29:02,501][rfdiffusion.inference.model_runners][INFO] - Timestep 38, input to next step: --------------------------------------------------------------------------------------------
[2026-04-19 20:29:04,340][rfdiffusion.inference.model_runners][INFO] - Timestep 37, input to next step: --------------------------------------------------------------------------------------------
[2026-04-19 20:29:06,253][rfdiffusion.inference.model_runners][INFO] - Timestep 36, input to next step: --------------------------------------------------------------------------------------------
[2026-04-19 20:29:08,244][rfdiffusion.inference.model_runners][INFO] - Timestep 35, input to next step: --------------------------------------------------------------------------------------------
[2026-04-19 20:29:10,140][rfdiffusion.inference.model_runners][INFO] - Timestep 34, input to next step: --------------------------------------------------------------------------------------------
[2026-04-19 20:29:12,113][rfdiffusion.inference.model_runners][INFO] - Timestep 33, input to next step: --------------------------------------------------------------------------------------------
[2026-04-19 20:29:13,975][rfdiffusion.inference.model_runners][INFO] - Timestep 32, input to next step: --------------------------------------------------------------------------------------------
[2026-04-19 20:29:15,932][rfdiffusion.inference.model_runners][INFO] - Timestep 31, input to next step: --------------------------------------------------------------------------------------------
[2026-04-19 20:29:17,845][rfdiffusion.inference.model_runners][INFO] - Timestep 30, input to next step: --------------------------------------------------------------------------------------------
[2026-04-19 20:29:19,679][rfdiffusion.inference.model_runners][INFO] - Timestep 29, input to next step: --------------------------------------------------------------------------------------------
[2026-04-19 20:29:22,080][rfdiffusion.inference.model_runners][INFO] - Timestep 28, input to next step: --------------------------------------------------------------------------------------------
[2026-04-19 20:29:24,032][rfdiffusion.inference.model_runners][INFO] - Timestep 27, input to next step: --------------------------------------------------------------------------------------------
[2026-04-19 20:29:26,424][rfdiffusion.inference.model_runners][INFO] - Timestep 26, input to next step: --------------------------------------------------------------------------------------------
[2026-04-19 20:29:29,183][rfdiffusion.inference.model_runners][INFO] - Timestep 25, input to next step: --------------------------------------------------------------------------------------------
[2026-04-19 20:29:31,737][rfdiffusion.inference.model_runners][INFO] - Timestep 24, input to next step: --------------------------------------------------------------------------------------------
[2026-04-19 20:29:33,565][rfdiffusion.inference.model_runners][INFO] - Timestep 23, input to next step: --------------------------------------------------------------------------------------------
[2026-04-19 20:29:35,323][rfdiffusion.inference.model_runners][INFO] - Timestep 22, input to next step: --------------------------------------------------------------------------------------------
[2026-04-19 20:29:37,244][rfdiffusion.inference.model_runners][INFO] - Timestep 21, input to next step: --------------------------------------------------------------------------------------------
[2026-04-19 20:29:39,004][rfdiffusion.inference.model_runners][INFO] - Timestep 20, input to next step: --------------------------------------------------------------------------------------------
[2026-04-19 20:29:40,919][rfdiffusion.inference.model_runners][INFO] - Timestep 19, input to next step: --------------------------------------------------------------------------------------------
[2026-04-19 20:29:42,946][rfdiffusion.inference.model_runners][INFO] - Timestep 18, input to next step: --------------------------------------------------------------------------------------------
[2026-04-19 20:29:44,838][rfdiffusion.inference.model_runners][INFO] - Timestep 17, input to next step: --------------------------------------------------------------------------------------------
[2026-04-19 20:29:46,700][rfdiffusion.inference.model_runners][INFO] - Timestep 16, input to next step: --------------------------------------------------------------------------------------------
[2026-04-19 20:29:48,452][rfdiffusion.inference.model_runners][INFO] - Timestep 15, input to next step: --------------------------------------------------------------------------------------------
[2026-04-19 20:29:50,154][rfdiffusion.inference.model_runners][INFO] - Timestep 14, input to next step: --------------------------------------------------------------------------------------------
[2026-04-19 20:29:52,015][rfdiffusion.inference.model_runners][INFO] - Timestep 13, input to next step: --------------------------------------------------------------------------------------------
[2026-04-19 20:29:53,879][rfdiffusion.inference.model_runners][INFO] - Timestep 12, input to next step: --------------------------------------------------------------------------------------------
[2026-04-19 20:29:55,711][rfdiffusion.inference.model_runners][INFO] - Timestep 11, input to next step: --------------------------------------------------------------------------------------------
[2026-04-19 20:29:57,572][rfdiffusion.inference.model_runners][INFO] - Timestep 10, input to next step: --------------------------------------------------------------------------------------------
[2026-04-19 20:29:59,940][rfdiffusion.inference.model_runners][INFO] - Timestep 9, input to next step: --------------------------------------------------------------------------------------------
[2026-04-19 20:30:01,787][rfdiffusion.inference.model_runners][INFO] - Timestep 8, input to next step: --------------------------------------------------------------------------------------------
[2026-04-19 20:30:03,710][rfdiffusion.inference.model_runners][INFO] - Timestep 7, input to next step: --------------------------------------------------------------------------------------------
[2026-04-19 20:30:05,561][rfdiffusion.inference.model_runners][INFO] - Timestep 6, input to next step: --------------------------------------------------------------------------------------------
[2026-04-19 20:30:07,390][rfdiffusion.inference.model_runners][INFO] - Timestep 5, input to next step: --------------------------------------------------------------------------------------------
[2026-04-19 20:30:09,252][rfdiffusion.inference.model_runners][INFO] - Timestep 4, input to next step: --------------------------------------------------------------------------------------------
[2026-04-19 20:30:11,054][rfdiffusion.inference.model_runners][INFO] - Timestep 3, input to next step: --------------------------------------------------------------------------------------------
[2026-04-19 20:30:12,885][rfdiffusion.inference.model_runners][INFO] - Timestep 2, input to next step: --------------------------------------------------------------------------------------------
[2026-04-19 20:30:17,046][__main__][INFO] - Finished design in 1.64 minutes
[2026-04-19 20:30:17,046][__main__][INFO] - Making design /home/manvi/Team_8_CS598GBL/Assignment/Generate_designs/default/len_092/design_8
[2026-04-19 20:30:17,054][rfdiffusion.inference.model_runners][INFO] - Using contig: ['92-92']
[2026-04-19 20:30:17,076][rfdiffusion.inference.model_runners][INFO] - Sequence init: --------------------------------------------------------------------------------------------
[2026-04-19 20:30:18,640][rfdiffusion.inference.model_runners][INFO] - Timestep 50, input to next step: --------------------------------------------------------------------------------------------
[2026-04-19 20:30:20,429][rfdiffusion.inference.model_runners][INFO] - Timestep 49, input to next step: --------------------------------------------------------------------------------------------
[2026-04-19 20:30:22,374][rfdiffusion.inference.model_runners][INFO] - Timestep 48, input to next step: --------------------------------------------------------------------------------------------
[2026-04-19 20:30:24,166][rfdiffusion.inference.model_runners][INFO] - Timestep 47, input to next step: --------------------------------------------------------------------------------------------
[2026-04-19 20:30:25,996][rfdiffusion.inference.model_runners][INFO] - Timestep 46, input to next step: --------------------------------------------------------------------------------------------
[2026-04-19 20:30:27,875][rfdiffusion.inference.model_runners][INFO] - Timestep 45, input to next step: --------------------------------------------------------------------------------------------
[2026-04-19 20:30:29,764][rfdiffusion.inference.model_runners][INFO] - Timestep 44, input to next step: --------------------------------------------------------------------------------------------
[2026-04-19 20:30:31,836][rfdiffusion.inference.model_runners][INFO] - Timestep 43, input to next step: --------------------------------------------------------------------------------------------
[2026-04-19 20:30:33,699][rfdiffusion.inference.model_runners][INFO] - Timestep 42, input to next step: --------------------------------------------------------------------------------------------
[2026-04-19 20:30:35,511][rfdiffusion.inference.model_runners][INFO] - Timestep 41, input to next step: --------------------------------------------------------------------------------------------
[2026-04-19 20:30:37,238][rfdiffusion.inference.model_runners][INFO] - Timestep 40, input to next step: --------------------------------------------------------------------------------------------
[2026-04-19 20:30:39,064][rfdiffusion.inference.model_runners][INFO] - Timestep 39, input to next step: --------------------------------------------------------------------------------------------
[2026-04-19 20:30:40,979][rfdiffusion.inference.model_runners][INFO] - Timestep 38, input to next step: --------------------------------------------------------------------------------------------
[2026-04-19 20:30:42,791][rfdiffusion.inference.model_runners][INFO] - Timestep 37, input to next step: --------------------------------------------------------------------------------------------
[2026-04-19 20:30:44,771][rfdiffusion.inference.model_runners][INFO] - Timestep 36, input to next step: --------------------------------------------------------------------------------------------
[2026-04-19 20:30:46,693][rfdiffusion.inference.model_runners][INFO] - Timestep 35, input to next step: --------------------------------------------------------------------------------------------
[2026-04-19 20:30:48,562][rfdiffusion.inference.model_runners][INFO] - Timestep 34, input to next step: --------------------------------------------------------------------------------------------
[2026-04-19 20:30:50,553][rfdiffusion.inference.model_runners][INFO] - Timestep 33, input to next step: --------------------------------------------------------------------------------------------
[2026-04-19 20:30:52,469][rfdiffusion.inference.model_runners][INFO] - Timestep 32, input to next step: --------------------------------------------------------------------------------------------
[2026-04-19 20:30:54,216][rfdiffusion.inference.model_runners][INFO] - Timestep 31, input to next step: --------------------------------------------------------------------------------------------
[2026-04-19 20:30:55,750][rfdiffusion.inference.model_runners][INFO] - Timestep 30, input to next step: --------------------------------------------------------------------------------------------
[2026-04-19 20:30:57,541][rfdiffusion.inference.model_runners][INFO] - Timestep 29, input to next step: --------------------------------------------------------------------------------------------
[2026-04-19 20:30:59,476][rfdiffusion.inference.model_runners][INFO] - Timestep 28, input to next step: --------------------------------------------------------------------------------------------
[2026-04-19 20:31:01,329][rfdiffusion.inference.model_runners][INFO] - Timestep 27, input to next step: --------------------------------------------------------------------------------------------
[2026-04-19 20:31:03,285][rfdiffusion.inference.model_runners][INFO] - Timestep 26, input to next step: --------------------------------------------------------------------------------------------
[2026-04-19 20:31:04,918][rfdiffusion.inference.model_runners][INFO] - Timestep 25, input to next step: --------------------------------------------------------------------------------------------
[2026-04-19 20:31:07,029][rfdiffusion.inference.model_runners][INFO] - Timestep 24, input to next step: --------------------------------------------------------------------------------------------
[2026-04-19 20:31:08,890][rfdiffusion.inference.model_runners][INFO] - Timestep 23, input to next step: --------------------------------------------------------------------------------------------
[2026-04-19 20:31:10,824][rfdiffusion.inference.model_runners][INFO] - Timestep 22, input to next step: --------------------------------------------------------------------------------------------
[2026-04-19 20:31:12,709][rfdiffusion.inference.model_runners][INFO] - Timestep 21, input to next step: --------------------------------------------------------------------------------------------
[2026-04-19 20:31:14,614][rfdiffusion.inference.model_runners][INFO] - Timestep 20, input to next step: --------------------------------------------------------------------------------------------
[2026-04-19 20:31:16,438][rfdiffusion.inference.model_runners][INFO] - Timestep 19, input to next step: --------------------------------------------------------------------------------------------
[2026-04-19 20:31:18,275][rfdiffusion.inference.model_runners][INFO] - Timestep 18, input to next step: --------------------------------------------------------------------------------------------
[2026-04-19 20:31:20,178][rfdiffusion.inference.model_runners][INFO] - Timestep 17, input to next step: --------------------------------------------------------------------------------------------
[2026-04-19 20:31:22,183][rfdiffusion.inference.model_runners][INFO] - Timestep 16, input to next step: --------------------------------------------------------------------------------------------
[2026-04-19 20:31:24,138][rfdiffusion.inference.model_runners][INFO] - Timestep 15, input to next step: --------------------------------------------------------------------------------------------
[2026-04-19 20:31:26,626][rfdiffusion.inference.model_runners][INFO] - Timestep 14, input to next step: --------------------------------------------------------------------------------------------
[2026-04-19 20:31:28,661][rfdiffusion.inference.model_runners][INFO] - Timestep 13, input to next step: --------------------------------------------------------------------------------------------
[2026-04-19 20:31:31,034][rfdiffusion.inference.model_runners][INFO] - Timestep 12, input to next step: --------------------------------------------------------------------------------------------
[2026-04-19 20:31:33,173][rfdiffusion.inference.model_runners][INFO] - Timestep 11, input to next step: --------------------------------------------------------------------------------------------
[2026-04-19 20:31:35,202][rfdiffusion.inference.model_runners][INFO] - Timestep 10, input to next step: --------------------------------------------------------------------------------------------
[2026-04-19 20:31:36,937][rfdiffusion.inference.model_runners][INFO] - Timestep 9, input to next step: --------------------------------------------------------------------------------------------
[2026-04-19 20:31:38,703][rfdiffusion.inference.model_runners][INFO] - Timestep 8, input to next step: --------------------------------------------------------------------------------------------
[2026-04-19 20:31:40,751][rfdiffusion.inference.model_runners][INFO] - Timestep 7, input to next step: --------------------------------------------------------------------------------------------
[2026-04-19 20:31:43,853][rfdiffusion.inference.model_runners][INFO] - Timestep 6, input to next step: --------------------------------------------------------------------------------------------
[2026-04-19 20:31:45,991][rfdiffusion.inference.model_runners][INFO] - Timestep 5, input to next step: --------------------------------------------------------------------------------------------
[2026-04-19 20:31:48,790][rfdiffusion.inference.model_runners][INFO] - Timestep 4, input to next step: --------------------------------------------------------------------------------------------
[2026-04-19 20:31:51,156][rfdiffusion.inference.model_runners][INFO] - Timestep 3, input to next step: --------------------------------------------------------------------------------------------
[2026-04-19 20:31:53,818][rfdiffusion.inference.model_runners][INFO] - Timestep 2, input to next step: --------------------------------------------------------------------------------------------
[2026-04-19 20:31:59,660][__main__][INFO] - Finished design in 1.71 minutes
[2026-04-19 20:31:59,660][__main__][INFO] - Making design /home/manvi/Team_8_CS598GBL/Assignment/Generate_designs/default/len_092/design_9
[2026-04-19 20:31:59,676][rfdiffusion.inference.model_runners][INFO] - Using contig: ['92-92']
[2026-04-19 20:31:59,728][rfdiffusion.inference.model_runners][INFO] - Sequence init: --------------------------------------------------------------------------------------------
[2026-04-19 20:32:02,888][rfdiffusion.inference.model_runners][INFO] - Timestep 50, input to next step: --------------------------------------------------------------------------------------------
[2026-04-19 20:32:05,446][rfdiffusion.inference.model_runners][INFO] - Timestep 49, input to next step: --------------------------------------------------------------------------------------------
[2026-04-19 20:32:08,101][rfdiffusion.inference.model_runners][INFO] - Timestep 48, input to next step: --------------------------------------------------------------------------------------------
[2026-04-19 20:32:10,951][rfdiffusion.inference.model_runners][INFO] - Timestep 47, input to next step: --------------------------------------------------------------------------------------------
[2026-04-19 20:32:13,684][rfdiffusion.inference.model_runners][INFO] - Timestep 46, input to next step: --------------------------------------------------------------------------------------------
[2026-04-19 20:32:16,398][rfdiffusion.inference.model_runners][INFO] - Timestep 45, input to next step: --------------------------------------------------------------------------------------------
[2026-04-19 20:32:19,167][rfdiffusion.inference.model_runners][INFO] - Timestep 44, input to next step: --------------------------------------------------------------------------------------------
[2026-04-19 20:32:22,147][rfdiffusion.inference.model_runners][INFO] - Timestep 43, input to next step: --------------------------------------------------------------------------------------------
[2026-04-19 20:32:25,001][rfdiffusion.inference.model_runners][INFO] - Timestep 42, input to next step: --------------------------------------------------------------------------------------------
[2026-04-19 20:32:28,079][rfdiffusion.inference.model_runners][INFO] - Timestep 41, input to next step: --------------------------------------------------------------------------------------------
[2026-04-19 20:32:31,878][rfdiffusion.inference.model_runners][INFO] - Timestep 40, input to next step: --------------------------------------------------------------------------------------------
[2026-04-19 20:32:35,094][rfdiffusion.inference.model_runners][INFO] - Timestep 39, input to next step: --------------------------------------------------------------------------------------------
[2026-04-19 20:32:37,212][rfdiffusion.inference.model_runners][INFO] - Timestep 38, input to next step: --------------------------------------------------------------------------------------------
[2026-04-19 20:32:41,651][rfdiffusion.inference.model_runners][INFO] - Timestep 37, input to next step: --------------------------------------------------------------------------------------------
[2026-04-19 20:32:43,587][rfdiffusion.inference.model_runners][INFO] - Timestep 36, input to next step: --------------------------------------------------------------------------------------------
[2026-04-19 20:32:46,496][rfdiffusion.inference.model_runners][INFO] - Timestep 35, input to next step: --------------------------------------------------------------------------------------------
[2026-04-19 20:32:49,036][rfdiffusion.inference.model_runners][INFO] - Timestep 34, input to next step: --------------------------------------------------------------------------------------------
[2026-04-19 20:32:51,302][rfdiffusion.inference.model_runners][INFO] - Timestep 33, input to next step: --------------------------------------------------------------------------------------------
[2026-04-19 20:32:54,900][rfdiffusion.inference.model_runners][INFO] - Timestep 32, input to next step: --------------------------------------------------------------------------------------------
[2026-04-19 20:33:01,220][rfdiffusion.inference.model_runners][INFO] - Timestep 31, input to next step: --------------------------------------------------------------------------------------------
[2026-04-19 20:33:03,899][rfdiffusion.inference.model_runners][INFO] - Timestep 30, input to next step: --------------------------------------------------------------------------------------------
[2026-04-19 20:33:06,523][rfdiffusion.inference.model_runners][INFO] - Timestep 29, input to next step: --------------------------------------------------------------------------------------------
[2026-04-19 20:33:09,434][rfdiffusion.inference.model_runners][INFO] - Timestep 28, input to next step: --------------------------------------------------------------------------------------------
[2026-04-19 20:33:12,847][rfdiffusion.inference.model_runners][INFO] - Timestep 27, input to next step: --------------------------------------------------------------------------------------------
[2026-04-19 20:33:16,243][rfdiffusion.inference.model_runners][INFO] - Timestep 26, input to next step: --------------------------------------------------------------------------------------------
[2026-04-19 20:33:19,825][rfdiffusion.inference.model_runners][INFO] - Timestep 25, input to next step: --------------------------------------------------------------------------------------------
[2026-04-19 20:33:23,121][rfdiffusion.inference.model_runners][INFO] - Timestep 24, input to next step: --------------------------------------------------------------------------------------------
[2026-04-19 20:33:26,042][rfdiffusion.inference.model_runners][INFO] - Timestep 23, input to next step: --------------------------------------------------------------------------------------------
[2026-04-19 20:33:29,029][rfdiffusion.inference.model_runners][INFO] - Timestep 22, input to next step: --------------------------------------------------------------------------------------------
[2026-04-19 20:33:32,315][rfdiffusion.inference.model_runners][INFO] - Timestep 21, input to next step: --------------------------------------------------------------------------------------------
[2026-04-19 20:33:35,740][rfdiffusion.inference.model_runners][INFO] - Timestep 20, input to next step: --------------------------------------------------------------------------------------------
[2026-04-19 20:33:39,375][rfdiffusion.inference.model_runners][INFO] - Timestep 19, input to next step: --------------------------------------------------------------------------------------------
[2026-04-19 20:33:43,195][rfdiffusion.inference.model_runners][INFO] - Timestep 18, input to next step: --------------------------------------------------------------------------------------------
[2026-04-19 20:33:46,786][rfdiffusion.inference.model_runners][INFO] - Timestep 17, input to next step: --------------------------------------------------------------------------------------------
[2026-04-19 20:33:49,647][rfdiffusion.inference.model_runners][INFO] - Timestep 16, input to next step: --------------------------------------------------------------------------------------------
[2026-04-19 20:33:53,243][rfdiffusion.inference.model_runners][INFO] - Timestep 15, input to next step: --------------------------------------------------------------------------------------------
[2026-04-19 20:33:56,638][rfdiffusion.inference.model_runners][INFO] - Timestep 14, input to next step: --------------------------------------------------------------------------------------------
[2026-04-19 20:33:59,864][rfdiffusion.inference.model_runners][INFO] - Timestep 13, input to next step: --------------------------------------------------------------------------------------------
[2026-04-19 20:34:03,035][rfdiffusion.inference.model_runners][INFO] - Timestep 12, input to next step: --------------------------------------------------------------------------------------------
[2026-04-19 20:34:06,815][rfdiffusion.inference.model_runners][INFO] - Timestep 11, input to next step: --------------------------------------------------------------------------------------------
[2026-04-19 20:34:10,281][rfdiffusion.inference.model_runners][INFO] - Timestep 10, input to next step: --------------------------------------------------------------------------------------------
[2026-04-19 20:34:13,678][rfdiffusion.inference.model_runners][INFO] - Timestep 9, input to next step: --------------------------------------------------------------------------------------------
[2026-04-19 20:34:16,783][rfdiffusion.inference.model_runners][INFO] - Timestep 8, input to next step: --------------------------------------------------------------------------------------------
[2026-04-19 20:34:19,040][rfdiffusion.inference.model_runners][INFO] - Timestep 7, input to next step: --------------------------------------------------------------------------------------------
[2026-04-19 20:34:21,891][rfdiffusion.inference.model_runners][INFO] - Timestep 6, input to next step: --------------------------------------------------------------------------------------------
[2026-04-19 20:34:25,246][rfdiffusion.inference.model_runners][INFO] - Timestep 5, input to next step: --------------------------------------------------------------------------------------------
[2026-04-19 20:34:28,578][rfdiffusion.inference.model_runners][INFO] - Timestep 4, input to next step: --------------------------------------------------------------------------------------------
[2026-04-19 20:34:32,740][rfdiffusion.inference.model_runners][INFO] - Timestep 3, input to next step: --------------------------------------------------------------------------------------------
[2026-04-19 20:34:35,184][rfdiffusion.inference.model_runners][INFO] - Timestep 2, input to next step: --------------------------------------------------------------------------------------------
[2026-04-19 20:34:41,020][__main__][INFO] - Finished design in 2.69 minutes
